teryt_woj,wojewodztwo,teryt_pow,powiat,risk_class,pop_night_total,pop_day_total,pop_night_ge65,pop_day_ge65,pop_night_outside,pop_day_outside,pct_ge65_of_total,pct_outside_ge65_of_total
02,DOLNOŚLĄSKIE,0261,Jelenia Góra,niskie ryzyko,1775.9071035162196,1604.9595010242915,1677.51456005255,1524.779515997224,98.39254346366958,80.17998502706746,94.46,5.54
02,DOLNOŚLĄSKIE,0261,Jelenia Góra,wysokie ryzyko,3658.870354895245,3731.061215866116,3532.82381587457,3553.3187966373616,126.0465390206746,177.74241922875427,96.56,3.44
02,DOLNOŚLĄSKIE,0262,Legnica,niskie ryzyko,8684.302512418015,8596.863679944187,8537.15816893081,8443.382305382655,147.14434348720485,153.4813745615314,98.31,1.69
02,DOLNOŚLĄSKIE,0262,Legnica,wysokie ryzyko,75371.72646954069,75622.87690109551,73025.38396767237,73193.6324524389,2346.3425018683156,2429.2444486566205,96.89,3.11
02,DOLNOŚLĄSKIE,0265,Wałbrzych,niskie ryzyko,68.57406026220728,68.4888278605923,30.210481085886915,30.56916804060076,38.36357917632037,37.919659819991544,44.06,55.94
02,DOLNOŚLĄSKIE,0265,Wałbrzych,wysokie ryzyko,648.0604012851704,681.7957793822618,529.3227043676902,566.8991161762699,118.73769691748016,114.89666320599194,81.68,18.32
02,DOLNOŚLĄSKIE,0264,Wrocław,niskie ryzyko,52221.57158685453,52118.57455562795,47986.32761477588,47586.89022934786,4235.243972078648,4531.684326280081,91.89,8.11
02,DOLNOŚLĄSKIE,0264,Wrocław,wysokie ryzyko,100166.60111698035,98516.77039340218,95224.4590290759,93279.05564681016,4942.1420879044845,5237.714746592023,95.07,4.93
02,DOLNOŚLĄSKIE,0201,bolesławiecki,niskie ryzyko,793.2729166761703,818.0016260036966,295.9124212120386,297.8833737248393,497.36049546413176,520.1182522788574,37.3,62.7
02,DOLNOŚLĄSKIE,0201,bolesławiecki,wysokie ryzyko,393.38605905511065,396.70523411090016,99.34568743189048,96.9789516764651,294.04037162322015,299.7262824344351,25.25,74.75
02,DOLNOŚLĄSKIE,0202,dzierżoniowski,niskie ryzyko,1216.3807927120456,1156.7090530283665,878.6767669558552,828.6651858154312,337.70402575619056,328.04386721293497,72.24,27.76
02,DOLNOŚLĄSKIE,0202,dzierżoniowski,wysokie ryzyko,1946.2496078308416,1866.3303335599355,1732.9548545696384,1653.4259357956753,213.2947532612033,212.90439776426024,89.04,10.96
02,DOLNOŚLĄSKIE,0204,górowski,niskie ryzyko,1428.8388968101312,1412.9083690391694,574.7484331236067,582.0952399945387,854.0904636865243,830.8131290446308,40.22,59.78
02,DOLNOŚLĄSKIE,0204,górowski,wysokie ryzyko,2067.609200031885,2083.1798930706013,1149.625024844432,1149.180439873854,917.9841751874524,933.9994531967473,55.6,44.4
02,DOLNOŚLĄSKIE,0203,głogowski,niskie ryzyko,3344.480607533673,3306.1205968696327,1907.7115942385085,1815.3589708679197,1436.769013295165,1490.7616260017126,57.04,42.96
02,DOLNOŚLĄSKIE,0203,głogowski,wysokie ryzyko,4743.134378455354,4784.191695479358,2261.836719756988,2393.795794593776,2481.297658698366,2390.395900885581,47.69,52.31
02,DOLNOŚLĄSKIE,0205,jaworski,niskie ryzyko,604.2052989224803,596.9492749301446,391.2311059511248,384.1841367873212,212.9741929713556,212.76513814282345,64.75,35.25
02,DOLNOŚLĄSKIE,0205,jaworski,wysokie ryzyko,4326.707129435417,3957.4936188784495,4024.7620987030487,3678.874825723088,301.94503073236905,278.61879315536163,93.02,6.98
02,DOLNOŚLĄSKIE,0207,kamiennogórski,niskie ryzyko,1958.100005414372,1870.0577359159577,1221.9295817847403,1142.8993198996625,736.1704236296312,727.158416016295,62.4,37.6
02,DOLNOŚLĄSKIE,0207,kamiennogórski,wysokie ryzyko,8847.386607406705,8585.076443351654,8249.614751326017,7994.724937829336,597.7718560806879,590.3515055223165,93.24,6.76
02,DOLNOŚLĄSKIE,0206,karkonoski,niskie ryzyko,1074.2562013841816,1155.5939637989022,540.2193347946569,622.2439918870159,534.0368665895247,533.3499719118862,50.29,49.71
02,DOLNOŚLĄSKIE,0206,karkonoski,wysokie ryzyko,1174.7273522234152,1395.854699565941,736.294692298008,875.0278523394203,438.4326599254072,520.8268472265206,62.68,37.32
02,DOLNOŚLĄSKIE,0208,kłodzki,niskie ryzyko,6490.671726376191,7310.359555708803,4297.179952880081,5103.700209986646,2193.4917734961095,2206.659345722157,66.21,33.79
02,DOLNOŚLĄSKIE,0208,kłodzki,wysokie ryzyko,11570.29351215729,11038.75061657439,9289.564687342172,8922.302106269957,2280.7288248151176,2116.4485103044335,80.29,19.71
02,DOLNOŚLĄSKIE,0209,legnicki,niskie ryzyko,4851.206127396603,5009.174671927473,2086.219024407727,2260.199991164724,2764.987102988876,2748.974680762749,43.0,57.0
02,DOLNOŚLĄSKIE,0209,legnicki,wysokie ryzyko,9302.068503674933,9164.460433019243,4846.081675837656,4674.763803811556,4455.986827837279,4489.69662920769,52.1,47.9
02,DOLNOŚLĄSKIE,0210,lubański,niskie ryzyko,1956.8019407090776,1958.5487778728104,940.9438507305211,952.3842695371028,1015.8580899785562,1006.1645083357076,48.09,51.91
02,DOLNOŚLĄSKIE,0210,lubański,wysokie ryzyko,3035.115916389054,3288.1351205573383,2047.925662242793,2307.7758509368005,987.1902541462614,980.3592696205376,67.47,32.53
02,DOLNOŚLĄSKIE,0211,lubiński,niskie ryzyko,433.0443955698902,424.22587017664296,198.992571566818,190.96510492255743,234.05182400307228,233.26076525408547,45.95,54.05
02,DOLNOŚLĄSKIE,0211,lubiński,wysokie ryzyko,618.7109521331375,617.7870703883297,414.54903948170295,412.1461823980452,204.16191265143456,205.64088799028448,67.0,33.0
02,DOLNOŚLĄSKIE,0212,lwówecki,niskie ryzyko,753.03050624393,930.1862703092828,522.2687226659316,697.3341950241862,230.76178357799833,232.85207528509645,69.36,30.64
02,DOLNOŚLĄSKIE,0212,lwówecki,wysokie ryzyko,2087.9926258517944,1921.970121714103,1935.2646794003103,1769.801490294894,152.7279464514844,152.16863141920885,92.69,7.31
02,DOLNOŚLĄSKIE,0213,milicki,niskie ryzyko,329.9496563002822,313.8638249019512,204.2992261647729,188.990869039016,125.65043013550934,124.87295586293524,61.92,38.08
02,DOLNOŚLĄSKIE,0213,milicki,wysokie ryzyko,456.29464997926215,447.4731219359592,402.2423708212545,393.4208427779516,54.05227915800764,54.05227915800764,88.15,11.85
02,DOLNOŚLĄSKIE,0214,oleśnicki,niskie ryzyko,66.79042502251414,65.5503961330966,47.575525227939835,46.33549633852229,19.214899794574315,19.21489979457431,71.23,28.77
02,DOLNOŚLĄSKIE,0214,oleśnicki,wysokie ryzyko,49.24867253663875,42.39888665820309,42.70584074332223,35.856054864886566,6.54283179331652,6.542831793316519,86.71,13.29
02,DOLNOŚLĄSKIE,0215,oławski,niskie ryzyko,3336.963128134539,3382.3429715506736,2254.3302441505843,2363.6442524781623,1082.6328839839546,1018.6987190725106,67.56,32.44
02,DOLNOŚLĄSKIE,0215,oławski,wysokie ryzyko,6861.689664784935,7644.243292224716,5494.673823223112,6368.670487659246,1367.0158415618223,1275.572804565471,80.08,19.92
02,DOLNOŚLĄSKIE,0216,polkowicki,niskie ryzyko,111.77974412865709,113.0153715247188,105.10741598644393,106.34304338250564,6.672328142213159,6.672328142213159,94.03,5.97
02,DOLNOŚLĄSKIE,0216,polkowicki,wysokie ryzyko,81.1149195916349,77.3835525545601,81.1149195916349,77.3835525545601,0.0,0.0,100.0,0.0
02,DOLNOŚLĄSKIE,0217,strzeliński,niskie ryzyko,497.0512433129289,455.81264788368264,375.6168755003974,334.5053956230514,121.43436781253152,121.3072522606312,75.57,24.43
02,DOLNOŚLĄSKIE,0217,strzeliński,wysokie ryzyko,429.2580709957125,380.1185290157,399.75461917565895,350.6150771956465,29.50345182005352,29.503451820053517,93.13,6.87
02,DOLNOŚLĄSKIE,0220,trzebnicki,niskie ryzyko,1910.492829306648,1847.3570716718264,1032.5828512831215,982.3093562996152,877.9099780235263,865.0477153722111,54.05,45.95
02,DOLNOŚLĄSKIE,0220,trzebnicki,wysokie ryzyko,3090.61054223896,3026.379780114497,2134.397495944919,2084.290175308084,956.2130462940416,942.0896048064128,69.06,30.94
02,DOLNOŚLĄSKIE,0221,wałbrzyski,niskie ryzyko,402.59194242909587,397.42473227100606,310.36574346617573,286.6232565465479,92.22619896292014,110.80147572445811,77.09,22.91
02,DOLNOŚLĄSKIE,0221,wałbrzyski,wysokie ryzyko,213.77554885146728,201.38628823674853,168.82440805063266,158.04655186760692,44.95114080083464,43.339736369141605,78.97,21.03
02,DOLNOŚLĄSKIE,0222,wołowski,niskie ryzyko,1265.817484029523,1259.7622532009946,632.546311781315,640.5995224038245,633.2711722482081,619.1627307971702,49.97,50.03
02,DOLNOŚLĄSKIE,0222,wołowski,wysokie ryzyko,1989.1263540263983,1989.7386755009993,1360.561792550718,1356.5873770145076,628.5645614756808,633.1512984864917,68.4,31.6
02,DOLNOŚLĄSKIE,0223,wrocławski,niskie ryzyko,10950.78694429478,10731.577165547576,5424.457587105575,5267.684960131197,5526.329357189207,5463.892205416378,49.53,50.47
02,DOLNOŚLĄSKIE,0223,wrocławski,wysokie ryzyko,14721.340427700892,14997.15491318355,7788.886937623353,7863.326176840472,6932.453490077541,7133.828736343079,52.91,47.09
02,DOLNOŚLĄSKIE,0225,zgorzelecki,niskie ryzyko,977.8187212754992,953.5509771610292,707.0987042103962,695.3128150534394,270.72001706510287,258.2381621075899,72.31,27.69
02,DOLNOŚLĄSKIE,0225,zgorzelecki,wysokie ryzyko,1672.6952498376631,1830.1110725147205,1436.9255933199477,1588.1478873720507,235.76965651771584,241.96318514266991,85.9,14.1
02,DOLNOŚLĄSKIE,0224,ząbkowicki,niskie ryzyko,721.3682554450459,691.7078852516681,622.5921144411546,574.8501067563482,98.77614100389115,116.85777849531996,86.31,13.69
02,DOLNOŚLĄSKIE,0224,ząbkowicki,wysokie ryzyko,1580.0247792761256,1891.5636322547452,1481.202909326709,1807.5387501341731,98.82186994941652,84.02488212057222,93.75,6.25
02,DOLNOŚLĄSKIE,0226,złotoryjski,niskie ryzyko,739.3776846891726,715.2882225981358,373.9058123113835,355.7430509505555,365.47187237778905,359.54517164758033,50.57,49.43
02,DOLNOŚLĄSKIE,0226,złotoryjski,wysokie ryzyko,1098.1206348061733,824.2137461681225,593.9829855659348,332.74896936650686,504.13764924023855,491.4647768016157,54.09,45.91
02,DOLNOŚLĄSKIE,0218,średzki,niskie ryzyko,2194.9487239818045,2184.4741996350717,405.5384767034196,413.4184131066839,1789.4102472783843,1771.0557865283877,18.48,81.52
02,DOLNOŚLĄSKIE,0218,średzki,wysokie ryzyko,2141.748470647955,2147.1430962952754,484.8409972243731,485.9095238137092,1656.907473423582,1661.2335724815662,22.64,77.36
02,DOLNOŚLĄSKIE,0219,świdnicki,niskie ryzyko,3472.4870685608676,3299.8402009056977,1268.8329219969114,1237.9272460589614,2203.654146563956,2061.9129548467367,36.54,63.46
02,DOLNOŚLĄSKIE,0219,świdnicki,wysokie ryzyko,8567.703715472107,8846.799504696555,2414.5842468708206,2341.678516008862,6153.119468601287,6505.120988687694,28.18,71.82
04,KUJAWSKO-POMORSKIE,0461,Bydgoszcz,niskie ryzyko,2435.7366260685344,2248.363273485287,1652.209954805233,1492.569168615688,783.5266712633011,755.7941048695991,67.83,32.17
04,KUJAWSKO-POMORSKIE,0461,Bydgoszcz,wysokie ryzyko,5358.448028164148,5850.374253279776,4230.975151400939,4693.345524303285,1127.47287676321,1157.0287289764904,78.96,21.04
04,KUJAWSKO-POMORSKIE,0462,Grudziądz,niskie ryzyko,265.60930215888527,246.41376495460625,100.33792209516504,83.14081917742755,165.27138006372024,163.27294577717868,37.78,62.22
04,KUJAWSKO-POMORSKIE,0462,Grudziądz,wysokie ryzyko,361.02228559872583,855.0794436749985,243.2728403807483,740.3951791386853,117.74944521797752,114.68426453631324,67.38,32.62
04,KUJAWSKO-POMORSKIE,0463,Toruń,niskie ryzyko,1101.1342189470824,1201.4474646915646,607.7809794451006,752.2513530982708,493.353239501982,449.1961115932937,55.2,44.8
04,KUJAWSKO-POMORSKIE,0463,Toruń,wysokie ryzyko,1400.0825874502416,1841.2623018145105,567.4941338437934,1007.4477347660992,832.5884536064483,833.8145670484112,40.53,59.47
04,KUJAWSKO-POMORSKIE,0464,Włocławek,niskie ryzyko,977.5187792771844,1311.1914790117744,126.17640512422842,118.85900696381088,851.3423741529559,1192.3324720479636,12.91,87.09
04,KUJAWSKO-POMORSKIE,0464,Włocławek,wysokie ryzyko,3652.9027850341786,3128.752041901136,62.68202538492806,52.77872657907432,3590.220759649251,3075.973315322062,1.72,98.28
04,KUJAWSKO-POMORSKIE,0401,aleksandrowski,niskie ryzyko,2967.9528245430283,3004.568034702823,2653.164726015805,2703.343931840298,314.7880985272234,301.2241028625248,89.39,10.61
04,KUJAWSKO-POMORSKIE,0401,aleksandrowski,wysokie ryzyko,5861.409137330588,5455.97321412123,5789.412194913784,5385.992939342165,71.9969424168036,69.98027477906408,98.77,1.23
04,KUJAWSKO-POMORSKIE,0402,brodnicki,niskie ryzyko,198.7442187966055,182.12021074145892,190.72282161456516,175.15786206836543,8.02139718204037,6.962348673093489,95.96,4.04
04,KUJAWSKO-POMORSKIE,0402,brodnicki,wysokie ryzyko,555.9255782939249,694.9236364285304,463.2844332727578,645.2944762148524,92.64114502116718,49.62916021367799,83.34,16.66
04,KUJAWSKO-POMORSKIE,0403,bydgoski,niskie ryzyko,2976.1038101495483,2967.031586203116,1280.288990347317,1275.8606618165786,1695.8148198022309,1691.1709243865373,43.02,56.98
04,KUJAWSKO-POMORSKIE,0403,bydgoski,wysokie ryzyko,5368.798664959412,5266.23500929974,4221.465351574097,4090.168724157393,1147.3333133853153,1176.0662851423472,78.63,21.37
04,KUJAWSKO-POMORSKIE,0404,chełmiński,niskie ryzyko,3616.78204222108,3501.8282344529775,869.7254011378164,871.8132991643997,2747.0566410832635,2630.014935288578,24.05,75.95
04,KUJAWSKO-POMORSKIE,0404,chełmiński,wysokie ryzyko,1794.7938646398616,1635.9965316901455,210.08803766147764,199.42091805902996,1584.705826978384,1436.575613631116,11.71,88.29
04,KUJAWSKO-POMORSKIE,0405,golubsko-dobrzyński,niskie ryzyko,199.3528742976774,315.56294631437754,24.879039769719743,22.89701287678629,174.47383452795765,292.6659334375912,12.48,87.52
04,KUJAWSKO-POMORSKIE,0405,golubsko-dobrzyński,wysokie ryzyko,30.680344422248098,32.084157748007534,0.0,0.0,30.680344422248098,32.084157748007534,0.0,100.0
04,KUJAWSKO-POMORSKIE,0406,grudziądzki,niskie ryzyko,1292.185239145638,1288.1300209628723,762.4492299862933,761.085913835216,529.7360091593447,527.0441071276566,59.0,41.0
04,KUJAWSKO-POMORSKIE,0406,grudziądzki,wysokie ryzyko,484.6688351337287,478.68979665721486,245.69266004729815,241.46597718516975,238.9761750864306,237.22381947204508,50.69,49.31
04,KUJAWSKO-POMORSKIE,0407,inowrocławski,niskie ryzyko,822.5102534544372,814.8996040328699,631.0700962115328,629.6912879655509,191.4401572429045,185.208316067319,76.72,23.28
04,KUJAWSKO-POMORSKIE,0407,inowrocławski,wysokie ryzyko,1032.9448717675757,1078.660408510043,981.25964691255,1026.9751836550176,51.685224855025346,51.685224855025346,95.0,5.0
04,KUJAWSKO-POMORSKIE,0408,lipnowski,niskie ryzyko,190.06179963461688,188.15322661881825,158.49352252104222,157.3071679987434,31.568277113574656,30.8460586200748,83.39,16.61
04,KUJAWSKO-POMORSKIE,0408,lipnowski,wysokie ryzyko,228.36070160386632,220.5205098835131,220.48570160386632,212.6455098835131,7.875,7.875,96.55,3.45
04,KUJAWSKO-POMORSKIE,0409,mogileński,niskie ryzyko,26.50632953590999,26.49730858039971,1.9757379689617292,1.9757379689617292,24.530591566948264,24.52157061143798,7.45,92.55
04,KUJAWSKO-POMORSKIE,0409,mogileński,wysokie ryzyko,3.0,3.0,3.0,3.0,0.0,0.0,100.0,0.0
04,KUJAWSKO-POMORSKIE,0410,nakielski,niskie ryzyko,575.160082822106,634.296653170732,415.8093148577693,476.032082595826,159.35076796433668,158.2645705749061,72.29,27.71
04,KUJAWSKO-POMORSKIE,0410,nakielski,wysokie ryzyko,510.43010831982895,548.9737849755506,391.5818675712064,431.76064704439193,118.84824074862252,117.21313793115868,76.72,23.28
04,KUJAWSKO-POMORSKIE,0411,radziejowski,niskie ryzyko,35.3958785277988,33.41265161783055,10.566155917465062,8.60748021325437,24.82972261033374,24.80517140457618,29.85,70.15
04,KUJAWSKO-POMORSKIE,0411,radziejowski,wysokie ryzyko,2.549328877870577,2.638387199681795,2.4517026297253968,2.451702629725397,0.0976262481451803,0.1866845699563976,96.17,3.83
04,KUJAWSKO-POMORSKIE,0412,rypiński,niskie ryzyko,41.8227395911316,39.56820873663943,27.06204816799991,24.82094611701106,14.760691423131684,14.747262619628364,64.71,35.29
04,KUJAWSKO-POMORSKIE,0412,rypiński,wysokie ryzyko,7.10220048263627,7.30530312227323,7.10220048263627,7.30530312227323,0.0,0.0,100.0,0.0
04,KUJAWSKO-POMORSKIE,0413,sępoleński,niskie ryzyko,5.320812658782193,4.512541918423927,5.320812658782193,4.512541918423927,0.0,0.0,100.0,0.0
04,KUJAWSKO-POMORSKIE,0415,toruński,niskie ryzyko,4704.40344733381,4745.4217495262355,1736.9717888275536,1707.9093698198851,2967.431658506256,3037.5123797063493,36.92,63.08
04,KUJAWSKO-POMORSKIE,0415,toruński,wysokie ryzyko,3804.234186351027,3730.649906817806,1521.0717530777397,1511.9856177925276,2283.1624332732868,2218.6642890252783,39.98,60.02
04,KUJAWSKO-POMORSKIE,0416,tucholski,niskie ryzyko,10.090029776404798,9.821418106525286,4.787795961325137,4.787795961325137,5.302233815079661,5.03362214520015,47.45,52.55
04,KUJAWSKO-POMORSKIE,0416,tucholski,wysokie ryzyko,1.5661668799753328,1.1739435883420064,0.0,0.0,1.5661668799753328,1.1739435883420064,0.0,100.0
04,KUJAWSKO-POMORSKIE,0418,włocławski,niskie ryzyko,590.376606746585,576.6491730154133,104.33712658725908,93.26362441007386,486.03948015932593,483.3855486053396,17.67,82.33
04,KUJAWSKO-POMORSKIE,0418,włocławski,wysokie ryzyko,390.5165402696869,380.30339083985126,32.3023841392857,21.9023020081815,358.2141561304012,358.40108883166977,8.27,91.73
04,KUJAWSKO-POMORSKIE,0414,świecki,niskie ryzyko,3741.423745183116,3654.558615576824,2307.421997899332,2232.917644738081,1434.001747283784,1421.6409708387428,61.67,38.33
04,KUJAWSKO-POMORSKIE,0414,świecki,wysokie ryzyko,2896.240918511338,2954.745977472803,2177.338070793787,2187.640307879093,718.9028477175503,767.1056695937104,75.18,24.82
04,KUJAWSKO-POMORSKIE,0419,żniński,niskie ryzyko,1202.3461662231284,985.9251510369174,772.9487389947882,600.4041438480155,429.3974272283402,385.521007188902,64.29,35.71
04,KUJAWSKO-POMORSKIE,0419,żniński,wysokie ryzyko,846.1732398175699,1461.5752951646782,624.8855122470825,1249.211197315488,221.28772757048733,212.36409784919024,73.85,26.15
06,LUBELSKIE,0661,Biała Podlaska,niskie ryzyko,148.91344226346237,131.24551781337507,49.6808247591151,42.13113954529677,99.23261750434726,89.1143782680783,33.36,66.64
06,LUBELSKIE,0661,Biała Podlaska,wysokie ryzyko,30.567783787368864,39.944274926808774,30.567783787368864,39.944274926808774,0.0,0.0,100.0,0.0
06,LUBELSKIE,0662,Chełm,niskie ryzyko,11.14964463154393,11.136507860809315,11.14964463154393,11.136507860809315,0.0,0.0,100.0,0.0
06,LUBELSKIE,0663,Lublin,niskie ryzyko,1158.8151882899188,1033.3532579265575,1101.8153361794527,975.8312569275232,56.99985211046603,57.52200099903425,95.08,4.92
06,LUBELSKIE,0663,Lublin,wysokie ryzyko,969.1529763926052,1887.5030480350545,961.7322158739544,1880.092158799606,7.420760518650757,7.410889235448461,99.23,0.77
06,LUBELSKIE,0664,Zamość,niskie ryzyko,73.59409255854221,72.27847915300458,7.412924372427723,6.541850234313207,66.18116818611449,65.73662891869138,10.07,89.93
06,LUBELSKIE,0664,Zamość,wysokie ryzyko,58.96270348951584,55.832787691426695,3.973328956397604,3.821824770352083,54.98937453311824,52.01096292107461,6.74,93.26
06,LUBELSKIE,0601,bialski,niskie ryzyko,2039.516373912528,2062.650656309345,1487.526174473839,1510.6462582135252,551.9901994386885,552.0043980958202,72.94,27.06
06,LUBELSKIE,0601,bialski,wysokie ryzyko,2865.597177008165,2955.021190415718,2530.766207751122,2607.0596890338925,334.83096925704297,347.9615013818252,88.32,11.68
06,LUBELSKIE,0602,biłgorajski,niskie ryzyko,1150.1757655721467,1097.226022644111,941.616277887834,898.2336136934056,208.5594876843125,198.99240895070537,81.87,18.13
06,LUBELSKIE,0602,biłgorajski,wysokie ryzyko,357.5495757447901,287.3597149945889,246.70772161112075,176.55268640684585,110.84185413366944,110.8070285877431,69.0,31.0
06,LUBELSKIE,0603,chełmski,niskie ryzyko,139.52765799521845,137.659584841119,87.68065631372303,88.84666371419546,51.847001681495385,48.81292112692351,62.84,37.16
06,LUBELSKIE,0603,chełmski,wysokie ryzyko,16.468911346852607,16.38294127175803,14.115303172600871,14.029333097506294,2.353608174251736,2.353608174251736,85.71,14.29
06,LUBELSKIE,0604,hrubieszowski,niskie ryzyko,495.07018007453127,453.92888867926376,376.2578212516353,340.0025167836524,118.81235882289596,113.92637189561134,76.0,24.0
06,LUBELSKIE,0604,hrubieszowski,wysokie ryzyko,157.16450695804264,146.1333086120828,151.06465439727913,140.0334560513193,6.099852560763505,6.099852560763505,96.12,3.88
06,LUBELSKIE,0605,janowski,niskie ryzyko,269.5570116896499,318.3957662530382,219.51433284804423,270.10786933883577,50.04267884160568,48.28789691420236,81.44,18.56
06,LUBELSKIE,0605,janowski,wysokie ryzyko,106.7662502819324,98.53467340001892,106.7662502819324,98.53467340001892,0.0,0.0,100.0,0.0
06,LUBELSKIE,0606,krasnostawski,niskie ryzyko,520.9011123168818,471.20187657209254,413.9340935006344,371.100821410392,106.96701881624752,100.10105516170054,79.47,20.53
06,LUBELSKIE,0606,krasnostawski,wysokie ryzyko,431.3128959643872,450.0391411135973,402.8249536724762,421.5511988216863,28.48794229191095,28.48794229191095,93.4,6.6
06,LUBELSKIE,0607,kraśnicki,niskie ryzyko,822.2478798063634,803.1024794811493,648.7328792921412,630.9924126003382,173.51500051422215,172.11006688081122,78.9,21.1
06,LUBELSKIE,0607,kraśnicki,wysokie ryzyko,677.7715355016558,660.9556488140493,585.2142124543507,568.4536032052062,92.55732304730512,92.50204560884316,86.34,13.66
06,LUBELSKIE,0608,lubartowski,niskie ryzyko,813.002587168202,785.5448641470433,650.9234929189424,631.5035325805081,162.07909424925958,154.04133156653504,80.06,19.94
06,LUBELSKIE,0608,lubartowski,wysokie ryzyko,200.16522085126417,193.81374027484793,169.86824716710234,163.51676659068613,30.296973684161784,30.296973684161784,84.86,15.14
06,LUBELSKIE,0609,lubelski,niskie ryzyko,184.15930196195427,170.0909858062077,153.57800829324617,142.78672893417863,30.581293668708117,27.304256872029093,83.39,16.61
06,LUBELSKIE,0609,lubelski,wysokie ryzyko,70.68565115149968,68.12947952161828,57.849537711844505,55.293366081963114,12.836113439655174,12.836113439655174,81.84,18.16
06,LUBELSKIE,0612,opolski,niskie ryzyko,3027.8322879864504,3037.415220603574,1528.5327157747467,1535.4870507362634,1499.299572211704,1501.928169867311,50.48,49.52
06,LUBELSKIE,0612,opolski,wysokie ryzyko,3100.2131670176777,3083.8777827972126,1978.2725388740844,1966.5655598453711,1121.9406281435936,1117.3122229518412,63.81,36.19
06,LUBELSKIE,0613,parczewski,niskie ryzyko,48.93900314438353,41.76151813338782,48.37099311099471,41.45684457275748,0.5680100333888138,0.3046735606303332,98.84,1.16
06,LUBELSKIE,0613,parczewski,wysokie ryzyko,14.640566717740017,12.90717870392128,14.640566717740017,12.90717870392128,0.0,0.0,100.0,0.0
06,LUBELSKIE,0614,puławski,niskie ryzyko,3653.454683639823,3676.146980571672,3038.303972921073,3042.5407410131106,615.1507107187497,633.6062395585612,83.16,16.84
06,LUBELSKIE,0614,puławski,wysokie ryzyko,5656.742483668542,5602.161152688263,4949.6013284259625,4892.226074378988,707.1411552425797,709.9350783092741,87.5,12.5
06,LUBELSKIE,0615,radzyński,niskie ryzyko,23.290679146010724,23.37105438644722,16.879834286843035,16.96020952727953,6.410844859167689,6.410844859167689,72.47,27.53
06,LUBELSKIE,0616,rycki,niskie ryzyko,2947.232279940146,3109.133849414414,2794.0171414137303,2960.0725232110117,153.21513852641533,149.06132620340202,94.8,5.2
06,LUBELSKIE,0616,rycki,wysokie ryzyko,6667.167456466084,6528.304429456791,6155.81965940806,6051.545766160481,511.34779705802384,476.7586632963086,92.33,7.67
06,LUBELSKIE,0618,tomaszowski,niskie ryzyko,120.7035401657112,117.31546031591976,82.98827772466973,81.65131077984617,37.71526244104147,35.664149536073566,68.75,31.25
06,LUBELSKIE,0618,tomaszowski,wysokie ryzyko,33.593976350714414,67.62106045049903,22.406734093254528,19.86370249036112,11.18724225745989,47.75735796013791,66.7,33.3
06,LUBELSKIE,0619,włodawski,niskie ryzyko,451.60217316012665,442.5964262854294,154.78709676456458,146.77494917746162,296.8150763955621,295.8214771079678,34.28,65.72
06,LUBELSKIE,0619,włodawski,wysokie ryzyko,448.7716669376583,443.9726924898315,242.26200283185972,237.91657943330023,206.5096641057986,206.05611305653127,53.98,46.02
06,LUBELSKIE,0620,zamojski,niskie ryzyko,218.82288555542215,200.7644713482763,120.90137218272416,111.70416321460192,97.92151337269804,89.06030813367437,55.25,44.75
06,LUBELSKIE,0620,zamojski,wysokie ryzyko,73.50395587921307,78.4260960571599,44.2675128553022,46.482728196545295,29.23644302391087,31.94336786061459,60.22,39.78
06,LUBELSKIE,0611,łukowski,niskie ryzyko,161.55262341677917,144.87167145748802,120.9950861420534,104.32366065276086,40.557537274725775,40.54801080472717,74.9,25.1
06,LUBELSKIE,0611,łukowski,wysokie ryzyko,156.27541427094738,144.42305159798673,127.89473668066653,116.04237400770587,28.380677590280847,28.38067759028085,81.84,18.16
06,LUBELSKIE,0610,łęczyński,niskie ryzyko,228.99827412291063,228.7528226787696,128.97201948603714,129.65224585848208,100.02625463687352,99.10057682028749,56.32,43.68
06,LUBELSKIE,0610,łęczyński,wysokie ryzyko,5.5011116769347,5.501111676934699,0.0,0.0,5.5011116769347,5.501111676934699,0.0,100.0
06,LUBELSKIE,0617,świdnicki,niskie ryzyko,220.9799418205816,216.79234432266824,209.43251399355813,205.2449164956448,11.547427827023414,11.547427827023414,94.77,5.23
06,LUBELSKIE,0617,świdnicki,wysokie ryzyko,94.61435067860046,93.78899119716424,94.61435067860046,93.78899119716424,0.0,0.0,100.0,0.0
08,LUBUSKIE,0861,Gorzów Wielkopolski,niskie ryzyko,2172.296264171675,2044.905307326098,1922.8202359292711,1792.921436358966,249.4760282424034,251.9838709671317,88.52,11.48
08,LUBUSKIE,0861,Gorzów Wielkopolski,wysokie ryzyko,2709.3038129062634,2982.888054065744,2593.1202428645056,2873.1358638229285,116.18357004175772,109.75219024281574,95.71,4.29
08,LUBUSKIE,0862,Zielona Góra,niskie ryzyko,91.536693438865,100.5933512710761,55.549912549616565,56.46130296334315,35.986780889248415,44.13204830773295,60.69,39.31
08,LUBUSKIE,0862,Zielona Góra,wysokie ryzyko,89.08735705282999,80.47887311979929,20.78878078087476,20.27005483028493,68.29857627195523,60.208818289514355,23.34,76.66
08,LUBUSKIE,0801,gorzowski,niskie ryzyko,4037.0086468353416,4042.924806251269,2184.9925031807898,2247.3665366763107,1852.016143654552,1795.5582695749572,54.12,45.88
08,LUBUSKIE,0801,gorzowski,wysokie ryzyko,1782.817842919912,1888.618704099846,1270.4927756854622,1327.826148188628,512.3250672344498,560.792555911218,71.26,28.74
08,LUBUSKIE,0802,krośnieński,niskie ryzyko,2002.853690936579,2142.364898711173,1186.3302598497914,1325.8074209237711,816.5234310867876,816.5574777874015,59.23,40.77
08,LUBUSKIE,0802,krośnieński,wysokie ryzyko,4484.45382421666,4335.672819745779,3813.703569733362,3665.631251528744,670.7502544832975,670.041568217035,85.04,14.96
08,LUBUSKIE,0803,międzyrzecki,niskie ryzyko,762.8846929983171,705.0939264359323,463.517375536608,410.454945249331,299.3673174617091,294.6389811866013,60.76,39.24
08,LUBUSKIE,0803,międzyrzecki,wysokie ryzyko,582.9803559142356,598.0832422365368,439.30445106925265,450.18508200583653,143.67590484498297,147.89816023070023,75.35,24.65
08,LUBUSKIE,0804,nowosolski,niskie ryzyko,1183.1967747859044,1139.0705093373856,849.1820161162535,802.9009455108134,334.0147586696507,336.1695638265722,71.77,28.23
08,LUBUSKIE,0804,nowosolski,wysokie ryzyko,1991.1787862573296,2164.0278112895876,1605.9988831108826,1781.9513880769284,385.1799031464469,382.0764232126593,80.66,19.34
08,LUBUSKIE,0806,strzelecko-drezdenecki,niskie ryzyko,1085.3612888826656,1071.6165410956887,739.6970327756429,726.6882096866862,345.66425610702265,344.9283314090025,68.15,31.85
08,LUBUSKIE,0806,strzelecko-drezdenecki,wysokie ryzyko,998.065301944608,947.3807593575434,927.0444439269702,876.3599013399058,71.02085801763764,71.02085801763764,92.88,7.12
08,LUBUSKIE,0807,sulęciński,niskie ryzyko,1147.1536062087353,1155.6531665434711,279.03962300367004,276.3796007101222,868.1139832050653,879.2735658333489,24.32,75.68
08,LUBUSKIE,0807,sulęciński,wysokie ryzyko,874.8814516396171,859.1763935607821,205.0250755857644,203.88925695682565,669.8563760538527,655.2871366039565,23.43,76.57
08,LUBUSKIE,0805,słubicki,niskie ryzyko,909.1601661967824,888.4706248857094,169.14951092466072,165.97111745521946,740.0106552721215,722.49950743049,18.61,81.39
08,LUBUSKIE,0805,słubicki,wysokie ryzyko,811.7119462849915,862.1288554524153,220.06294855780925,237.19574340365307,591.6489977271824,624.9331120487623,27.11,72.89
08,LUBUSKIE,0812,wschowski,niskie ryzyko,38.46680855690269,33.896874896949555,22.73827954088903,20.585823914657105,15.72852901601366,13.311050982292452,59.11,40.89
08,LUBUSKIE,0812,wschowski,wysokie ryzyko,25.529267923602063,25.529267923602063,8.833283042631432,8.833283042631432,16.69598488097063,16.69598488097063,34.6,65.4
08,LUBUSKIE,0809,zielonogórski,niskie ryzyko,2704.199959645824,2749.637832107427,1242.174650008183,1260.768538849707,1462.025309637641,1488.86929325772,45.94,54.06
08,LUBUSKIE,0809,zielonogórski,wysokie ryzyko,4196.265895354717,4102.731640958305,2318.246816947591,2272.708336735711,1878.0190784071256,1830.023304222594,55.25,44.75
08,LUBUSKIE,0808,świebodziński,niskie ryzyko,3.292905913216197,3.0235277183702056,0.3826381642326015,0.1132599693866102,2.9102677489835953,2.9102677489835953,11.62,88.38
08,LUBUSKIE,0810,żagański,niskie ryzyko,3005.4924596425676,2813.98938221374,2608.519529466873,2433.379734954668,396.9729301756946,380.6096472590719,86.79,13.21
08,LUBUSKIE,0810,żagański,wysokie ryzyko,5383.624740064309,5235.878730787982,5134.120122088303,5001.902470926,249.504617976005,233.97625986198184,95.37,4.63
08,LUBUSKIE,0811,żarski,niskie ryzyko,556.8716095298033,558.426486991134,223.4745118979262,217.60258397260267,333.39709763187705,340.8239030185312,40.13,59.87
08,LUBUSKIE,0811,żarski,wysokie ryzyko,608.7668147730799,602.166328396557,443.6278090037078,410.4021565735531,165.13900576937206,191.76417182300384,72.87,27.13
14,MAZOWIECKIE,1461,Ostrołęka,niskie ryzyko,1033.8970469142096,1156.3820898674,889.6077787327811,995.5419666727508,144.28926818142844,160.84012319464932,86.04,13.96
14,MAZOWIECKIE,1461,Ostrołęka,wysokie ryzyko,4601.530757349791,4487.942322339255,4342.289271427642,4229.222440217038,259.24148592214766,258.7198821222179,94.37,5.63
14,MAZOWIECKIE,1462,Płock,niskie ryzyko,423.3996051585443,438.7729220131233,239.6832843160716,255.61773355148352,183.7163208424727,183.15518846163977,56.61,43.39
14,MAZOWIECKIE,1462,Płock,wysokie ryzyko,875.5143198418293,821.6794390737894,737.2038226934062,683.3689419253662,138.31049714842305,138.31049714842305,84.2,15.8
14,MAZOWIECKIE,1463,Radom,niskie ryzyko,165.29999640801114,161.9832033704197,103.30651398969488,100.03873685858451,61.99348241831627,61.94446651183516,62.5,37.5
14,MAZOWIECKIE,1463,Radom,wysokie ryzyko,37.55587815022407,36.46327344473089,0.0,0.0,37.55587815022407,36.46327344473089,0.0,100.0
14,MAZOWIECKIE,1465,Warszawa,niskie ryzyko,100609.02001852888,99116.40242339592,97728.26874284126,96290.01364634876,2880.7512756876367,2826.388777047161,97.14,2.86
14,MAZOWIECKIE,1465,Warszawa,wysokie ryzyko,311591.58370751794,310511.00563066977,309241.67661395954,308164.3999454881,2349.9070935584477,2346.6056851816493,99.25,0.75
14,MAZOWIECKIE,1401,białobrzeski,niskie ryzyko,530.4492736635248,522.9396752967888,363.9908054869202,357.4213358225233,166.45846817660467,165.5183394742655,68.62,31.38
14,MAZOWIECKIE,1401,białobrzeski,wysokie ryzyko,2233.8339866892065,2211.776813021265,2037.7322412375129,2014.3574924303307,196.10174545169392,197.4193205909341,91.22,8.78
14,MAZOWIECKIE,1402,ciechanowski,niskie ryzyko,247.4570648598228,286.56814697227463,211.6902559150409,250.80133802749268,35.76680894478195,35.76680894478195,85.55,14.45
14,MAZOWIECKIE,1402,ciechanowski,wysokie ryzyko,198.48986782823263,177.12679376032278,198.48986782823263,177.12679376032278,0.0,0.0,100.0,0.0
14,MAZOWIECKIE,1403,garwoliński,niskie ryzyko,4313.184846212362,4252.426911570243,1805.7966453491924,1768.3706922607844,2507.388200863169,2484.056219309458,41.87,58.13
14,MAZOWIECKIE,1403,garwoliński,wysokie ryzyko,3272.834094608012,3289.230045832574,1590.462707183273,1566.7696361155597,1682.3713874247387,1722.4604097170145,48.6,51.4
14,MAZOWIECKIE,1404,gostyniński,niskie ryzyko,130.1963266815,123.48441838884482,126.63501695958638,119.92310866693116,3.5613097219136343,3.561309721913634,97.26,2.74
14,MAZOWIECKIE,1404,gostyniński,wysokie ryzyko,38.17215074773547,22.821420213599964,38.17215074773547,22.821420213599964,0.0,0.0,100.0,0.0
14,MAZOWIECKIE,1405,grodziski,niskie ryzyko,91.30122675707725,90.79604468073548,8.165401509413986,8.089304154417759,83.13582524766325,82.70674052631772,8.94,91.06
14,MAZOWIECKIE,1406,grójecki,niskie ryzyko,748.2225061013711,724.7025258933032,601.2354382551888,576.8776147124431,146.98706784618224,147.82491118086006,80.36,19.64
14,MAZOWIECKIE,1406,grójecki,wysokie ryzyko,995.8179574674404,960.2516152288554,855.9084042883635,820.661200115419,139.90955317907685,139.5904151134365,85.95,14.05
14,MAZOWIECKIE,1407,kozienicki,niskie ryzyko,6881.026138077946,6734.8034096073425,3463.57685742122,3358.42125600764,3417.4492806567255,3376.382153599703,50.34,49.66
14,MAZOWIECKIE,1407,kozienicki,wysokie ryzyko,6372.999914776831,6476.690913704264,3876.370452521039,3957.1980979981167,2496.629462255793,2519.4928157061477,60.82,39.18
14,MAZOWIECKIE,1408,legionowski,niskie ryzyko,24007.158561116583,23555.258544025663,15511.558571109654,15154.954400649738,8495.599990006933,8400.304143375928,64.61,35.39
14,MAZOWIECKIE,1408,legionowski,wysokie ryzyko,41324.84573076164,41499.800099207794,31659.29230409782,32020.96236547325,9665.55342666382,9478.83773373455,76.61,23.39
14,MAZOWIECKIE,1409,lipski,niskie ryzyko,1067.1186725238224,1056.904354178498,630.3691950651023,618.7984748437118,436.7494774587203,438.10587933478615,59.07,40.93
14,MAZOWIECKIE,1409,lipski,wysokie ryzyko,602.3632736325684,587.9817270671695,381.4948938174411,370.3543947233151,220.86837981512727,217.6273323438543,63.33,36.67
14,MAZOWIECKIE,1411,makowski,niskie ryzyko,970.7979878930012,954.2405903832444,527.611697517815,513.7981480422364,443.18629037518633,440.442442341008,54.35,45.65
14,MAZOWIECKIE,1411,makowski,wysokie ryzyko,569.6866641530506,555.5790772791995,327.73100395067405,314.54532553332206,241.95566020237655,241.03375174587748,57.53,42.47
14,MAZOWIECKIE,1412,miński,niskie ryzyko,253.1574571179139,244.1638206981515,167.5325099988991,158.73425618552417,85.62494711901482,85.42956451262738,66.18,33.82
14,MAZOWIECKIE,1412,miński,wysokie ryzyko,24.18174055999904,23.91548460803109,6.671097383050924,6.671097383050924,17.510643176948115,17.244387224980162,27.59,72.41
14,MAZOWIECKIE,1413,mławski,niskie ryzyko,120.38938017858568,119.10790691486665,77.23001699863124,76.07825659930955,43.159363179954426,43.02965031555708,64.15,35.85
14,MAZOWIECKIE,1413,mławski,wysokie ryzyko,17.663325035682625,17.508618853178096,14.156505815989837,14.001799633485303,3.5068192196927894,3.5068192196927894,80.15,19.85
14,MAZOWIECKIE,1414,nowodworski,niskie ryzyko,12705.28594852759,12857.551996371336,6658.499374004967,7107.373164189341,6046.786574522625,5750.178832181997,52.41,47.59
14,MAZOWIECKIE,1414,nowodworski,wysokie ryzyko,24362.357159578187,24027.507115262793,17026.967336382928,16956.641137939063,7335.389823195261,7070.865977323727,69.89,30.11
14,MAZOWIECKIE,1416,ostrowski,niskie ryzyko,1612.7606023752337,1597.6754172801652,616.4994618671697,608.9051748164608,996.261140508064,988.7702424637046,38.23,61.77
14,MAZOWIECKIE,1416,ostrowski,wysokie ryzyko,1310.0406820542053,1309.826992987817,481.517053287565,473.5186168623881,828.5236287666404,836.3083761254289,36.76,63.24
14,MAZOWIECKIE,1415,ostrołęcki,niskie ryzyko,3040.757576141632,2940.571635813,1584.440923449073,1499.61044880983,1456.3166526925593,1440.96118700317,52.11,47.89
14,MAZOWIECKIE,1415,ostrołęcki,wysokie ryzyko,2682.0539606658986,2717.162780025273,1769.9310618572,1808.4333700730629,912.122898808698,908.7294099522104,65.99,34.01
14,MAZOWIECKIE,1417,otwocki,niskie ryzyko,5182.259944748092,5704.267218730847,2641.1428488306897,2731.4461201857084,2541.1170959174015,2972.8210985451387,50.97,49.03
14,MAZOWIECKIE,1417,otwocki,wysokie ryzyko,5649.685219746035,5555.253008718773,2822.855294327642,2742.13206707857,2826.8299254183935,2813.1209416402044,49.96,50.04
14,MAZOWIECKIE,1418,piaseczyński,niskie ryzyko,3410.308287479139,3155.11857539161,2454.1235978694804,2187.564299659064,956.1846896096588,967.554275732546,71.96,28.04
14,MAZOWIECKIE,1418,piaseczyński,wysokie ryzyko,3294.98201610151,3546.0924926455823,2380.973176434133,2650.3202336209133,914.0088396673766,895.7722590246685,72.26,27.74
14,MAZOWIECKIE,1421,pruszkowski,niskie ryzyko,750.8497863869528,676.8824956906241,470.314427176854,398.9004510033824,280.5353592100988,277.98204468724157,62.64,37.36
14,MAZOWIECKIE,1421,pruszkowski,wysokie ryzyko,633.4983467696266,574.9399731129954,518.4716855490467,459.91331189241544,115.02666122057992,115.0266612205799,81.84,18.16
14,MAZOWIECKIE,1422,przasnyski,niskie ryzyko,78.10971240121536,75.51849485148331,58.38071843804682,55.78950088831478,19.728993963168545,19.728993963168545,74.74,25.26
14,MAZOWIECKIE,1422,przasnyski,wysokie ryzyko,16.811048060987993,15.542790104530331,16.811048060987993,15.542790104530331,0.0,0.0,100.0,0.0
14,MAZOWIECKIE,1423,przysuski,niskie ryzyko,128.56485017252612,127.29191248672812,51.82144004065901,52.358134473366434,76.74341013186711,74.93377801336169,40.31,59.69
14,MAZOWIECKIE,1423,przysuski,wysokie ryzyko,156.87248822699542,162.83847022479077,88.74040005228636,83.70804366699177,68.13208817470904,79.13042655779901,56.57,43.43
14,MAZOWIECKIE,1424,pułtuski,niskie ryzyko,1872.388255972094,1738.9073302283423,1441.7745559058624,1369.4805709770685,430.6137000662312,369.4267592512739,77.0,23.0
14,MAZOWIECKIE,1424,pułtuski,wysokie ryzyko,3465.4688116783027,3229.249454211819,3023.627428205627,2782.9220811894693,441.8413834726754,446.3273730223494,87.25,12.75
14,MAZOWIECKIE,1419,płocki,niskie ryzyko,3983.5465485764194,3997.428152415346,2266.0901996402376,2268.9550377807036,1717.4563489361817,1728.4731146346423,56.89,43.11
14,MAZOWIECKIE,1419,płocki,wysokie ryzyko,2203.5024587378384,2224.847169477525,1478.1949702202182,1505.5524189002592,725.3074885176203,719.2947505772657,67.08,32.92
14,MAZOWIECKIE,1420,płoński,niskie ryzyko,1115.3725141884272,1256.1685179167555,816.1883455575597,958.2581323787516,299.18416863086725,297.9103855380038,73.18,26.82
14,MAZOWIECKIE,1420,płoński,wysokie ryzyko,675.528491419938,613.8541614114882,574.4078956769674,512.9069125742627,101.12059574297058,100.94724883722547,85.03,14.97
14,MAZOWIECKIE,1425,radomski,niskie ryzyko,249.11373641700337,243.2424953908501,128.21041774742616,122.77549165526496,120.90331866957716,120.46700373558514,51.47,48.53
14,MAZOWIECKIE,1425,radomski,wysokie ryzyko,43.29618936760469,42.13186885945219,27.607118892259976,26.442798384107476,15.689070475344714,15.689070475344714,63.76,36.24
14,MAZOWIECKIE,1426,siedlecki,niskie ryzyko,257.0774716267537,257.60913913178234,54.65770686821981,55.172061956416115,202.41976475853392,202.43707717536623,21.26,78.74
14,MAZOWIECKIE,1426,siedlecki,wysokie ryzyko,171.9993158585499,170.82097333681114,89.90622969885169,88.80067812135368,82.09308615969823,82.0202952154575,52.27,47.73
14,MAZOWIECKIE,1427,sierpecki,niskie ryzyko,138.85548830431725,108.099072238597,91.22378713160052,59.87896914712492,47.63170117271672,48.22010309147208,65.7,34.3
14,MAZOWIECKIE,1427,sierpecki,wysokie ryzyko,50.26358806952385,31.19835961219727,44.96511312399008,25.8998846666635,5.298474945533769,5.298474945533769,89.46,10.54
14,MAZOWIECKIE,1428,sochaczewski,niskie ryzyko,2200.817187376221,2209.247043054507,1393.9001282571446,1408.6014756828909,806.9170591190768,800.6455673716159,63.34,36.66
14,MAZOWIECKIE,1428,sochaczewski,wysokie ryzyko,1945.256002303471,1913.5690640004505,1404.9641362931357,1378.053737116967,540.2918660103354,535.5153268834832,72.23,27.77
14,MAZOWIECKIE,1429,sokołowski,niskie ryzyko,564.0473444148204,545.7709228540244,501.5639758280023,483.2875542672064,62.48336858681804,62.483368586818045,88.92,11.08
14,MAZOWIECKIE,1429,sokołowski,wysokie ryzyko,417.12587629091337,417.3886591178292,398.9957708125537,399.25855363946954,18.13010547835964,18.13010547835964,95.65,4.35
14,MAZOWIECKIE,1432,warszawski zachodni,niskie ryzyko,7895.071165322112,7789.142636003353,4547.604756604167,4414.8025865680465,3347.4664087179453,3374.3400494353064,57.6,42.4
14,MAZOWIECKIE,1432,warszawski zachodni,wysokie ryzyko,18233.057565539555,18173.23619028581,12761.102787110663,12674.781751456809,5471.954778428891,5498.454438829001,69.99,30.01
14,MAZOWIECKIE,1434,wołomiński,niskie ryzyko,2009.571726230152,1924.370646006071,1008.0965244066902,950.2901224646685,1001.4752018234618,974.080523541403,50.16,49.84
14,MAZOWIECKIE,1434,wołomiński,wysokie ryzyko,1722.8749967925205,1705.8029289254823,646.7690090674328,620.5811084976234,1076.105987725088,1085.2218204278588,37.54,62.46
14,MAZOWIECKIE,1435,wyszkowski,niskie ryzyko,3280.097180677674,3280.911823220189,1213.8973104848142,1254.79292422869,2066.1998701928596,2026.1188989914997,37.01,62.99
14,MAZOWIECKIE,1435,wyszkowski,wysokie ryzyko,2744.6138931474557,2746.374072252836,1351.1631095001949,1311.4269006041638,1393.4507836472608,1434.9471716486717,49.23,50.77
14,MAZOWIECKIE,1433,węgrowski,niskie ryzyko,1340.314473510304,1325.0466534254224,531.7854217160567,510.86938828511654,808.5290517942474,814.1772651403057,39.68,60.32
14,MAZOWIECKIE,1433,węgrowski,wysokie ryzyko,648.1850604393471,642.1289699014609,266.9001357610005,262.89819227104385,381.28492467834656,379.230777630417,41.18,58.82
14,MAZOWIECKIE,1436,zwoleński,niskie ryzyko,82.37776826530529,111.18268491867406,32.25616437125623,58.257372414929534,50.121603894049066,52.92531250374452,39.16,60.84
14,MAZOWIECKIE,1436,zwoleński,wysokie ryzyko,194.40965327786995,194.40965327786995,0.0,0.0,194.40965327786995,194.40965327786995,0.0,100.0
14,MAZOWIECKIE,1410,łosicki,niskie ryzyko,69.89219942041339,67.64054473445998,48.9787668787262,46.72711219277278,20.9134325416872,20.9134325416872,70.08,29.92
14,MAZOWIECKIE,1410,łosicki,wysokie ryzyko,8.916068545186233,8.581251534779051,1.2645629033609924,0.9297458929538096,7.651505641825241,7.651505641825242,14.18,85.82
14,MAZOWIECKIE,1437,żuromiński,niskie ryzyko,164.61895991259604,180.25284568415935,91.8714645864346,107.34773893188726,72.74749532616146,72.90510675227212,55.81,44.19
14,MAZOWIECKIE,1437,żuromiński,wysokie ryzyko,55.461504203784926,55.461504203784926,41.61184064768694,41.61184064768694,13.849663556097989,13.849663556097983,75.03,24.97
14,MAZOWIECKIE,1438,żyrardowski,niskie ryzyko,113.01553562620116,88.53778281867933,87.78491841735264,66.83162723252306,25.23061720884851,21.70615558615627,77.68,22.32
14,MAZOWIECKIE,1438,żyrardowski,wysokie ryzyko,4.7794594295605695,4.758625518579354,4.7794594295605695,4.758625518579354,0.0,0.0,100.0,0.0
12,MAŁOPOLSKIE,1261,Kraków,niskie ryzyko,38454.67405739983,37007.19469773259,32724.526262727744,31682.337905914897,5730.147794672081,5324.856791817702,85.1,14.9
12,MAŁOPOLSKIE,1261,Kraków,wysokie ryzyko,107624.5736674678,107788.88246947785,100874.21522663946,100644.27568985424,6750.358440828353,7144.606779623587,93.73,6.27
12,MAŁOPOLSKIE,1262,Nowy Sącz,niskie ryzyko,3592.3994040483185,3223.1429080449316,3086.0152050815977,2720.9771359555543,506.384198966721,502.16577208937736,85.9,14.1
12,MAŁOPOLSKIE,1262,Nowy Sącz,wysokie ryzyko,10109.046440254497,11157.999807040182,9792.865677494565,10653.052365104868,316.1807627599283,504.9474419353139,96.87,3.13
12,MAŁOPOLSKIE,1263,Tarnów,niskie ryzyko,1201.1905415764545,1179.1515363325043,854.691961523213,906.9385329910142,346.4985800532414,272.2130033414899,71.15,28.85
12,MAŁOPOLSKIE,1263,Tarnów,wysokie ryzyko,2643.8568173234135,2892.5125380901723,1596.540702487765,1611.0814387450478,1047.316114835648,1281.4310993451245,60.39,39.61
12,MAŁOPOLSKIE,1201,bocheński,niskie ryzyko,11278.523861048126,11349.53580403102,9792.531142809225,9831.99896029182,1485.9927182389029,1517.5368437392003,86.82,13.18
12,MAŁOPOLSKIE,1201,bocheński,wysokie ryzyko,11462.61865717369,11379.055814011535,10369.2566178556,10274.249114132412,1093.3620393180895,1104.8066998791246,90.46,9.54
12,MAŁOPOLSKIE,1202,brzeski,niskie ryzyko,4960.8863597239215,4885.2768520736545,3909.2915533479345,3847.545100163936,1051.5948063759874,1037.7317519097187,78.8,21.2
12,MAŁOPOLSKIE,1202,brzeski,wysokie ryzyko,4932.01472215453,4980.730472121233,4029.734986007952,4095.4470171105736,902.2797361465782,885.2834550106604,81.71,18.29
12,MAŁOPOLSKIE,1203,chrzanowski,niskie ryzyko,1201.0031744107505,1173.3806433828308,731.7081949077924,705.914137152124,469.294979502958,467.46650623070695,60.92,39.08
12,MAŁOPOLSKIE,1203,chrzanowski,wysokie ryzyko,1670.3981928775572,1672.5815785908558,1216.6383638677723,1208.8491091405033,453.759829009785,463.7324694503522,72.84,27.16
12,MAŁOPOLSKIE,1204,dąbrowski,niskie ryzyko,15590.386301436709,15305.950060510508,9374.258076446258,9156.6335399226,6216.128224990451,6149.316520587908,60.13,39.87
12,MAŁOPOLSKIE,1204,dąbrowski,wysokie ryzyko,12952.828772237024,13199.279490735633,8510.124460570518,8661.236068648383,4442.704311666507,4538.04342208725,65.7,34.3
12,MAŁOPOLSKIE,1205,gorlicki,niskie ryzyko,1221.8494559104877,1336.1532449807178,1001.9389853146782,1083.0009554804658,219.9104705958094,253.15228950025192,82.0,18.0
12,MAŁOPOLSKIE,1205,gorlicki,wysokie ryzyko,1377.8580441968788,1464.4386685666436,1157.2464215155037,1266.596295053144,220.61162268137517,197.84237351349955,83.99,16.01
12,MAŁOPOLSKIE,1206,krakowski,niskie ryzyko,6504.687236949449,6420.478187302193,4944.35464794457,4913.127200466621,1560.3325890048786,1507.350986835571,76.01,23.99
12,MAŁOPOLSKIE,1206,krakowski,wysokie ryzyko,5212.335353302216,5233.131621220357,3994.1484417191423,4068.102264204815,1218.1869115830746,1165.0293570155422,76.63,23.37
12,MAŁOPOLSKIE,1207,limanowski,niskie ryzyko,1443.5205974982048,1342.6457035014053,880.0022839794062,769.868703383469,563.5183135187985,572.7770001179363,60.96,39.04
12,MAŁOPOLSKIE,1207,limanowski,wysokie ryzyko,413.342576426788,425.0115212339117,188.6201289119228,203.52356207808776,224.72244751486517,221.48795915582392,45.63,54.37
12,MAŁOPOLSKIE,1209,myślenicki,niskie ryzyko,2184.2171575567686,2170.069370165802,1857.9570672739208,1863.8199734547616,326.2600902828474,306.2493967110394,85.06,14.94
12,MAŁOPOLSKIE,1209,myślenicki,wysokie ryzyko,3310.035955257434,3252.549305773822,3207.986261039932,3156.0354792210705,102.0496942175024,96.51382655275168,96.92,3.08
12,MAŁOPOLSKIE,1210,nowosądecki,niskie ryzyko,11328.76210614152,11496.57412738636,7760.954146203484,7912.963297353886,3567.8079599380335,3583.610830032472,68.51,31.49
12,MAŁOPOLSKIE,1210,nowosądecki,wysokie ryzyko,11989.008543978962,12197.302944751442,8589.18758272378,8695.540192353077,3399.820961255181,3501.7627523983656,71.64,28.36
12,MAŁOPOLSKIE,1211,nowotarski,niskie ryzyko,6876.848074856894,7249.62150246988,5223.212740417765,5622.508553216023,1653.6353344391289,1627.1129492538566,75.95,24.05
12,MAŁOPOLSKIE,1211,nowotarski,wysokie ryzyko,8548.040824547781,8903.052582348098,6873.191420985731,7192.178957578574,1674.849403562049,1710.8736247695233,80.41,19.59
12,MAŁOPOLSKIE,1212,olkuski,niskie ryzyko,116.99178993070409,171.35006110598033,75.17235091671294,129.42887627650182,41.81943901399114,41.92118482947849,64.25,35.75
12,MAŁOPOLSKIE,1212,olkuski,wysokie ryzyko,59.05415148819886,56.08199170412574,0.0,0.0,59.05415148819886,56.08199170412574,0.0,100.0
12,MAŁOPOLSKIE,1213,oświęcimski,niskie ryzyko,22250.24387096012,22325.626413710313,15785.883198647902,15766.630727931051,6464.360672312214,6558.9956857792595,70.95,29.05
12,MAŁOPOLSKIE,1213,oświęcimski,wysokie ryzyko,37188.82727507634,36885.75240199603,27748.483839480687,27698.184941358435,9440.343435595669,9187.567460637598,74.62,25.38
12,MAŁOPOLSKIE,1214,proszowicki,niskie ryzyko,413.3595953199515,412.4182603660533,366.81726193851017,363.428055697327,46.5423333814414,48.99020466872631,88.74,11.26
12,MAŁOPOLSKIE,1214,proszowicki,wysokie ryzyko,326.1191568016017,323.5702348241825,293.1994620234492,290.65054004602996,32.91969477815253,32.91969477815254,89.91,10.09
12,MAŁOPOLSKIE,1215,suski,niskie ryzyko,1289.6836300979658,1259.8554289421818,778.1742982664488,740.1473064279172,511.509331831517,519.7081225142646,60.34,39.66
12,MAŁOPOLSKIE,1215,suski,wysokie ryzyko,865.8876970968819,774.8645092326542,611.1853308462681,526.5024699964033,254.70236625061375,248.36203923625084,70.58,29.42
12,MAŁOPOLSKIE,1216,tarnowski,niskie ryzyko,19308.782838029765,18987.181122913367,15403.651085217416,15150.876463325616,3905.1317528123473,3836.304659587749,79.78,20.22
12,MAŁOPOLSKIE,1216,tarnowski,wysokie ryzyko,21859.94272621966,21923.727512341586,17850.776738613455,18002.6746407959,4009.1659876062063,3921.0528715456826,81.66,18.34
12,MAŁOPOLSKIE,1217,tatrzański,niskie ryzyko,467.41938465846135,442.2835085751333,254.11542355339768,240.4415656508416,213.30396110506368,201.8419429242917,54.37,45.63
12,MAŁOPOLSKIE,1217,tatrzański,wysokie ryzyko,517.1211977453725,547.4461378069421,246.5219787798137,268.83742201233315,270.59921896555875,278.608715794609,47.67,52.33
12,MAŁOPOLSKIE,1218,wadowicki,niskie ryzyko,7958.193874279659,7911.433925443884,5500.219300270895,5535.320188035824,2457.974574008765,2376.11373740806,69.11,30.89
12,MAŁOPOLSKIE,1218,wadowicki,wysokie ryzyko,12530.678064036749,12741.97526782335,10562.19487685992,10524.717686409514,1968.4831871768265,2217.257581413837,84.29,15.71
12,MAŁOPOLSKIE,1219,wielicki,niskie ryzyko,11426.488767599,11249.089715931255,6213.904914100499,6101.029797060097,5212.5838534985,5148.0599188711585,54.38,45.62
12,MAŁOPOLSKIE,1219,wielicki,wysokie ryzyko,11716.838148317836,11828.104955859291,6291.194382099251,6353.297381369275,5425.6437662185845,5474.807574490016,53.69,46.31
16,OPOLSKIE,1661,Opole,niskie ryzyko,5006.756262038075,4750.803143571121,4498.3692034303995,4251.208804675694,508.387058607675,499.5943388954259,89.85,10.15
16,OPOLSKIE,1661,Opole,wysokie ryzyko,13281.533438056964,13426.95409347737,12950.489031898958,13091.06595705243,331.04440615800553,335.88813642493915,97.51,2.49
16,OPOLSKIE,1601,brzeski,niskie ryzyko,6189.502526974476,6150.061683141412,2748.6496209954216,2716.1634115690867,3440.8529059790544,3433.8982715723264,44.41,55.59
16,OPOLSKIE,1601,brzeski,wysokie ryzyko,13250.962059047606,13253.84652550786,7500.909182354924,7491.078049048338,5750.052876692682,5762.7684764595215,56.61,43.39
16,OPOLSKIE,1602,głubczycki,niskie ryzyko,542.7672125258915,507.70237622085415,452.0970499689128,419.52369674470015,90.67016255697874,88.17867947615399,83.29,16.71
16,OPOLSKIE,1602,głubczycki,wysokie ryzyko,544.9593389478061,520.8880120840407,481.53916306604054,458.1719199475217,63.420175881765545,62.716092136519066,88.36,11.64
16,OPOLSKIE,1604,kluczborski,niskie ryzyko,206.34395090430175,187.16113748160024,189.1177694744113,169.99416316402687,17.226181429890495,17.16697431757337,91.65,8.35
16,OPOLSKIE,1604,kluczborski,wysokie ryzyko,54.1505805590747,43.451960087639854,54.0145823250054,43.31596185357056,0.1359982340692965,0.1359982340692965,99.75,0.25
16,OPOLSKIE,1605,krapkowicki,niskie ryzyko,628.5041231062776,632.941748468647,535.3465283640647,536.2384300256113,93.15759474221286,96.7033184430358,85.18,14.82
16,OPOLSKIE,1605,krapkowicki,wysokie ryzyko,617.2221751716378,604.2303305400945,589.7808006472783,577.380853837687,27.44137452435947,26.84947670240756,95.55,4.45
16,OPOLSKIE,1603,kędzierzyńsko-kozielski,niskie ryzyko,2996.86765341514,2912.3824299421817,2597.29527972688,2518.2072632369027,399.5723736882602,394.1751667052793,86.67,13.33
16,OPOLSKIE,1603,kędzierzyńsko-kozielski,wysokie ryzyko,2585.635074540554,2657.918644458811,2290.7569191960342,2348.3138774806725,294.87815534451954,309.604766978138,88.6,11.4
16,OPOLSKIE,1606,namysłowski,niskie ryzyko,84.03296426678284,84.63293354442254,29.250609497190617,29.249589611481547,54.78235476959223,55.38334393294099,34.81,65.19
16,OPOLSKIE,1606,namysłowski,wysokie ryzyko,23.543343293262375,23.543343293262375,19.543343293262375,19.543343293262375,4.0,4.0,83.01,16.99
16,OPOLSKIE,1607,nyski,niskie ryzyko,7655.259717390607,7913.771753145104,6553.802253877975,6820.302508629082,1101.4574635126337,1093.4692445160229,85.61,14.39
16,OPOLSKIE,1607,nyski,wysokie ryzyko,36594.37535119244,36864.69855496876,34551.48890721098,34702.01645591816,2042.8864439814597,2162.6820990506035,94.42,5.58
16,OPOLSKIE,1608,oleski,niskie ryzyko,82.5094323283544,75.10182026091618,57.36891333891397,49.96130127147575,25.140518989440437,25.140518989440437,69.53,30.47
16,OPOLSKIE,1608,oleski,wysokie ryzyko,28.476796300352536,21.51090171716065,28.476796300352536,21.51090171716065,0.0,0.0,100.0,0.0
16,OPOLSKIE,1609,opolski,niskie ryzyko,7500.388551563074,7502.718273923589,3540.2484055444106,3559.751208070964,3960.140146018664,3942.967065852625,47.2,52.8
16,OPOLSKIE,1609,opolski,wysokie ryzyko,13328.71142016029,13296.764192516515,7019.425425436124,7040.291901416464,6309.285994724166,6256.472291100052,52.66,47.34
16,OPOLSKIE,1610,prudnicki,niskie ryzyko,839.6816544655569,811.0828442385204,700.2532559043398,672.9234615183925,139.42839856121714,138.15938272012778,83.4,16.6
16,OPOLSKIE,1610,prudnicki,wysokie ryzyko,1756.1122390899814,1722.9212266991117,1629.6768279356645,1541.5572124134042,126.43541115431692,181.3640142857073,92.8,7.2
16,OPOLSKIE,1611,strzelecki,niskie ryzyko,368.7385637301884,365.161171242314,288.3243777105051,283.59988513181213,80.41418601968329,81.56128611050187,78.19,21.81
16,OPOLSKIE,1611,strzelecki,wysokie ryzyko,120.87140886161518,121.70912326985814,106.21331535074825,107.15079587661828,14.65809351086694,14.558327393239871,87.87,12.13
18,PODKARPACKIE,1861,Krosno,niskie ryzyko,1245.541173240851,1157.536943399003,1210.0506869080964,1122.5501283608378,35.4904863327548,34.986815038165034,97.15,2.85
18,PODKARPACKIE,1861,Krosno,wysokie ryzyko,1333.7687358935948,1398.2859018672166,1311.9032364646118,1376.4204024382334,21.865499428983043,21.865499428983043,98.36,1.64
18,PODKARPACKIE,1862,Przemyśl,niskie ryzyko,6479.673606981646,6918.518487292223,5846.49616563086,6266.719575656184,633.1774413507871,651.7989116360393,90.23,9.77
18,PODKARPACKIE,1862,Przemyśl,wysokie ryzyko,21556.582036878244,21641.981754016113,21284.768746082544,21379.930256537784,271.81329079570077,262.0514974783276,98.74,1.26
18,PODKARPACKIE,1863,Rzeszów,niskie ryzyko,496.1025128366402,514.6663292967555,485.5340772506588,509.38118190487,10.568435585981272,5.2851473918854115,97.87,2.13
18,PODKARPACKIE,1863,Rzeszów,wysokie ryzyko,153.78269698689283,196.5489249556768,153.31238898592073,196.14021116874335,0.470308000972107,0.4087137869334366,99.69,0.31
18,PODKARPACKIE,1864,Tarnobrzeg,niskie ryzyko,4146.303105685971,4136.470237637997,2443.2560113058134,2446.9241318189515,1703.0470943801563,1689.5461058190458,58.93,41.07
18,PODKARPACKIE,1864,Tarnobrzeg,wysokie ryzyko,5385.312377246947,5258.392889197215,4161.61055490921,4010.062556298233,1223.7018223377377,1248.33033289898,77.28,22.72
18,PODKARPACKIE,1801,bieszczadzki,niskie ryzyko,64.64547016261814,63.06560911638469,57.43798347277912,55.85812242654568,7.207486689839012,7.207486689839012,88.85,11.15
18,PODKARPACKIE,1801,bieszczadzki,wysokie ryzyko,5.886344589959947,5.886344589959947,5.886344589959947,5.886344589959947,0.0,0.0,100.0,0.0
18,PODKARPACKIE,1802,brzozowski,niskie ryzyko,2074.7215525788974,2032.5918163213132,1637.2394200838337,1576.1052683602834,437.482132495064,456.4865479610298,78.91,21.09
18,PODKARPACKIE,1802,brzozowski,wysokie ryzyko,1444.2998602366497,1506.1668465603636,1299.5490476048026,1360.995047838744,144.7508126318469,145.17179872161967,89.98,10.02
18,PODKARPACKIE,1803,dębicki,niskie ryzyko,3292.4190460727577,3500.576813741084,2912.7557248210587,3132.6870719632843,379.6633212516988,367.88974177780057,88.47,11.53
18,PODKARPACKIE,1803,dębicki,wysokie ryzyko,2994.953541208559,3262.747345213062,2876.023681039649,3120.280623217007,118.92986016890912,142.4667219960547,96.03,3.97
18,PODKARPACKIE,1804,jarosławski,niskie ryzyko,10649.514579050683,10377.068841551572,7447.576840814131,7194.236376766457,3201.937738236554,3182.832464785115,69.93,30.07
18,PODKARPACKIE,1804,jarosławski,wysokie ryzyko,12380.321269502754,12323.732060611634,8855.423865030061,8783.269322132628,3524.8974044726906,3540.462738479005,71.53,28.47
18,PODKARPACKIE,1805,jasielski,niskie ryzyko,3913.521178848251,4003.776839531428,3510.9636571391466,3608.149695266939,402.55752170910546,395.6271442644889,89.71,10.29
18,PODKARPACKIE,1805,jasielski,wysokie ryzyko,6433.771377198492,6191.305186386093,6153.064880901974,5918.737208559338,280.70649629651786,272.5679778267562,95.64,4.36
18,PODKARPACKIE,1807,krośnieński,niskie ryzyko,1641.6217024664593,1595.8477852697326,1331.1336748790302,1294.1399352608405,310.48802758742903,301.7078500088924,81.09,18.91
18,PODKARPACKIE,1807,krośnieński,wysokie ryzyko,733.3033075627555,682.8181082478358,609.480150324029,561.4345731661753,123.8231572387266,121.38353508166048,83.11,16.89
18,PODKARPACKIE,1821,leski,niskie ryzyko,1870.8139797568049,1775.3577158414269,1487.071677409019,1406.7694419437985,383.7423023477859,368.5882738976284,79.49,20.51
18,PODKARPACKIE,1821,leski,wysokie ryzyko,2852.1842120733554,2993.420284490327,2556.736114352016,2704.7321455744695,295.448097721339,288.6881389158577,89.64,10.36
18,PODKARPACKIE,1808,leżajski,niskie ryzyko,3579.720447236516,3684.972106407628,2727.1785048768957,2829.151231872661,852.5419423596206,855.8208745349664,76.18,23.82
18,PODKARPACKIE,1808,leżajski,wysokie ryzyko,5068.76896758414,4983.924807836911,3888.006114951947,3796.6252836557233,1180.7628526321928,1187.299524181188,76.71,23.29
18,PODKARPACKIE,1809,lubaczowski,niskie ryzyko,193.46660739547573,200.8970400401756,116.8279993820579,139.45116195841553,76.63860801341782,61.44587808176007,60.39,39.61
18,PODKARPACKIE,1809,lubaczowski,wysokie ryzyko,57.59135020489942,38.07908286346588,57.59135020489942,38.07908286346588,0.0,0.0,100.0,0.0
18,PODKARPACKIE,1811,mielecki,niskie ryzyko,18713.80513375498,18712.03530823813,15607.768077448389,15580.595157671543,3106.037056306589,3131.440150566584,83.4,16.6
18,PODKARPACKIE,1811,mielecki,wysokie ryzyko,21821.010623550457,21782.1685834246,19191.19107896492,19157.60041153608,2629.81954458554,2624.568171888515,87.95,12.05
18,PODKARPACKIE,1812,niżański,niskie ryzyko,3744.04524474295,3677.495634387199,2419.6893259291023,2338.5532410266014,1324.3559188138486,1338.9423933605976,64.63,35.37
18,PODKARPACKIE,1812,niżański,wysokie ryzyko,4506.599575935088,4264.066356661981,3130.968971459358,2915.400884643808,1375.6306044757305,1348.6654720181723,69.48,30.52
18,PODKARPACKIE,1813,przemyski,niskie ryzyko,7542.131098550643,7527.271859663179,4757.77265197683,4669.499719844388,2784.3584465738127,2857.77213981879,63.08,36.92
18,PODKARPACKIE,1813,przemyski,wysokie ryzyko,7447.116976478333,7413.843264572003,5070.40382750493,5028.96428929597,2376.7131489734015,2384.878975276033,68.09,31.91
18,PODKARPACKIE,1814,przeworski,niskie ryzyko,3295.847648078216,3059.3529379228253,1572.947979903845,1393.9587071043186,1722.8996681743715,1665.394230818507,47.73,52.27
18,PODKARPACKIE,1814,przeworski,wysokie ryzyko,3242.86228265261,3389.246293476954,1859.3123170613271,1891.8778747188308,1383.5499655912824,1497.3684187581237,57.34,42.66
18,PODKARPACKIE,1815,ropczycko-sędziszowski,niskie ryzyko,1286.179940354476,1265.8882774464591,1276.0389955019666,1255.877181519022,10.14094485250947,10.011095927437482,99.21,0.79
18,PODKARPACKIE,1815,ropczycko-sędziszowski,wysokie ryzyko,975.9642332745416,1021.6027753786428,975.9642332745416,1013.891026490488,0.0,7.711748888154919,100.0,0.0
18,PODKARPACKIE,1816,rzeszowski,niskie ryzyko,2992.14232559264,2914.590417786662,2578.8195660775873,2487.5437535552787,413.3227595150527,427.0466642313828,86.19,13.81
18,PODKARPACKIE,1816,rzeszowski,wysokie ryzyko,2034.4122592267493,1991.6629588319877,1899.459738238642,1863.4846980663683,134.9525209881071,128.17826076561897,93.37,6.63
18,PODKARPACKIE,1817,sanocki,niskie ryzyko,9136.356242447771,9094.949601748393,8393.488399139549,8351.223696854438,742.8678433082218,743.7259048939537,91.87,8.13
18,PODKARPACKIE,1817,sanocki,wysokie ryzyko,21102.040116311862,21453.80633845827,20647.86636889294,21002.96121669647,454.1737474189203,450.8451217618041,97.85,2.15
18,PODKARPACKIE,1818,stalowowolski,niskie ryzyko,10677.743683202856,10384.099844525344,6953.541263670385,6682.210160162565,3724.202419532472,3701.8896843627745,65.12,34.88
18,PODKARPACKIE,1818,stalowowolski,wysokie ryzyko,15530.981089159366,15906.448824571424,11190.517377432385,11417.688411650894,4340.463711726986,4488.76041292053,72.05,27.95
18,PODKARPACKIE,1819,strzyżowski,niskie ryzyko,2165.6451375168554,2070.382487941422,1983.078504482092,1895.939106699199,182.56663303476307,174.44338124222264,91.57,8.43
18,PODKARPACKIE,1819,strzyżowski,wysokie ryzyko,1304.5036184980297,1306.1913017492795,1177.6834914914307,1184.7363823329988,126.8201270065989,121.45491941628082,90.28,9.72
18,PODKARPACKIE,1820,tarnobrzeski,niskie ryzyko,12674.401066892353,12842.712610158922,6688.462303850725,6869.77857748581,5985.938763041628,5972.9340326731135,52.77,47.23
18,PODKARPACKIE,1820,tarnobrzeski,wysokie ryzyko,18604.539302977377,18283.95031893325,11716.242759761844,11389.08458392392,6888.296543215532,6894.865735009331,62.98,37.02
18,PODKARPACKIE,1810,łańcucki,niskie ryzyko,2032.977758113207,1959.6336719634528,1316.566043808889,1244.077197073912,716.4117143043179,715.5564748895405,64.76,35.24
18,PODKARPACKIE,1810,łańcucki,wysokie ryzyko,1219.3406578943775,1248.6035397538164,728.3683728772418,760.237863272525,490.97228501713573,488.36567648129136,59.73,40.27
20,PODLASKIE,2063,Suwałki,niskie ryzyko,19.119488825074463,4.813694768718825,19.119488825074463,4.813694768718825,0.0,0.0,100.0,0.0
20,PODLASKIE,2001,augustowski,niskie ryzyko,83.45647353615955,80.34507212739815,47.653365151758706,46.06137702746671,35.80310838440085,34.283695099931435,57.1,42.9
20,PODLASKIE,2001,augustowski,wysokie ryzyko,3.618428587209493,3.618428587209493,3.618428587209493,3.618428587209493,0.0,0.0,100.0,0.0
20,PODLASKIE,2002,białostocki,niskie ryzyko,601.3842419396585,579.4554576169071,477.0452097344344,453.924953591781,124.33903220522429,125.5305040251262,79.32,20.68
20,PODLASKIE,2002,białostocki,wysokie ryzyko,244.58611319854344,237.64795951121732,202.0036369607037,185.688397818719,42.58247623783974,51.95956169249829,82.59,17.41
20,PODLASKIE,2003,bielski,niskie ryzyko,114.4311188092602,109.1723407618364,66.60126265870977,61.34248461128598,47.82985615055043,47.82985615055043,58.2,41.8
20,PODLASKIE,2003,bielski,wysokie ryzyko,15.622117114744754,14.594089273073592,7.148003588807777,6.1199757471366185,8.474113525936975,8.474113525936975,45.76,54.24
20,PODLASKIE,2004,grajewski,niskie ryzyko,96.22709995491496,87.63244874851515,50.45197100248339,41.85731979608359,45.775128952431565,45.775128952431565,52.43,47.57
20,PODLASKIE,2004,grajewski,wysokie ryzyko,22.18778890015055,22.88199965629339,4.763278586302218,4.472359317848775,17.424510313848334,18.409640338444618,21.47,78.53
20,PODLASKIE,2005,hajnowski,niskie ryzyko,40.61173049961245,37.05107384698979,17.588108961159392,13.67376258398934,23.023621538453053,23.37731126300045,43.31,56.69
20,PODLASKIE,2005,hajnowski,wysokie ryzyko,5.371248899753361,5.1251425567445565,4.331148799054451,4.085042456045646,1.04010010069891,1.04010010069891,80.64,19.36
20,PODLASKIE,2006,kolneński,niskie ryzyko,50.10109288457164,50.10109288457165,26.8864024199443,26.886402419944304,23.214690464627346,23.214690464627346,53.66,46.34
20,PODLASKIE,2006,kolneński,wysokie ryzyko,3.878601275725021,3.878601275725021,0.4669390578707016,0.4669390578707016,3.4116622178543192,3.4116622178543192,12.04,87.96
20,PODLASKIE,2008,moniecki,niskie ryzyko,284.50750422747825,284.4540145169444,85.11118817195943,86.10361744453976,199.3963160555189,198.35039707240472,29.92,70.08
20,PODLASKIE,2008,moniecki,wysokie ryzyko,151.1158815243147,150.6739728837075,13.25285170599555,13.251194503751268,137.86302981831915,137.42277837995624,8.77,91.23
20,PODLASKIE,2009,sejneński,niskie ryzyko,45.13134514146593,43.76236020781439,30.857409454174817,29.48842452052328,14.273935687291113,14.273935687291113,68.37,31.63
20,PODLASKIE,2010,siemiatycki,niskie ryzyko,234.1205244432269,227.68763195719583,98.21111953301792,96.2980556739783,135.90940491020902,131.38957628321754,41.95,58.05
20,PODLASKIE,2010,siemiatycki,wysokie ryzyko,115.3496756692025,114.941562999272,58.77132588633549,58.41478319640266,56.578349782867,56.52677980286934,50.95,49.05
20,PODLASKIE,2011,sokólski,niskie ryzyko,4.7727272727272725,4.7727272727272725,4.7727272727272725,4.7727272727272725,0.0,0.0,100.0,0.0
20,PODLASKIE,2012,suwalski,niskie ryzyko,43.77176454920716,39.92090614957274,32.66530900976154,28.21929460624736,11.10645553944562,11.701611543325376,74.63,25.37
20,PODLASKIE,2013,wysokomazowiecki,niskie ryzyko,417.9001488530941,381.78666053071953,286.2047579711459,252.78165305615025,131.69539088194816,129.00500747456925,68.49,31.51
20,PODLASKIE,2013,wysokomazowiecki,wysokie ryzyko,129.55621340009523,102.8563905543025,88.7024374316208,64.05445888050615,40.85377596847442,38.80193167379636,68.47,31.53
20,PODLASKIE,2014,zambrowski,niskie ryzyko,1.2902326552247865,1.2902326552247865,1.2902326552247865,1.2902326552247865,0.0,0.0,100.0,0.0
20,PODLASKIE,2062,Łomża,niskie ryzyko,200.96802006666917,172.6835907310853,200.96802006666917,172.6835907310853,0.0,0.0,100.0,0.0
20,PODLASKIE,2062,Łomża,wysokie ryzyko,30.004335754594507,28.06839448237207,30.004335754594507,28.06839448237207,0.0,0.0,100.0,0.0
20,PODLASKIE,2007,łomżyński,niskie ryzyko,784.672700291325,777.6218772469722,445.3557495550446,439.3647903775203,339.31695073628043,338.2570868694518,56.76,43.24
20,PODLASKIE,2007,łomżyński,wysokie ryzyko,471.8726994762266,465.2420808673298,263.1787092901683,256.6554641553178,208.6939901860584,208.58661671201196,55.77,44.23
22,POMORSKIE,2261,Gdańsk,niskie ryzyko,10111.303097660955,9893.289341664566,8762.263535883914,8453.230763614027,1349.039561777042,1440.058578050539,86.66,13.34
22,POMORSKIE,2261,Gdańsk,wysokie ryzyko,24831.086526227176,25133.721316431463,22543.196887471557,21963.913408155564,2287.889638755617,3169.8079082758977,90.79,9.21
22,POMORSKIE,2262,Gdynia,niskie ryzyko,110.3251413619068,94.9725842991784,108.97785036597988,93.64197967611062,1.347290995926923,1.3306046230677815,98.78,1.22
22,POMORSKIE,2262,Gdynia,wysokie ryzyko,722.8679391259061,739.6882074998715,722.8679391259061,739.6882074998715,0.0,0.0,100.0,0.0
22,POMORSKIE,2264,Sopot,niskie ryzyko,46.60994780796423,112.16438548056988,46.60994780796423,112.16438548056988,0.0,0.0,100.0,0.0
22,POMORSKIE,2264,Sopot,wysokie ryzyko,167.24197669045006,263.55836957497206,167.24197669045006,263.55836957497206,0.0,0.0,100.0,0.0
22,POMORSKIE,2263,Słupsk,niskie ryzyko,312.2331327599652,371.06192046502935,312.2331327599652,371.06192046502935,0.0,0.0,100.0,0.0
22,POMORSKIE,2263,Słupsk,wysokie ryzyko,398.0759700895314,525.158801515893,398.0759700895314,525.158801515893,0.0,0.0,100.0,0.0
22,POMORSKIE,2201,bytowski,niskie ryzyko,37.216075023317806,37.98636381848384,14.153932238717866,15.58670420716191,23.062142784599946,22.39965961132193,38.03,61.97
22,POMORSKIE,2202,chojnicki,niskie ryzyko,55.42502800639792,48.47068365139677,32.3789772423656,26.86239841897003,23.04605076403233,21.608285232426734,58.42,41.58
22,POMORSKIE,2202,chojnicki,wysokie ryzyko,11.282065824024752,11.282065824024752,8.704063347397273,8.704063347397273,2.5780024766274794,2.5780024766274794,77.15,22.85
22,POMORSKIE,2203,człuchowski,niskie ryzyko,17.559637032279905,15.91156173344643,0.0,0.0,17.559637032279905,15.91156173344643,0.0,100.0
22,POMORSKIE,2204,gdański,niskie ryzyko,10555.299686105898,10473.657520455026,8608.16944036976,8515.932220257777,1947.1302457361385,1957.725300197249,81.55,18.45
22,POMORSKIE,2204,gdański,wysokie ryzyko,13550.094305769591,13718.556273094537,11383.09969799975,11605.46558770166,2166.994607769838,2113.0906853928745,84.01,15.99
22,POMORSKIE,2205,kartuski,niskie ryzyko,53.26084158083587,73.40604061271561,30.774254138812186,52.10914817048141,22.486587442023687,21.296892442234206,57.78,42.22
22,POMORSKIE,2205,kartuski,wysokie ryzyko,5.572284109382013,5.460164930152938,1.5884691840640182,1.476350004834943,3.9838149253179944,3.9838149253179944,28.51,71.49
22,POMORSKIE,2206,kościerski,niskie ryzyko,32.096255866899305,30.449446041298664,3.9437572286181353,2.3109312719059676,28.152498638281173,28.138514769392696,12.29,87.71
22,POMORSKIE,2206,kościerski,wysokie ryzyko,0.4492657313203733,0.4492657313203733,0.0,0.0,0.4492657313203733,0.4492657313203733,0.0,100.0
22,POMORSKIE,2207,kwidzyński,niskie ryzyko,5065.025593888893,4908.974777182799,2652.7952700367027,2555.364001900478,2412.230323852191,2353.610775282321,52.37,47.63
22,POMORSKIE,2207,kwidzyński,wysokie ryzyko,3858.222593735998,3987.7309678587094,2134.92445065657,2176.646847248893,1723.2981430794284,1811.084120609816,55.33,44.67
22,POMORSKIE,2208,lęborski,niskie ryzyko,127.63797118247469,89.71615905786308,77.72065814725536,44.41887391520699,49.9173130352193,45.2972851426561,60.89,39.11
22,POMORSKIE,2208,lęborski,wysokie ryzyko,373.4982379441825,466.5989616830402,365.4734018881303,454.9624403301318,8.024836056052083,11.636521352908408,97.85,2.15
22,POMORSKIE,2209,malborski,niskie ryzyko,5925.513092199829,5585.813299003075,4039.011587411721,3694.399748227572,1886.5015047881084,1891.4135507755032,68.16,31.84
22,POMORSKIE,2209,malborski,wysokie ryzyko,5820.011907027749,6071.174128462808,4264.740500411923,4503.905330240951,1555.271406615826,1567.2687982218563,73.28,26.72
22,POMORSKIE,2210,nowodworski,niskie ryzyko,9692.781903355695,9815.051127987392,6358.4022307993455,6418.099424739694,3334.3796725563516,3396.951703247697,65.6,34.4
22,POMORSKIE,2210,nowodworski,wysokie ryzyko,17194.414636940484,17236.957735168864,13821.15544180836,13943.417868351897,3373.259195132122,3293.539866816972,80.38,19.62
22,POMORSKIE,2211,pucki,niskie ryzyko,1822.4544180959367,1748.179657414562,1264.851092471605,1200.3718876818732,557.6033256243318,547.8077697326889,69.4,30.6
22,POMORSKIE,2211,pucki,wysokie ryzyko,5053.54226175471,5290.72757025144,4256.768878190787,4469.396433855529,796.7733835639228,821.331136395911,84.23,15.77
22,POMORSKIE,2213,starogardzki,niskie ryzyko,71.26998805517185,53.88620625350435,50.18044179028645,33.163366814715424,21.08954626488541,20.722839438788924,70.41,29.59
22,POMORSKIE,2216,sztumski,niskie ryzyko,109.1358961069664,120.45195211289024,73.39024278784713,72.67536487414156,35.74565331911928,47.77658723874866,67.25,32.75
22,POMORSKIE,2216,sztumski,wysokie ryzyko,50.94146735267353,50.94146735267353,12.496191701843426,12.496191701843424,38.445275650830105,38.445275650830105,24.53,75.47
22,POMORSKIE,2212,słupski,niskie ryzyko,215.6707532033917,189.92454881720928,129.28694174097666,107.51523873194708,86.38381146241505,82.40931008526218,59.95,40.05
22,POMORSKIE,2212,słupski,wysokie ryzyko,707.1341505182945,647.2901629184358,655.3315733183904,601.108786917915,51.8025771999042,46.181376000520785,92.67,7.33
22,POMORSKIE,2214,tczewski,niskie ryzyko,2744.0273461063557,2617.4612936486005,2116.5459434461645,2014.3179844916003,627.481402660192,603.1433091570001,77.13,22.87
22,POMORSKIE,2214,tczewski,wysokie ryzyko,4566.0736125359945,4461.863703179176,4044.3980514942223,3878.574110286914,521.6755610417721,583.2895928922621,88.57,11.43
22,POMORSKIE,2215,wejherowski,niskie ryzyko,504.3035691367488,445.04307311189245,344.4615458631986,312.6841062954153,159.8420232735502,132.35896681647714,68.3,31.7
22,POMORSKIE,2215,wejherowski,wysokie ryzyko,621.5424837984173,571.783651476891,588.3352439250273,522.5094608826377,33.207239873389945,49.27419059425338,94.66,5.34
28,WARMIŃSKO-MAZURSKIE,2861,Elbląg,niskie ryzyko,472.1160059356662,475.6368514885279,350.2464592736255,349.5059904125692,121.86954666204068,126.13086107595872,74.19,25.81
28,WARMIŃSKO-MAZURSKIE,2861,Elbląg,wysokie ryzyko,1626.126653429288,1738.937071429267,1577.0807517016217,1672.5731719701644,49.04590172766647,66.36389945910251,96.98,3.02
28,WARMIŃSKO-MAZURSKIE,2862,Olsztyn,niskie ryzyko,8.935262778542455,8.935262778542455,8.935262778542455,8.935262778542455,0.0,0.0,100.0,0.0
28,WARMIŃSKO-MAZURSKIE,2801,bartoszycki,niskie ryzyko,165.48916140706353,153.34001914984756,146.40445183559856,136.42857779457088,19.084709571464952,16.91144135527668,88.47,11.53
28,WARMIŃSKO-MAZURSKIE,2801,bartoszycki,wysokie ryzyko,116.74614220692688,201.08360503164488,98.71492542575116,184.30856562188495,18.031216781175736,16.775039409759913,84.56,15.44
28,WARMIŃSKO-MAZURSKIE,2802,braniewski,niskie ryzyko,216.59981099911153,218.97494615027583,176.72246259188066,178.32855831944792,39.87734840723088,40.64638783082792,81.59,18.41
28,WARMIŃSKO-MAZURSKIE,2802,braniewski,wysokie ryzyko,372.4230995469075,360.8401771880155,250.4270522474988,239.44659858659296,121.99604729940872,121.39357860142258,67.24,32.76
28,WARMIŃSKO-MAZURSKIE,2803,działdowski,niskie ryzyko,45.49984305049456,44.93120234304604,38.665774120437746,38.14440545198498,6.834068930056822,6.786796891061066,84.98,15.02
28,WARMIŃSKO-MAZURSKIE,2803,działdowski,wysokie ryzyko,30.552855643695768,30.313882443021992,30.552855643695768,30.313882443021992,0.0,0.0,100.0,0.0
28,WARMIŃSKO-MAZURSKIE,2804,elbląski,niskie ryzyko,5321.883299749621,5364.840484340973,2282.5721479780073,2362.949605554956,3039.311151771614,3001.8908787860164,42.89,57.11
28,WARMIŃSKO-MAZURSKIE,2804,elbląski,wysokie ryzyko,3636.8582091463177,3749.3623838600224,1839.9244116429704,1913.3939619090056,1796.9337975033477,1835.968421951017,50.59,49.41
28,WARMIŃSKO-MAZURSKIE,2805,ełcki,niskie ryzyko,408.02510434703447,368.4281129304825,177.91627626523834,157.9068031469024,230.1088280817961,210.52130978358016,43.6,56.4
28,WARMIŃSKO-MAZURSKIE,2805,ełcki,wysokie ryzyko,12.754264042579871,12.516338677418256,0.5779421552310886,0.3495891055248347,12.176321887348784,12.16674957189342,4.53,95.47
28,WARMIŃSKO-MAZURSKIE,2818,gołdapski,niskie ryzyko,25.816975954604388,25.42966432751738,4.492626128743231,4.16731741339102,21.324349825861155,21.26234691412636,17.4,82.6
28,WARMIŃSKO-MAZURSKIE,2807,iławski,niskie ryzyko,54.344019930000414,49.84773485353901,24.36641126150487,22.921083378632098,29.97760866849554,26.92665147490692,44.84,55.16
28,WARMIŃSKO-MAZURSKIE,2808,kętrzyński,niskie ryzyko,33.25875753310289,32.91799534506032,2.0489403656826415,2.048940365682642,31.209817167420244,30.86905497937768,6.16,93.84
28,WARMIŃSKO-MAZURSKIE,2808,kętrzyński,wysokie ryzyko,2.25,2.25,0.0,0.0,2.25,2.25,0.0,100.0
28,WARMIŃSKO-MAZURSKIE,2809,lidzbarski,niskie ryzyko,180.54252193054452,141.91957225198382,155.56870716945974,117.63665191801032,24.973814761084743,24.282920333973507,86.17,13.83
28,WARMIŃSKO-MAZURSKIE,2809,lidzbarski,wysokie ryzyko,120.2374207707635,119.4622771447754,82.77778681964105,78.05559083957127,37.45963395112244,41.40668630520413,68.85,31.15
28,WARMIŃSKO-MAZURSKIE,2811,nidzicki,niskie ryzyko,132.39104733587686,59.29902287119216,124.7893274706842,52.20315468119096,7.601719865192684,7.095868190001199,94.26,5.74
28,WARMIŃSKO-MAZURSKIE,2811,nidzicki,wysokie ryzyko,1.6720545862269445,1.6041165070059398,0.0,0.0,1.6720545862269445,1.6041165070059398,0.0,100.0
28,WARMIŃSKO-MAZURSKIE,2812,nowomiejski,niskie ryzyko,185.06813770962955,160.23817570089773,176.35907955932865,150.6907765106934,8.709058150300896,9.54739919020432,95.29,4.71
28,WARMIŃSKO-MAZURSKIE,2812,nowomiejski,wysokie ryzyko,269.882321384208,225.83069361364497,269.882321384208,225.83069361364497,0.0,0.0,100.0,0.0
28,WARMIŃSKO-MAZURSKIE,2813,olecki,niskie ryzyko,446.5684223213834,411.97375535827746,413.0988920056956,378.77426292371393,33.46953031568786,33.19949243456349,92.51,7.49
28,WARMIŃSKO-MAZURSKIE,2813,olecki,wysokie ryzyko,91.18027794061928,65.58597024047566,86.96597861351155,61.37167091336793,4.214299327107737,4.214299327107737,95.38,4.62
28,WARMIŃSKO-MAZURSKIE,2814,olsztyński,niskie ryzyko,50.762869848379225,55.820462457517856,46.644991275882695,51.70688715763177,4.117878572496527,4.113575299886088,91.89,8.11
28,WARMIŃSKO-MAZURSKIE,2814,olsztyński,wysokie ryzyko,1.1363636363636365,1.1363636363636365,0.0,0.0,1.1363636363636365,1.1363636363636365,0.0,100.0
28,WARMIŃSKO-MAZURSKIE,2815,ostródzki,niskie ryzyko,114.7917487250915,248.2807260420216,47.0869077477962,206.9691061827805,67.70484097729529,41.31161985924111,41.02,58.98
28,WARMIŃSKO-MAZURSKIE,2815,ostródzki,wysokie ryzyko,70.95168556013212,67.97146255108066,53.340311107438566,50.757190255137466,17.611374452693543,17.214272295943182,75.18,24.82
28,WARMIŃSKO-MAZURSKIE,2816,piski,niskie ryzyko,2.7671541300865146,2.2139675247056383,2.7671541300865146,2.2139675247056383,0.0,0.0,100.0,0.0
28,WARMIŃSKO-MAZURSKIE,2816,piski,wysokie ryzyko,0.0,74.86653087090112,0.0,74.86653087090112,0.0,0.0,0.0,0.0
28,WARMIŃSKO-MAZURSKIE,2817,szczycieński,niskie ryzyko,24.097657758215792,23.785731104951115,15.708424592709887,15.396497939445212,8.389233165505903,8.389233165505903,65.19,34.81
28,WARMIŃSKO-MAZURSKIE,2817,szczycieński,wysokie ryzyko,20.352459757745052,20.352459757745052,14.16401821260959,14.164018212609593,6.1884415451354595,6.1884415451354595,69.59,30.41
28,WARMIŃSKO-MAZURSKIE,2819,węgorzewski,niskie ryzyko,11.71800885557365,11.292272606964476,0.0,0.0,11.71800885557365,11.292272606964476,0.0,100.0
28,WARMIŃSKO-MAZURSKIE,2819,węgorzewski,wysokie ryzyko,1.120467135276045,1.120467135276045,0.0,0.0,1.120467135276045,1.120467135276045,0.0,100.0
30,WIELKOPOLSKIE,3061,Kalisz,niskie ryzyko,1694.749703063752,1476.6736047304728,1590.1669348969892,1392.1037255974434,104.5827681667629,84.56987913302933,93.83,6.17
30,WIELKOPOLSKIE,3061,Kalisz,wysokie ryzyko,4749.255870463479,4857.691460568966,4297.900785812623,4402.749260044333,451.355084650856,454.9422005246324,90.5,9.5
30,WIELKOPOLSKIE,3062,Konin,niskie ryzyko,932.0086964062288,951.698338458865,873.9384596181982,894.0508122619315,58.0702367880305,57.64752619693365,93.77,6.23
30,WIELKOPOLSKIE,3062,Konin,wysokie ryzyko,4012.306324489713,4253.361721260824,3894.774574100502,4137.546575405639,117.53175038921069,115.8151458551858,97.07,2.93
30,WIELKOPOLSKIE,3064,Poznań,niskie ryzyko,888.2328618050742,730.2435480544916,879.1175134030948,722.643148638736,9.115348401979512,7.600399415755588,98.97,1.03
30,WIELKOPOLSKIE,3064,Poznań,wysokie ryzyko,124.8989301576672,110.7516921488739,88.92992809891572,74.7826900901224,35.969002058751485,35.969002058751485,71.2,28.8
30,WIELKOPOLSKIE,3001,chodzieski,niskie ryzyko,3.679853351030132,3.679853351030133,3.679853351030132,3.679853351030133,0.0,0.0,100.0,0.0
30,WIELKOPOLSKIE,3002,czarnkowsko-trzcianecki,niskie ryzyko,393.0767738119273,512.3283504954701,262.91928454188,382.1524248470658,130.15748927004734,130.17592564840436,66.89,33.11
30,WIELKOPOLSKIE,3002,czarnkowsko-trzcianecki,wysokie ryzyko,107.22366006639128,105.79449675480964,99.22366006639128,97.79449675480964,8.0,8.0,92.54,7.46
30,WIELKOPOLSKIE,3003,gnieźnieński,niskie ryzyko,56.98706166180816,55.51512923926092,56.55568798672586,55.08375556417862,0.4313736750823066,0.4313736750823066,99.24,0.76
30,WIELKOPOLSKIE,3004,gostyński,niskie ryzyko,41.91514467732394,35.933037222974974,37.99122973615979,32.00912228181083,3.923914941164146,3.9239149411641456,90.64,9.36
30,WIELKOPOLSKIE,3004,gostyński,wysokie ryzyko,48.1089877914945,45.25482267574493,0.0,0.0,48.1089877914945,45.25482267574493,0.0,100.0
30,WIELKOPOLSKIE,3006,jarociński,niskie ryzyko,323.165069516002,328.99270728040926,300.7085758830693,306.53621364747653,22.456493632932713,22.456493632932713,93.05,6.95
30,WIELKOPOLSKIE,3006,jarociński,wysokie ryzyko,112.0540295393876,112.0540295393876,108.45198763188128,108.45198763188128,3.6020419075063175,3.6020419075063175,96.79,3.21
30,WIELKOPOLSKIE,3007,kaliski,niskie ryzyko,98.26868508032582,97.36765725420354,93.09858706394893,92.19755923782664,5.170098016376899,5.170098016376899,94.74,5.26
30,WIELKOPOLSKIE,3007,kaliski,wysokie ryzyko,48.7583033021635,47.321769104204506,48.7583033021635,47.321769104204506,0.0,0.0,100.0,0.0
30,WIELKOPOLSKIE,3009,kolski,niskie ryzyko,3768.446844265436,3730.4317991741623,3080.120850257813,3041.5024475650066,688.3259940076234,688.9293516091554,81.73,18.27
30,WIELKOPOLSKIE,3009,kolski,wysokie ryzyko,4138.1542969312595,3865.6672752260665,3692.625102097644,3435.936048259566,445.5291948336158,429.73122696649943,89.23,10.77
30,WIELKOPOLSKIE,3010,koniński,niskie ryzyko,3099.3973776514813,3065.583978415288,2144.6278283323236,2116.1781280982023,954.7695493191572,949.405850317086,69.19,30.81
30,WIELKOPOLSKIE,3010,koniński,wysokie ryzyko,1398.0559404495289,1404.5287683855083,992.1405440733452,1002.2027115280512,405.9153963761838,402.3260568574572,70.97,29.03
30,WIELKOPOLSKIE,3011,kościański,niskie ryzyko,213.6508328191029,191.03842000987353,202.72727616313344,180.37797639273415,10.923556655969472,10.660443617139364,94.89,5.11
30,WIELKOPOLSKIE,3011,kościański,wysokie ryzyko,402.8631517425463,378.6279156097967,402.8631517425463,378.6279156097967,0.0,0.0,100.0,0.0
30,WIELKOPOLSKIE,3012,krotoszyński,niskie ryzyko,41.287856490744126,39.98265661319652,30.720217516948814,30.72021751694882,10.567638973795306,9.262439096247698,74.4,25.6
30,WIELKOPOLSKIE,3008,kępiński,niskie ryzyko,1.5028713952324426,1.5028713952324426,0.0,0.0,1.5028713952324426,1.5028713952324426,0.0,100.0
30,WIELKOPOLSKIE,3013,leszczyński,niskie ryzyko,147.88468095798115,147.19836261814524,109.7857904305292,109.09947209069328,38.09889052745196,38.09889052745196,74.24,25.76
30,WIELKOPOLSKIE,3013,leszczyński,wysokie ryzyko,86.40431441259675,84.94594992472062,63.47274466198624,63.47274466198625,22.931569750610503,21.473205262734375,73.46,26.54
30,WIELKOPOLSKIE,3014,międzychodzki,niskie ryzyko,362.926662136277,345.5205503173417,271.6600255512809,257.7455142111166,91.26663658499602,87.77503610622509,74.85,25.15
30,WIELKOPOLSKIE,3014,międzychodzki,wysokie ryzyko,426.9498591755224,364.3239963340296,257.4809097654454,196.0332646538172,169.46894941007702,168.2907316802124,60.31,39.69
30,WIELKOPOLSKIE,3015,nowotomyski,niskie ryzyko,372.9878156979413,301.633200365806,354.3981618170504,283.04354648491505,18.589653880890904,18.589653880890904,95.02,4.98
30,WIELKOPOLSKIE,3015,nowotomyski,wysokie ryzyko,37.05759874042213,21.865079428541723,37.05759874042213,21.865079428541723,0.0,0.0,100.0,0.0
30,WIELKOPOLSKIE,3016,obornicki,niskie ryzyko,530.0884011967852,672.7341427232253,418.3889125793213,562.995479085436,111.69948861746389,109.7386636377892,78.93,21.07
30,WIELKOPOLSKIE,3016,obornicki,wysokie ryzyko,518.6042609476254,409.29967726608487,490.9707262481621,381.66614256662155,27.63353469946331,27.63353469946331,94.67,5.33
30,WIELKOPOLSKIE,3017,ostrowski,niskie ryzyko,550.6305790487495,541.8901977116515,529.8925245028838,496.2814371960414,20.738054545865687,45.60876051561013,96.23,3.77
30,WIELKOPOLSKIE,3017,ostrowski,wysokie ryzyko,968.4778741739262,1015.2515339521424,941.3574491573654,988.1311089355814,27.120425016560848,27.120425016560848,97.2,2.8
30,WIELKOPOLSKIE,3018,ostrzeszowski,niskie ryzyko,61.78933617526515,67.96019238950466,61.77264184796941,67.9434980622089,0.0166943272957454,0.0166943272957454,99.97,0.03
30,WIELKOPOLSKIE,3018,ostrzeszowski,wysokie ryzyko,4.73672618575898,4.736726185758981,4.73672618575898,4.736726185758981,0.0,0.0,100.0,0.0
30,WIELKOPOLSKIE,3019,pilski,niskie ryzyko,331.306963556363,329.8227930521333,311.54149028633736,291.9861556269637,19.765473270025563,37.83663742516963,94.03,5.97
30,WIELKOPOLSKIE,3019,pilski,wysokie ryzyko,39.37636551789683,39.34740017135298,36.37636551789683,36.34740017135298,3.0,3.0000000000000004,92.38,7.62
30,WIELKOPOLSKIE,3020,pleszewski,niskie ryzyko,292.677371433953,285.28773693542547,292.677371433953,285.28773693542547,0.0,0.0,100.0,0.0
30,WIELKOPOLSKIE,3020,pleszewski,wysokie ryzyko,47.718852318777415,51.79338513444922,47.718852318777415,51.79338513444922,0.0,0.0,100.0,0.0
30,WIELKOPOLSKIE,3021,poznański,niskie ryzyko,1259.9258438275035,1168.3995433631253,346.2389101941569,276.3862185649232,913.6869336333466,892.0133247982019,27.48,72.52
30,WIELKOPOLSKIE,3021,poznański,wysokie ryzyko,1115.234552175718,1063.6315561883473,292.0014090541113,286.3839425780404,823.2331431216064,777.247613610307,26.18,73.82
30,WIELKOPOLSKIE,3022,rawicki,niskie ryzyko,188.2692711413692,190.7016811366296,141.3812821260816,143.90892592782487,46.88798901528758,46.792755208804714,75.1,24.9
30,WIELKOPOLSKIE,3022,rawicki,wysokie ryzyko,6.8317632269584365,6.8317632269584365,6.8317632269584365,6.8317632269584365,0.0,0.0,100.0,0.0
30,WIELKOPOLSKIE,3024,szamotulski,niskie ryzyko,308.8447579573792,432.275978488588,218.89009250641223,342.90958153520745,89.95466545096694,89.36639695338057,70.87,29.13
30,WIELKOPOLSKIE,3024,szamotulski,wysokie ryzyko,157.77362124918338,120.73729511627226,145.29657444357062,108.2602483106595,12.47704680561276,12.47704680561276,92.09,7.91
30,WIELKOPOLSKIE,3023,słupecki,niskie ryzyko,269.9320088337728,261.51394541495733,259.5283827537346,251.11031933491913,10.403626080038183,10.403626080038183,96.15,3.85
30,WIELKOPOLSKIE,3023,słupecki,wysokie ryzyko,203.87360556606976,201.99268996348528,191.87360556606976,189.99268996348528,12.0,12.0,94.11,5.89
30,WIELKOPOLSKIE,3027,turecki,niskie ryzyko,1021.953287171814,1008.9789561368364,625.1808851779529,612.2065541429754,396.7724019938611,396.7724019938611,61.18,38.82
30,WIELKOPOLSKIE,3027,turecki,wysokie ryzyko,547.3875764141405,555.8353411391342,359.14587832831984,372.9718070572629,188.24169808582073,182.8635340818714,65.61,34.39
30,WIELKOPOLSKIE,3029,wolsztyński,niskie ryzyko,121.67795942423066,120.8838782180882,116.27123266736186,115.47789839248982,5.4067267568688,5.405979825598358,95.56,4.44
30,WIELKOPOLSKIE,3029,wolsztyński,wysokie ryzyko,106.40032789054668,105.57274744476771,106.40032789054668,105.57274744476771,0.0,0.0,100.0,0.0
30,WIELKOPOLSKIE,3030,wrzesiński,niskie ryzyko,1387.939404605794,1299.1724219387236,879.4554265348543,810.3500095790046,508.48397807093954,488.82241235971907,63.36,36.64
30,WIELKOPOLSKIE,3030,wrzesiński,wysokie ryzyko,1008.6393348287228,1030.952854276347,833.1524821499727,856.3735272668799,175.48685267875027,174.5793270094668,82.6,17.4
30,WIELKOPOLSKIE,3028,wągrowiecki,niskie ryzyko,148.44013048752248,164.69721216066125,143.40510778675934,155.34370217264663,5.035022700763127,9.353509988014627,96.61,3.39
30,WIELKOPOLSKIE,3028,wągrowiecki,wysokie ryzyko,57.623714203516656,44.29220145223468,47.69284756427759,34.36133481299562,9.93086663923906,9.930866639239058,82.77,17.23
30,WIELKOPOLSKIE,3031,złotowski,niskie ryzyko,3.2222227782527346,3.159917695645729,0.0,0.0,3.2222227782527346,3.159917695645729,0.0,100.0
30,WIELKOPOLSKIE,3025,średzki,niskie ryzyko,1358.5605206917492,1343.763905028459,894.9862288705929,889.7612470318749,463.57429182115607,454.00265799658416,65.88,34.12
30,WIELKOPOLSKIE,3025,średzki,wysokie ryzyko,919.4234153776516,909.2126411413276,493.0976338342253,479.2255319568606,426.3257815434262,429.9871091844667,53.63,46.37
30,WIELKOPOLSKIE,3026,śremski,niskie ryzyko,1493.156448671299,1324.4417273035,959.9424000013136,808.4907547533929,533.214048669985,515.950972550107,64.29,35.71
30,WIELKOPOLSKIE,3026,śremski,wysokie ryzyko,932.4727995040917,949.6579128674832,672.098223340076,689.5499489519169,260.3745761640156,260.10796391556636,72.08,27.92
32,ZACHODNIOPOMORSKIE,3262,Szczecin,niskie ryzyko,569.9894854229295,551.3353953100853,549.6749940259833,527.2437586760688,20.31449139694625,24.091636634016616,96.44,3.56
32,ZACHODNIOPOMORSKIE,3262,Szczecin,wysokie ryzyko,445.8839414318816,707.6967479368807,381.9122835415099,554.3441352990645,63.97165789037172,153.35261263781626,85.65,14.35
32,ZACHODNIOPOMORSKIE,3201,białogardzki,niskie ryzyko,976.7254947140092,885.5978516569608,942.5636284155844,851.5105885922898,34.161866298424854,34.08726306467092,96.5,3.5
32,ZACHODNIOPOMORSKIE,3201,białogardzki,wysokie ryzyko,550.3862120181515,491.7854896261541,548.8990119469211,490.29828955492377,1.4872000712303903,1.4872000712303903,99.73,0.27
32,ZACHODNIOPOMORSKIE,3202,choszczeński,niskie ryzyko,47.34434865070658,46.40662498666422,45.56632210751988,44.62859844347752,1.7780265431866946,1.7780265431866946,96.24,3.76
32,ZACHODNIOPOMORSKIE,3203,drawski,niskie ryzyko,10.5962704326805,175.38368109079667,4.405340253082288,169.1927509111985,6.190930179598212,6.190930179598212,41.57,58.43
32,ZACHODNIOPOMORSKIE,3203,drawski,wysokie ryzyko,0.4351566838929523,0.4351566838929523,0.4351566838929523,0.4351566838929523,0.0,0.0,100.0,0.0
32,ZACHODNIOPOMORSKIE,3204,goleniowski,niskie ryzyko,1244.7071151930734,1442.5730459031483,793.7138983256056,993.1008009298076,450.9932168674679,449.4722449733407,63.77,36.23
32,ZACHODNIOPOMORSKIE,3204,goleniowski,wysokie ryzyko,1347.2148086648697,1187.579143734361,1194.002542115956,1031.7190390359824,153.21226654891362,155.86010469837842,88.63,11.37
32,ZACHODNIOPOMORSKIE,3205,gryficki,niskie ryzyko,467.2665592359545,648.7912149386675,439.70129481285954,635.6695929436959,27.56526442309498,13.1216219949716,94.1,5.9
32,ZACHODNIOPOMORSKIE,3205,gryficki,wysokie ryzyko,388.2423413799266,344.17600089266017,388.2423413799266,344.17600089266017,0.0,0.0,100.0,0.0
32,ZACHODNIOPOMORSKIE,3206,gryfiński,niskie ryzyko,496.5171922888309,598.7200765719288,242.91810826517093,333.12477632784964,253.59908402366003,265.595300244079,48.92,51.08
32,ZACHODNIOPOMORSKIE,3206,gryfiński,wysokie ryzyko,703.3603381438576,741.6059269003031,520.1241900970815,563.8443720128785,183.23614804677595,177.76155488742464,73.95,26.05
32,ZACHODNIOPOMORSKIE,3207,kamieński,niskie ryzyko,437.0475444918513,458.2565885026522,313.3272963940563,343.2097260892026,123.72024809779498,115.04686241344965,71.69,28.31
32,ZACHODNIOPOMORSKIE,3207,kamieński,wysokie ryzyko,313.01316717152883,310.3255508437577,289.42141713871945,291.81136255273924,23.591750032809415,18.51418829101845,92.46,7.54
32,ZACHODNIOPOMORSKIE,3209,koszaliński,niskie ryzyko,361.34959132731217,332.44471695458395,239.7168011542687,223.2581493136497,121.63279017304347,109.1865676409342,66.34,33.66
32,ZACHODNIOPOMORSKIE,3209,koszaliński,wysokie ryzyko,42.239238398475585,41.49171357122593,27.005577937421137,23.69540512334737,15.233660461054452,17.796308447878552,63.93,36.07
32,ZACHODNIOPOMORSKIE,3208,kołobrzeski,niskie ryzyko,205.1264194969064,207.389115661579,171.723824548469,180.65431680854988,33.402594948437375,26.73479885302919,83.72,16.28
32,ZACHODNIOPOMORSKIE,3208,kołobrzeski,wysokie ryzyko,540.4496731044683,525.4392457764272,506.360172374016,491.52300913305373,34.08950073045234,33.916236643373544,93.69,6.31
32,ZACHODNIOPOMORSKIE,3210,myśliborski,niskie ryzyko,212.0730119149805,176.40441854607843,167.00756371519205,132.58389225891648,45.06544819978846,43.82052628716196,78.75,21.25
32,ZACHODNIOPOMORSKIE,3210,myśliborski,wysokie ryzyko,68.1770606105817,67.36507266862765,13.960353981709815,13.733257461402328,54.21670662887189,53.63181520722531,20.48,79.52
32,ZACHODNIOPOMORSKIE,3211,policki,niskie ryzyko,271.97145358191307,316.94367040822397,102.7299511254223,151.4291612635742,169.2415024564908,165.5145091446498,37.77,62.23
32,ZACHODNIOPOMORSKIE,3211,policki,wysokie ryzyko,193.11468965810136,200.25796094811037,117.46694769373369,132.2672848537115,75.6477419643677,67.99067609439888,60.83,39.17
32,ZACHODNIOPOMORSKIE,3212,pyrzycki,niskie ryzyko,0.186723257173355,0.186723257173355,0.186723257173355,0.186723257173355,0.0,0.0,100.0,0.0
32,ZACHODNIOPOMORSKIE,3214,stargardzki,niskie ryzyko,277.13907916247365,261.25543835943955,222.84868113597017,208.06246949248,54.290398026503496,53.19296886695957,80.41,19.59
32,ZACHODNIOPOMORSKIE,3214,stargardzki,wysokie ryzyko,595.8349673134184,579.2426546667059,594.9093265908555,578.4077170633315,0.9256407225628658,0.8349376033743937,99.84,0.16
32,ZACHODNIOPOMORSKIE,3215,szczecinecki,niskie ryzyko,11.294044023716388,82.72882624741293,2.171751524262091,73.60653374795864,9.122292499454296,9.122292499454296,19.23,80.77
32,ZACHODNIOPOMORSKIE,3215,szczecinecki,wysokie ryzyko,4.086127914957463,3.919497124065008,4.086127914957463,3.919497124065008,0.0,0.0,100.0,0.0
32,ZACHODNIOPOMORSKIE,3213,sławieński,niskie ryzyko,649.2347297697504,652.8062435399229,400.54263037189867,409.3439544404925,248.6920993978517,243.4622890994303,61.69,38.31
32,ZACHODNIOPOMORSKIE,3213,sławieński,wysokie ryzyko,1585.3357540475808,1539.9830155208672,1278.4649156408948,1217.4200039799994,306.870838406686,322.56301154086793,80.64,19.36
32,ZACHODNIOPOMORSKIE,3217,wałecki,niskie ryzyko,15.79549569895122,14.029933785561992,11.486977312220342,9.721415398831114,4.308518386730878,4.308518386730878,72.72,27.28
32,ZACHODNIOPOMORSKIE,3217,wałecki,wysokie ryzyko,4.574945181441819,2.1741230944733996,4.574945181441819,2.1741230944733996,0.0,0.0,100.0,0.0
32,ZACHODNIOPOMORSKIE,3218,łobeski,niskie ryzyko,85.94639274740192,167.8412298292999,67.05896356497355,149.92771894108463,18.887429182428367,17.913510888215257,78.02,21.98
32,ZACHODNIOPOMORSKIE,3218,łobeski,wysokie ryzyko,118.7192555054116,94.60036144263896,118.7192555054116,94.60036144263896,0.0,0.0,100.0,0.0
32,ZACHODNIOPOMORSKIE,3263,Świnoujście,niskie ryzyko,1716.9260910984824,2241.99058661613,1498.82267773121,2024.8094844805337,218.1034133672725,217.1811021355963,87.3,12.7
32,ZACHODNIOPOMORSKIE,3263,Świnoujście,wysokie ryzyko,4476.601108998485,4054.875925691464,4340.945247652725,3917.042240726498,135.65586134576023,137.83368496496558,96.97,3.03
32,ZACHODNIOPOMORSKIE,3216,świdwiński,niskie ryzyko,20.60957961664101,13.931993736313933,20.10211418612528,13.4245283057982,0.507465430515729,0.507465430515729,97.54,2.46
10,ŁÓDZKIE,1063,Skierniewice,niskie ryzyko,25.352766620236764,19.96975911167138,21.94982859563961,16.566821087074224,3.4029380245971543,3.4029380245971543,86.58,13.42
10,ŁÓDZKIE,1063,Skierniewice,wysokie ryzyko,14.327093393860192,13.673453353770949,14.327093393860192,13.673453353770949,0.0,0.0,100.0,0.0
10,ŁÓDZKIE,1001,bełchatowski,niskie ryzyko,184.31857897997975,177.54925873394086,137.2729515562482,134.96450562301206,47.04562742373152,42.5847531109288,74.48,25.52
10,ŁÓDZKIE,1001,bełchatowski,wysokie ryzyko,61.93166545373426,57.468523997996115,61.93166545373426,57.468523997996115,0.0,0.0,100.0,0.0
10,ŁÓDZKIE,1021,brzeziński,niskie ryzyko,3.1532778233274263,2.9040244774126203,0.0,0.0,3.1532778233274263,2.9040244774126203,0.0,100.0
10,ŁÓDZKIE,1002,kutnowski,niskie ryzyko,157.11610894883233,150.39567961134568,144.89946614353337,134.52469964054748,12.216642805298957,15.870979970798205,92.22,7.78
10,ŁÓDZKIE,1002,kutnowski,wysokie ryzyko,771.6774113372039,742.9825876291773,769.0015108153447,740.3874867789018,2.6759005218592593,2.59510085027538,99.65,0.35
10,ŁÓDZKIE,1007,opoczyński,niskie ryzyko,276.26655967154574,269.92165006363456,185.68245962178585,190.7098219618357,90.58410004975993,79.21182810179887,67.21,32.79
10,ŁÓDZKIE,1007,opoczyński,wysokie ryzyko,123.69237379438044,113.87806078884992,98.7426336876592,90.31696677536512,24.94974010672123,23.5610940134848,79.83,20.17
10,ŁÓDZKIE,1008,pabianicki,niskie ryzyko,89.29011195652433,88.52372216814913,87.43215772678205,86.66576793840686,1.8579542297422869,1.8579542297422869,97.92,2.08
10,ŁÓDZKIE,1008,pabianicki,wysokie ryzyko,53.51074575289814,46.73187553168414,53.46716241677291,46.68829219555891,0.0435833361252293,0.0435833361252293,99.92,0.08
10,ŁÓDZKIE,1009,pajęczański,niskie ryzyko,238.49314434257423,229.89097821790313,148.25099098316744,133.9473302167269,90.2421533594068,95.94364800117624,62.16,37.84
10,ŁÓDZKIE,1009,pajęczański,wysokie ryzyko,165.4909966421541,201.8307693865552,151.92414434492366,188.26391708932476,13.566852297230453,13.566852297230453,91.8,8.2
10,ŁÓDZKIE,1010,piotrkowski,niskie ryzyko,456.7410733454368,392.30161961297785,394.8230370863406,330.39612561346615,61.9180362590962,61.90549399951169,86.44,13.56
10,ŁÓDZKIE,1010,piotrkowski,wysokie ryzyko,319.5286340749651,307.12840833684123,290.2545008394466,277.89012568505535,29.274133235518487,29.238282651785937,90.84,9.16
10,ŁÓDZKIE,1011,poddębicki,niskie ryzyko,788.098935040163,821.9499954611971,503.317584224474,537.1686446455082,284.781350815689,284.781350815689,63.86,36.14
10,ŁÓDZKIE,1011,poddębicki,wysokie ryzyko,330.368690205665,328.9040538235332,156.60767990667725,155.14304352454548,173.76101029898777,173.76101029898774,47.4,52.6
10,ŁÓDZKIE,1012,radomszczański,niskie ryzyko,659.1437980655658,642.2887085783573,415.9258340893182,401.663307087816,243.2179639762476,240.62540149054132,63.1,36.9
10,ŁÓDZKIE,1012,radomszczański,wysokie ryzyko,455.35544733918977,447.8223787306639,367.4761486912178,355.77077401531193,87.87929864797194,92.05160471535194,80.7,19.3
10,ŁÓDZKIE,1013,rawski,niskie ryzyko,19.886847891324727,18.242958861982885,18.403000279132694,16.819853290798072,1.483847612192029,1.4231055711848135,92.54,7.46
10,ŁÓDZKIE,1014,sieradzki,niskie ryzyko,1430.4006913820947,1359.5629183709343,1251.378029862258,1175.0645357393498,179.02266151983676,184.49838263158475,87.48,12.52
10,ŁÓDZKIE,1014,sieradzki,wysokie ryzyko,1149.6454493572633,1042.1074627759267,1031.7630275155411,926.11468855622,117.8824218417222,115.99277421970696,89.75,10.25
10,ŁÓDZKIE,1015,skierniewicki,niskie ryzyko,159.51016976851326,152.7455063606056,114.43886906704152,108.08898379469176,45.07130070147176,44.65652256591381,71.74,28.26
10,ŁÓDZKIE,1015,skierniewicki,wysokie ryzyko,9.5609431779287,9.5609431779287,8.937839458956466,8.937839458956466,0.6231037189722334,0.6231037189722335,93.48,6.52
10,ŁÓDZKIE,1016,tomaszowski,niskie ryzyko,2513.944797109622,2415.0017419988963,2137.4394177566305,2046.734206257222,376.5053793529915,368.26753574167407,85.02,14.98
10,ŁÓDZKIE,1016,tomaszowski,wysokie ryzyko,4960.77993617998,5073.462326689804,4732.641749263684,4846.513355633495,228.13818691629743,226.9489710563111,95.4,4.6
10,ŁÓDZKIE,1017,wieluński,niskie ryzyko,311.3222392004387,306.58743643126365,253.12028863907807,248.385485869903,58.20195056136063,58.20195056136063,81.3,18.7
10,ŁÓDZKIE,1017,wieluński,wysokie ryzyko,100.26866207775431,106.93819776590468,86.24389562829103,92.9134313164414,14.024766449463288,14.024766449463288,86.01,13.99
10,ŁÓDZKIE,1018,wieruszowski,niskie ryzyko,55.121437229804044,52.066240493448305,41.18570942410784,38.13051268775211,13.9357278056962,13.9357278056962,74.72,25.28
10,ŁÓDZKIE,1019,zduńskowolski,niskie ryzyko,180.40722522074807,179.2614566186374,148.81719112377158,148.23744298488472,31.590034096976517,31.024013633752677,82.49,17.51
10,ŁÓDZKIE,1019,zduńskowolski,wysokie ryzyko,70.54027063210717,70.48584519047449,70.54027063210717,70.48584519047449,0.0,0.0,100.0,0.0
10,ŁÓDZKIE,1020,zgierski,niskie ryzyko,287.3631595036754,272.26052143289746,201.76546378463476,205.6094198981076,85.59769571904062,66.65110153478979,70.21,29.79
10,ŁÓDZKIE,1020,zgierski,wysokie ryzyko,100.07900857502013,103.34185395097576,100.07900857502013,103.34185395097576,0.0,0.0,100.0,0.0
10,ŁÓDZKIE,1061,Łódź,niskie ryzyko,191.6909704559369,184.1297710803852,135.7671373292523,129.25103426256027,55.92383312668457,54.87873681782495,70.83,29.17
10,ŁÓDZKIE,1061,Łódź,wysokie ryzyko,10.75348946603471,10.753489466034711,10.75348946603471,10.753489466034711,0.0,0.0,100.0,0.0
10,ŁÓDZKIE,1003,łaski,niskie ryzyko,220.4227913221345,210.62878154994928,159.2040537667832,150.41160600322144,61.21873755535128,60.21717554672784,72.23,27.77
10,ŁÓDZKIE,1003,łaski,wysokie ryzyko,100.31144975517702,92.1466310064755,86.53940364243742,78.90157293707213,13.772046112739606,13.245058069403369,86.27,13.73
10,ŁÓDZKIE,1005,łowicki,niskie ryzyko,772.2922221216157,836.8641325899638,419.5362136166989,481.1908946707477,352.7560085049168,355.67323791921604,54.32,45.68
10,ŁÓDZKIE,1005,łowicki,wysokie ryzyko,1871.0935724474812,1910.45496808422,940.9714220952412,973.5929289695916,930.1221503522404,936.8620391146284,50.29,49.71
10,ŁÓDZKIE,1006,łódzki wschodni,niskie ryzyko,17.71720199410469,16.63832588555104,10.273337590794688,9.194461482241037,7.443864403310004,7.443864403310005,57.99,42.01
10,ŁÓDZKIE,1004,łęczycki,niskie ryzyko,199.64242135490065,204.9538942138735,124.57990253988687,112.78088788319856,75.06251881501376,92.17300633067494,62.4,37.6
10,ŁÓDZKIE,1004,łęczycki,wysokie ryzyko,66.77457445695407,49.398981899672904,10.508289410348256,5.273196379266317,56.26628504660581,44.12578552040659,15.74,84.26
24,ŚLĄSKIE,2461,Bielsko-Biała,niskie ryzyko,354.72522891201237,681.9763667198303,328.2033133375158,656.3195862951518,26.52191557449654,25.65678042467851,92.52,7.48
24,ŚLĄSKIE,2461,Bielsko-Biała,wysokie ryzyko,3442.804701921629,3899.006354132705,3440.605839916194,3897.9216068179394,2.1988620054356023,1.0847473147658624,99.94,0.06
24,ŚLĄSKIE,2464,Częstochowa,niskie ryzyko,1710.3938665724158,1652.591248049387,1601.4827825358784,1563.5895315487055,108.91108403653745,89.00171650068165,93.63,6.37
24,ŚLĄSKIE,2464,Częstochowa,wysokie ryzyko,7827.823562349834,8324.878868432808,7475.8629679225905,7993.19935018956,351.960594427244,331.6795182432485,95.5,4.5
24,ŚLĄSKIE,2465,Dąbrowa Górnicza,niskie ryzyko,576.6136988727814,562.5245782301947,331.6627688173912,321.77753123150774,244.95093005539016,240.74704699868695,57.52,42.48
24,ŚLĄSKIE,2465,Dąbrowa Górnicza,wysokie ryzyko,228.7585035398098,227.05057377479343,143.43553040951704,142.55005462875775,85.32297313029275,84.50051914603567,62.7,37.3
24,ŚLĄSKIE,2466,Gliwice,niskie ryzyko,335.3938062331816,310.4667719167428,332.82569991207737,307.7512054216749,2.5681063211041675,2.715566495067889,99.23,0.77
24,ŚLĄSKIE,2466,Gliwice,wysokie ryzyko,4564.381956405151,6377.2804342095405,4558.870586818532,6366.8514620662645,5.51136958661947,10.428972143276296,99.88,0.12
24,ŚLĄSKIE,2467,Jastrzębie-Zdrój,niskie ryzyko,75.73572500503187,73.71350198102117,75.73572500503187,73.71350198102117,0.0,0.0,100.0,0.0
24,ŚLĄSKIE,2467,Jastrzębie-Zdrój,wysokie ryzyko,59.92287903567725,57.3332002020103,59.92287903567725,57.3332002020103,0.0,0.0,100.0,0.0
24,ŚLĄSKIE,2468,Jaworzno,niskie ryzyko,485.6528172110521,445.5167821797643,452.75199855152226,412.8099421979106,32.900818659529804,32.706839981853726,93.23,6.77
24,ŚLĄSKIE,2468,Jaworzno,wysokie ryzyko,468.8109019841409,473.5735540199347,468.8109019841409,473.5735540199347,0.0,0.0,100.0,0.0
24,ŚLĄSKIE,2469,Katowice,niskie ryzyko,393.64260512888063,258.2195416194966,361.7186049453272,239.6095247128871,31.924000183553396,18.610016906609538,91.89,8.11
24,ŚLĄSKIE,2469,Katowice,wysokie ryzyko,663.302271464547,601.0696166642674,628.317084330898,569.1905046652441,34.98518713364901,31.879111999023277,94.73,5.27
24,ŚLĄSKIE,2470,Mysłowice,niskie ryzyko,68.40632434337071,66.1958418177538,68.40632434337071,66.1958418177538,0.0,0.0,100.0,0.0
24,ŚLĄSKIE,2470,Mysłowice,wysokie ryzyko,279.6711261931136,235.35586522311712,279.52570458440823,235.2113689956808,0.1454216087053755,0.1444962274363237,99.95,0.05
24,ŚLĄSKIE,2471,Piekary Śląskie,niskie ryzyko,89.74938148907722,79.80861460640142,89.74938148907722,79.80861460640142,0.0,0.0,100.0,0.0
24,ŚLĄSKIE,2471,Piekary Śląskie,wysokie ryzyko,229.4169872497679,200.22524912196383,229.4169872497679,200.22524912196383,0.0,0.0,100.0,0.0
24,ŚLĄSKIE,2472,Ruda Śląska,niskie ryzyko,52.45691954562907,84.03759938638032,52.45691954562907,78.65265466705195,0.0,5.384944719328381,100.0,0.0
24,ŚLĄSKIE,2472,Ruda Śląska,wysokie ryzyko,71.32128602070503,90.1311780105424,71.32128602070503,90.1311780105424,0.0,0.0,100.0,0.0
24,ŚLĄSKIE,2473,Rybnik,niskie ryzyko,168.87086253305097,110.17548106390684,70.36550088241808,43.532552464675405,98.50536165063284,66.64292859923144,41.67,58.33
24,ŚLĄSKIE,2473,Rybnik,wysokie ryzyko,493.26991960679584,476.1747269097742,419.1582567397993,403.3001569484639,74.11166286699657,72.87456996131036,84.98,15.02
24,ŚLĄSKIE,2474,Siemianowice Śląskie,niskie ryzyko,9.846932253227552,9.640056515195573,9.846932253227552,9.640056515195573,0.0,0.0,100.0,0.0
24,ŚLĄSKIE,2474,Siemianowice Śląskie,wysokie ryzyko,8.841018849356864,8.775781250732738,8.841018849356864,8.775781250732738,0.0,0.0,100.0,0.0
24,ŚLĄSKIE,2475,Sosnowiec,niskie ryzyko,754.7224237434391,581.0983875677003,697.8228969449558,533.9479692603487,56.899526798483464,47.150418307351615,92.46,7.54
24,ŚLĄSKIE,2475,Sosnowiec,wysokie ryzyko,4374.091245359986,5091.942659052556,4339.24867440641,4949.9937791555985,34.842570953576235,141.9488798969578,99.2,0.8
24,ŚLĄSKIE,2477,Tychy,niskie ryzyko,109.77330170885732,121.8479300781555,109.77330170885732,121.8479300781555,0.0,0.0,100.0,0.0
24,ŚLĄSKIE,2478,Zabrze,niskie ryzyko,40.391052230942265,44.005375454052675,21.82145121730569,20.58874331779972,18.56960101363657,23.416632136252954,54.03,45.97
24,ŚLĄSKIE,2478,Zabrze,wysokie ryzyko,0.2440484809515274,0.2282275296703916,0.2440484809515274,0.2282275296703916,0.0,0.0,100.0,0.0
24,ŚLĄSKIE,2402,bielski,niskie ryzyko,6153.153275366444,6067.384445720993,2731.6017441741706,2741.293583876162,3421.551531192273,3326.0908618448316,44.39,55.61
24,ŚLĄSKIE,2402,bielski,wysokie ryzyko,12468.667229610188,11916.160336784062,7162.0589607648735,6893.0518149651,5306.608268845317,5023.108521818961,57.44,42.56
24,ŚLĄSKIE,2414,bieruńsko-lędziński,niskie ryzyko,2867.228357352106,2798.602441613779,2259.56362808773,2190.519277121922,607.6647292643752,608.0831644918562,78.81,21.19
24,ŚLĄSKIE,2414,bieruńsko-lędziński,wysokie ryzyko,3880.791433787186,4057.541990649781,3318.1927684493794,3495.679773507693,562.598665337807,561.8622171420877,85.5,14.5
24,ŚLĄSKIE,2401,będziński,niskie ryzyko,872.6790620369459,989.0313868517636,693.4860313248453,800.968230974884,179.19303071210055,188.06315587687985,79.47,20.53
24,ŚLĄSKIE,2401,będziński,wysokie ryzyko,2852.300388140635,2829.967445693398,2533.599628821724,2525.183204535492,318.70075931891074,304.78424115790546,88.83,11.17
24,ŚLĄSKIE,2403,cieszyński,niskie ryzyko,2280.080028910638,2547.0199192619284,1479.7623056722134,1618.571253089983,800.3177232384246,928.4486661719455,64.9,35.1
24,ŚLĄSKIE,2403,cieszyński,wysokie ryzyko,4065.3058951968937,4092.291956733229,3330.8810754394085,2954.9460807378528,734.4248197574846,1137.3458759953758,81.93,18.07
24,ŚLĄSKIE,2404,częstochowski,niskie ryzyko,1525.1236451857042,1519.386515423407,915.675207404666,915.0299475477344,609.4484377810381,604.3565678756728,60.04,39.96
24,ŚLĄSKIE,2404,częstochowski,wysokie ryzyko,2320.7246539135317,2303.3625431135,1120.456072634791,1114.4460474701664,1200.268581278741,1188.9164956433335,48.28,51.72
24,ŚLĄSKIE,2405,gliwicki,niskie ryzyko,331.5609161100609,325.84639455592037,317.2368239254744,311.94014202480867,14.32409218458644,13.906252531111695,95.68,4.32
24,ŚLĄSKIE,2405,gliwicki,wysokie ryzyko,817.4421577916064,813.3442081103641,802.7639017517971,797.4687264901966,14.678256039809291,15.875481620167673,98.2,1.8
24,ŚLĄSKIE,2406,kłobucki,niskie ryzyko,683.368199934689,676.2287302755722,601.4945339031942,594.886247112893,81.8736660314948,81.34248316267912,88.02,11.98
24,ŚLĄSKIE,2406,kłobucki,wysokie ryzyko,139.7969014879028,164.6553486570069,139.7969014879028,164.6553486570069,0.0,0.0,100.0,0.0
24,ŚLĄSKIE,2407,lubliniecki,niskie ryzyko,81.18206717096287,80.43459952045217,22.094811107124325,21.777865223413908,59.08725606383854,58.65673429703826,27.22,72.78
24,ŚLĄSKIE,2407,lubliniecki,wysokie ryzyko,3.338791077880468,3.221113696458504,0.0,0.0,3.338791077880468,3.221113696458504,0.0,100.0
24,ŚLĄSKIE,2408,mikołowski,niskie ryzyko,3.5745728350340307,7.872417870435817,3.5745728350340307,7.872417870435817,0.0,0.0,100.0,0.0
24,ŚLĄSKIE,2409,myszkowski,niskie ryzyko,532.6648455190638,536.904197114329,295.8920324919759,301.7998872338986,236.772813027088,235.10430988043043,55.55,44.45
24,ŚLĄSKIE,2409,myszkowski,wysokie ryzyko,809.9900623979038,740.2006397045059,567.2294456842577,500.0299784713635,242.76061671364607,240.17066123314257,70.03,29.97
24,ŚLĄSKIE,2410,pszczyński,niskie ryzyko,1634.9633808242304,1586.1269896209155,1201.5977458431396,1157.921982886522,433.3656349810907,428.20500673439346,73.49,26.51
24,ŚLĄSKIE,2410,pszczyński,wysokie ryzyko,4247.894617398852,3730.7397679953456,3415.902126262745,2939.804077695718,831.9924911361068,790.9356902996276,80.41,19.59
24,ŚLĄSKIE,2411,raciborski,niskie ryzyko,2911.649710943556,2821.429580784978,2792.3250585778705,2689.074688511909,119.32465236568528,132.35489227306908,95.9,4.1
24,ŚLĄSKIE,2411,raciborski,wysokie ryzyko,8773.081745887537,9199.429154373627,8643.234016045195,9078.55570771127,129.8477298423424,120.87344666235754,98.52,1.48
24,ŚLĄSKIE,2412,rybnicki,niskie ryzyko,164.34655874767645,211.32779345685356,143.70555170612317,195.51690006040164,20.64100704155326,15.810893396451917,87.44,12.56
24,ŚLĄSKIE,2412,rybnicki,wysokie ryzyko,25.38984230787121,25.048245900650727,0.0,0.0,25.38984230787121,25.048245900650727,0.0,100.0
24,ŚLĄSKIE,2413,tarnogórski,niskie ryzyko,318.8842553862896,283.6001439772321,236.7375249196205,200.3865230054417,82.14673046666911,83.2136209717905,74.24,25.76
24,ŚLĄSKIE,2413,tarnogórski,wysokie ryzyko,154.09464836561813,165.94794868482126,120.03382770786926,132.911563239671,34.06082065774888,33.03638544515024,77.9,22.1
24,ŚLĄSKIE,2415,wodzisławski,niskie ryzyko,1320.6213193143042,1384.361927875352,718.7283816689552,666.7359150651431,601.8929376453489,717.6260128102085,54.42,45.58
24,ŚLĄSKIE,2415,wodzisławski,wysokie ryzyko,1690.3136205342832,1567.6993482135058,1319.3408939935412,1219.8353043962666,370.972726540742,347.86404381723924,78.05,21.95
24,ŚLĄSKIE,2416,zawierciański,niskie ryzyko,156.98826550535514,142.55654880843753,142.3651296456804,130.38150351069953,14.623135859674727,12.175045297737984,90.69,9.31
24,ŚLĄSKIE,2416,zawierciański,wysokie ryzyko,57.26323605292403,47.5830958849056,54.06760757911829,44.38746741109986,3.1956284738057414,3.1956284738057414,94.42,5.58
24,ŚLĄSKIE,2479,Żory,niskie ryzyko,2.840432547060755,2.609461630197558,2.840432547060755,2.609461630197558,0.0,0.0,100.0,0.0
24,ŚLĄSKIE,2417,żywiecki,niskie ryzyko,2907.393492942073,3117.837648629103,1960.2666208359256,2178.8251936886622,947.1268721061472,939.0124549404408,67.42,32.58
24,ŚLĄSKIE,2417,żywiecki,wysokie ryzyko,4524.016731533132,4110.520857887511,3810.522592598535,3339.667713359978,713.4941389345964,770.853144527533,84.23,15.77
26,ŚWIĘTOKRZYSKIE,2661,Kielce,niskie ryzyko,107.96877522347116,75.78409709112492,91.0163227807533,62.628878658094905,16.952452442717856,13.15521843303002,84.3,15.7
26,ŚWIĘTOKRZYSKIE,2661,Kielce,wysokie ryzyko,158.46077543408524,125.5955575100628,40.830505032067265,30.299019068801258,117.63027040201796,95.29653844126152,25.77,74.23
26,ŚWIĘTOKRZYSKIE,2601,buski,niskie ryzyko,4424.946699896792,4442.437725144092,3143.799930138327,3160.0355133309604,1281.1467697584646,1282.402211813131,71.05,28.95
26,ŚWIĘTOKRZYSKIE,2601,buski,wysokie ryzyko,4387.656418243872,4404.954845651288,3190.4959150192476,3194.6939737164817,1197.160503224626,1210.2608719348077,72.72,27.28
26,ŚWIĘTOKRZYSKIE,2602,jędrzejowski,niskie ryzyko,176.14523359546777,174.00987651914647,150.58278878328213,148.44743170696083,25.56244481218567,25.562444812185667,85.49,14.51
26,ŚWIĘTOKRZYSKIE,2602,jędrzejowski,wysokie ryzyko,83.06010890412117,83.06010890412117,69.78462908946966,69.78462908946966,13.27547981465151,13.27547981465151,84.02,15.98
26,ŚWIĘTOKRZYSKIE,2603,kazimierski,niskie ryzyko,158.58821404619223,174.59879288053966,127.64176824286857,143.733665809157,30.946445803323677,30.865127071382673,80.49,19.51
26,ŚWIĘTOKRZYSKIE,2603,kazimierski,wysokie ryzyko,114.21523086366555,114.21523086366555,91.21669546095828,91.21669546095828,22.998535402707287,22.998535402707287,79.86,20.14
26,ŚWIĘTOKRZYSKIE,2604,kielecki,niskie ryzyko,598.5442249986944,568.957637869252,242.04304124021544,238.4238353747148,356.5011837584789,330.5338024945373,40.44,59.56
26,ŚWIĘTOKRZYSKIE,2604,kielecki,wysokie ryzyko,390.55030666487033,424.9101462175716,295.1317786021695,266.9745063038062,95.41852806270089,157.93563991376536,75.57,24.43
26,ŚWIĘTOKRZYSKIE,2605,konecki,niskie ryzyko,51.26064396808219,50.72973922391252,36.86372595416333,36.50776612259693,14.396918013918857,14.22197310131559,71.91,28.09
26,ŚWIĘTOKRZYSKIE,2605,konecki,wysokie ryzyko,13.194398279116314,13.194398279116315,4.93962499991892,4.93962499991892,8.254773279197394,8.254773279197396,37.44,62.56
26,ŚWIĘTOKRZYSKIE,2606,opatowski,niskie ryzyko,448.60570699990103,446.7021302873409,305.8071634820354,304.20794079293387,142.7985435178656,142.49418949440704,68.17,31.83
26,ŚWIĘTOKRZYSKIE,2606,opatowski,wysokie ryzyko,489.62186370293216,491.3771673178238,364.12742406924457,366.9211340665443,125.49443963368756,124.45603325127954,74.37,25.63
26,ŚWIĘTOKRZYSKIE,2607,ostrowiecki,niskie ryzyko,1164.3841262045155,1075.3946616727433,897.3219734853329,807.2521205630912,267.0621527191827,268.1425411096522,77.06,22.94
26,ŚWIĘTOKRZYSKIE,2607,ostrowiecki,wysokie ryzyko,1539.4918756343095,1652.1073468989853,1371.1611452809648,1469.534383309841,168.3307303533452,182.57296358914465,89.07,10.93
26,ŚWIĘTOKRZYSKIE,2608,pińczowski,niskie ryzyko,355.4720538566204,314.68324264445147,293.6048155107866,256.83000994387515,61.86723834583386,57.853232700576335,82.6,17.4
26,ŚWIĘTOKRZYSKIE,2608,pińczowski,wysokie ryzyko,87.71134592923892,85.6168155482984,41.227473327757615,39.13294294681709,46.48387260148131,46.48387260148131,47.0,53.0
26,ŚWIĘTOKRZYSKIE,2609,sandomierski,niskie ryzyko,7959.603798443749,7443.395249939311,5491.056544622791,5011.357652836767,2468.547253820957,2432.037597102544,68.99,31.01
26,ŚWIĘTOKRZYSKIE,2609,sandomierski,wysokie ryzyko,8664.214430095135,9079.75159560929,6241.851017097139,6557.183340730855,2422.363412997994,2522.568254878435,72.04,27.96
26,ŚWIĘTOKRZYSKIE,2610,skarżyski,niskie ryzyko,91.409455682938,87.36251946222345,25.269251116663774,24.65845447556934,66.1402045662742,62.7040649866541,27.64,72.36
26,ŚWIĘTOKRZYSKIE,2610,skarżyski,wysokie ryzyko,86.77480276890657,91.72505851366604,3.7515037185696025,4.645228204999028,83.02329905033697,87.07983030866703,4.32,95.68
26,ŚWIĘTOKRZYSKIE,2611,starachowicki,niskie ryzyko,454.1784478641717,411.3251114259304,261.7899312726731,234.4619677172782,192.3885165914986,176.86314370865216,57.64,42.36
26,ŚWIĘTOKRZYSKIE,2611,starachowicki,wysokie ryzyko,597.820232068185,667.4176554951163,414.1948926815395,478.7415306383733,183.62533938664544,188.67612485674303,69.28,30.72
26,ŚWIĘTOKRZYSKIE,2612,staszowski,niskie ryzyko,5906.997526454517,5843.746573238545,3886.8278878960655,3813.5496054074783,2020.1696385584528,2030.1969678310684,65.8,34.2
26,ŚWIĘTOKRZYSKIE,2612,staszowski,wysokie ryzyko,6331.762447671735,6821.753966135948,4753.722991596253,5261.7989870638485,1578.0394560754812,1559.9549790721,75.08,24.92
26,ŚWIĘTOKRZYSKIE,2613,włoszczowski,niskie ryzyko,72.67159726144419,72.64041647623633,47.76555260371454,47.73437181850669,24.906044657729637,24.906044657729637,65.73,34.27
