teryt_woj,wojewodztwo,teryt_pow,powiat,teryt_gmi,gmina,risk_class,pop_night_total,pop_day_total,pop_night_ge65,pop_day_ge65,pop_night_outside,pop_day_outside,pct_ge65_of_total,pct_outside_ge65_of_total
02,DOLNOŚLĄSKIE,0261,Jelenia Góra,0261011,Jelenia Góra,niskie ryzyko,1775.9071035162196,1604.9595010242915,1677.51456005255,1524.779515997224,98.39254346366958,80.17998502706746,94.46,5.54
02,DOLNOŚLĄSKIE,0261,Jelenia Góra,0261011,Jelenia Góra,wysokie ryzyko,3658.870354895245,3731.061215866116,3532.82381587457,3553.3187966373616,126.0465390206746,177.74241922875427,96.56,3.44
02,DOLNOŚLĄSKIE,0262,Legnica,0262011,Legnica,niskie ryzyko,8684.302512418015,8596.863679944187,8537.15816893081,8443.382305382655,147.14434348720485,153.4813745615314,98.31,1.69
02,DOLNOŚLĄSKIE,0262,Legnica,0262011,Legnica,wysokie ryzyko,75371.72646954069,75622.87690109551,73025.38396767237,73193.6324524389,2346.3425018683156,2429.2444486566205,96.89,3.11
02,DOLNOŚLĄSKIE,0265,Wałbrzych,0265011,Wałbrzych,niskie ryzyko,68.57406026220728,68.4888278605923,30.210481085886915,30.56916804060076,38.36357917632037,37.919659819991544,44.06,55.94
02,DOLNOŚLĄSKIE,0265,Wałbrzych,0265011,Wałbrzych,wysokie ryzyko,648.0604012851704,681.7957793822618,529.3227043676902,566.8991161762699,118.73769691748016,114.89666320599194,81.68,18.32
02,DOLNOŚLĄSKIE,0264,Wrocław,0264011,Wrocław,niskie ryzyko,52221.57158685453,52118.57455562795,47986.32761477588,47586.89022934786,4235.243972078648,4531.684326280081,91.89,8.11
02,DOLNOŚLĄSKIE,0264,Wrocław,0264011,Wrocław,wysokie ryzyko,100166.60111698035,98516.77039340218,95224.4590290759,93279.05564681016,4942.1420879044845,5237.714746592023,95.07,4.93
02,DOLNOŚLĄSKIE,0201,bolesławiecki,0201022,Bolesławiec,niskie ryzyko,297.90217102148074,318.2908612194361,31.953798754802865,27.92242293530532,265.9483722666779,290.36843828413083,10.73,89.27
02,DOLNOŚLĄSKIE,0201,bolesławiecki,0201011,Bolesławiec,niskie ryzyko,178.82981680154265,173.0707485792385,104.42870109511598,98.3382258247871,74.40111570642667,74.73252275445142,58.4,41.6
02,DOLNOŚLĄSKIE,0201,bolesławiecki,0201022,Bolesławiec,wysokie ryzyko,235.70887115855243,237.63783299229257,0.0,0.0,235.70887115855243,237.63783299229257,0.0,100.0
02,DOLNOŚLĄSKIE,0201,bolesławiecki,0201011,Bolesławiec,wysokie ryzyko,12.05252641115213,12.483416311933308,7.762144801606174,7.7621448016061745,4.290381609545957,4.721271510327133,64.4,35.6
02,DOLNOŚLĄSKIE,0201,bolesławiecki,0201043,Nowogrodziec,niskie ryzyko,131.4046387032992,145.19649153034328,61.92040595242663,68.95840405405468,69.4842327508726,76.2380874762886,47.12,52.88
02,DOLNOŚLĄSKIE,0201,bolesławiecki,0201043,Nowogrodziec,wysokie ryzyko,64.06475725482473,69.43082996974765,44.00128038314119,49.148949144886295,20.063476871683537,20.28188082486135,68.68,31.32
02,DOLNOŚLĄSKIE,0201,bolesławiecki,0201052,Osiecznica,niskie ryzyko,185.13629014984775,181.44352467467877,97.60951540969316,102.66432091069224,87.5267747401546,78.77920376398653,52.72,47.28
02,DOLNOŚLĄSKIE,0201,bolesławiecki,0201052,Osiecznica,wysokie ryzyko,81.55990423058132,77.15315483692672,47.582262247143106,40.06785772997263,33.97764198343822,37.08529710695409,58.34,41.66
02,DOLNOŚLĄSKIE,0202,dzierżoniowski,0202021,Dzierżoniów,niskie ryzyko,319.140361848887,270.28285531409176,294.78236418612954,246.2781933642584,24.35799766275741,24.00466194983339,92.37,7.63
02,DOLNOŚLĄSKIE,0202,dzierżoniowski,0202052,Dzierżoniów,niskie ryzyko,693.8898811679244,680.2762524379817,468.3584062141466,462.8050450158332,225.53147495377775,217.47120742214852,67.5,32.5
02,DOLNOŚLĄSKIE,0202,dzierżoniowski,0202021,Dzierżoniów,wysokie ryzyko,1482.46289588138,1422.7911196431282,1383.9627771181272,1324.3560394304827,98.5001187632532,98.43508021264554,93.36,6.64
02,DOLNOŚLĄSKIE,0202,dzierżoniowski,0202052,Dzierżoniów,wysokie ryzyko,342.8647528882084,325.5528959700339,228.0701183902583,211.08357841841917,114.7946344979501,114.4693175516147,66.52,33.48
02,DOLNOŚLĄSKIE,0202,dzierżoniowski,0202073,Niemcza,niskie ryzyko,59.26139894870842,68.2069591070372,1.4723158136940224,11.611013465263223,57.789083135014394,56.59594564177398,2.48,97.52
02,DOLNOŚLĄSKIE,0202,dzierżoniowski,0202041,Piława Górna,niskie ryzyko,137.69676335982854,131.6177517971736,107.67129335518756,101.6456995979945,30.025470004640976,29.97205219917911,78.19,21.81
02,DOLNOŚLĄSKIE,0202,dzierżoniowski,0202041,Piława Górna,wysokie ryzyko,120.92195906125303,117.98631794677364,120.92195906125303,117.98631794677364,0.0,0.0,100.0,0.0
02,DOLNOŚLĄSKIE,0202,dzierżoniowski,0202062,Łagiewniki,niskie ryzyko,6.3923873866973775,6.325234372081993,6.3923873866973775,6.325234372081993,0.0,0.0,100.0,0.0
02,DOLNOŚLĄSKIE,0204,górowski,0204013,Góra,niskie ryzyko,158.82612570602896,152.74001983765763,71.53619718255746,70.93494479586937,87.2899285234715,81.80507504178826,45.04,54.96
02,DOLNOŚLĄSKIE,0204,górowski,0204013,Góra,wysokie ryzyko,97.24256125702225,96.19287214022071,39.85744497636766,39.85744497636766,57.385116280654586,56.335427163853055,40.99,59.01
02,DOLNOŚLĄSKIE,0204,górowski,0204022,Jemielno,niskie ryzyko,555.1467476033306,542.9072843570093,256.0889425696821,261.0238093988622,299.05780503364844,281.8834749581471,46.13,53.87
02,DOLNOŚLĄSKIE,0204,górowski,0204022,Jemielno,wysokie ryzyko,774.7123339899465,784.4430034901201,243.00945975277483,235.5657991774471,531.7028742371716,548.8772043126729,31.37,68.63
02,DOLNOŚLĄSKIE,0204,górowski,0204032,Niechlów,niskie ryzyko,523.1370445813482,521.5608381653171,97.39455529518376,97.2472566000218,425.7424892861644,424.31358156529535,18.62,81.38
02,DOLNOŚLĄSKIE,0204,górowski,0204032,Niechlów,wysokie ryzyko,900.6237352822058,900.2777147063902,594.8670399347924,594.1923997471617,305.7566953474134,306.08531495922836,66.05,33.95
02,DOLNOŚLĄSKIE,0204,górowski,0204043,Wąsosz,niskie ryzyko,191.72897891942335,195.7002266791854,149.72873807618333,152.88922919978532,42.00024084324004,42.810997479400086,78.09,21.91
02,DOLNOŚLĄSKIE,0204,górowski,0204043,Wąsosz,wysokie ryzyko,295.03056950271014,302.26630273387013,271.89108018049734,279.5647959728773,23.139489322212793,22.70150676099285,92.16,7.84
02,DOLNOŚLĄSKIE,0203,głogowski,0203011,Głogów,niskie ryzyko,200.64783099310227,252.27439103722875,42.7069139873321,41.80252168065537,157.9409170057702,210.47186935657336,21.28,78.72
02,DOLNOŚLĄSKIE,0203,głogowski,0203022,Głogów,niskie ryzyko,1540.0550034351756,1431.7056136873064,1178.8438968729463,1068.1502952747428,361.21110656222896,363.5553184125635,76.55,23.45
02,DOLNOŚLĄSKIE,0203,głogowski,0203011,Głogów,wysokie ryzyko,341.53463097106044,267.79270939226643,13.48200534623999,12.896347495710437,328.05262562482045,254.896361896556,3.95,96.05
02,DOLNOŚLĄSKIE,0203,głogowski,0203022,Głogów,wysokie ryzyko,2287.2452725339263,2401.832568925999,1497.349934411281,1629.0824969822834,789.8953381226454,772.750071943716,65.47,34.53
02,DOLNOŚLĄSKIE,0203,głogowski,0203042,Kotla,niskie ryzyko,787.4833717297937,807.2259118373747,228.9271506368712,249.39569701892623,558.5562210929224,557.8302148184484,29.07,70.93
02,DOLNOŚLĄSKIE,0203,głogowski,0203042,Kotla,wysokie ryzyko,850.7988107650924,850.2894024162551,164.29384811007725,164.29384811007725,686.5049626550151,685.9955543061781,19.31,80.69
02,DOLNOŚLĄSKIE,0203,głogowski,0203052,Pęcław,niskie ryzyko,780.7826469545978,779.5901173810369,429.8269905126867,428.789454107477,350.9556564419112,350.80066327355985,55.05,44.95
02,DOLNOŚLĄSKIE,0203,głogowski,0203052,Pęcław,wysokie ryzyko,1155.313518925963,1154.428317318958,478.4687866300785,477.674404579827,676.8447322958845,676.7539127391307,41.41,58.59
02,DOLNOŚLĄSKIE,0203,głogowski,0203062,Żukowice,niskie ryzyko,35.51175442100373,35.32456292668577,27.40664222867147,27.221002786118195,8.105112192332259,8.103560140567577,77.18,22.82
02,DOLNOŚLĄSKIE,0203,głogowski,0203062,Żukowice,wysokie ryzyko,108.24214525931082,109.848697425878,108.24214525931082,109.848697425878,0.0,0.0,100.0,0.0
02,DOLNOŚLĄSKIE,0205,jaworski,0205023,Bolków,niskie ryzyko,195.94282822801748,184.7890742882831,133.00036549832342,119.82806843461074,62.94246272969408,64.96100585367239,67.88,32.12
02,DOLNOŚLĄSKIE,0205,jaworski,0205023,Bolków,wysokie ryzyko,184.10016483629573,154.9142890040469,68.27953873507657,67.71995955930808,115.82062610121916,87.19432944473883,37.09,62.91
02,DOLNOŚLĄSKIE,0205,jaworski,0205011,Jawor,niskie ryzyko,218.45650874610348,224.99798695678487,218.45650874610348,224.99798695678487,0.0,0.0,100.0,0.0
02,DOLNOŚLĄSKIE,0205,jaworski,0205011,Jawor,wysokie ryzyko,3600.006495630951,3256.5074387823415,3571.117431843656,3228.7398842564153,28.88906378729495,27.76755452592614,99.2,0.8
02,DOLNOŚLĄSKIE,0205,jaworski,0205032,Męcinka,niskie ryzyko,131.30867600747848,129.0801889342467,0.623903020547015,0.6230138998256701,130.68477298693145,128.45717503442103,0.48,99.52
02,DOLNOŚLĄSKIE,0205,jaworski,0205032,Męcinka,wysokie ryzyko,140.4445882973116,147.22388161026322,10.909014081125417,10.889522995571165,129.5355742161862,136.33435861469206,7.77,92.23
02,DOLNOŚLĄSKIE,0205,jaworski,0205042,Mściwojów,niskie ryzyko,4.027642643657671,3.9963861116959034,3.28657416454954,3.255317632587772,0.7410684791081311,0.7410684791081312,81.6,18.4
02,DOLNOŚLĄSKIE,0205,jaworski,0205042,Mściwojów,wysokie ryzyko,27.914207709783593,26.92889275279768,15.262732728760117,14.654633829438287,12.651474981023478,12.27425892335939,54.68,45.32
02,DOLNOŚLĄSKIE,0205,jaworski,0205052,Paszowice,niskie ryzyko,12.60772567845966,12.607725678459657,0.0,0.0,12.60772567845966,12.607725678459657,0.0,100.0
02,DOLNOŚLĄSKIE,0205,jaworski,0205052,Paszowice,wysokie ryzyko,15.048291646645255,15.048291646645255,0.0,0.0,15.048291646645255,15.048291646645255,0.0,100.0
02,DOLNOŚLĄSKIE,0205,jaworski,0205062,Wądroże Wielkie,niskie ryzyko,41.86191761876366,41.47791296067435,35.86375452160141,35.4797498635121,5.998163097162254,5.998163097162255,85.67,14.33
02,DOLNOŚLĄSKIE,0205,jaworski,0205062,Wądroże Wielkie,wysokie ryzyko,359.1933813144301,356.8708250823551,359.1933813144301,356.8708250823551,0.0,0.0,100.0,0.0
02,DOLNOŚLĄSKIE,0207,kamiennogórski,0207011,Kamienna Góra,niskie ryzyko,627.1284643337482,574.5855485933022,574.8152299094796,522.5825002959139,52.31323442426865,52.003048297388375,91.66,8.34
02,DOLNOŚLĄSKIE,0207,kamiennogórski,0207022,Kamienna Góra,niskie ryzyko,494.85039268351375,494.29960004548934,223.85762346810608,223.69863654492,270.99276921540763,270.60096350056926,45.24,54.76
02,DOLNOŚLĄSKIE,0207,kamiennogórski,0207011,Kamienna Góra,wysokie ryzyko,6995.794801001014,6879.609461213882,6951.311482053056,6835.749835648491,44.48331894795774,43.85962556539118,99.36,0.64
02,DOLNOŚLĄSKIE,0207,kamiennogórski,0207022,Kamienna Góra,wysokie ryzyko,318.63846262207926,307.96921735354135,100.69798902116668,92.65557025709384,217.94047360091264,215.31364709644748,31.6,68.4
02,DOLNOŚLĄSKIE,0207,kamiennogórski,0207033,Lubawka,niskie ryzyko,384.84851435381097,379.59206173898446,137.26187519230336,133.0676909924101,247.5866391615076,246.52437074657436,35.67,64.33
02,DOLNOŚLĄSKIE,0207,kamiennogórski,0207033,Lubawka,wysokie ryzyko,1016.39639713885,884.7359180558005,869.426131747282,736.1087872600712,146.97026539156812,148.62713079572933,85.54,14.46
02,DOLNOŚLĄSKIE,0207,kamiennogórski,0207042,Marciszów,niskie ryzyko,451.2726340432987,421.5805255381813,285.99485321485133,263.55049206641826,165.2777808284474,158.03003347176298,63.38,36.62
02,DOLNOŚLĄSKIE,0207,kamiennogórski,0207042,Marciszów,wysokie ryzyko,516.5569466447613,512.7618467284275,328.1791485045119,330.21074466367884,188.3777981402494,182.5511020647486,63.53,36.47
02,DOLNOŚLĄSKIE,0206,karkonoski,0206052,Janowice Wielkie,niskie ryzyko,250.27490128993537,247.9584296292064,109.50664925878849,109.12444967094056,140.7682520311469,138.8339799582658,43.75,56.25
02,DOLNOŚLĄSKIE,0206,karkonoski,0206052,Janowice Wielkie,wysokie ryzyko,156.8508739428382,273.90779452626106,85.18359657071188,203.1074674333357,71.66727737212634,70.80032709292537,54.31,45.69
02,DOLNOŚLĄSKIE,0206,karkonoski,0206062,Jeżów Sudecki,niskie ryzyko,54.86334465076658,73.70693189175013,27.551703473101195,56.18913422221912,27.311641177665383,17.51779766953101,50.22,49.78
02,DOLNOŚLĄSKIE,0206,karkonoski,0206062,Jeżów Sudecki,wysokie ryzyko,28.640920323655315,26.902988700568937,28.640920323655315,26.902988700568937,0.0,0.0,100.0,0.0
02,DOLNOŚLĄSKIE,0206,karkonoski,0206011,Karpacz,niskie ryzyko,1.708859250625803,1.708859250625803,0.0,0.0,1.708859250625803,1.708859250625803,0.0,100.0
02,DOLNOŚLĄSKIE,0206,karkonoski,0206021,Kowary,niskie ryzyko,32.48614028118327,26.191973491616125,0.0,0.0,32.48614028118327,26.191973491616125,0.0,100.0
02,DOLNOŚLĄSKIE,0206,karkonoski,0206021,Kowary,wysokie ryzyko,35.29239384003956,80.59673957696621,29.675155696039937,29.32414215039697,5.61723814399962,51.27259742656925,84.08,15.92
02,DOLNOŚLĄSKIE,0206,karkonoski,0206072,Mysłakowice,niskie ryzyko,658.4157826523223,731.2607305429017,354.8142206388103,409.4625658719211,303.601562013512,321.79816467098067,53.89,46.11
02,DOLNOŚLĄSKIE,0206,karkonoski,0206072,Mysłakowice,wysokie ryzyko,852.8398000594576,905.796355597596,496.2811037315649,508.99075347918426,356.5586963278927,396.80560211841174,58.19,41.81
02,DOLNOŚLĄSKIE,0206,karkonoski,0206031,Piechowice,niskie ryzyko,42.66035242820467,41.97539562665793,42.66035242820467,41.97539562665793,0.0,0.0,100.0,0.0
02,DOLNOŚLĄSKIE,0206,karkonoski,0206031,Piechowice,wysokie ryzyko,53.54557247365648,52.87321695557262,53.54557247365648,52.87321695557262,0.0,0.0,100.0,0.0
02,DOLNOŚLĄSKIE,0206,karkonoski,0206082,Podgórzyn,niskie ryzyko,4.8139583974781965,4.260967742568684,0.0,0.0,4.8139583974781965,4.260967742568684,0.0,100.0
02,DOLNOŚLĄSKIE,0206,karkonoski,0206082,Podgórzyn,wysokie ryzyko,42.96834350237954,53.82928362036179,42.96834350237954,53.82928362036179,0.0,0.0,100.0,0.0
02,DOLNOŚLĄSKIE,0206,karkonoski,0206092,Stara Kamienica,niskie ryzyko,29.032862433665443,28.53067562357531,5.686408995752243,5.492446495277226,23.3464534379132,23.038229128298084,19.59,80.41
02,DOLNOŚLĄSKIE,0206,karkonoski,0206092,Stara Kamienica,wysokie ryzyko,4.589448081388527,1.9483205886143031,0.0,0.0,4.589448081388527,1.9483205886143031,0.0,100.0
02,DOLNOŚLĄSKIE,0208,kłodzki,0208063,Bystrzyca Kłodzka,niskie ryzyko,743.8412557626607,701.9887452144876,393.9712210450747,384.1166993367122,349.87003471758607,317.8720458777754,52.96,47.04
02,DOLNOŚLĄSKIE,0208,kłodzki,0208063,Bystrzyca Kłodzka,wysokie ryzyko,652.1512245229508,580.3305243832381,422.15698425913655,362.5455356624721,229.9942402638142,217.784988720766,64.73,35.27
02,DOLNOŚLĄSKIE,0208,kłodzki,0208011,Duszniki-Zdrój,niskie ryzyko,142.8672540192808,1177.9569967989453,141.13257335219285,1176.2256483933395,1.734680667087949,1.7313484056056037,98.79,1.21
02,DOLNOŚLĄSKIE,0208,kłodzki,0208011,Duszniki-Zdrój,wysokie ryzyko,282.3357300096054,539.0115939286841,281.54638105623536,507.9164951874512,0.7893489533700517,31.095098741232817,99.72,0.28
02,DOLNOŚLĄSKIE,0208,kłodzki,0208031,Kudowa-Zdrój,niskie ryzyko,437.7254484606385,407.0899804239683,422.8059622871018,394.29370694121394,14.919486173536733,12.796273482754383,96.59,3.41
02,DOLNOŚLĄSKIE,0208,kłodzki,0208031,Kudowa-Zdrój,wysokie ryzyko,574.1655250973004,462.1455321780766,415.9379145175035,331.9899759947477,158.22761057979687,130.15555618332894,72.44,27.56
02,DOLNOŚLĄSKIE,0208,kłodzki,0208021,Kłodzko,niskie ryzyko,436.41224684769145,415.2401339933458,345.3535291141873,334.0217290021112,91.05871773350412,81.2184049912346,79.13,20.87
02,DOLNOŚLĄSKIE,0208,kłodzki,0208072,Kłodzko,niskie ryzyko,1417.600767806733,1400.7102380986926,772.8254967238852,733.3742041886023,644.7752710828478,667.3360339100902,54.52,45.48
02,DOLNOŚLĄSKIE,0208,kłodzki,0208021,Kłodzko,wysokie ryzyko,2471.496048306589,2662.412471578203,2411.0601462782374,2602.0781169854113,60.43590202835129,60.33435459279168,97.55,2.45
02,DOLNOŚLĄSKIE,0208,kłodzki,0208072,Kłodzko,wysokie ryzyko,2731.7009896196464,2740.7511259250996,2045.5276411781535,2077.7556252275604,686.1733484414925,662.9955006975391,74.88,25.12
02,DOLNOŚLĄSKIE,0208,kłodzki,0208092,Lewin Kłodzki,niskie ryzyko,49.23892341437997,65.14847135535815,0.5677597055881567,0.5677597055881567,48.67116370879181,64.58071164977,1.15,98.85
02,DOLNOŚLĄSKIE,0208,kłodzki,0208092,Lewin Kłodzki,wysokie ryzyko,103.31573906695655,93.01753508638214,18.248435174702628,15.45123461882832,85.06730389225392,77.56630046755382,17.66,82.34
02,DOLNOŚLĄSKIE,0208,kłodzki,0208083,Lądek-Zdrój,niskie ryzyko,672.6405262001862,680.6194499214885,495.8648128696564,487.8421866940456,176.77571333052975,192.7772632274429,73.72,26.28
02,DOLNOŚLĄSKIE,0208,kłodzki,0208083,Lądek-Zdrój,wysokie ryzyko,840.2322795489154,856.3598664868848,709.6770809660986,731.5555686214183,130.55519858281676,124.8042978654666,84.46,15.54
02,DOLNOŚLĄSKIE,0208,kłodzki,0208103,Międzylesie,niskie ryzyko,373.5582924780159,341.28295656335035,284.4284151135653,258.9531026896824,89.1298773644506,82.32985387366794,76.14,23.86
02,DOLNOŚLĄSKIE,0208,kłodzki,0208103,Międzylesie,wysokie ryzyko,168.7237800034186,164.36727388301546,136.34474486458703,134.68045093493183,32.37903513883156,29.686822948083645,80.81,19.19
02,DOLNOŚLĄSKIE,0208,kłodzki,0208041,Nowa Ruda,niskie ryzyko,134.63399052270734,123.1816307860992,125.27781544451544,113.82545570790728,9.35617507819192,9.35617507819192,93.05,6.95
02,DOLNOŚLĄSKIE,0208,kłodzki,0208112,Nowa Ruda,niskie ryzyko,115.23555179682668,113.35952035488098,33.014041760444066,31.1380103184984,82.2215100363826,82.22151003638258,28.65,71.35
02,DOLNOŚLĄSKIE,0208,kłodzki,0208041,Nowa Ruda,wysokie ryzyko,953.7961886218573,659.8464972421074,925.048480566876,631.0987891871263,28.74770805498105,28.74770805498105,96.99,3.01
02,DOLNOŚLĄSKIE,0208,kłodzki,0208112,Nowa Ruda,wysokie ryzyko,44.74116452582176,43.13438802102067,0.0,0.0,44.74116452582176,43.13438802102067,0.0,100.0
02,DOLNOŚLĄSKIE,0208,kłodzki,0208051,Polanica-Zdrój,niskie ryzyko,260.24805797494946,182.91995845503448,207.12624970133845,144.18863274504977,53.12180827361099,38.7313257099847,79.59,20.41
02,DOLNOŚLĄSKIE,0208,kłodzki,0208051,Polanica-Zdrój,wysokie ryzyko,723.4713366072338,510.9787135659813,533.6808917767582,414.5487683589146,189.79044483047556,96.42994520706674,73.77,26.23
02,DOLNOŚLĄSKIE,0208,kłodzki,0208123,Radków,niskie ryzyko,889.7597841964758,907.2880394759952,532.6093163403334,543.2890751999748,357.15046785614254,363.9989642760205,59.86,40.14
02,DOLNOŚLĄSKIE,0208,kłodzki,0208123,Radków,wysokie ryzyko,788.5292265249923,785.1177094504411,361.1239477389737,374.68315578720967,427.4052787860185,410.43455366323144,45.8,54.2
02,DOLNOŚLĄSKIE,0208,kłodzki,0208133,Stronie Śląskie,niskie ryzyko,636.6492264460096,613.5342567322296,451.2364907950017,426.46560621674894,185.41273565100795,187.06865051548056,70.88,29.12
02,DOLNOŚLĄSKIE,0208,kłodzki,0208133,Stronie Śląskie,wysokie ryzyko,882.5705850996952,682.9773937209399,743.8726570810034,543.0425910128454,138.6979280186919,139.93480270809448,84.28,15.72
02,DOLNOŚLĄSKIE,0208,kłodzki,0208143,Szczytna,niskie ryzyko,180.2604004496355,180.03917753492692,90.9662686271965,75.39839284717124,89.29413182243906,104.64078468775568,50.46,49.54
02,DOLNOŚLĄSKIE,0208,kłodzki,0208143,Szczytna,wysokie ryzyko,353.0636946023075,258.29999112431796,285.33938188390584,194.9557986910412,67.72431271840168,63.34419243327676,80.82,19.18
02,DOLNOŚLĄSKIE,0209,legnicki,0209011,Chojnów,niskie ryzyko,301.91067288210036,421.6445511842469,288.78125916089385,410.72609930482145,13.129413721206507,10.918451879425474,95.65,4.35
02,DOLNOŚLĄSKIE,0209,legnicki,0209022,Chojnów,niskie ryzyko,367.59741686815585,392.9049963449128,151.29554019723935,180.66418852351225,216.30187667091647,212.24080782140055,41.16,58.84
02,DOLNOŚLĄSKIE,0209,legnicki,0209011,Chojnów,wysokie ryzyko,827.8247542970709,707.4126992553263,476.6180996711075,391.5888392058594,351.2066546259634,315.8238600494668,57.57,42.43
02,DOLNOŚLĄSKIE,0209,legnicki,0209022,Chojnów,wysokie ryzyko,223.99178804522015,216.68518177808392,116.85100890757496,109.54440264043868,107.14077913764524,107.14077913764524,52.17,47.83
02,DOLNOŚLĄSKIE,0209,legnicki,0209032,Krotoszyce,niskie ryzyko,401.26608372331367,401.2476707961822,216.0551345285464,216.0551345285464,185.2109491947673,185.19253626763583,53.84,46.16
02,DOLNOŚLĄSKIE,0209,legnicki,0209032,Krotoszyce,wysokie ryzyko,552.0983550823639,551.9938197793973,368.84901882468864,368.7654893013405,183.24933625767537,183.22833047805688,66.81,33.19
02,DOLNOŚLĄSKIE,0209,legnicki,0209042,Kunice,niskie ryzyko,1511.9263324124513,1561.0523446472666,267.7417177614272,333.87002382870105,1244.184614651024,1227.1823208185656,17.71,82.29
02,DOLNOŚLĄSKIE,0209,legnicki,0209042,Kunice,wysokie ryzyko,2783.9252789049538,2744.9045757210374,789.9553304247315,678.4857505165877,1993.9699484802225,2066.4188252044496,28.38,71.62
02,DOLNOŚLĄSKIE,0209,legnicki,0209052,Legnickie Pole,niskie ryzyko,387.6584481569939,392.2404231750038,37.423672817279595,34.45903932240679,350.2347753397143,357.781383852597,9.65,90.35
02,DOLNOŚLĄSKIE,0209,legnicki,0209052,Legnickie Pole,wysokie ryzyko,882.0420569789842,883.2958112709457,60.330241304661534,65.49473971598171,821.7118156743226,817.801071554964,6.84,93.16
02,DOLNOŚLĄSKIE,0209,legnicki,0209062,Miłkowice,niskie ryzyko,208.84348617811025,207.88621982740696,195.7623413078354,194.8050749571321,13.081144870274857,13.081144870274857,93.74,6.26
02,DOLNOŚLĄSKIE,0209,legnicki,0209062,Miłkowice,wysokie ryzyko,107.45934047318258,107.45934047318258,96.38102766730366,96.38102766730366,11.078312805878925,11.078312805878925,89.69,10.31
02,DOLNOŚLĄSKIE,0209,legnicki,0209073,Prochowice,niskie ryzyko,1457.6905967884304,1434.046351308397,832.4655567436054,808.1376842361228,625.2250400448249,625.9086670722743,57.11,42.89
02,DOLNOŚLĄSKIE,0209,legnicki,0209073,Prochowice,wysokie ryzyko,3749.969402782626,3755.5283304644,2922.6858670537517,2931.078695696709,827.2835357288742,824.4496347676915,77.94,22.06
02,DOLNOŚLĄSKIE,0209,legnicki,0209082,Ruja,niskie ryzyko,214.3130903870474,198.15211464405655,96.69380189089992,81.48274646348115,117.6192884961475,116.66936818057536,45.12,54.88
02,DOLNOŚLĄSKIE,0209,legnicki,0209082,Ruja,wysokie ryzyko,174.75752711053295,197.18067427687225,14.411081983836754,33.424859067334836,160.34644512669618,163.7558152095374,8.25,91.75
02,DOLNOŚLĄSKIE,0210,lubański,0210033,Leśna,niskie ryzyko,660.2973478346173,693.8536972782761,352.56994569096486,393.1361401718329,307.72740214365245,300.7175571064431,53.4,46.6
02,DOLNOŚLĄSKIE,0210,lubański,0210033,Leśna,wysokie ryzyko,1607.6689269343383,1925.0306426302004,1315.1740411833057,1617.8311497682678,292.49488575103317,307.19949286193275,81.81,18.19
02,DOLNOŚLĄSKIE,0210,lubański,0210011,Lubań,niskie ryzyko,580.9667902035764,561.108425022108,514.6515931102117,499.3020886651958,66.31519709336466,61.806336356912226,88.59,11.41
02,DOLNOŚLĄSKIE,0210,lubański,0210042,Lubań,niskie ryzyko,483.2480159721597,484.9732942659875,0.960148647062181,0.9161281561931744,482.2878673250975,484.0571661097943,0.2,99.8
02,DOLNOŚLĄSKIE,0210,lubański,0210011,Lubań,wysokie ryzyko,768.6813796971996,732.0070940204031,566.456153235155,545.2173920103569,202.2252264620446,186.78970201004623,73.69,26.31
02,DOLNOŚLĄSKIE,0210,lubański,0210042,Lubań,wysokie ryzyko,401.5660354160527,395.5125002927765,0.0,0.0,401.5660354160527,395.5125002927765,0.0,100.0
02,DOLNOŚLĄSKIE,0210,lubański,0210053,Olszyna,niskie ryzyko,222.02468294653517,208.3482575542498,72.76216328228247,59.0299125438809,149.2625196642527,149.31834501036892,32.77,67.23
02,DOLNOŚLĄSKIE,0210,lubański,0210053,Olszyna,wysokie ryzyko,239.64576968458516,218.03107895708013,148.7416631674542,127.17350450129793,90.90410651713098,90.8575744557822,62.07,37.93
02,DOLNOŚLĄSKIE,0210,lubański,0210021,Świeradów-Zdrój,niskie ryzyko,10.265103752188937,10.265103752188931,0.0,0.0,10.265103752188937,10.265103752188931,0.0,100.0
02,DOLNOŚLĄSKIE,0210,lubański,0210021,Świeradów-Zdrój,wysokie ryzyko,17.55380465687794,17.55380465687794,17.55380465687794,17.55380465687794,0.0,0.0,100.0,0.0
02,DOLNOŚLĄSKIE,0211,lubiński,0211032,Rudna,niskie ryzyko,120.08152093725876,114.56047804197767,70.48873598421098,64.99362886453264,49.5927849530478,49.56684917744507,58.7,41.3
02,DOLNOŚLĄSKIE,0211,lubiński,0211032,Rudna,wysokie ryzyko,30.422659231077887,31.30570960522175,25.715458451452825,26.598508825596692,4.707200779625061,4.707200779625061,84.53,15.47
02,DOLNOŚLĄSKIE,0211,lubiński,0211043,Ścinawa,niskie ryzyko,312.9628746326315,309.66539213466524,128.503835582607,125.97147605802483,184.4590390500245,183.6939160766404,41.06,58.94
02,DOLNOŚLĄSKIE,0211,lubiński,0211043,Ścinawa,wysokie ryzyko,588.2882929020597,586.4813607831079,388.8335810302501,385.5476735724485,199.4547118718095,200.93368721065943,66.1,33.9
02,DOLNOŚLĄSKIE,0212,lwówecki,0212013,Gryfów Śląski,niskie ryzyko,114.44928436106102,115.38525119627846,89.7854952432878,90.72146207850524,24.66378911777322,24.66378911777322,78.45,21.55
02,DOLNOŚLĄSKIE,0212,lwówecki,0212013,Gryfów Śląski,wysokie ryzyko,381.7884720003655,356.51915272284174,374.878190853143,347.92156522484237,6.910281147222534,8.597587497999347,98.19,1.81
02,DOLNOŚLĄSKIE,0212,lwówecki,0212023,Lubomierz,niskie ryzyko,156.1807636156189,154.73131640370525,58.66994911926985,58.3145986702119,97.51081449634904,96.41671773349334,37.57,62.43
02,DOLNOŚLĄSKIE,0212,lwówecki,0212023,Lubomierz,wysokie ryzyko,26.98742964255071,26.98742964255071,7.344741312268108,7.344741312268108,19.6426883302826,19.6426883302826,27.22,72.78
02,DOLNOŚLĄSKIE,0212,lwówecki,0212033,Lwówek Śląski,niskie ryzyko,97.44326092149171,98.4637286997628,66.95356896549332,63.881344747225064,30.489691955998406,34.58238395253772,68.71,31.29
02,DOLNOŚLĄSKIE,0212,lwówecki,0212033,Lwówek Śląski,wysokie ryzyko,243.64630070219985,236.1589796562316,213.4657198491472,207.99777807621192,30.180580853052632,28.16120158001968,87.61,12.39
02,DOLNOŚLĄSKIE,0212,lwówecki,0212043,Mirsk,niskie ryzyko,158.77859226834673,152.20952827373625,132.99432939673883,126.4729812143578,25.784262871607897,25.736547059378456,83.76,16.24
02,DOLNOŚLĄSKIE,0212,lwówecki,0212043,Mirsk,wysokie ryzyko,185.76921736489572,185.22429220062955,113.2792872004772,112.96160414623048,72.48993016441851,72.26268805439908,60.98,39.02
02,DOLNOŚLĄSKIE,0212,lwówecki,0212053,Wleń,niskie ryzyko,226.1786050774116,409.3964457358,173.86537994114184,357.94380831388634,52.31322513626975,51.45263742191368,76.87,23.13
02,DOLNOŚLĄSKIE,0212,lwówecki,0212053,Wleń,wysokie ryzyko,1249.8012061417828,1117.0802674918489,1226.2967401852748,1093.5758015353408,23.504465956508135,23.504465956508135,98.12,1.88
02,DOLNOŚLĄSKIE,0213,milicki,0213022,Krośnice,niskie ryzyko,4.799718873608832,4.799718873608832,0.0,0.0,4.799718873608832,4.799718873608832,0.0,100.0
02,DOLNOŚLĄSKIE,0213,milicki,0213033,Milicz,niskie ryzyko,325.1499374266734,309.0641060283424,204.2992261647729,188.990869039016,120.8507112619005,120.0732369893264,62.83,37.17
02,DOLNOŚLĄSKIE,0213,milicki,0213033,Milicz,wysokie ryzyko,456.29464997926215,447.4731219359592,402.2423708212545,393.4208427779516,54.05227915800764,54.05227915800764,88.15,11.85
02,DOLNOŚLĄSKIE,0214,oleśnicki,0214023,Bierutów,niskie ryzyko,60.25846726221539,59.018438372797846,47.575525227939835,46.33549633852229,12.682942034275548,12.682942034275548,78.95,21.05
02,DOLNOŚLĄSKIE,0214,oleśnicki,0214023,Bierutów,wysokie ryzyko,43.19340965075007,36.34362377231441,42.70584074332223,35.856054864886566,0.4875689074278412,0.4875689074278412,98.87,1.13
02,DOLNOŚLĄSKIE,0214,oleśnicki,0214053,Międzybórz,niskie ryzyko,0.9991531265089088,0.9991531265089088,0.0,0.0,0.9991531265089088,0.9991531265089088,0.0,100.0
02,DOLNOŚLĄSKIE,0214,oleśnicki,0214073,Syców,niskie ryzyko,5.532804633789857,5.532804633789856,0.0,0.0,5.532804633789857,5.532804633789856,0.0,100.0
02,DOLNOŚLĄSKIE,0214,oleśnicki,0214073,Syców,wysokie ryzyko,6.055262885888679,6.055262885888678,0.0,0.0,6.055262885888679,6.055262885888678,0.0,100.0
02,DOLNOŚLĄSKIE,0215,oławski,0215033,Jelcz-Laskowice,niskie ryzyko,209.9464128770836,200.8882480810329,16.574149548729743,13.51938880373032,193.37226332835388,187.3688592773026,7.89,92.11
02,DOLNOŚLĄSKIE,0215,oławski,0215033,Jelcz-Laskowice,wysokie ryzyko,321.3699620701741,292.3650421970928,16.190898211794796,11.219409838883388,305.1790638583793,281.1456323582094,5.04,94.96
02,DOLNOŚLĄSKIE,0215,oławski,0215011,Oława,niskie ryzyko,2193.545252162316,2242.8699785302024,1837.697955876136,1944.8340836467432,355.84729628618027,298.0358948834595,83.78,16.22
02,DOLNOŚLĄSKIE,0215,oławski,0215042,Oława,niskie ryzyko,933.4714630951396,938.5847449394377,400.05813872571906,405.2907800276889,533.4133243694205,533.2939649117485,42.86,57.14
02,DOLNOŚLĄSKIE,0215,oławski,0215011,Oława,wysokie ryzyko,5720.393022710439,6538.882348444073,5249.99392985036,6132.9238838590345,470.3990928600786,405.9584645850384,91.78,8.22
02,DOLNOŚLĄSKIE,0215,oławski,0215042,Oława,wysokie ryzyko,819.9266800043216,812.9959015835508,228.48899516095696,224.52719396132755,591.4376848433647,588.4687076222232,27.87,72.13
02,DOLNOŚLĄSKIE,0216,polkowicki,0216032,Grębocice,niskie ryzyko,111.7509352963329,111.7509352963329,105.07860715411974,105.07860715411974,6.672328142213159,6.672328142213159,94.03,5.97
02,DOLNOŚLĄSKIE,0216,polkowicki,0216032,Grębocice,wysokie ryzyko,62.92962052984758,62.92962052984758,62.92962052984758,62.92962052984758,0.0,0.0,100.0,0.0
02,DOLNOŚLĄSKIE,0216,polkowicki,0216062,Radwanice,niskie ryzyko,0.0288088323241891,1.264436228385887,0.0288088323241891,1.264436228385887,0.0,0.0,100.0,0.0
02,DOLNOŚLĄSKIE,0216,polkowicki,0216062,Radwanice,wysokie ryzyko,18.185299061787315,14.45393202471251,18.185299061787315,14.45393202471251,0.0,0.0,100.0,0.0
02,DOLNOŚLĄSKIE,0217,strzeliński,0217012,Borów,niskie ryzyko,78.80752548177539,73.16624706122502,75.01502255300817,69.3737441324578,3.792502928767226,3.792502928767226,95.19,4.81
02,DOLNOŚLĄSKIE,0217,strzeliński,0217012,Borów,wysokie ryzyko,46.073444056550386,47.215291993582085,46.073444056550386,47.215291993582085,0.0,0.0,100.0,0.0
02,DOLNOŚLĄSKIE,0217,strzeliński,0217022,Kondratowice,niskie ryzyko,74.27800964803033,67.05120092293272,57.05321190196528,49.82640317686767,17.22479774606505,17.22479774606505,76.81,23.19
02,DOLNOŚLĄSKIE,0217,strzeliński,0217022,Kondratowice,wysokie ryzyko,102.70716010407472,90.64723354600486,102.70716010407472,90.64723354600486,0.0,0.0,100.0,0.0
02,DOLNOŚLĄSKIE,0217,strzeliński,0217032,Przeworno,niskie ryzyko,34.86147385474398,32.95081540379372,18.072863856804993,16.162205405854735,16.788609997938984,16.788609997938984,51.84,48.16
02,DOLNOŚLĄSKIE,0217,strzeliński,0217043,Strzelin,niskie ryzyko,83.29385668884294,73.40943311405319,33.621895515380345,23.86458749249093,49.67196117346259,49.54484562156226,40.37,59.63
02,DOLNOŚLĄSKIE,0217,strzeliński,0217043,Strzelin,wysokie ryzyko,142.2536951279651,125.69195298407423,112.7502433079116,96.18850116402072,29.50345182005352,29.503451820053517,79.26,20.74
02,DOLNOŚLĄSKIE,0217,strzeliński,0217053,Wiązów,niskie ryzyko,225.81037763953623,209.234951381678,191.85388167323856,175.2784554153803,33.956495966297666,33.956495966297666,84.96,15.04
02,DOLNOŚLĄSKIE,0217,strzeliński,0217053,Wiązów,wysokie ryzyko,138.22377170712224,116.56405049203885,138.22377170712224,116.56405049203885,0.0,0.0,100.0,0.0
02,DOLNOŚLĄSKIE,0220,trzebnicki,0220013,Oborniki Śląskie,niskie ryzyko,322.01982193923493,322.82919899160436,77.83237988214684,76.151582236441,244.1874420570881,246.67761675516337,24.17,75.83
02,DOLNOŚLĄSKIE,0220,trzebnicki,0220013,Oborniki Śląskie,wysokie ryzyko,743.6880308723206,750.9098022313137,337.96155934718826,345.9615798397298,405.7264715251323,404.9482223915839,45.44,54.56
02,DOLNOŚLĄSKIE,0220,trzebnicki,0220042,Wisznia Mała,niskie ryzyko,292.6886540271808,277.3108306974156,0.4201059886879861,0.3482310134390589,292.2685480384928,276.9625996839766,0.14,99.86
02,DOLNOŚLĄSKIE,0220,trzebnicki,0220042,Wisznia Mała,wysokie ryzyko,278.8229399659598,270.6298249092562,0.0,0.0,278.8229399659598,270.6298249092562,0.0,100.0
02,DOLNOŚLĄSKIE,0220,trzebnicki,0220063,Żmigród,niskie ryzyko,1295.7843533402324,1247.2170419828064,954.330365412287,905.8095430497352,341.4539879279454,341.4074989330712,73.65,26.35
02,DOLNOŚLĄSKIE,0220,trzebnicki,0220063,Żmigród,wysokie ryzyko,2068.09957140068,2004.8401529739272,1796.4359365977305,1738.3285954683545,271.66363480294956,266.5115575055726,86.86,13.14
02,DOLNOŚLĄSKIE,0221,wałbrzyski,0221011,Boguszów-Gorce,niskie ryzyko,25.411679883378007,25.411679883378003,16.824531149211417,16.824531149211413,8.58714873416659,8.58714873416659,66.21,33.79
02,DOLNOŚLĄSKIE,0221,wałbrzyski,0221011,Boguszów-Gorce,wysokie ryzyko,11.415856552480289,11.41585655248029,11.415856552480289,11.41585655248029,0.0,0.0,100.0,0.0
02,DOLNOŚLĄSKIE,0221,wałbrzyski,0221042,Czarny Bór,niskie ryzyko,180.05451004054822,159.99003816031694,180.05451004054822,159.99003816031694,0.0,0.0,100.0,0.0
02,DOLNOŚLĄSKIE,0221,wałbrzyski,0221042,Czarny Bór,wysokie ryzyko,139.84592931619437,127.35663154251696,133.9844671940425,121.49516942036507,5.861462122151872,5.861462122151871,95.81,4.19
02,DOLNOŚLĄSKIE,0221,wałbrzyski,0221053,Głuszyca,niskie ryzyko,20.45562989564666,20.891674655030307,12.26743408377203,12.26743408377203,8.188195811874628,8.624240571258277,59.97,40.03
02,DOLNOŚLĄSKIE,0221,wałbrzyski,0221053,Głuszyca,wysokie ryzyko,35.350388490273396,33.73898405858036,8.474020891815458,8.474020891815456,26.87636759845794,25.264963166764904,23.97,76.03
02,DOLNOŚLĄSKIE,0221,wałbrzyski,0221021,Jedlina-Zdrój,niskie ryzyko,67.75829803201621,66.69653458532082,47.040642706977195,46.8427211843011,20.71765532503902,19.85381340101971,69.42,30.58
02,DOLNOŚLĄSKIE,0221,wałbrzyski,0221021,Jedlina-Zdrój,wysokie ryzyko,14.9500634122944,16.661505002946093,14.9500634122944,16.661505002946093,0.0,0.0,100.0,0.0
02,DOLNOŚLĄSKIE,0221,wałbrzyski,0221072,Stare Bogaczowice,niskie ryzyko,60.46371525773946,56.98362174101902,20.042413882580753,16.562320365860305,40.421301375158706,40.42130137515871,33.15,66.85
02,DOLNOŚLĄSKIE,0221,wałbrzyski,0221072,Stare Bogaczowice,wysokie ryzyko,5.703778056614697,5.703778056614697,0.0,0.0,5.703778056614697,5.703778056614697,0.0,100.0
02,DOLNOŚLĄSKIE,0221,wałbrzyski,0221082,Walim,niskie ryzyko,48.44810931976728,67.45118324594097,34.1362116030861,34.1362116030861,14.311897716681182,33.31497164285485,70.46,29.54
02,DOLNOŚLĄSKIE,0221,wałbrzyski,0221082,Walim,wysokie ryzyko,6.509533023610132,6.509533023610133,0.0,0.0,6.509533023610132,6.509533023610133,0.0,100.0
02,DOLNOŚLĄSKIE,0222,wołowski,0222013,Brzeg Dolny,niskie ryzyko,445.49766771259,458.7719818947656,346.22686397569566,358.95625044584557,99.27080373689436,99.81573144892,77.72,22.28
02,DOLNOŚLĄSKIE,0222,wołowski,0222013,Brzeg Dolny,wysokie ryzyko,1296.2546951990344,1296.5921567027376,1158.7409350151916,1158.7829698825833,137.51376018384292,137.80918682015434,89.39,10.61
02,DOLNOŚLĄSKIE,0222,wołowski,0222022,Wińsko,niskie ryzyko,568.9844953044114,557.4174755371567,196.4671154944298,202.42726444735248,372.5173798099817,354.9902110898043,34.53,65.47
02,DOLNOŚLĄSKIE,0222,wołowski,0222022,Wińsko,wysokie ryzyko,518.4650306609478,520.3335506707176,196.1688629142803,193.1760265609279,322.2961677466675,327.1575241097896,37.84,62.16
02,DOLNOŚLĄSKIE,0222,wołowski,0222033,Wołów,niskie ryzyko,251.33532101252152,243.57279576907237,89.85233231118951,79.2160075106265,161.482988701332,164.35678825844587,35.75,64.25
02,DOLNOŚLĄSKIE,0222,wołowski,0222033,Wołów,wysokie ryzyko,174.40662816641645,172.8129681275439,5.651994621246078,4.628380570996308,168.75463354517038,168.18458755654763,3.24,96.76
02,DOLNOŚLĄSKIE,0223,wrocławski,0223012,Czernica,niskie ryzyko,4425.596672041808,4452.624370714241,1616.2124749267657,1618.5840800799756,2809.384197115043,2834.040290634266,36.52,63.48
02,DOLNOŚLĄSKIE,0223,wrocławski,0223012,Czernica,wysokie ryzyko,5233.545318615151,5206.09406495111,2639.4699382370477,2737.3146550220104,2594.075380378102,2468.7794099291,50.43,49.57
02,DOLNOŚLĄSKIE,0223,wrocławski,0223022,Długołęka,niskie ryzyko,317.5906633526457,311.2235456447553,56.97227303350262,56.24120352330505,260.6183903191431,254.98234212145024,17.94,82.06
02,DOLNOŚLĄSKIE,0223,wrocławski,0223022,Długołęka,wysokie ryzyko,137.6687628660875,143.90041365946104,18.112571022679504,27.674497480952738,119.55619184340796,116.22591617850831,13.16,86.84
02,DOLNOŚLĄSKIE,0223,wrocławski,0223032,Jordanów Śląski,niskie ryzyko,105.23368128534024,105.2099102029468,103.09941230778584,103.0756412253924,2.1342689775544055,2.1342689775544055,97.97,2.03
02,DOLNOŚLĄSKIE,0223,wrocławski,0223032,Jordanów Śląski,wysokie ryzyko,59.33693608901311,59.33693608901311,46.36436078513682,46.36436078513682,12.972575303876289,12.972575303876289,78.14,21.86
02,DOLNOŚLĄSKIE,0223,wrocławski,0223052,Kobierzyce,niskie ryzyko,28.022917743795492,27.648512633377912,28.022917743795492,27.648512633377912,0.0,0.0,100.0,0.0
02,DOLNOŚLĄSKIE,0223,wrocławski,0223052,Kobierzyce,wysokie ryzyko,26.21294685028784,25.791174901784498,26.21294685028784,25.791174901784498,0.0,0.0,100.0,0.0
02,DOLNOŚLĄSKIE,0223,wrocławski,0223043,Kąty Wrocławskie,niskie ryzyko,2332.293941533306,2399.8222848949163,1367.4966664348606,1461.0393716581364,964.7972750984457,938.78291323678,58.63,41.37
02,DOLNOŚLĄSKIE,0223,wrocławski,0223043,Kąty Wrocławskie,wysokie ryzyko,5117.419238880441,5137.07372066162,2831.658485365359,2826.899244661742,2285.7607535150833,2310.1744759998783,55.33,44.67
02,DOLNOŚLĄSKIE,0223,wrocławski,0223062,Mietków,niskie ryzyko,668.9280660869972,657.9251555848301,388.8622394704603,378.67019639004695,280.0658266165369,279.2549591947832,58.13,41.87
02,DOLNOŚLĄSKIE,0223,wrocławski,0223062,Mietków,wysokie ryzyko,479.7020747035592,487.634390019096,263.56823988327824,271.6487553168864,216.13383482028095,215.9856347022097,54.94,45.06
02,DOLNOŚLĄSKIE,0223,wrocławski,0223083,Siechnice,niskie ryzyko,2668.695878254867,2374.84951704581,1715.1826128838827,1474.5043826125452,953.5132653709836,900.3451344332647,64.27,35.73
02,DOLNOŚLĄSKIE,0223,wrocławski,0223083,Siechnice,wysokie ryzyko,3291.917067025132,3563.420278222458,1771.95706225738,1736.9055529799464,1519.9600047677525,1826.514725242512,53.83,46.17
02,DOLNOŚLĄSKIE,0223,wrocławski,0223073,Sobótka,niskie ryzyko,336.8599001647942,334.6651629968854,148.1615446738344,147.4741263777303,188.69835549095984,187.19103661915508,43.98,56.02
02,DOLNOŚLĄSKIE,0223,wrocławski,0223073,Sobótka,wysokie ryzyko,306.54205558919386,305.42320061892593,191.5433332221838,190.72793569201264,114.99872236701005,114.69526492691324,62.49,37.51
02,DOLNOŚLĄSKIE,0223,wrocławski,0223092,Żórawina,niskie ryzyko,67.56522383122694,67.60870582981133,0.4474456306869527,0.4474456306869527,67.11777820054,67.16126019912437,0.66,99.34
02,DOLNOŚLĄSKIE,0223,wrocławski,0223092,Żórawina,wysokie ryzyko,68.9960270820269,68.48073406008123,0.0,0.0,68.9960270820269,68.48073406008123,0.0,100.0
02,DOLNOŚLĄSKIE,0225,zgorzelecki,0225033,Bogatynia,niskie ryzyko,348.88424606326464,343.3711089562248,296.6868286063089,297.7666135612304,52.19741745695576,45.60449539499445,85.04,14.96
02,DOLNOŚLĄSKIE,0225,zgorzelecki,0225033,Bogatynia,wysokie ryzyko,942.676216767438,1132.2165256865085,842.9441640063675,1019.3650671672837,99.73205276107052,112.85145851922488,89.42,10.58
02,DOLNOŚLĄSKIE,0225,zgorzelecki,0225043,Pieńsk,niskie ryzyko,71.65782835259596,77.44688172775984,5.643909059001222,12.166628696539709,66.01391929359474,65.28025303122014,7.88,92.12
02,DOLNOŚLĄSKIE,0225,zgorzelecki,0225043,Pieńsk,wysokie ryzyko,119.72177403407728,112.20943351122628,15.552281534578391,8.935443723713572,104.16949249949889,103.27398978751268,12.99,87.01
02,DOLNOŚLĄSKIE,0225,zgorzelecki,0225052,Sulików,niskie ryzyko,118.06111074756323,110.751118002632,80.2763614801996,74.1756049199308,37.784749267363665,36.57551308270122,68.0,32.0
02,DOLNOŚLĄSKIE,0225,zgorzelecki,0225052,Sulików,wysokie ryzyko,38.806815371659496,30.581583237241375,21.14897492765602,20.10197760175552,17.657840444003472,10.47960563548586,54.5,45.5
02,DOLNOŚLĄSKIE,0225,zgorzelecki,0225011,Zawidów,niskie ryzyko,99.76027490075022,77.12675489412052,76.76451054449657,54.73769633667231,22.99576435625364,22.38905855744822,76.95,23.05
02,DOLNOŚLĄSKIE,0225,zgorzelecki,0225011,Zawidów,wysokie ryzyko,150.12887830461707,105.25188324663291,146.9191641531245,100.89430870783676,3.20971415149256,4.35757453879616,97.86,2.14
02,DOLNOŚLĄSKIE,0225,zgorzelecki,0225021,Zgorzelec,niskie ryzyko,153.37014301363007,145.67990456878957,153.37014301363007,145.67990456878957,0.0,0.0,100.0,0.0
02,DOLNOŚLĄSKIE,0225,zgorzelecki,0225072,Zgorzelec,niskie ryzyko,186.08511819769495,199.17520901150252,94.35695150675988,110.7863669702766,91.7281666909351,88.3888420412259,50.71,49.29
02,DOLNOŚLĄSKIE,0225,zgorzelecki,0225021,Zgorzelec,wysokie ryzyko,241.2921929372724,286.26556583908246,241.2921929372724,286.26556583908246,0.0,0.0,100.0,0.0
02,DOLNOŚLĄSKIE,0225,zgorzelecki,0225072,Zgorzelec,wysokie ryzyko,180.06937242259923,163.586080994029,169.0688157609489,152.58552433237864,11.00055666165036,11.00055666165036,93.89,6.11
02,DOLNOŚLĄSKIE,0224,ząbkowicki,0224013,Bardo,niskie ryzyko,243.35049817721344,268.63250808259545,212.60944526104473,215.3008829667264,30.74105291616871,53.33162511586901,87.37,12.63
02,DOLNOŚLĄSKIE,0224,ząbkowicki,0224013,Bardo,wysokie ryzyko,622.8001838570851,946.3663941361727,540.2551410174204,878.1877009764185,82.5450428396647,68.17869315975437,86.75,13.25
02,DOLNOŚLĄSKIE,0224,ząbkowicki,0224033,Kamieniec Ząbkowicki,niskie ryzyko,254.42525965277432,244.390452706684,248.0540162093102,239.4502338063855,6.371243443464145,4.9402189002984835,97.5,2.5
02,DOLNOŚLĄSKIE,0224,ząbkowicki,0224033,Kamieniec Ząbkowicki,wysokie ryzyko,872.654120988042,868.890618366722,871.763128509698,868.2855189016584,0.89099247834395,0.6050994650636169,99.9,0.1
02,DOLNOŚLĄSKIE,0224,ząbkowicki,0224063,Ziębice,niskie ryzyko,173.4477243483177,128.773569126422,160.94873466555327,119.35248960876336,12.498989682764469,9.421079517658615,92.79,7.21
02,DOLNOŚLĄSKIE,0224,ząbkowicki,0224063,Ziębice,wysokie ryzyko,84.57047443099835,76.30661975185049,69.1846397995905,61.065530256096274,15.385834631407846,15.24108949575422,81.81,18.19
02,DOLNOŚLĄSKIE,0224,ząbkowicki,0224053,Ząbkowice Śląskie,niskie ryzyko,50.14477326674025,49.91135533596669,0.9799183052464228,0.7465003744728558,49.16485496149383,49.16485496149383,1.95,98.05
02,DOLNOŚLĄSKIE,0226,złotoryjski,0226032,Pielgrzymka,niskie ryzyko,68.29490568774207,65.50191432721736,58.42340006046463,55.63040869993992,9.871505627277443,9.871505627277443,85.55,14.45
02,DOLNOŚLĄSKIE,0226,złotoryjski,0226032,Pielgrzymka,wysokie ryzyko,19.76532882636216,19.364297899920633,3.366493783174359,2.9654628567328354,16.398835043187802,16.3988350431878,17.03,82.97
02,DOLNOŚLĄSKIE,0226,złotoryjski,0226011,Wojcieszów,niskie ryzyko,22.93210572796267,22.460883675647203,19.74013828735342,19.740138287353425,3.191967440609252,2.7207453882937784,86.08,13.92
02,DOLNOŚLĄSKIE,0226,złotoryjski,0226011,Wojcieszów,wysokie ryzyko,95.6884685607612,132.78431725640897,12.345585477698872,11.934674442232067,83.34288308306233,120.84964281417692,12.9,87.1
02,DOLNOŚLĄSKIE,0226,złotoryjski,0226052,Zagrodno,niskie ryzyko,130.9874869906607,130.7305227948566,72.40586853564034,72.40586853564032,58.58161845502037,58.32465425921626,55.28,44.72
02,DOLNOŚLĄSKIE,0226,złotoryjski,0226052,Zagrodno,wysokie ryzyko,18.708472293741167,18.708472293741167,11.171111921715184,11.171111921715184,7.537360372025985,7.537360372025985,59.71,40.29
02,DOLNOŚLĄSKIE,0226,złotoryjski,0226062,Złotoryja,niskie ryzyko,69.08243440300998,68.67251074713424,13.91861125295011,13.23532720541134,55.16382315005987,55.437183541722895,20.15,79.85
02,DOLNOŚLĄSKIE,0226,złotoryjski,0226021,Złotoryja,niskie ryzyko,71.98559934420983,71.95946322313131,34.69875658544375,36.14684545021037,37.28684275876608,35.812617772920945,48.2,51.8
02,DOLNOŚLĄSKIE,0226,złotoryjski,0226021,Złotoryja,wysokie ryzyko,179.80039836864393,138.6416264869666,63.19124686705736,61.79595240125803,116.60915150158658,76.84567408570858,35.15,64.85
02,DOLNOŚLĄSKIE,0226,złotoryjski,0226062,Złotoryja,wysokie ryzyko,84.87769341796894,81.65669306426258,43.280117779715326,41.83899369118975,41.597575638253616,39.81769937307284,50.99,49.01
02,DOLNOŚLĄSKIE,0226,złotoryjski,0226043,Świerzawa,niskie ryzyko,376.0951525355874,355.9629278301492,174.71903758953127,158.58446277200017,201.37611494605608,197.378465058149,46.46,53.54
02,DOLNOŚLĄSKIE,0226,złotoryjski,0226043,Świerzawa,wysokie ryzyko,699.2802733386959,433.0583391668226,460.6284297365737,203.04277405337905,238.65184360212223,230.01556511344353,65.87,34.13
02,DOLNOŚLĄSKIE,0218,średzki,0218012,Kostomłoty,niskie ryzyko,70.77962400235312,70.47383932045992,24.71216990706286,24.64908756367692,46.06745409529026,45.82475175678299,34.91,65.09
02,DOLNOŚLĄSKIE,0218,średzki,0218012,Kostomłoty,wysokie ryzyko,99.5272540366178,99.44998362554864,24.14570210978392,24.06843169871476,75.38155192683388,75.38155192683388,24.26,75.74
02,DOLNOŚLĄSKIE,0218,średzki,0218022,Malczyce,niskie ryzyko,47.16369939048791,53.14492539977777,46.2258383661415,52.20706437543136,0.9378610243464124,0.9378610243464124,98.01,1.99
02,DOLNOŚLĄSKIE,0218,średzki,0218022,Malczyce,wysokie ryzyko,14.323005539879016,13.886553921116349,11.654987483313183,11.21853586455052,2.66801805656583,2.66801805656583,81.37,18.63
02,DOLNOŚLĄSKIE,0218,średzki,0218033,Miękinia,niskie ryzyko,1608.3895254347087,1596.911893923785,237.8453448070615,248.404340254108,1370.5441806276472,1348.5075536696772,14.79,85.21
02,DOLNOŚLĄSKIE,0218,średzki,0218033,Miękinia,wysokie ryzyko,1657.6021549048205,1659.7823900257747,347.564901277662,342.53166626407636,1310.0372536271589,1317.2507237616985,20.97,79.03
02,DOLNOŚLĄSKIE,0218,średzki,0218043,Środa Śląska,niskie ryzyko,468.6158751542545,463.94354099104874,96.75512362315376,88.15792091346765,371.86075153110073,375.78562007758103,20.65,79.35
02,DOLNOŚLĄSKIE,0218,średzki,0218043,Środa Śląska,wysokie ryzyko,370.2960561666374,374.0241687228357,101.47540635361406,108.0908899863676,268.82064981302335,265.9332787364681,27.4,72.6
02,DOLNOŚLĄSKIE,0219,świdnicki,0219032,Dobromierz,niskie ryzyko,533.3940701312908,529.1683874957265,404.6096073888733,400.8527976271243,128.7844627424176,128.3155898686022,75.86,24.14
02,DOLNOŚLĄSKIE,0219,świdnicki,0219032,Dobromierz,wysokie ryzyko,870.6661162858647,870.8430819338353,751.7704346982556,752.5907910817293,118.89568158760922,118.25229085210589,86.34,13.66
02,DOLNOŚLĄSKIE,0219,świdnicki,0219043,Jaworzyna Śląska,niskie ryzyko,47.058888228132254,47.05888822813226,47.058888228132254,47.05888822813226,0.0,0.0,100.0,0.0
02,DOLNOŚLĄSKIE,0219,świdnicki,0219052,Marcinowice,niskie ryzyko,110.842430884256,110.0747350443882,89.43962491523602,88.86827488427022,21.40280596901999,21.206460160117985,80.69,19.31
02,DOLNOŚLĄSKIE,0219,świdnicki,0219052,Marcinowice,wysokie ryzyko,193.8913779389831,205.78391354621783,188.2771478233548,187.23149574279273,5.614230115628359,18.552417803425083,97.1,2.9
02,DOLNOŚLĄSKIE,0219,świdnicki,0219063,Strzegom,niskie ryzyko,968.3274935529612,933.254205239104,399.54242727880705,391.2724149592424,568.7850662741541,541.9817902798613,41.26,58.74
02,DOLNOŚLĄSKIE,0219,świdnicki,0219063,Strzegom,wysokie ryzyko,2231.3100235274073,2162.9887901908487,956.247410879782,929.4415342974866,1275.0626126476254,1233.5472558933625,42.86,57.14
02,DOLNOŚLĄSKIE,0219,świdnicki,0219011,Świdnica,niskie ryzyko,988.171896075474,883.402286559188,56.24820485884791,53.22452880513625,931.923691216626,830.1777577540518,5.69,94.31
02,DOLNOŚLĄSKIE,0219,świdnicki,0219072,Świdnica,niskie ryzyko,474.238515735851,462.1405311157743,152.13775121816315,146.70784669433203,322.1007645176879,315.4326844214423,32.08,67.92
02,DOLNOŚLĄSKIE,0219,świdnicki,0219011,Świdnica,wysokie ryzyko,3990.536004205,4357.108712580395,183.08290186387063,174.28596055223585,3807.4531023411287,4182.82275202816,4.59,95.41
02,DOLNOŚLĄSKIE,0219,świdnicki,0219072,Świdnica,wysokie ryzyko,713.8484144417598,703.4605706562985,143.37570599995323,137.24666078333595,570.4727084418065,566.2139098729625,20.08,79.92
02,DOLNOŚLĄSKIE,0219,świdnicki,0219021,Świebodzice,niskie ryzyko,192.06444440062575,178.8090163330481,48.431327344589306,39.16929544985492,143.63311705603644,139.63972088319323,25.22,74.78
02,DOLNOŚLĄSKIE,0219,świdnicki,0219021,Świebodzice,wysokie ryzyko,408.2139973918328,394.781697430196,88.930804347028,65.23111846870316,319.28319304480476,329.5505789614928,21.79,78.21
02,DOLNOŚLĄSKIE,0219,świdnicki,0219083,Żarów,niskie ryzyko,158.3893295522769,155.93215089033674,71.36509076426253,70.77319941086897,87.02423878801436,85.15895147946779,45.06,54.94
02,DOLNOŚLĄSKIE,0219,świdnicki,0219083,Żarów,wysokie ryzyko,159.23778168126032,151.83273835876477,102.89984125857588,95.65095508257832,56.33794042268442,56.181783276186465,64.62,35.38
04,KUJAWSKO-POMORSKIE,0461,Bydgoszcz,0461011,Bydgoszcz,niskie ryzyko,2435.7366260685344,2248.363273485287,1652.209954805233,1492.569168615688,783.5266712633011,755.7941048695991,67.83,32.17
04,KUJAWSKO-POMORSKIE,0461,Bydgoszcz,0461011,Bydgoszcz,wysokie ryzyko,5358.448028164148,5850.374253279776,4230.975151400939,4693.345524303285,1127.47287676321,1157.0287289764904,78.96,21.04
04,KUJAWSKO-POMORSKIE,0462,Grudziądz,0462011,Grudziądz,niskie ryzyko,265.60930215888527,246.41376495460625,100.33792209516504,83.14081917742755,165.27138006372024,163.27294577717868,37.78,62.22
04,KUJAWSKO-POMORSKIE,0462,Grudziądz,0462011,Grudziądz,wysokie ryzyko,361.02228559872583,855.0794436749985,243.2728403807483,740.3951791386853,117.74944521797752,114.68426453631324,67.38,32.62
04,KUJAWSKO-POMORSKIE,0463,Toruń,0463011,Toruń,niskie ryzyko,1101.1342189470824,1201.4474646915646,607.7809794451006,752.2513530982708,493.353239501982,449.1961115932937,55.2,44.8
04,KUJAWSKO-POMORSKIE,0463,Toruń,0463011,Toruń,wysokie ryzyko,1400.0825874502416,1841.2623018145105,567.4941338437934,1007.4477347660992,832.5884536064483,833.8145670484112,40.53,59.47
04,KUJAWSKO-POMORSKIE,0464,Włocławek,0464011,Włocławek,niskie ryzyko,977.5187792771844,1311.1914790117744,126.17640512422842,118.85900696381088,851.3423741529559,1192.3324720479636,12.91,87.09
04,KUJAWSKO-POMORSKIE,0464,Włocławek,0464011,Włocławek,wysokie ryzyko,3652.9027850341786,3128.752041901136,62.68202538492806,52.77872657907432,3590.220759649251,3075.973315322062,1.72,98.28
04,KUJAWSKO-POMORSKIE,0401,aleksandrowski,0401042,Aleksandrów Kujawski,niskie ryzyko,554.4628658037092,539.8458064816823,448.4863923063437,446.8827593554389,105.97647349736545,92.9630471262434,80.89,19.11
04,KUJAWSKO-POMORSKIE,0401,aleksandrowski,0401011,Aleksandrów Kujawski,niskie ryzyko,6.076882958265963,6.076882958265964,0.0,0.0,6.076882958265963,6.076882958265964,0.0,100.0
04,KUJAWSKO-POMORSKIE,0401,aleksandrowski,0401042,Aleksandrów Kujawski,wysokie ryzyko,117.32740428466636,113.11750831058932,101.02642114969149,100.6594568290512,16.300983134974878,12.458051481538122,86.11,13.89
04,KUJAWSKO-POMORSKIE,0401,aleksandrowski,0401021,Ciechocinek,niskie ryzyko,1887.052946925616,1934.1185521850475,1797.8427624399417,1845.45893699295,89.2101844856743,88.65961519209779,95.27,4.73
04,KUJAWSKO-POMORSKIE,0401,aleksandrowski,0401021,Ciechocinek,wysokie ryzyko,5511.620805133011,5080.115737078422,5466.28968470726,5032.958352636973,45.33112042575127,47.1573844414485,99.18,0.82
04,KUJAWSKO-POMORSKIE,0401,aleksandrowski,0401062,Koneck,niskie ryzyko,12.94791027734725,10.969078727186329,12.94791027734725,10.969078727186329,0.0,0.0,100.0,0.0
04,KUJAWSKO-POMORSKIE,0401,aleksandrowski,0401031,Nieszawa,niskie ryzyko,70.31774679785052,62.49276638256655,70.31774679785052,62.49276638256655,0.0,0.0,100.0,0.0
04,KUJAWSKO-POMORSKIE,0401,aleksandrowski,0401031,Nieszawa,wysokie ryzyko,105.34626198632786,102.34288930969691,105.34626198632786,102.34288930969691,0.0,0.0,100.0,0.0
04,KUJAWSKO-POMORSKIE,0401,aleksandrowski,0401072,Raciążek,niskie ryzyko,434.7611384469055,448.73161463474,323.5699141943212,337.5403903821557,111.19122425258428,111.19122425258428,74.42,25.58
04,KUJAWSKO-POMORSKIE,0401,aleksandrowski,0401072,Raciążek,wysokie ryzyko,127.11466592658309,160.39707942252076,116.74982707050562,150.0322405664433,10.364838856077457,10.364838856077457,91.85,8.15
04,KUJAWSKO-POMORSKIE,0401,aleksandrowski,0401082,Waganiec,niskie ryzyko,2.3333333333333335,2.3333333333333335,0.0,0.0,2.3333333333333335,2.3333333333333335,0.0,100.0
04,KUJAWSKO-POMORSKIE,0402,brodnicki,0402011,Brodnica,niskie ryzyko,192.3696832357566,175.98403944415546,190.72282161456516,175.15786206836543,1.646861621191447,0.8261773757900149,99.14,0.86
04,KUJAWSKO-POMORSKIE,0402,brodnicki,0402032,Brodnica,niskie ryzyko,5.374535560848923,5.136171297303474,0.0,0.0,5.374535560848923,5.136171297303474,0.0,100.0
04,KUJAWSKO-POMORSKIE,0402,brodnicki,0402011,Brodnica,wysokie ryzyko,555.9255782939249,694.9236364285304,463.2844332727578,645.2944762148524,92.64114502116718,49.62916021367799,83.34,16.66
04,KUJAWSKO-POMORSKIE,0402,brodnicki,0402042,Brzozie,niskie ryzyko,1.0,1.0,0.0,0.0,1.0,1.0,0.0,100.0
04,KUJAWSKO-POMORSKIE,0403,bydgoski,0403012,Białe Błota,niskie ryzyko,816.5391367141633,814.3109248656685,176.1948488826977,170.5775806664537,640.3442878314656,643.7333441992149,21.58,78.42
04,KUJAWSKO-POMORSKIE,0403,bydgoski,0403012,Białe Błota,wysokie ryzyko,482.74699983093944,506.6293821921947,266.5428873153301,285.5218918318911,216.20411251560932,221.1074903603036,55.21,44.79
04,KUJAWSKO-POMORSKIE,0403,bydgoski,0403032,Dobrcz,niskie ryzyko,55.05566504129224,54.74742035956847,0.0,0.0,55.05566504129224,54.74742035956847,0.0,100.0
04,KUJAWSKO-POMORSKIE,0403,bydgoski,0403032,Dobrcz,wysokie ryzyko,14.930760687627789,14.814322372785824,0.0,0.0,14.930760687627789,14.814322372785824,0.0,100.0
04,KUJAWSKO-POMORSKIE,0403,bydgoski,0403022,Dąbrowa Chełmińska,niskie ryzyko,608.5651582287107,586.3997824765687,341.40031648170964,322.9856210255011,267.164841747001,263.4141614510676,56.1,43.9
04,KUJAWSKO-POMORSKIE,0403,bydgoski,0403022,Dąbrowa Chełmińska,wysokie ryzyko,370.94793163582153,366.8360964534541,126.64038108895912,126.89892132932358,244.30755054686244,239.93717512413048,34.14,65.86
04,KUJAWSKO-POMORSKIE,0403,bydgoski,0403043,Koronowo,niskie ryzyko,309.9651312331757,353.1586427613461,302.53156551727767,344.35517263512685,7.433565715898048,8.803470126219196,97.6,2.4
04,KUJAWSKO-POMORSKIE,0403,bydgoski,0403043,Koronowo,wysokie ryzyko,1697.6883002346808,1650.7282817696507,1694.1481073679236,1647.1880889028937,3.54019286675722,3.54019286675722,99.79,0.21
04,KUJAWSKO-POMORSKIE,0403,bydgoski,0403052,Nowa Wieś Wielka,niskie ryzyko,579.0413956025113,554.0045247402522,221.48431515889555,201.5908094003154,357.55708044361586,352.4137153399368,38.25,61.75
04,KUJAWSKO-POMORSKIE,0403,bydgoski,0403052,Nowa Wieś Wielka,wysokie ryzyko,925.9281432975256,846.405054021583,668.3650401737239,588.2413329929747,257.5631031238018,258.1637210286083,72.18,27.82
04,KUJAWSKO-POMORSKIE,0403,bydgoski,0403062,Osielsko,niskie ryzyko,2.5373221832119617,2.5373221832119617,0.0,0.0,2.5373221832119617,2.5373221832119617,0.0,100.0
04,KUJAWSKO-POMORSKIE,0403,bydgoski,0403083,Solec Kujawski,niskie ryzyko,604.4000011464825,601.8729688165,238.67794430673635,236.35147808918157,365.7220568397462,365.5214907273185,39.49,60.51
04,KUJAWSKO-POMORSKIE,0403,bydgoski,0403083,Solec Kujawski,wysokie ryzyko,1876.556529272817,1880.8218724900717,1465.7689356281603,1442.31848910031,410.7875936446566,438.50338338976167,78.11,21.89
04,KUJAWSKO-POMORSKIE,0404,chełmiński,0404011,Chełmno,niskie ryzyko,660.4510072528622,558.2998815359698,242.96849664942113,240.31551808880025,417.482510603441,317.9843634471695,36.79,63.21
04,KUJAWSKO-POMORSKIE,0404,chełmiński,0404022,Chełmno,niskie ryzyko,2502.9068983672705,2485.576902840305,427.9549676142301,421.5375858933886,2074.9519307530404,2064.039316946916,17.1,82.9
04,KUJAWSKO-POMORSKIE,0404,chełmiński,0404011,Chełmno,wysokie ryzyko,624.6061069618269,459.3621335687368,0.0,0.0,624.6061069618269,459.3621335687368,0.0,100.0
04,KUJAWSKO-POMORSKIE,0404,chełmiński,0404022,Chełmno,wysokie ryzyko,1015.891622322255,1026.2548730574058,105.532592144989,105.41302766660796,910.359030177266,920.841845390798,10.39,89.61
04,KUJAWSKO-POMORSKIE,0404,chełmiński,0404072,Unisław,niskie ryzyko,453.4241366009473,457.9514500767027,198.80193687416528,209.96019518221075,254.622199726782,247.991254894492,43.84,56.16
04,KUJAWSKO-POMORSKIE,0404,chełmiński,0404072,Unisław,wysokie ryzyko,154.29613535577974,150.3795250640031,104.55544551648865,94.007890392422,49.7406898392911,56.3716346715811,67.76,32.24
04,KUJAWSKO-POMORSKIE,0405,golubsko-dobrzyński,0405022,Ciechocin,niskie ryzyko,12.504241521084731,11.850050030500965,10.356443518288152,9.702252027704384,2.14779800279658,2.1477980027965797,82.82,17.18
04,KUJAWSKO-POMORSKIE,0405,golubsko-dobrzyński,0405011,Golub-Dobrzyń,niskie ryzyko,164.23063551894273,282.42273442857623,0.0,0.0,164.23063551894273,282.42273442857623,0.0,100.0
04,KUJAWSKO-POMORSKIE,0405,golubsko-dobrzyński,0405032,Golub-Dobrzyń,niskie ryzyko,22.61799725764993,21.290161855300248,14.52259625143159,13.19476084908191,8.095401006218339,8.095401006218339,64.21,35.79
04,KUJAWSKO-POMORSKIE,0405,golubsko-dobrzyński,0405011,Golub-Dobrzyń,wysokie ryzyko,28.656494170693513,30.060307496452943,0.0,0.0,28.656494170693513,30.060307496452943,0.0,100.0
04,KUJAWSKO-POMORSKIE,0405,golubsko-dobrzyński,0405032,Golub-Dobrzyń,wysokie ryzyko,2.0238502515545846,2.0238502515545846,0.0,0.0,2.0238502515545846,2.0238502515545846,0.0,100.0
04,KUJAWSKO-POMORSKIE,0406,grudziądzki,0406012,Grudziądz,niskie ryzyko,1235.9974763518812,1231.942258169116,757.3504614340535,755.9871452829763,478.64701491782785,475.9551128861398,61.27,38.73
04,KUJAWSKO-POMORSKIE,0406,grudziądzki,0406012,Grudziądz,wysokie ryzyko,478.9790140053975,472.9999755288836,245.69266004729815,241.46597718516975,233.28635395809945,231.5339983437139,51.3,48.7
04,KUJAWSKO-POMORSKIE,0406,grudziądzki,0406052,Rogóźno,niskie ryzyko,11.44550642448892,11.44550642448892,4.026364635634132,4.026364635634132,7.419141788854787,7.419141788854787,35.18,64.82
04,KUJAWSKO-POMORSKIE,0406,grudziądzki,0406052,Rogóźno,wysokie ryzyko,5.689821128331188,5.689821128331188,0.0,0.0,5.689821128331188,5.689821128331188,0.0,100.0
04,KUJAWSKO-POMORSKIE,0406,grudziądzki,0406033,Łasin,niskie ryzyko,9.104464827398845,9.104464827398845,1.0724039166056083,1.0724039166056083,8.032060910793236,8.032060910793234,11.78,88.22
04,KUJAWSKO-POMORSKIE,0406,grudziądzki,0406062,Świecie nad Osą,niskie ryzyko,35.637791541868836,35.637791541868836,0.0,0.0,35.637791541868836,35.637791541868836,0.0,100.0
04,KUJAWSKO-POMORSKIE,0407,inowrocławski,0407042,Inowrocław,niskie ryzyko,14.075325100592154,13.558000061927968,0.4414738979324372,0.4414738979324373,13.633851202659717,13.11652616399553,3.14,96.86
04,KUJAWSKO-POMORSKIE,0407,inowrocławski,0407011,Inowrocław,wysokie ryzyko,1.0066207783670795,1.262081002925109,1.0066207783670795,1.262081002925109,0.0,0.0,100.0,0.0
04,KUJAWSKO-POMORSKIE,0407,inowrocławski,0407053,Janikowo,niskie ryzyko,24.10165951848597,24.10165951848597,0.0,0.0,24.10165951848597,24.10165951848597,0.0,100.0
04,KUJAWSKO-POMORSKIE,0407,inowrocławski,0407053,Janikowo,wysokie ryzyko,4.833850038056695,4.833850038056696,0.0,0.0,4.833850038056695,4.833850038056696,0.0,100.0
04,KUJAWSKO-POMORSKIE,0407,inowrocławski,0407063,Kruszwica,niskie ryzyko,163.75880698074985,151.49359877953725,45.63760847616852,39.086916411877205,118.12119850458134,112.40668236766004,27.87,72.13
04,KUJAWSKO-POMORSKIE,0407,inowrocławski,0407063,Kruszwica,wysokie ryzyko,45.23286511686852,45.060563478159565,4.053858104129655,3.8815564654207018,41.179007012738865,41.179007012738865,8.96,91.04
04,KUJAWSKO-POMORSKIE,0407,inowrocławski,0407073,Pakość,niskie ryzyko,620.2193524837493,625.3912363020587,584.9910138374319,590.1628976557413,35.228338646317496,35.228338646317496,94.32,5.68
04,KUJAWSKO-POMORSKIE,0407,inowrocławski,0407073,Pakość,wysokie ryzyko,981.8715358342832,1027.5039139909018,976.1991680300534,1021.831546186672,5.672367804229791,5.672367804229791,99.42,0.58
04,KUJAWSKO-POMORSKIE,0407,inowrocławski,0407092,Złotniki Kujawskie,niskie ryzyko,0.3551093708599523,0.3551093708599523,0.0,0.0,0.3551093708599523,0.3551093708599523,0.0,100.0
04,KUJAWSKO-POMORSKIE,0408,lipnowski,0408023,Bobrowniki,niskie ryzyko,166.8380832355605,166.0033366369052,135.8412346934144,135.72870658825894,30.996848542146083,30.274630048646227,81.42,18.58
04,KUJAWSKO-POMORSKIE,0408,lipnowski,0408023,Bobrowniki,wysokie ryzyko,228.36070160386632,220.5205098835131,220.48570160386632,212.6455098835131,7.875,7.875,96.55,3.45
04,KUJAWSKO-POMORSKIE,0408,lipnowski,0408011,Lipno,niskie ryzyko,6.508446023093848,6.508446023093848,6.508446023093848,6.508446023093848,0.0,0.0,100.0,0.0
04,KUJAWSKO-POMORSKIE,0408,lipnowski,0408073,Skępe,niskie ryzyko,14.04860370929586,12.974777292152506,13.477175137867288,12.403348720723937,0.5714285714285714,0.5714285714285714,95.93,4.07
04,KUJAWSKO-POMORSKIE,0408,lipnowski,0408082,Tłuchowo,niskie ryzyko,2.6666666666666665,2.6666666666666665,2.6666666666666665,2.6666666666666665,0.0,0.0,100.0,0.0
04,KUJAWSKO-POMORSKIE,0409,mogileński,0409022,Jeziora Wielkie,niskie ryzyko,26.50632953590999,26.49730858039971,1.9757379689617292,1.9757379689617292,24.530591566948264,24.52157061143798,7.45,92.55
04,KUJAWSKO-POMORSKIE,0409,mogileński,0409022,Jeziora Wielkie,wysokie ryzyko,3.0,3.0,3.0,3.0,0.0,0.0,100.0,0.0
04,KUJAWSKO-POMORSKIE,0410,nakielski,0410033,Nakło nad Notecią,niskie ryzyko,282.1136303265391,297.05032140482723,185.66125008123385,201.75822204333127,96.45238024530536,95.29209936149594,65.81,34.19
04,KUJAWSKO-POMORSKIE,0410,nakielski,0410033,Nakło nad Notecią,wysokie ryzyko,268.0028975190928,262.56717792013546,253.7686079073655,248.3328883084082,14.234289611727284,14.234289611727284,94.69,5.31
04,KUJAWSKO-POMORSKIE,0410,nakielski,0410053,Szubin,niskie ryzyko,293.0464524955668,337.2463317659049,230.14806477653548,274.2738605524948,62.898387719031334,62.97247121341016,78.54,21.46
04,KUJAWSKO-POMORSKIE,0410,nakielski,0410053,Szubin,wysokie ryzyko,242.42721080073613,286.4066070554152,137.81325966384094,183.4277587359838,104.61395113689522,102.97884831943138,56.85,43.15
04,KUJAWSKO-POMORSKIE,0411,radziejowski,0411022,Bytoń,niskie ryzyko,0.562352414530867,0.5603441932239777,0.5442875289267701,0.5422793076198807,0.0180648856040968,0.0180648856040968,96.79,3.21
04,KUJAWSKO-POMORSKIE,0411,radziejowski,0411022,Bytoń,wysokie ryzyko,0.5927753464950678,0.5927753464950678,0.5927753464950678,0.5927753464950678,0.0,0.0,100.0,0.0
04,KUJAWSKO-POMORSKIE,0411,radziejowski,0411053,Piotrków Kujawski,niskie ryzyko,9.85030736360528,9.850307363605278,3.902193096010419,3.9021930960104183,5.94811426759486,5.9481142675948595,39.61,60.39
04,KUJAWSKO-POMORSKIE,0411,radziejowski,0411053,Piotrków Kujawski,wysokie ryzyko,1.8589272832303292,1.8589272832303292,1.8589272832303292,1.8589272832303292,0.0,0.0,100.0,0.0
04,KUJAWSKO-POMORSKIE,0411,radziejowski,0411062,Radziejów,niskie ryzyko,11.154273081159786,11.154273081159786,0.0,0.0,11.154273081159786,11.154273081159786,0.0,100.0
04,KUJAWSKO-POMORSKIE,0411,radziejowski,0411072,Topólka,niskie ryzyko,13.828945668502868,11.847726979841507,6.119675292527873,4.16300780962407,7.709270375974995,7.684719170217437,44.25,55.75
04,KUJAWSKO-POMORSKIE,0411,radziejowski,0411072,Topólka,wysokie ryzyko,0.0976262481451803,0.1866845699563976,0.0,0.0,0.0976262481451803,0.1866845699563976,0.0,100.0
04,KUJAWSKO-POMORSKIE,0412,rypiński,0412032,Rogowo,niskie ryzyko,1.1428571428571428,1.1428571428571428,0.0,0.0,1.1428571428571428,1.1428571428571428,0.0,100.0
04,KUJAWSKO-POMORSKIE,0412,rypiński,0412011,Rypin,niskie ryzyko,17.14551662355242,14.948299730997656,17.14551662355242,14.948299730997656,0.0,0.0,100.0,0.0
04,KUJAWSKO-POMORSKIE,0412,rypiński,0412042,Rypin,niskie ryzyko,2.4375,2.424071196496681,0.0,0.0,2.4375,2.424071196496681,0.0,100.0
04,KUJAWSKO-POMORSKIE,0412,rypiński,0412011,Rypin,wysokie ryzyko,7.10220048263627,7.30530312227323,7.10220048263627,7.30530312227323,0.0,0.0,100.0,0.0
04,KUJAWSKO-POMORSKIE,0412,rypiński,0412052,Skrwilno,niskie ryzyko,20.09686582472203,20.05298066628795,9.91653154444749,9.872646386013407,10.180334280274542,10.180334280274542,49.34,50.66
04,KUJAWSKO-POMORSKIE,0412,rypiński,0412062,Wąpielsk,niskie ryzyko,1.0,1.0,0.0,0.0,1.0,1.0,0.0,100.0
04,KUJAWSKO-POMORSKIE,0413,sępoleński,0413013,Kamień Krajeński,niskie ryzyko,5.320812658782193,4.512541918423927,5.320812658782193,4.512541918423927,0.0,0.0,100.0,0.0
04,KUJAWSKO-POMORSKIE,0415,toruński,0415032,Czernikowo,niskie ryzyko,23.5,24.042486046839528,1.0,1.0,22.5,23.042486046839528,4.26,95.74
04,KUJAWSKO-POMORSKIE,0415,toruński,0415032,Czernikowo,wysokie ryzyko,20.569767243535807,20.16290270840616,0.0,0.0,20.569767243535807,20.16290270840616,0.0,100.0
04,KUJAWSKO-POMORSKIE,0415,toruński,0415042,Lubicz,niskie ryzyko,1147.226090544028,1223.3883585401384,676.9454585219546,659.7678610401022,470.2806320220733,563.6204975000362,59.01,40.99
04,KUJAWSKO-POMORSKIE,0415,toruński,0415042,Lubicz,wysokie ryzyko,872.1282668010712,837.2382806118612,607.9599634974182,586.7626586829814,264.168303303653,250.4756219288797,69.71,30.29
04,KUJAWSKO-POMORSKIE,0415,toruński,0415072,Obrowo,niskie ryzyko,388.01286651170926,386.1605151392028,0.0,0.0,388.01286651170926,386.1605151392028,0.0,100.0
04,KUJAWSKO-POMORSKIE,0415,toruński,0415072,Obrowo,wysokie ryzyko,568.1181444948635,568.4026580513172,0.0,0.0,568.1181444948635,568.4026580513172,0.0,100.0
04,KUJAWSKO-POMORSKIE,0415,toruński,0415082,Wielka Nieszawka,niskie ryzyko,1278.1095147643246,1286.223347914634,791.0652253941146,781.264915470543,487.0442893702098,504.9584324440908,61.89,38.11
04,KUJAWSKO-POMORSKIE,0415,toruński,0415082,Wielka Nieszawka,wysokie ryzyko,958.2817231959626,961.082435187897,813.129925914393,825.2410954436178,145.15179728156974,135.8413397442792,84.85,15.15
04,KUJAWSKO-POMORSKIE,0415,toruński,0415092,Zławieś Wielka,niskie ryzyko,1867.5549755137483,1825.60704188542,267.9611049114844,265.87659330924004,1599.593870602264,1559.7304485761802,14.35,85.65
04,KUJAWSKO-POMORSKIE,0415,toruński,0415092,Zławieś Wielka,wysokie ryzyko,1385.1362846155937,1343.7636302583244,99.98186366592851,99.98186366592851,1285.154420949665,1243.7817665923958,7.22,92.78
04,KUJAWSKO-POMORSKIE,0416,tucholski,0416063,Tuchola,niskie ryzyko,10.090029776404798,9.821418106525286,4.787795961325137,4.787795961325137,5.302233815079661,5.03362214520015,47.45,52.55
04,KUJAWSKO-POMORSKIE,0416,tucholski,0416063,Tuchola,wysokie ryzyko,1.5661668799753328,1.1739435883420064,0.0,0.0,1.5661668799753328,1.1739435883420064,0.0,100.0
04,KUJAWSKO-POMORSKIE,0418,włocławski,0418022,Baruchowo,niskie ryzyko,5.9841141913533145,5.9841141913533145,0.0,0.0,5.9841141913533145,5.9841141913533145,0.0,100.0
04,KUJAWSKO-POMORSKIE,0418,włocławski,0418032,Boniewo,niskie ryzyko,3.707483391641868,3.707483391641868,0.0,0.0,3.707483391641868,3.707483391641868,0.0,100.0
04,KUJAWSKO-POMORSKIE,0418,włocławski,0418043,Brześć Kujawski,niskie ryzyko,54.08787911202479,53.96367570346422,35.1535092936037,35.02930588504313,18.93436981842109,18.93436981842109,64.99,35.01
04,KUJAWSKO-POMORSKIE,0418,włocławski,0418043,Brześć Kujawski,wysokie ryzyko,63.11311966706855,52.713037535964354,32.3023841392857,21.9023020081815,30.810735527782853,30.810735527782853,51.18,48.82
04,KUJAWSKO-POMORSKIE,0418,włocławski,0418052,Choceń,niskie ryzyko,13.524706031125088,13.500941859378752,2.1672261627865836,2.1434619910402484,11.357479868338505,11.357479868338505,16.02,83.98
04,KUJAWSKO-POMORSKIE,0418,włocławski,0418063,Chodecz,niskie ryzyko,0.3608436437082976,0.3608436437082976,0.0,0.0,0.3608436437082976,0.3608436437082976,0.0,100.0
04,KUJAWSKO-POMORSKIE,0418,włocławski,0418072,Fabianki,niskie ryzyko,35.11904761904762,35.11904761904762,0.0,0.0,35.11904761904762,35.11904761904762,0.0,100.0
04,KUJAWSKO-POMORSKIE,0418,włocławski,0418072,Fabianki,wysokie ryzyko,11.831406473988537,11.831406473988531,0.0,0.0,11.831406473988537,11.831406473988531,0.0,100.0
04,KUJAWSKO-POMORSKIE,0418,włocławski,0418092,Kowal,niskie ryzyko,47.879190639670746,47.879190639670746,0.0,0.0,47.879190639670746,47.879190639670746,0.0,100.0
04,KUJAWSKO-POMORSKIE,0418,włocławski,0418102,Lubanie,niskie ryzyko,4.980100896860987,4.747697365680821,4.0,4.0,0.9801008968609864,0.7476973656808217,80.32,19.68
04,KUJAWSKO-POMORSKIE,0418,włocławski,0418113,Lubień Kujawski,niskie ryzyko,48.0701300277861,37.53426530178052,22.265871595960128,11.730006869954554,25.804258431825968,25.80425843182597,46.32,53.68
04,KUJAWSKO-POMORSKIE,0418,włocławski,0418113,Lubień Kujawski,wysokie ryzyko,0.4162961610005335,0.4162961610005335,0.0,0.0,0.4162961610005335,0.4162961610005335,0.0,100.0
04,KUJAWSKO-POMORSKIE,0418,włocławski,0418123,Lubraniec,niskie ryzyko,40.39481567003143,40.29057860857872,34.60420770885788,34.49997064740517,5.790607961173547,5.790607961173547,85.66,14.34
04,KUJAWSKO-POMORSKIE,0418,włocławski,0418132,Włocławek,niskie ryzyko,336.2682955233348,333.5613346911085,6.146311826050798,5.860879016630756,330.121983697284,327.7004556744778,1.83,98.17
04,KUJAWSKO-POMORSKIE,0418,włocławski,0418132,Włocławek,wysokie ryzyko,315.1557179676293,315.3426506688979,0.0,0.0,315.1557179676293,315.3426506688979,0.0,100.0
04,KUJAWSKO-POMORSKIE,0414,świecki,0414022,Dragacz,niskie ryzyko,1820.170415012714,1809.0697451039996,1284.210855074242,1279.7327047397123,535.9595599384722,529.3370403642871,70.55,29.45
04,KUJAWSKO-POMORSKIE,0414,świecki,0414022,Dragacz,wysokie ryzyko,1207.1941790863866,1215.2844659421598,901.5329927031652,868.518333724695,305.66118638322155,346.7661322174649,74.68,25.32
04,KUJAWSKO-POMORSKIE,0414,świecki,0414032,Drzycim,niskie ryzyko,3.5241547492570167,6.432478092005747,0.0,0.0,3.5241547492570167,6.432478092005747,0.0,100.0
04,KUJAWSKO-POMORSKIE,0414,świecki,0414063,Nowe,niskie ryzyko,592.2663277809014,584.9666989444668,218.69031529849977,220.39186719072865,373.5760124824016,364.5748317537381,36.92,63.08
04,KUJAWSKO-POMORSKIE,0414,świecki,0414063,Nowe,wysokie ryzyko,189.02207025392244,198.52676754812512,52.65606436158582,52.65606436158582,136.3660058923366,145.8707031865393,27.86,72.14
04,KUJAWSKO-POMORSKIE,0414,świecki,0414072,Osie,niskie ryzyko,0.798587517399288,0.798587517399288,0.0,0.0,0.798587517399288,0.798587517399288,0.0,100.0
04,KUJAWSKO-POMORSKIE,0414,świecki,0414083,Pruszcz,niskie ryzyko,71.09890038725243,69.43571851265213,17.714285714285715,17.714285714285715,53.384614672966705,51.72143279836642,24.91,75.09
04,KUJAWSKO-POMORSKIE,0414,świecki,0414083,Pruszcz,wysokie ryzyko,5.0,5.0,5.0,5.0,0.0,0.0,100.0,0.0
04,KUJAWSKO-POMORSKIE,0414,świecki,0414112,Warlubie,niskie ryzyko,177.16050038789103,178.27646191708698,122.51615049094902,123.63211202014494,54.64434989694202,54.64434989694202,69.16,30.84
04,KUJAWSKO-POMORSKIE,0414,świecki,0414112,Warlubie,wysokie ryzyko,60.48419114212148,59.93153482660594,38.08159373952408,37.52893742400854,22.4025974025974,22.4025974025974,62.96,37.04
04,KUJAWSKO-POMORSKIE,0414,świecki,0414093,Świecie,niskie ryzyko,1076.4048593477005,1005.5789254892134,664.2903913213554,591.4466750732092,412.1144680263451,414.1322504160043,61.71,38.29
04,KUJAWSKO-POMORSKIE,0414,świecki,0414093,Świecie,wysokie ryzyko,1434.5404780289073,1476.0032091559126,1180.0674199895125,1223.9369723688037,254.47305803939477,252.0662367871089,82.26,17.74
04,KUJAWSKO-POMORSKIE,0419,żniński,0419013,Barcin,niskie ryzyko,282.8999705306153,204.1810882496879,69.66052603553989,28.304806219394735,213.23944449507545,175.87628203029317,24.62,75.38
04,KUJAWSKO-POMORSKIE,0419,żniński,0419013,Barcin,wysokie ryzyko,355.0861033871331,473.96738454458693,155.42706976391827,285.3035809366132,199.6590336232148,188.66380360797373,43.77,56.23
04,KUJAWSKO-POMORSKIE,0419,żniński,0419033,Janowiec Wielkopolski,niskie ryzyko,7.875028334738035,2.832867275798547,0.6114720199682264,0.6066882178332899,7.263556314769809,2.226179057965257,7.76,92.24
04,KUJAWSKO-POMORSKIE,0419,żniński,0419043,Łabiszyn,niskie ryzyko,801.3911738777166,691.0191606978723,611.0547762969811,502.1586434349881,190.33639758073548,188.8605172628841,76.25,23.75
04,KUJAWSKO-POMORSKIE,0419,żniński,0419043,Łabiszyn,wysokie ryzyko,491.0871364304367,987.6079106200914,469.45844248316416,963.9076163788748,21.62869394727254,23.70029424121649,95.6,4.4
04,KUJAWSKO-POMORSKIE,0419,żniński,0419063,Żnin,niskie ryzyko,110.17999348005846,87.89203481355878,91.62196464229896,69.33400597579929,18.558028837759498,18.558028837759498,83.16,16.84
06,LUBELSKIE,0661,Biała Podlaska,0661011,Biała Podlaska,niskie ryzyko,148.91344226346237,131.24551781337507,49.6808247591151,42.13113954529677,99.23261750434726,89.1143782680783,33.36,66.64
06,LUBELSKIE,0661,Biała Podlaska,0661011,Biała Podlaska,wysokie ryzyko,30.567783787368864,39.944274926808774,30.567783787368864,39.944274926808774,0.0,0.0,100.0,0.0
06,LUBELSKIE,0662,Chełm,0662011,Chełm,niskie ryzyko,11.14964463154393,11.136507860809315,11.14964463154393,11.136507860809315,0.0,0.0,100.0,0.0
06,LUBELSKIE,0663,Lublin,0663011,Lublin,niskie ryzyko,1158.8151882899188,1033.3532579265575,1101.8153361794527,975.8312569275232,56.99985211046603,57.52200099903425,95.08,4.92
06,LUBELSKIE,0663,Lublin,0663011,Lublin,wysokie ryzyko,969.1529763926052,1887.5030480350545,961.7322158739544,1880.092158799606,7.420760518650757,7.410889235448461,99.23,0.77
06,LUBELSKIE,0664,Zamość,0664011,Zamość,niskie ryzyko,73.59409255854221,72.27847915300458,7.412924372427723,6.541850234313207,66.18116818611449,65.73662891869138,10.07,89.93
06,LUBELSKIE,0664,Zamość,0664011,Zamość,wysokie ryzyko,58.96270348951584,55.832787691426695,3.973328956397604,3.821824770352083,54.98937453311824,52.01096292107461,6.74,93.26
06,LUBELSKIE,0601,bialski,0601032,Biała Podlaska,niskie ryzyko,5.046458226664082,4.978438952991619,0.0,0.0,5.046458226664082,4.978438952991619,0.0,100.0
06,LUBELSKIE,0601,bialski,0601053,Janów Podlaski,niskie ryzyko,95.61997367449196,89.41143584495681,7.675681412878534,5.567261058701682,87.94429226161344,83.84417478625514,8.03,91.97
06,LUBELSKIE,0601,bialski,0601053,Janów Podlaski,wysokie ryzyko,21.45831343146466,25.38817196149699,0.0,0.0,21.45831343146466,25.38817196149699,0.0,100.0
06,LUBELSKIE,0601,bialski,0601062,Kodeń,niskie ryzyko,83.37056032316441,82.14887289760449,64.85369360363102,63.632006178071094,18.5168667195334,18.5168667195334,77.79,22.21
06,LUBELSKIE,0601,bialski,0601062,Kodeń,wysokie ryzyko,31.538845283443937,31.501771132031845,21.368517980744837,21.33144382933275,10.170327302699096,10.170327302699096,67.75,32.25
06,LUBELSKIE,0601,bialski,0601072,Konstantynów,niskie ryzyko,19.03764684060567,19.466037011235304,19.03764684060567,19.466037011235304,0.0,0.0,100.0,0.0
06,LUBELSKIE,0601,bialski,0601072,Konstantynów,wysokie ryzyko,28.49690747101765,28.477358044380413,28.49690747101765,28.477358044380413,0.0,0.0,100.0,0.0
06,LUBELSKIE,0601,bialski,0601102,Międzyrzec Podlaski,niskie ryzyko,4.605056021860822,4.605056021860822,4.605056021860822,4.605056021860822,0.0,0.0,100.0,0.0
06,LUBELSKIE,0601,bialski,0601011,Międzyrzec Podlaski,niskie ryzyko,143.21051405506205,217.1746567998292,143.21051405506205,217.1746567998292,0.0,0.0,100.0,0.0
06,LUBELSKIE,0601,bialski,0601011,Międzyrzec Podlaski,wysokie ryzyko,3.573317598644397,1.008219818140259,3.573317598644397,1.008219818140259,0.0,0.0,100.0,0.0
06,LUBELSKIE,0601,bialski,0601122,Rokitno,niskie ryzyko,65.5011826894697,64.92848500102366,36.06318689734678,35.788621536094254,29.437995792122926,29.139863464929412,55.06,44.94
06,LUBELSKIE,0601,bialski,0601122,Rokitno,wysokie ryzyko,37.186545309073544,36.698277414280994,37.186545309073544,36.698277414280994,0.0,0.0,100.0,0.0
06,LUBELSKIE,0601,bialski,0601142,Sławatycze,niskie ryzyko,263.2012331827653,257.8491442207552,114.96142995644357,113.2781357566822,148.23980322632178,144.57100846407303,43.68,56.32
06,LUBELSKIE,0601,bialski,0601142,Sławatycze,wysokie ryzyko,150.45819012269854,154.12617663173046,65.4791747017728,65.47917470177279,84.97901542092575,88.64700192995767,43.52,56.48
06,LUBELSKIE,0601,bialski,0601021,Terespol,niskie ryzyko,911.2253751389773,875.5893975696728,890.8286400657685,846.009892403368,20.396735073208777,29.57950516630474,97.76,2.24
06,LUBELSKIE,0601,bialski,0601162,Terespol,niskie ryzyko,431.0748956090158,428.8928371450712,188.66684746979175,187.5182966033383,242.4080481392241,241.3745405417329,43.77,56.23
06,LUBELSKIE,0601,bialski,0601021,Terespol,wysokie ryzyko,2171.440717602027,2256.2544196907374,2163.258563944787,2242.149502601923,8.182153657239697,14.104917088814506,99.62,0.38
06,LUBELSKIE,0601,bialski,0601162,Terespol,wysokie ryzyko,418.5616815996452,418.68413713276914,208.52052215493143,209.0330540339122,210.0411594447138,209.65108309885696,49.82,50.18
06,LUBELSKIE,0601,bialski,0601192,Zalesie,niskie ryzyko,17.62347815045067,17.606294844344138,17.62347815045067,17.606294844344138,0.0,0.0,100.0,0.0
06,LUBELSKIE,0601,bialski,0601192,Zalesie,wysokie ryzyko,2.882658590150106,2.882658590150106,2.882658590150106,2.882658590150106,0.0,0.0,100.0,0.0
06,LUBELSKIE,0602,biłgorajski,0602042,Biszcza,niskie ryzyko,11.454979522477208,11.454979522477208,10.39882302458909,10.39882302458909,1.056156497888121,1.056156497888121,90.78,9.22
06,LUBELSKIE,0602,biłgorajski,0602042,Biszcza,wysokie ryzyko,4.8110094702147554,4.8110094702147554,4.8110094702147554,4.8110094702147554,0.0,0.0,100.0,0.0
06,LUBELSKIE,0602,biłgorajski,0602032,Biłgoraj,niskie ryzyko,273.0599912063578,239.6835940789373,173.77763913879812,150.09003568084918,99.28235206755969,89.59355839808809,63.64,36.36
06,LUBELSKIE,0602,biłgorajski,0602011,Biłgoraj,niskie ryzyko,624.9044636677876,600.7861388233362,624.1251914909697,600.0068666465182,0.7792721768179366,0.7792721768179367,99.88,0.12
06,LUBELSKIE,0602,biłgorajski,0602011,Biłgoraj,wysokie ryzyko,216.34135268319693,146.15149193299573,184.4846280316117,114.32959282733678,31.85672465158525,31.821899105658943,85.27,14.73
06,LUBELSKIE,0602,biłgorajski,0602032,Biłgoraj,wysokie ryzyko,53.03286643691025,53.03286643691024,34.868258101241885,34.86825810124188,18.164608335668365,18.164608335668365,65.75,34.25
06,LUBELSKIE,0602,biłgorajski,0602053,Frampol,niskie ryzyko,36.06530305724173,35.85880920744896,25.36485323930748,25.15835938951471,10.700449817934246,10.700449817934246,70.33,29.67
06,LUBELSKIE,0602,biłgorajski,0602063,Goraj,niskie ryzyko,28.70462810776092,26.8718955826227,28.70462810776092,26.8718955826227,0.0,0.0,100.0,0.0
06,LUBELSKIE,0602,biłgorajski,0602082,Księżpol,niskie ryzyko,84.55543624279136,92.21407174896711,29.021972848774247,36.55889341908555,55.53346339401712,55.65517832988156,34.32,65.68
06,LUBELSKIE,0602,biłgorajski,0602082,Księżpol,wysokie ryzyko,59.75645595773449,59.75645595773449,10.951733064863449,10.951733064863449,48.80472289287104,48.80472289287104,18.33,81.67
06,LUBELSKIE,0602,biłgorajski,0602102,Obsza,niskie ryzyko,1.0,1.0,0.0,0.0,1.0,1.0,0.0,100.0
06,LUBELSKIE,0602,biłgorajski,0602092,Łukowa,niskie ryzyko,90.43096376773003,89.35653368032152,50.223170037634645,49.14873995022613,40.2077937300954,40.20779373009539,55.54,44.46
06,LUBELSKIE,0602,biłgorajski,0602092,Łukowa,wysokie ryzyko,23.60789119673372,23.60789119673372,11.592092943188955,11.592092943188955,12.015798253544762,12.015798253544762,49.1,50.9
06,LUBELSKIE,0603,chełmski,0603032,Chełm,niskie ryzyko,25.02623314683113,20.68964912195281,7.013302832822889,5.710799362516438,18.012930314008244,14.978849759436375,28.02,71.98
06,LUBELSKIE,0603,chełmski,0603042,Dorohusk,niskie ryzyko,61.82941331719982,61.82941331719983,36.8163717001279,36.8163717001279,25.01304161707192,25.013041617071924,59.55,40.45
06,LUBELSKIE,0603,chełmski,0603042,Dorohusk,wysokie ryzyko,5.00999105096049,5.00999105096049,5.00999105096049,5.00999105096049,0.0,0.0,100.0,0.0
06,LUBELSKIE,0603,chełmski,0603052,Dubienka,niskie ryzyko,14.357952427436151,14.212932877183832,13.318298260293131,13.173278710040812,1.0396541671430206,1.0396541671430208,92.76,7.24
06,LUBELSKIE,0603,chełmski,0603082,Rejowiec Fabryczny,niskie ryzyko,3.3333333333333335,3.333333333333333,3.3333333333333335,3.333333333333333,0.0,0.0,100.0,0.0
06,LUBELSKIE,0603,chełmski,0603092,Ruda-Huta,niskie ryzyko,12.737926332315038,14.62746878099734,4.9565507490428455,6.846093197725145,7.781375583272193,7.781375583272194,38.91,61.09
06,LUBELSKIE,0603,chełmski,0603092,Ruda-Huta,wysokie ryzyko,2.353608174251736,2.353608174251736,0.0,0.0,2.353608174251736,2.353608174251736,0.0,100.0
06,LUBELSKIE,0603,chełmski,0603122,Wierzbica,niskie ryzyko,20.77207525212272,21.52239750202826,20.77207525212272,21.52239750202826,0.0,0.0,100.0,0.0
06,LUBELSKIE,0603,chełmski,0603122,Wierzbica,wysokie ryzyko,9.105312121640385,9.019342046545804,9.105312121640385,9.019342046545804,0.0,0.0,100.0,0.0
06,LUBELSKIE,0603,chełmski,0603132,Wojsławice,niskie ryzyko,1.4707241859802176,1.4443899084235747,1.4707241859802176,1.4443899084235747,0.0,0.0,100.0,0.0
06,LUBELSKIE,0604,hrubieszowski,0604022,Dołhobyczów,niskie ryzyko,10.189164027056185,10.189164027056188,0.0,0.0,10.189164027056185,10.189164027056188,0.0,100.0
06,LUBELSKIE,0604,hrubieszowski,0604032,Horodło,niskie ryzyko,89.45745233546572,85.05919746724393,37.135392356271275,35.96340855406476,52.32205997919445,49.09578891317916,41.51,58.49
06,LUBELSKIE,0604,hrubieszowski,0604032,Horodło,wysokie ryzyko,4.09815183704698,3.196761487092072,4.09815183704698,3.196761487092072,0.0,0.0,100.0,0.0
06,LUBELSKIE,0604,hrubieszowski,0604011,Hrubieszów,niskie ryzyko,265.9684402315456,233.99929292443707,265.9684402315456,233.99929292443707,0.0,0.0,100.0,0.0
06,LUBELSKIE,0604,hrubieszowski,0604042,Hrubieszów,niskie ryzyko,33.61361553715907,33.24633110080008,14.06066995251775,14.06066995251775,19.55294558464132,19.18566114828233,41.83,58.17
06,LUBELSKIE,0604,hrubieszowski,0604011,Hrubieszów,wysokie ryzyko,135.73762219916767,128.10396828572706,135.73762219916767,128.10396828572706,0.0,0.0,100.0,0.0
06,LUBELSKIE,0604,hrubieszowski,0604052,Mircze,niskie ryzyko,8.978342238336918,5.794932185654208,8.978342238336918,5.794932185654208,0.0,0.0,100.0,0.0
06,LUBELSKIE,0604,hrubieszowski,0604052,Mircze,wysokie ryzyko,1.7702522196904222,1.7702522196904222,1.7702522196904222,1.7702522196904222,0.0,0.0,100.0,0.0
06,LUBELSKIE,0604,hrubieszowski,0604082,Werbkowice,niskie ryzyko,86.86316570496777,85.63997097407227,50.11497647296375,50.18421316697861,36.748189232004016,35.45575780709366,57.69,42.31
06,LUBELSKIE,0604,hrubieszowski,0604082,Werbkowice,wysokie ryzyko,15.558480702137542,13.062326619573218,9.458628141374035,6.962474058809713,6.099852560763505,6.099852560763505,60.79,39.21
06,LUBELSKIE,0605,janowski,0605012,Batorz,niskie ryzyko,6.908017907987593,6.908017907987592,6.908017907987593,6.908017907987592,0.0,0.0,100.0,0.0
06,LUBELSKIE,0605,janowski,0605022,Chrzanów,niskie ryzyko,102.694485546954,138.63078054087063,102.694485546954,138.63078054087063,0.0,0.0,100.0,0.0
06,LUBELSKIE,0605,janowski,0605022,Chrzanów,wysokie ryzyko,25.19573491833016,19.1266114971889,25.19573491833016,19.1266114971889,0.0,0.0,100.0,0.0
06,LUBELSKIE,0605,janowski,0605042,Godziszów,niskie ryzyko,9.128752388170469,6.8056474646871585,9.128752388170469,6.8056474646871585,0.0,0.0,100.0,0.0
06,LUBELSKIE,0605,janowski,0605042,Godziszów,wysokie ryzyko,5.831116472685776,5.831116472685775,5.831116472685776,5.831116472685775,0.0,0.0,100.0,0.0
06,LUBELSKIE,0605,janowski,0605053,Janów Lubelski,niskie ryzyko,150.82575584653793,166.05132033949275,100.78307700493224,117.76342342529038,50.04267884160568,48.28789691420236,66.82,33.18
06,LUBELSKIE,0605,janowski,0605053,Janów Lubelski,wysokie ryzyko,75.73939889091646,73.57694543014426,75.73939889091646,73.57694543014426,0.0,0.0,100.0,0.0
06,LUBELSKIE,0606,krasnostawski,0606032,Gorzków,niskie ryzyko,8.986903376963525,8.457352208804409,8.986903376963525,8.457352208804409,0.0,0.0,100.0,0.0
06,LUBELSKIE,0606,krasnostawski,0606043,Izbica,niskie ryzyko,114.55264316149486,107.1844828631696,111.95264316149483,104.5844828631696,2.6,2.6,97.73,2.27
06,LUBELSKIE,0606,krasnostawski,0606043,Izbica,wysokie ryzyko,129.9501396572027,123.946409490007,129.9501396572027,123.946409490007,0.0,0.0,100.0,0.0
06,LUBELSKIE,0606,krasnostawski,0606011,Krasnystaw,niskie ryzyko,336.3621144544795,301.54645048892,246.6366431270037,213.2204539659193,89.72547132747583,88.32599652300077,73.32,26.68
06,LUBELSKIE,0606,krasnostawski,0606052,Krasnystaw,niskie ryzyko,29.121074832449096,22.807270231714448,15.017632468336554,14.170316717673796,14.103442364112544,8.636953514040652,51.57,48.43
06,LUBELSKIE,0606,krasnostawski,0606011,Krasnystaw,wysokie ryzyko,301.3627563071845,326.0927316235902,272.87481401527356,297.6047893316793,28.48794229191095,28.48794229191095,90.55,9.45
06,LUBELSKIE,0606,krasnostawski,0606062,Kraśniczyn,niskie ryzyko,3.235364786330142,2.7008864997946307,3.235364786330142,2.7008864997946307,0.0,0.0,100.0,0.0
06,LUBELSKIE,0606,krasnostawski,0606072,Łopiennik Górny,niskie ryzyko,9.856764767095482,9.856764767095482,9.856764767095482,9.856764767095482,0.0,0.0,100.0,0.0
06,LUBELSKIE,0606,krasnostawski,0606112,Żółkiewka,niskie ryzyko,18.786246938069254,18.64866951259393,18.24814181341013,18.1105643879348,0.5381051246591283,0.5381051246591283,97.14,2.86
06,LUBELSKIE,0607,kraśnicki,0607023,Annopol,niskie ryzyko,493.6113262885327,498.37478051650777,403.64100022143384,408.0568299168468,89.97032606709894,90.317950599661,81.77,18.23
06,LUBELSKIE,0607,kraśnicki,0607023,Annopol,wysokie ryzyko,479.2349702805263,464.7678887121161,397.20876168908694,382.74168012067673,82.02620859143929,82.0262085914393,82.88,17.12
06,LUBELSKIE,0607,kraśnicki,0607032,Dzierzkowice,niskie ryzyko,84.44301589930292,81.89226323621693,64.0255831122596,61.49509802665449,20.41743278704332,20.39716520956243,75.82,24.18
06,LUBELSKIE,0607,kraśnicki,0607032,Dzierzkowice,wysokie ryzyko,33.58582490572357,34.90587217954278,23.054710449857723,24.43003516213893,10.531114455865843,10.475837017403858,68.64,31.36
06,LUBELSKIE,0607,kraśnicki,0607011,Kraśnik,niskie ryzyko,121.7201654611498,102.7998437080802,118.59518911680912,99.67486736373952,3.124976344340701,3.124976344340701,97.43,2.57
06,LUBELSKIE,0607,kraśnicki,0607052,Kraśnik,niskie ryzyko,72.53816697888873,70.2150950110714,33.99498676771062,33.362631086533455,38.54318021117812,36.85246392453796,46.86,53.14
06,LUBELSKIE,0607,kraśnicki,0607011,Kraśnik,wysokie ryzyko,145.9817017028366,142.312849309821,145.9817017028366,142.312849309821,0.0,0.0,100.0,0.0
06,LUBELSKIE,0607,kraśnicki,0607052,Kraśnik,wysokie ryzyko,14.132921321104464,14.132921321104464,14.132921321104464,14.132921321104464,0.0,0.0,100.0,0.0
06,LUBELSKIE,0607,kraśnicki,0607102,Zakrzówek,niskie ryzyko,49.93520517848911,49.82049700927307,28.476120073928023,28.402986206563945,21.459085104561087,21.41751080270912,57.03,42.97
06,LUBELSKIE,0607,kraśnicki,0607102,Zakrzówek,wysokie ryzyko,4.836117291464963,4.836117291464963,4.836117291464963,4.836117291464963,0.0,0.0,100.0,0.0
06,LUBELSKIE,0608,lubartowski,0608032,Firlej,niskie ryzyko,193.83543260882573,185.4069944068147,105.17238072982634,104.6164667043059,88.6630518789994,80.7905277025088,54.26,45.74
06,LUBELSKIE,0608,lubartowski,0608032,Firlej,wysokie ryzyko,42.67343952251151,46.47973181037767,28.978506654676252,32.78479894254242,13.694932867835254,13.694932867835252,67.91,32.09
06,LUBELSKIE,0608,lubartowski,0608042,Jeziorzany,niskie ryzyko,139.92762654991247,134.1373812965743,134.88820020329302,129.09795494995484,5.039426346619438,5.039426346619439,96.4,3.6
06,LUBELSKIE,0608,lubartowski,0608042,Jeziorzany,wysokie ryzyko,83.17715712337416,75.60102828610427,83.17715712337416,75.60102828610427,0.0,0.0,100.0,0.0
06,LUBELSKIE,0608,lubartowski,0608053,Kamionka,niskie ryzyko,25.611819896685898,25.611819896685898,25.611819896685898,25.611819896685898,0.0,0.0,100.0,0.0
06,LUBELSKIE,0608,lubartowski,0608053,Kamionka,wysokie ryzyko,2.148155726499646,2.148155726499646,2.148155726499646,2.148155726499646,0.0,0.0,100.0,0.0
06,LUBELSKIE,0608,lubartowski,0608063,Kock,niskie ryzyko,73.63289425601846,73.60181918875126,67.02077043208378,66.98969536481658,6.612123823934679,6.612123823934679,91.02,8.98
06,LUBELSKIE,0608,lubartowski,0608063,Kock,wysokie ryzyko,1.4216915108028432,1.4216915108028432,1.4216915108028432,1.4216915108028432,0.0,0.0,100.0,0.0
06,LUBELSKIE,0608,lubartowski,0608011,Lubartów,niskie ryzyko,16.146948439600074,16.146948439600074,13.299908149127123,13.299908149127123,2.8470402904729477,2.8470402904729477,82.37,17.63
06,LUBELSKIE,0608,lubartowski,0608072,Lubartów,niskie ryzyko,158.6009149447219,152.31944307720315,153.8678109008599,147.5863390333411,4.733104043862022,4.733104043862023,97.02,2.98
06,LUBELSKIE,0608,lubartowski,0608072,Lubartów,wysokie ryzyko,29.55876469762425,28.98392286056382,29.55876469762425,28.98392286056382,0.0,0.0,100.0,0.0
06,LUBELSKIE,0608,lubartowski,0608011,Lubartów,wysokie ryzyko,4.667265281917146,4.667265281917146,4.667265281917146,4.667265281917146,0.0,0.0,100.0,0.0
06,LUBELSKIE,0608,lubartowski,0608082,Michów,niskie ryzyko,26.191132231425183,26.191132231425183,17.89232958048471,17.89232958048471,8.298802650940473,8.298802650940473,68.31,31.69
06,LUBELSKIE,0608,lubartowski,0608082,Michów,wysokie ryzyko,1.422742462734814,1.422742462734814,1.422742462734814,1.422742462734814,0.0,0.0,100.0,0.0
06,LUBELSKIE,0608,lubartowski,0608092,Niedźwiada,niskie ryzyko,49.614121054693626,49.25776241420919,45.657981590703,45.301622950218565,3.956139463990621,3.956139463990621,92.03,7.97
06,LUBELSKIE,0608,lubartowski,0608103,Ostrów Lubelski,niskie ryzyko,17.03920987763229,16.634215572919935,1.7494770788253808,1.3444827741130272,15.289732798806906,15.289732798806906,10.27,89.73
06,LUBELSKIE,0608,lubartowski,0608112,Ostrówek,niskie ryzyko,78.35204543020896,72.68591705575844,51.71237247857589,46.21148261035927,26.639672951633084,26.474434445399176,66.0,34.0
06,LUBELSKIE,0608,lubartowski,0608112,Ostrówek,wysokie ryzyko,35.09600452579975,33.08920233584771,18.493963709473217,16.487161519521173,16.602040816326532,16.602040816326532,52.7,47.3
06,LUBELSKIE,0608,lubartowski,0608122,Serniki,niskie ryzyko,34.050441878477365,33.551430567101086,34.050441878477365,33.551430567101086,0.0,0.0,100.0,0.0
06,LUBELSKIE,0609,lubelski,0609022,Borzechów,niskie ryzyko,29.96125902471579,28.330184525192696,25.31652218261053,23.685447683087432,4.644736842105263,4.644736842105263,84.5,15.5
06,LUBELSKIE,0609,lubelski,0609042,Garbów,niskie ryzyko,5.122621443663785,5.025735307678081,3.7049598752824746,3.704959875282474,1.4176615683813116,1.3207754323956071,72.33,27.67
06,LUBELSKIE,0609,lubelski,0609052,Głusk,niskie ryzyko,21.69799860406087,13.476817493232366,21.69799860406087,13.476817493232366,0.0,0.0,100.0,0.0
06,LUBELSKIE,0609,lubelski,0609052,Głusk,wysokie ryzyko,5.089206763421863,7.303261124580452,5.089206763421863,7.303261124580452,0.0,0.0,100.0,0.0
06,LUBELSKIE,0609,lubelski,0609092,Krzczonów,niskie ryzyko,26.484316897810153,26.484316897810153,18.962101346356793,18.962101346356793,7.52221555145336,7.522215551453359,71.6,28.4
06,LUBELSKIE,0609,lubelski,0609102,Niedrzwica Duża,niskie ryzyko,0.1558750336100321,0.1558750336100321,0.0,0.0,0.1558750336100321,0.1558750336100321,0.0,100.0
06,LUBELSKIE,0609,lubelski,0609122,Strzyżewice,niskie ryzyko,39.596587293597295,34.17567243334397,34.063536023885376,31.822771824325372,5.533051269711917,2.352900609018596,86.03,13.97
06,LUBELSKIE,0609,lubelski,0609122,Strzyżewice,wysokie ryzyko,5.821907378674338,1.051681387634356,5.821907378674338,1.051681387634356,0.0,0.0,100.0,0.0
06,LUBELSKIE,0609,lubelski,0609132,Wojciechów,niskie ryzyko,9.306729447643024,9.306729447643026,0.0,0.0,9.306729447643024,9.306729447643026,0.0,100.0
06,LUBELSKIE,0609,lubelski,0609132,Wojciechów,wysokie ryzyko,0.4200378279144678,0.4200378279144678,0.0,0.0,0.4200378279144678,0.4200378279144678,0.0,100.0
06,LUBELSKIE,0609,lubelski,0609152,Wysokie,niskie ryzyko,40.64162135220669,42.68100541985948,40.64162135220669,42.68100541985948,0.0,0.0,100.0,0.0
06,LUBELSKIE,0609,lubelski,0609152,Wysokie,wysokie ryzyko,39.69564795209062,39.69564795209061,39.69564795209062,39.69564795209061,0.0,0.0,100.0,0.0
06,LUBELSKIE,0609,lubelski,0609142,Wólka,niskie ryzyko,11.14926062925353,10.411617012444804,9.148236673450318,8.410593056641593,2.00102395580321,2.00102395580321,82.05,17.95
06,LUBELSKIE,0609,lubelski,0609142,Wólka,wysokie ryzyko,18.858851229398393,18.858851229398393,7.24277561765769,7.24277561765769,11.616075611740705,11.616075611740705,38.41,61.59
06,LUBELSKIE,0609,lubelski,0609162,Zakrzew,niskie ryzyko,0.0430322353930911,0.0430322353930911,0.0430322353930911,0.0430322353930911,0.0,0.0,100.0,0.0
06,LUBELSKIE,0609,lubelski,0609162,Zakrzew,wysokie ryzyko,0.8,0.8,0.0,0.0,0.8,0.8,0.0,100.0
06,LUBELSKIE,0612,opolski,0612012,Chodel,niskie ryzyko,41.601473957538595,40.32534084163123,35.880139154888866,34.6040060389815,5.721334802649731,5.721334802649731,86.25,13.75
06,LUBELSKIE,0612,opolski,0612012,Chodel,wysokie ryzyko,78.883194907556,75.75150837227953,78.883194907556,75.75150837227953,0.0,0.0,100.0,0.0
06,LUBELSKIE,0612,opolski,0612023,Józefów nad Wisłą,niskie ryzyko,114.63881088589014,112.55775297696508,72.18683690383244,70.1173633317935,42.451973982057694,42.44038964517158,62.97,37.03
06,LUBELSKIE,0612,opolski,0612023,Józefów nad Wisłą,wysokie ryzyko,199.03563692069915,199.03563692069915,127.63064686346794,127.63064686346794,71.4049900572312,71.4049900572312,64.12,35.88
06,LUBELSKIE,0612,opolski,0612032,Karczmiska,niskie ryzyko,8.142857142857142,8.142857142857144,3.142857142857143,3.142857142857143,5.0,5.000000000000001,38.6,61.4
06,LUBELSKIE,0612,opolski,0612032,Karczmiska,wysokie ryzyko,9.61904761904762,9.61904761904762,9.61904761904762,9.61904761904762,0.0,0.0,100.0,0.0
06,LUBELSKIE,0612,opolski,0612053,Opole Lubelskie,niskie ryzyko,0.1290040330896833,0.1290040330896832,0.0,0.0,0.1290040330896833,0.1290040330896832,0.0,100.0
06,LUBELSKIE,0612,opolski,0612053,Opole Lubelskie,wysokie ryzyko,3.4930839668237024,3.4930839668237024,1.0937246259134668,1.0937246259134668,2.3993593409102356,2.3993593409102356,31.31,68.69
06,LUBELSKIE,0612,opolski,0612072,Wilków,niskie ryzyko,1703.053545751329,1707.4265708339512,541.7252214991912,545.7054149582617,1161.328324252138,1161.7211558756896,31.81,68.19
06,LUBELSKIE,0612,opolski,0612072,Wilków,wysokie ryzyko,1425.0371148020515,1422.8048998816605,580.1364845685923,580.2395760354559,844.9006302334595,842.5653238462047,40.71,59.29
06,LUBELSKIE,0612,opolski,0612042,Łaziska,niskie ryzyko,1160.266596215746,1168.8336947750795,875.5976610739768,881.9174092643694,284.66893514176905,286.91628551071034,75.47,24.53
06,LUBELSKIE,0612,opolski,0612042,Łaziska,wysokie ryzyko,1384.1450888014997,1373.1736060367018,1180.909440289507,1172.2310563292067,203.2356485119928,200.94254970749495,85.32,14.68
06,LUBELSKIE,0613,parczewski,0613012,Dębowa Kłoda,niskie ryzyko,0.5261511057084739,0.5261511057084739,0.5261511057084739,0.5261511057084739,0.0,0.0,100.0,0.0
06,LUBELSKIE,0613,parczewski,0613043,Parczew,niskie ryzyko,42.3627448466195,35.18525983562379,41.79473481323068,34.880586274993455,0.5680100333888138,0.3046735606303332,98.66,1.34
06,LUBELSKIE,0613,parczewski,0613043,Parczew,wysokie ryzyko,14.640566717740017,12.90717870392128,14.640566717740017,12.90717870392128,0.0,0.0,100.0,0.0
06,LUBELSKIE,0613,parczewski,0613062,Siemień,niskie ryzyko,6.05010719205555,6.05010719205555,6.05010719205555,6.05010719205555,0.0,0.0,100.0,0.0
06,LUBELSKIE,0614,puławski,0614022,Baranów,niskie ryzyko,11.165265460607404,11.165265460607404,11.165265460607404,11.165265460607404,0.0,0.0,100.0,0.0
06,LUBELSKIE,0614,puławski,0614022,Baranów,wysokie ryzyko,11.030068051540194,11.030068051540194,11.030068051540194,11.030068051540194,0.0,0.0,100.0,0.0
06,LUBELSKIE,0614,puławski,0614032,Janowiec,niskie ryzyko,147.42049707275993,146.00826034142543,97.1687142511437,95.75647751980922,50.251782821616224,50.251782821616224,65.91,34.09
06,LUBELSKIE,0614,puławski,0614032,Janowiec,wysokie ryzyko,324.37362126797586,304.4065851524775,261.14560400929815,247.7592981922677,63.22801725867772,56.64728696020975,80.51,19.49
06,LUBELSKIE,0614,puławski,0614043,Kazimierz Dolny,niskie ryzyko,341.2579057456196,309.6653718524373,232.0880403372556,202.00644072234667,109.16986540836396,107.65893113009062,68.01,31.99
06,LUBELSKIE,0614,puławski,0614043,Kazimierz Dolny,wysokie ryzyko,598.7829296596958,593.3289866865097,451.7120178080218,430.32799371954087,147.07091185167403,163.00099296696885,75.44,24.56
06,LUBELSKIE,0614,puławski,0614053,Końskowola,niskie ryzyko,77.18305292643112,76.60234983411536,75.92967920683995,75.34897611452419,1.253373719591163,1.253373719591163,98.38,1.62
06,LUBELSKIE,0614,puławski,0614053,Końskowola,wysokie ryzyko,140.15847813787062,140.15847813787062,139.81178874873513,139.81178874873513,0.3466893891354893,0.3466893891354893,99.75,0.25
06,LUBELSKIE,0614,puławski,0614063,Kurów,niskie ryzyko,18.096173621682144,17.863097536704057,17.593660664161668,17.360584579183577,0.5025129575204781,0.5025129575204781,97.22,2.78
06,LUBELSKIE,0614,puławski,0614063,Kurów,wysokie ryzyko,1.737442356377238,1.6854635672992375,1.737442356377238,1.6854635672992375,0.0,0.0,100.0,0.0
06,LUBELSKIE,0614,puławski,0614072,Markuszów,niskie ryzyko,17.065585826930583,26.20828468199895,17.065585826930583,26.20828468199895,0.0,0.0,100.0,0.0
06,LUBELSKIE,0614,puławski,0614083,Nałęczów,niskie ryzyko,27.252623273667687,35.612485747340024,24.5236576087,9.18879321830647,2.7289656649676868,26.42369252903355,89.99,10.01
06,LUBELSKIE,0614,puławski,0614083,Nałęczów,wysokie ryzyko,3.5009212048864393,10.101711924036676,3.5009212048864393,10.101711924036676,0.0,0.0,100.0,0.0
06,LUBELSKIE,0614,puławski,0614011,Puławy,niskie ryzyko,639.8818159697927,766.3267070541917,620.7954819853026,747.2403730697016,19.086333984490125,19.086333984490125,97.02,2.98
06,LUBELSKIE,0614,puławski,0614092,Puławy,niskie ryzyko,2078.53298814766,1969.134929079969,1697.726800405512,1588.218064188032,380.8061877421477,380.9168648919367,81.68,18.32
06,LUBELSKIE,0614,puławski,0614011,Puławy,wysokie ryzyko,1206.9203162302629,1202.2925881834994,1180.4540945759202,1180.9273557026866,26.46622165434265,21.36523248081284,97.81,2.19
06,LUBELSKIE,0614,puławski,0614092,Puławy,wysokie ryzyko,3172.060582836527,3146.833685826159,2708.154903603572,2684.3824451698065,463.90567923295504,462.45124065635247,85.38,14.62
06,LUBELSKIE,0614,puławski,0614103,Wąwolnica,niskie ryzyko,161.95599918327147,185.95877399694223,142.2005248200175,168.85414893745934,19.755474363253946,17.104625059482913,87.8,12.2
06,LUBELSKIE,0614,puławski,0614103,Wąwolnica,wysokie ryzyko,67.14981713526909,61.87141119514803,67.14981713526909,61.87141119514803,0.0,0.0,100.0,0.0
06,LUBELSKIE,0614,puławski,0614112,Żyrzyn,niskie ryzyko,133.64277641140046,131.60145498594034,102.0465623546021,101.1933325211409,31.596214056798363,30.40812246479942,76.36,23.64
06,LUBELSKIE,0614,puławski,0614112,Żyrzyn,wysokie ryzyko,131.02830678813666,130.45217396372234,124.90467093234192,124.3285381079276,6.1236358557947455,6.1236358557947455,95.33,4.67
06,LUBELSKIE,0615,radzyński,0615022,Borki,niskie ryzyko,8.153031722833848,8.153031722833848,8.153031722833848,8.153031722833848,0.0,0.0,100.0,0.0
06,LUBELSKIE,0615,radzyński,0615033,Czemierniki,niskie ryzyko,8.508666076401939,8.589041316838436,2.09782121723425,2.178196457670748,6.410844859167689,6.410844859167689,24.66,75.34
06,LUBELSKIE,0615,radzyński,0615072,Ulan-Majorat,niskie ryzyko,6.628981346774937,6.628981346774937,6.628981346774937,6.628981346774937,0.0,0.0,100.0,0.0
06,LUBELSKIE,0616,rycki,0616011,Dęblin,niskie ryzyko,2101.7785169157246,2307.430520870434,2008.3299784074793,2220.366699638385,93.44853850824516,87.06382123204872,95.55,4.45
06,LUBELSKIE,0616,rycki,0616011,Dęblin,wysokie ryzyko,5767.922399255004,5703.480522212608,5322.421733303397,5291.86657978391,445.5006659516078,411.61394242869727,92.28,7.72
06,LUBELSKIE,0616,rycki,0616022,Kłoczew,niskie ryzyko,7.737624880649197,7.70171791760106,7.737624880649197,7.70171791760106,0.0,0.0,100.0,0.0
06,LUBELSKIE,0616,rycki,0616043,Ryki,niskie ryzyko,226.66443505291116,205.1293612435985,226.66443505291116,205.1293612435985,0.0,0.0,100.0,0.0
06,LUBELSKIE,0616,rycki,0616043,Ryki,wysokie ryzyko,220.54495037399028,159.70495825234664,220.54495037399028,159.70495825234664,0.0,0.0,100.0,0.0
06,LUBELSKIE,0616,rycki,0616052,Stężyca,niskie ryzyko,489.6235923592177,466.2818155742589,451.9707523980392,427.3573902931099,37.6528399611784,38.92442528114902,92.31,7.69
06,LUBELSKIE,0616,rycki,0616052,Stężyca,wysokie ryzyko,623.7404749830581,610.1593171378036,566.7837002484084,553.9049526419584,56.95677473464975,56.25436449584507,90.87,9.13
06,LUBELSKIE,0616,rycki,0616062,Ułęż,niskie ryzyko,121.4281107316428,122.59043380852154,99.314350674651,99.51735411831729,22.11376005699176,23.07307969020427,81.79,18.21
06,LUBELSKIE,0616,rycki,0616062,Ułęż,wysokie ryzyko,54.95963185403154,54.95963185403154,46.069275482265255,46.06927548226525,8.890356371766295,8.890356371766295,83.82,16.18
06,LUBELSKIE,0618,tomaszowski,0618032,Jarczów,niskie ryzyko,2.314350375203483,2.314350375203483,2.314350375203483,2.314350375203483,0.0,0.0,100.0,0.0
06,LUBELSKIE,0618,tomaszowski,0618082,Susiec,niskie ryzyko,6.829661349771127,6.829661349771127,2.93014469308184,2.93014469308184,3.899516656689287,3.899516656689287,42.9,57.1
06,LUBELSKIE,0618,tomaszowski,0618082,Susiec,wysokie ryzyko,0.2227749053051317,0.2227749053051316,0.0,0.0,0.2227749053051317,0.2227749053051316,0.0,100.0
06,LUBELSKIE,0618,tomaszowski,0618092,Tarnawatka,niskie ryzyko,2.411355720575672,2.411355720575672,0.0,0.0,2.411355720575672,2.411355720575672,0.0,100.0
06,LUBELSKIE,0618,tomaszowski,0618112,Tomaszów Lubelski,niskie ryzyko,8.781402749968152,8.781402749968152,1.8119249688108252,1.8119249688108248,6.969477781157326,6.969477781157326,20.63,79.37
06,LUBELSKIE,0618,tomaszowski,0618123,Tyszowce,niskie ryzyko,91.2342171399216,89.5760034747842,75.28467317407816,73.9477062292546,15.949543965843452,15.628297245529588,82.52,17.48
06,LUBELSKIE,0618,tomaszowski,0618123,Tyszowce,wysokie ryzyko,22.406734093254528,19.86370249036112,22.406734093254528,19.86370249036112,0.0,0.0,100.0,0.0
06,LUBELSKIE,0618,tomaszowski,0618063,Łaszczów,niskie ryzyko,9.132552830271145,7.402686645617109,0.6471845134954131,0.647184513495413,8.48536831677573,6.755502132121697,7.09,92.91
06,LUBELSKIE,0618,tomaszowski,0618063,Łaszczów,wysokie ryzyko,10.964467352154758,47.53458305483278,0.0,0.0,10.964467352154758,47.53458305483278,0.0,100.0
06,LUBELSKIE,0619,włodawski,0619022,Hanna,niskie ryzyko,205.89193199482207,205.2038924751295,84.17434380044224,83.53258944259832,121.71758819437986,121.67130303253116,40.88,59.12
06,LUBELSKIE,0619,włodawski,0619022,Hanna,wysokie ryzyko,199.3355174562417,198.6848778583532,86.77484949304208,85.37079728315457,112.5606679631996,113.31408057519866,43.53,56.47
06,LUBELSKIE,0619,włodawski,0619032,Hańsk,niskie ryzyko,0.0835736301737655,0.0731347048553485,0.0,0.0,0.0835736301737655,0.0731347048553485,0.0,100.0
06,LUBELSKIE,0619,włodawski,0619042,Stary Brus,niskie ryzyko,5.084616193484743,5.0846161934847425,0.0,0.0,5.084616193484743,5.0846161934847425,0.0,100.0
06,LUBELSKIE,0619,włodawski,0619052,Urszulin,niskie ryzyko,11.12586075367324,11.12586075367324,0.0,0.0,11.12586075367324,11.12586075367324,0.0,100.0
06,LUBELSKIE,0619,włodawski,0619052,Urszulin,wysokie ryzyko,4.241902980604346,4.241902980604346,0.0,0.0,4.241902980604346,4.241902980604346,0.0,100.0
06,LUBELSKIE,0619,włodawski,0619072,Wola Uhruska,niskie ryzyko,31.594517325683945,30.832687302018115,8.080514025774539,7.9299210720019,23.514003299909405,22.902766230016216,25.58,74.42
06,LUBELSKIE,0619,włodawski,0619072,Wola Uhruska,wysokie ryzyko,0.0961985855287129,0.0822559366210091,0.0961985855287129,0.0822559366210091,0.0,0.0,100.0,0.0
06,LUBELSKIE,0619,włodawski,0619082,Wyryki,niskie ryzyko,0.1926617987210304,0.1926617987210304,0.0,0.0,0.1926617987210304,0.1926617987210304,0.0,100.0
06,LUBELSKIE,0619,włodawski,0619062,Włodawa,niskie ryzyko,143.42678778300964,139.9088576770544,32.52497743866007,29.1877120862507,110.90181034434956,110.72114559080369,22.68,77.32
06,LUBELSKIE,0619,włodawski,0619011,Włodawa,niskie ryzyko,54.20222368055819,50.17471538049308,30.00726149968773,26.12472657661068,24.19496218087046,24.0499888038824,55.36,44.64
06,LUBELSKIE,0619,włodawski,0619011,Włodawa,wysokie ryzyko,139.87185142628283,136.94442288651857,139.87185142628283,136.94442288651857,0.0,0.0,100.0,0.0
06,LUBELSKIE,0619,włodawski,0619062,Włodawa,wysokie ryzyko,105.22619648900074,104.01923282773436,15.519103327006086,15.519103327006086,89.70709316199466,88.50012950072828,14.75,85.25
06,LUBELSKIE,0620,zamojski,0620012,Adamów,niskie ryzyko,25.387551380736955,25.37598665284721,2.583706115861362,1.6975458557334009,22.80384526487559,23.678440797113808,10.18,89.82
06,LUBELSKIE,0620,zamojski,0620022,Grabowiec,niskie ryzyko,2.551923200515537,2.551923200515537,2.551923200515537,2.551923200515537,0.0,0.0,100.0,0.0
06,LUBELSKIE,0620,zamojski,0620022,Grabowiec,wysokie ryzyko,7.943455232990446,7.943455232990446,7.943455232990446,7.943455232990446,0.0,0.0,100.0,0.0
06,LUBELSKIE,0620,zamojski,0620043,Krasnobród,niskie ryzyko,32.70938181829046,27.9329113560434,19.711648856278728,15.490352492164131,12.997732962011728,12.442558863879269,60.26,39.74
06,LUBELSKIE,0620,zamojski,0620043,Krasnobród,wysokie ryzyko,5.680927333724279,8.813479200399136,5.680927333724279,8.813479200399136,0.0,0.0,100.0,0.0
06,LUBELSKIE,0620,zamojski,0620072,Nielisz,niskie ryzyko,8.963872867474649,8.963872867474649,8.963872867474649,8.963872867474649,0.0,0.0,100.0,0.0
06,LUBELSKIE,0620,zamojski,0620072,Nielisz,wysokie ryzyko,7.606532251483877,7.606532251483877,0.0,0.0,7.606532251483877,7.606532251483877,0.0,100.0
06,LUBELSKIE,0620,zamojski,0620082,Radecznica,niskie ryzyko,9.89278107113695,9.50622083069113,9.89278107113695,9.50622083069113,0.0,0.0,100.0,0.0
06,LUBELSKIE,0620,zamojski,0620102,Skierbieszów,niskie ryzyko,8.421895718337176,7.611117189823782,8.421895718337176,7.611117189823782,0.0,0.0,100.0,0.0
06,LUBELSKIE,0620,zamojski,0620122,Sułów,niskie ryzyko,25.499468215827676,24.834125945331813,6.358322493895697,6.298434668439606,19.141145721931977,18.53569127689221,24.94,75.06
06,LUBELSKIE,0620,zamojski,0620122,Sułów,wysokie ryzyko,19.32304178609044,22.029966622794166,0.0,0.0,19.32304178609044,22.029966622794166,0.0,100.0
06,LUBELSKIE,0620,zamojski,0620133,Szczebrzeszyn,niskie ryzyko,52.281932210935906,43.67088354406086,22.401811074396505,22.36593463561111,29.8801211365394,21.304948908449745,42.85,57.15
06,LUBELSKIE,0620,zamojski,0620133,Szczebrzeszyn,wysokie ryzyko,27.848703827912175,27.139091077574783,26.22979456795343,25.520181817616045,1.6189092599587416,1.6189092599587414,94.19,5.81
06,LUBELSKIE,0620,zamojski,0620142,Zamość,niskie ryzyko,13.696842617840208,13.653749952656332,1.0931608260974852,1.050068160913607,12.603681791742725,12.603681791742725,7.98,92.02
06,LUBELSKIE,0620,zamojski,0620142,Zamość,wysokie ryzyko,0.6879597263778047,0.6879597263778047,0.0,0.0,0.6879597263778047,0.6879597263778047,0.0,100.0
06,LUBELSKIE,0620,zamojski,0620153,Zwierzyniec,niskie ryzyko,38.473262288301605,35.719705642806474,37.97827579270499,35.22471914720986,0.4949864955966137,0.4949864955966137,98.71,1.29
06,LUBELSKIE,0620,zamojski,0620153,Zwierzyniec,wysokie ryzyko,4.413335720634039,4.205611945539673,4.413335720634039,4.205611945539673,0.0,0.0,100.0,0.0
06,LUBELSKIE,0620,zamojski,0620052,Łabunie,niskie ryzyko,0.9439741660250972,0.9439741660250972,0.9439741660250972,0.9439741660250972,0.0,0.0,100.0,0.0
06,LUBELSKIE,0611,łukowski,0611042,Krzywda,niskie ryzyko,0.491476579428329,0.491476579428329,0.491476579428329,0.491476579428329,0.0,0.0,100.0,0.0
06,LUBELSKIE,0611,łukowski,0611042,Krzywda,wysokie ryzyko,7.83249573981812,7.83249573981812,7.83249573981812,7.83249573981812,0.0,0.0,100.0,0.0
06,LUBELSKIE,0611,łukowski,0611021,Stoczek Łukowski,niskie ryzyko,2.610227201166467,2.6102272011664667,2.610227201166467,2.6102272011664667,0.0,0.0,100.0,0.0
06,LUBELSKIE,0611,łukowski,0611082,Stoczek Łukowski,niskie ryzyko,9.521027502869869,9.521027502869869,1.2301684180824295,1.2301684180824295,8.290859084787435,8.290859084787435,12.92,87.08
06,LUBELSKIE,0611,łukowski,0611112,Wola Mysłowska,niskie ryzyko,9.0,9.0,9.0,9.0,0.0,0.0,100.0,0.0
06,LUBELSKIE,0611,łukowski,0611011,Łuków,niskie ryzyko,133.75491059574506,117.08348510645251,103.0680413583841,86.39661586909155,30.686869237360984,30.686869237360984,77.06,22.94
06,LUBELSKIE,0611,łukowski,0611052,Łuków,niskie ryzyko,6.1749815375694395,6.165455067570835,4.595172584992085,4.595172584992085,1.5798089525773549,1.5702824825787498,74.42,25.58
06,LUBELSKIE,0611,łukowski,0611011,Łuków,wysokie ryzyko,148.4429185311293,136.5905558581686,120.0622409408484,108.20987826788776,28.380677590280847,28.38067759028085,80.88,19.12
06,LUBELSKIE,0610,łęczyński,0610012,Cyców,niskie ryzyko,19.50183164940777,16.682138513998602,15.34846291492294,12.543197638543749,4.153368734484832,4.138940875454854,78.7,21.3
06,LUBELSKIE,0610,łęczyński,0610012,Cyców,wysokie ryzyko,5.5011116769347,5.501111676934699,0.0,0.0,5.5011116769347,5.501111676934699,0.0,100.0
06,LUBELSKIE,0610,łęczyński,0610022,Ludwin,niskie ryzyko,15.72566797754033,15.72566797754033,0.0,0.0,15.72566797754033,15.72566797754033,0.0,100.0
06,LUBELSKIE,0610,łęczyński,0610042,Milejów,niskie ryzyko,85.59973940416447,84.60395186250611,21.255525169860164,20.79492327350591,64.3442142343043,63.8090285890002,24.83,75.17
06,LUBELSKIE,0610,łęczyński,0610052,Puchaczów,niskie ryzyko,13.391736907768529,11.57772741485599,13.391736907768529,11.57772741485599,0.0,0.0,100.0,0.0
06,LUBELSKIE,0610,łęczyński,0610062,Spiczyn,niskie ryzyko,67.54211576951745,73.66382769138391,56.87021944289483,63.09424862096322,10.671896326622615,10.56957907042071,84.2,15.8
06,LUBELSKIE,0610,łęczyński,0610033,Łęczna,niskie ryzyko,27.23718241451213,26.4995092184846,22.10607505059069,21.642148910613212,5.13110736392144,4.85736030787139,81.16,18.84
06,LUBELSKIE,0617,świdnicki,0617033,Piaski,niskie ryzyko,38.11378242602429,36.25547940925303,38.11378242602429,36.25547940925303,0.0,0.0,100.0,0.0
06,LUBELSKIE,0617,świdnicki,0617033,Piaski,wysokie ryzyko,2.6481696635746887,2.5365256843288657,2.6481696635746887,2.5365256843288657,0.0,0.0,100.0,0.0
06,LUBELSKIE,0617,świdnicki,0617042,Rybczewice,niskie ryzyko,60.84595108699553,59.68030838367926,49.97390285168101,48.80826014836474,10.872048235314526,10.872048235314526,82.13,17.87
06,LUBELSKIE,0617,świdnicki,0617042,Rybczewice,wysokie ryzyko,19.00017026470885,19.00017026470885,19.00017026470885,19.00017026470885,0.0,0.0,100.0,0.0
06,LUBELSKIE,0617,świdnicki,0617052,Trawniki,niskie ryzyko,122.02020830756176,120.85655652973594,121.34482871585288,120.18117693802704,0.675379591708887,0.675379591708887,99.45,0.55
06,LUBELSKIE,0617,świdnicki,0617052,Trawniki,wysokie ryzyko,72.96601075031691,72.25229524812652,72.96601075031691,72.25229524812652,0.0,0.0,100.0,0.0
08,LUBUSKIE,0861,Gorzów Wielkopolski,0861011,Gorzów Wielkopolski,niskie ryzyko,2172.296264171675,2044.905307326098,1922.8202359292711,1792.921436358966,249.4760282424034,251.9838709671317,88.52,11.48
08,LUBUSKIE,0861,Gorzów Wielkopolski,0861011,Gorzów Wielkopolski,wysokie ryzyko,2709.3038129062634,2982.888054065744,2593.1202428645056,2873.1358638229285,116.18357004175772,109.75219024281574,95.71,4.29
08,LUBUSKIE,0862,Zielona Góra,0862011,Zielona Góra,niskie ryzyko,91.536693438865,100.5933512710761,55.549912549616565,56.46130296334315,35.986780889248415,44.13204830773295,60.69,39.31
08,LUBUSKIE,0862,Zielona Góra,0862011,Zielona Góra,wysokie ryzyko,89.08735705282999,80.47887311979929,20.78878078087476,20.27005483028493,68.29857627195523,60.208818289514355,23.34,76.66
08,LUBUSKIE,0801,gorzowski,0801022,Bogdaniec,niskie ryzyko,962.859672879862,989.2732650387592,452.8745496800209,478.5155996137864,509.9851231998411,510.7576654249728,47.03,52.97
08,LUBUSKIE,0801,gorzowski,0801022,Bogdaniec,wysokie ryzyko,428.7981394771102,412.0941898604521,245.32871289198627,236.95905116306488,183.46942658512395,175.13513869738722,57.21,42.79
08,LUBUSKIE,0801,gorzowski,0801032,Deszczno,niskie ryzyko,2029.798521005593,2021.75511523618,1382.8590826078437,1381.3265851151357,646.9394383977493,640.4285301210442,68.13,31.87
08,LUBUSKIE,0801,gorzowski,0801032,Deszczno,wysokie ryzyko,539.2694301090278,535.537863053701,375.7504619820793,376.4692986437266,163.51896812694852,159.0685644099744,69.68,30.32
08,LUBUSKIE,0801,gorzowski,0801011,Kostrzyn nad Odrą,niskie ryzyko,222.6476416096052,259.743588577795,154.06778212659114,182.9544674492078,68.57985948301409,76.78912112858715,69.2,30.8
08,LUBUSKIE,0801,gorzowski,0801011,Kostrzyn nad Odrą,wysokie ryzyko,254.34633974227677,298.7208734668145,228.59323717337452,271.2002135395779,25.75310256890224,27.520659927236657,89.87,10.13
08,LUBUSKIE,0801,gorzowski,0801062,Santok,niskie ryzyko,501.73271483502464,486.9272631617523,121.5930923900006,121.89882414071695,380.139622445024,365.0284390210354,24.23,75.77
08,LUBUSKIE,0801,gorzowski,0801062,Santok,wysokie ryzyko,485.5060232189022,499.56509368420393,406.94425383829105,406.82965382280986,78.56176938061114,92.73543986139408,83.82,16.18
08,LUBUSKIE,0801,gorzowski,0801073,Witnica,niskie ryzyko,319.9700965052568,285.2255742367817,73.5979963763333,82.67106035746414,246.37210012892348,202.5545138793176,23.0,77.0
08,LUBUSKIE,0801,gorzowski,0801073,Witnica,wysokie ryzyko,74.89791037259504,142.7006840346743,13.87610979973106,36.367931019448704,61.021800572863974,106.3327530152256,18.53,81.47
08,LUBUSKIE,0802,krośnieński,0802022,Bobrowice,niskie ryzyko,43.49753703354393,43.13875150714232,10.963603960262372,10.732782566027836,32.53393307328156,32.40596894111448,25.21,74.79
08,LUBUSKIE,0802,krośnieński,0802022,Bobrowice,wysokie ryzyko,78.26956702961704,65.73586587410502,52.81707748674124,40.28337633122922,25.452489542875803,25.4524895428758,67.48,32.52
08,LUBUSKIE,0802,krośnieński,0802032,Bytnica,niskie ryzyko,2.091295681063123,2.0912956810631234,0.0,0.0,2.091295681063123,2.0912956810631234,0.0,100.0
08,LUBUSKIE,0802,krośnieński,0802042,Dąbie,niskie ryzyko,74.9458013318486,74.9458013318486,0.0752872651778376,0.0752872651778376,74.87051406667076,74.87051406667076,0.1,99.9
08,LUBUSKIE,0802,krośnieński,0802042,Dąbie,wysokie ryzyko,56.79623143951753,56.79623143951753,0.0,0.0,56.79623143951753,56.79623143951753,0.0,100.0
08,LUBUSKIE,0802,krośnieński,0802011,Gubin,niskie ryzyko,641.5404914620328,810.506540727201,584.363085950253,753.3291352154212,57.17740551177987,57.17740551177987,91.09,8.91
08,LUBUSKIE,0802,krośnieński,0802052,Gubin,niskie ryzyko,574.1110974565461,571.2273418463858,122.24722506738462,119.07694142676758,451.86387238916143,452.1504004196182,21.29,78.71
08,LUBUSKIE,0802,krośnieński,0802011,Gubin,wysokie ryzyko,1956.89315534314,1827.386848345759,1921.625003769356,1792.1186967719748,35.26815157378418,35.26815157378418,98.2,1.8
08,LUBUSKIE,0802,krośnieński,0802052,Gubin,wysokie ryzyko,557.4771400246563,557.322139190335,222.6142764998491,223.10059460179917,334.8628635248072,334.2215445885359,39.93,60.07
08,LUBUSKIE,0802,krośnieński,0802063,Krosno Odrzańskie,niskie ryzyko,618.1797109493925,591.9674105953798,438.3669467538648,412.27916359752777,179.81276419552768,179.688246997852,70.91,29.09
08,LUBUSKIE,0802,krośnieński,0802063,Krosno Odrzańskie,wysokie ryzyko,1707.3572414727482,1700.771245989081,1498.3141635436868,1491.7955353900106,209.0430779290615,208.97571059907037,87.76,12.24
08,LUBUSKIE,0802,krośnieński,0802072,Maszewo,niskie ryzyko,48.48775702215209,48.48775702215209,30.314110852848938,30.314110852848938,18.17364616930315,18.17364616930315,62.52,37.48
08,LUBUSKIE,0802,krośnieński,0802072,Maszewo,wysokie ryzyko,127.66048890698065,127.66048890698065,118.33304843372946,118.33304843372946,9.3274404732512,9.3274404732512,92.69,7.31
08,LUBUSKIE,0803,międzyrzecki,0803012,Bledzew,niskie ryzyko,3.772164395793408,3.634417729481247,0.0,0.0,3.772164395793408,3.634417729481247,0.0,100.0
08,LUBUSKIE,0803,międzyrzecki,0803012,Bledzew,wysokie ryzyko,3.192681316608507,0.7408595674507744,0.0,0.0,3.192681316608507,0.7408595674507744,0.0,100.0
08,LUBUSKIE,0803,międzyrzecki,0803023,Międzyrzecz,niskie ryzyko,62.65589926540578,60.768795493086806,39.03354317346802,37.33019326988983,23.62235609193776,23.438602223196973,62.3,37.7
08,LUBUSKIE,0803,międzyrzecki,0803023,Międzyrzecz,wysokie ryzyko,16.902673290325193,20.88432298928882,16.902673290325193,20.88432298928882,0.0,0.0,100.0,0.0
08,LUBUSKIE,0803,międzyrzecki,0803032,Przytoczna,niskie ryzyko,88.8539791943721,88.8539791943721,0.0,0.0,88.8539791943721,88.8539791943721,0.0,100.0
08,LUBUSKIE,0803,międzyrzecki,0803032,Przytoczna,wysokie ryzyko,37.204264370320985,37.204264370320985,0.0,0.0,37.204264370320985,37.204264370320985,0.0,100.0
08,LUBUSKIE,0803,międzyrzecki,0803042,Pszczew,niskie ryzyko,3.0,3.0,0.0,0.0,3.0,3.0,0.0,100.0
08,LUBUSKIE,0803,międzyrzecki,0803042,Pszczew,wysokie ryzyko,14.091745468339589,14.091745468339589,14.091745468339589,14.091745468339589,0.0,0.0,100.0,0.0
08,LUBUSKIE,0803,międzyrzecki,0803053,Skwierzyna,niskie ryzyko,557.8687808381405,502.75311057899626,383.0251505733662,332.31631605427685,174.84363026477422,170.4367945247194,68.66,31.34
08,LUBUSKIE,0803,międzyrzecki,0803053,Skwierzyna,wysokie ryzyko,295.23781953312124,298.27583644189997,191.9588603750678,188.3228001489715,103.27895915805348,109.95303629292847,65.02,34.98
08,LUBUSKIE,0803,międzyrzecki,0803063,Trzciel,niskie ryzyko,46.73386930460543,46.08362343999589,41.45868178977384,40.808435925164304,5.275187514831588,5.275187514831587,88.71,11.29
08,LUBUSKIE,0803,międzyrzecki,0803063,Trzciel,wysokie ryzyko,216.35117193552009,226.88621339923665,216.35117193552009,226.88621339923665,0.0,0.0,100.0,0.0
08,LUBUSKIE,0804,nowosolski,0804023,Bytom Odrzański,niskie ryzyko,28.2690305723433,28.936870220426407,28.2690305723433,28.267656279570275,0.0,0.6692139408561292,100.0,0.0
08,LUBUSKIE,0804,nowosolski,0804023,Bytom Odrzański,wysokie ryzyko,183.8370845474336,183.29466688710696,183.8370845474336,183.29466688710696,0.0,0.0,100.0,0.0
08,LUBUSKIE,0804,nowosolski,0804032,Kolsko,niskie ryzyko,0.7934213295096116,0.7906258894650217,0.0,0.0,0.7934213295096116,0.7906258894650217,0.0,100.0
08,LUBUSKIE,0804,nowosolski,0804032,Kolsko,wysokie ryzyko,3.0863236610665914,3.0863236610665914,0.0,0.0,3.0863236610665914,3.0863236610665914,0.0,100.0
08,LUBUSKIE,0804,nowosolski,0804011,Nowa Sól,niskie ryzyko,318.6752662909073,295.5810107839236,245.65288344154564,225.46929211056192,73.02238284936165,70.11171867336164,77.09,22.91
08,LUBUSKIE,0804,nowosolski,0804052,Nowa Sól,niskie ryzyko,511.6816856195204,489.1654963849082,427.100211476021,400.0934302804035,84.58147414349936,89.07206610450464,83.47,16.53
08,LUBUSKIE,0804,nowosolski,0804011,Nowa Sól,wysokie ryzyko,150.00602033165427,293.0448388396646,150.00602033165427,293.0448388396646,0.0,0.0,100.0,0.0
08,LUBUSKIE,0804,nowosolski,0804052,Nowa Sól,wysokie ryzyko,1181.5143460460722,1213.1628271024792,1039.303980604799,1072.991510250854,142.21036544127327,140.17131685162542,87.96,12.04
08,LUBUSKIE,0804,nowosolski,0804073,Otyń,niskie ryzyko,55.60686983284722,55.64818539531625,38.85450343160432,38.89581899407336,16.752366401242888,16.752366401242888,69.87,30.13
08,LUBUSKIE,0804,nowosolski,0804073,Otyń,wysokie ryzyko,155.44678652781846,154.92874917855565,93.20414169756144,93.07706651116048,62.24264483025699,61.85168266739518,59.96,40.04
08,LUBUSKIE,0804,nowosolski,0804082,Siedlisko,niskie ryzyko,268.17050114077654,268.9483206633461,109.30538719473934,110.17474784620426,158.86511394603718,158.77357281714183,40.76,59.24
08,LUBUSKIE,0804,nowosolski,0804082,Siedlisko,wysokie ryzyko,317.28822514328425,316.51040562071466,139.64765592943414,139.5433055881426,177.6405692138501,176.96710003257203,44.01,55.99
08,LUBUSKIE,0806,strzelecko-drezdenecki,0806013,Dobiegniew,niskie ryzyko,8.95970570117137,8.688153227115254,0.0,0.0,8.95970570117137,8.688153227115254,0.0,100.0
08,LUBUSKIE,0806,strzelecko-drezdenecki,0806023,Drezdenko,niskie ryzyko,375.2627994016112,359.60510767153824,305.6491864554332,289.99149472536027,69.61361294617798,69.61361294617798,81.45,18.55
08,LUBUSKIE,0806,strzelecko-drezdenecki,0806023,Drezdenko,wysokie ryzyko,864.17019600622,814.9541285839128,848.1724759092042,798.9564084868971,15.997720097015794,15.997720097015794,98.15,1.85
08,LUBUSKIE,0806,strzelecko-drezdenecki,0806032,Stare Kurowo,niskie ryzyko,129.80557120642356,129.80557120642356,114.2192233235952,114.2192233235952,15.586347882828363,15.586347882828369,87.99,12.01
08,LUBUSKIE,0806,strzelecko-drezdenecki,0806032,Stare Kurowo,wysokie ryzyko,21.306401516436807,21.306401516436807,10.48782504760697,10.48782504760697,10.81857646882984,10.81857646882984,49.22,50.78
08,LUBUSKIE,0806,strzelecko-drezdenecki,0806052,Zwierzyn,niskie ryzyko,571.3332125734595,573.5177089906116,319.82862299661457,322.4774916377307,251.50458957684492,251.04021735288092,55.98,44.02
08,LUBUSKIE,0806,strzelecko-drezdenecki,0806052,Zwierzyn,wysokie ryzyko,112.58870442195104,111.12022925719376,68.38414297015902,66.91566780540175,44.20456145179201,44.20456145179201,60.74,39.26
08,LUBUSKIE,0807,sulęciński,0807012,Krzeszyce,niskie ryzyko,601.4405222585917,612.3764532925059,59.523713459924494,58.73205456352092,541.9168087986673,553.6443987289849,9.9,90.1
08,LUBUSKIE,0807,sulęciński,0807012,Krzeszyce,wysokie ryzyko,460.9283209410853,447.0821369185072,14.830625129174091,14.830625129174091,446.09769581191114,432.2515117893331,3.22,96.78
08,LUBUSKIE,0807,sulęciński,0807032,Słońsk,niskie ryzyko,545.7130839501435,543.2767132509653,219.51590954374552,217.6475461466013,326.19717440639795,325.629167104364,40.23,59.77
08,LUBUSKIE,0807,sulęciński,0807032,Słońsk,wysokie ryzyko,413.9531306985319,412.094256642275,190.1944504565903,189.0586318276515,223.7586802419416,223.03562481462345,45.95,54.05
08,LUBUSKIE,0805,słubicki,0805013,Cybinka,niskie ryzyko,143.62370970982664,141.6029133304165,9.0778599146296,8.545808883660492,134.54584979519706,133.057104446756,6.32,93.68
08,LUBUSKIE,0805,słubicki,0805013,Cybinka,wysokie ryzyko,124.1855272524993,124.18552725249928,0.0,0.0,124.1855272524993,124.18552725249928,0.0,100.0
08,LUBUSKIE,0805,słubicki,0805022,Górzyca,niskie ryzyko,175.94859403397913,174.03133584989797,111.7387546355354,109.50417101566416,64.20983939844372,64.5271648342338,63.51,36.49
08,LUBUSKIE,0805,słubicki,0805022,Górzyca,wysokie ryzyko,284.0396755620908,276.4712298442103,181.72235031137444,170.8016202716027,102.31732525071634,105.66960957260758,63.98,36.02
08,LUBUSKIE,0805,słubicki,0805053,Słubice,niskie ryzyko,589.5878624529764,572.836375705395,48.33289637449569,47.921137555894795,541.2549660784807,524.9152381495002,8.2,91.8
08,LUBUSKIE,0805,słubicki,0805053,Słubice,wysokie ryzyko,403.4867434704015,461.4720983557057,38.340598246434794,66.39412313205037,365.1461452239667,395.07797522365536,9.5,90.5
08,LUBUSKIE,0812,wschowski,0812023,Szlichtyngowa,niskie ryzyko,22.73827954088903,20.585823914657105,22.73827954088903,20.585823914657105,0.0,0.0,100.0,0.0
08,LUBUSKIE,0812,wschowski,0812023,Szlichtyngowa,wysokie ryzyko,8.833283042631432,8.833283042631432,8.833283042631432,8.833283042631432,0.0,0.0,100.0,0.0
08,LUBUSKIE,0812,wschowski,0812033,Wschowa,niskie ryzyko,15.72852901601366,13.311050982292452,0.0,0.0,15.72852901601366,13.311050982292452,0.0,100.0
08,LUBUSKIE,0812,wschowski,0812033,Wschowa,wysokie ryzyko,16.69598488097063,16.69598488097063,0.0,0.0,16.69598488097063,16.69598488097063,0.0,100.0
08,LUBUSKIE,0809,zielonogórski,0809022,Bojadła,niskie ryzyko,789.9212797662238,827.4007207650087,470.7403151066816,509.8881609150749,319.1809646595423,317.51255984993395,59.59,40.41
08,LUBUSKIE,0809,zielonogórski,0809022,Bojadła,wysokie ryzyko,1240.8935949121048,1199.3430006206788,935.272240514752,906.8103209244124,305.62135439735295,292.5326796962663,75.37,24.63
08,LUBUSKIE,0809,zielonogórski,0809033,Czerwieńsk,niskie ryzyko,715.1006752925967,711.6815339457105,334.0660323796563,306.52004684500264,381.0346429129404,405.1614871007079,46.72,53.28
08,LUBUSKIE,0809,zielonogórski,0809033,Czerwieńsk,wysokie ryzyko,1008.1927486059682,1032.9691466915765,459.9742839026085,483.7369280644838,548.2184647033597,549.2322186270924,45.62,54.38
08,LUBUSKIE,0809,zielonogórski,0809043,Kargowa,niskie ryzyko,22.085537730963427,22.085537730963427,0.5577271209916044,0.5577271209916044,21.527810609971823,21.527810609971823,2.53,97.47
08,LUBUSKIE,0809,zielonogórski,0809043,Kargowa,wysokie ryzyko,33.283682070201635,33.283682070201635,0.0,0.0,33.283682070201635,33.283682070201635,0.0,100.0
08,LUBUSKIE,0809,zielonogórski,0809053,Nowogród Bobrzański,niskie ryzyko,355.31890681875086,340.0780557777758,43.87700255523796,38.33742799592443,311.4419042635129,301.7406277818514,12.35,87.65
08,LUBUSKIE,0809,zielonogórski,0809053,Nowogród Bobrzański,wysokie ryzyko,611.3783956325861,559.197791302544,143.33933299371998,126.47390142171712,468.0390626388662,432.72388988082696,23.45,76.55
08,LUBUSKIE,0809,zielonogórski,0809063,Sulechów,niskie ryzyko,394.79427666548185,403.3869548867832,116.69233061759374,111.01050287884098,278.1019460478881,292.3764520079422,29.56,70.44
08,LUBUSKIE,0809,zielonogórski,0809063,Sulechów,wysokie ryzyko,637.8236649316553,627.7088664573181,216.71703545356428,207.18007662897529,421.10662947809107,420.5287898283429,33.98,66.02
08,LUBUSKIE,0809,zielonogórski,0809082,Trzebiechów,niskie ryzyko,379.5495709911907,397.66712955322265,263.35469710862026,281.56812797447037,116.19487388257048,116.09900157875228,69.39,30.61
08,LUBUSKIE,0809,zielonogórski,0809082,Trzebiechów,wysokie ryzyko,624.9249611841552,610.488146797331,549.4015158640179,534.9647014771938,75.52344532013718,75.52344532013718,87.91,12.09
08,LUBUSKIE,0809,zielonogórski,0809092,Zabór,niskie ryzyko,47.42971238061687,47.33789944796265,12.886545119402026,12.886545119402026,34.54316726121485,34.451354328560626,27.17,72.83
08,LUBUSKIE,0809,zielonogórski,0809092,Zabór,wysokie ryzyko,39.76884801804603,39.74100701865525,13.542408218928683,13.542408218928683,26.226439799117355,26.198598799726568,34.05,65.95
08,LUBUSKIE,0808,świebodziński,0808022,Łagów,niskie ryzyko,3.292905913216197,3.0235277183702056,0.3826381642326015,0.1132599693866102,2.9102677489835953,2.9102677489835953,11.62,88.38
08,LUBUSKIE,0810,żagański,0810043,Iłowa,niskie ryzyko,51.51444864065462,28.766697480598317,41.88234112616495,26.13903627982574,9.632107514489665,2.627661200772579,81.3,18.7
08,LUBUSKIE,0810,żagański,0810043,Iłowa,wysokie ryzyko,1.117666088470065,1.117666088470065,0.0,0.0,1.117666088470065,1.117666088470065,0.0,100.0
08,LUBUSKIE,0810,żagański,0810053,Małomice,niskie ryzyko,186.9467648373329,177.21511728143363,154.5973674185391,144.86571986263988,32.34939741879376,32.34939741879376,82.7,17.3
08,LUBUSKIE,0810,żagański,0810053,Małomice,wysokie ryzyko,245.72322095227807,255.62650146366985,245.72322095227807,255.62650146366985,0.0,0.0,100.0,0.0
08,LUBUSKIE,0810,żagański,0810062,Niegosławice,niskie ryzyko,0.3557618964931353,0.3543589728360324,0.3557618964931353,0.3543589728360324,0.0,0.0,100.0,0.0
08,LUBUSKIE,0810,żagański,0810073,Szprotawa,niskie ryzyko,1217.8104528296774,1148.293149444487,1132.331735354561,1062.8144319693706,85.47871747511623,85.47871747511623,92.98,7.02
08,LUBUSKIE,0810,żagański,0810073,Szprotawa,wysokie ryzyko,1730.8904848601055,1673.586529468066,1641.3333986948337,1584.3771869972584,89.55708616527215,89.20934247080787,94.83,5.17
08,LUBUSKIE,0810,żagański,0810021,Żagań,niskie ryzyko,1272.2663646970352,1185.978706221106,1168.961620337569,1090.1027649436326,103.30474435946618,95.87594127747349,91.88,8.12
08,LUBUSKIE,0810,żagański,0810092,Żagań,niskie ryzyko,276.59866674137453,273.381352813279,110.39070333354572,109.10342292636317,166.2079634078288,164.2779298869159,39.91,60.09
08,LUBUSKIE,0810,żagański,0810021,Żagań,wysokie ryzyko,3278.8195604139064,3180.564196960507,3189.4202749911315,3106.2031815063015,89.3992854227751,74.36101545420564,97.27,2.73
08,LUBUSKIE,0810,żagański,0810092,Żagań,wysokie ryzyko,127.07380774954804,124.98383680726889,57.64322745006037,55.69560095877067,69.43058029948769,69.28823584849822,45.36,54.64
08,LUBUSKIE,0811,żarski,0811033,Brody,niskie ryzyko,87.07382128636678,90.95118603837864,0.0,0.0,87.07382128636678,90.95118603837864,0.0,100.0
08,LUBUSKIE,0811,żarski,0811033,Brody,wysokie ryzyko,64.53588070542712,62.093928789180886,0.0,0.0,64.53588070542712,62.093928789180886,0.0,100.0
08,LUBUSKIE,0811,żarski,0811043,Jasień,niskie ryzyko,37.69083667335145,39.03169861365279,37.69083667335145,39.03169861365279,0.0,0.0,100.0,0.0
08,LUBUSKIE,0811,żarski,0811043,Jasień,wysokie ryzyko,114.52196985617684,85.92669165900534,114.52196985617684,85.92669165900534,0.0,0.0,100.0,0.0
08,LUBUSKIE,0811,żarski,0811063,Lubsko,niskie ryzyko,129.52982518139532,133.69535072063437,120.1413829504704,114.55028502893634,9.388442230924944,19.145065691698036,92.75,7.25
08,LUBUSKIE,0811,żarski,0811063,Lubsko,wysokie ryzyko,113.91690969226902,108.1801411999139,108.58347066271254,102.84670217035745,5.333439029556469,5.3334390295564695,95.32,4.68
08,LUBUSKIE,0811,żarski,0811072,Przewóz,niskie ryzyko,203.04127110713617,200.0842372429132,44.44325007867798,43.15477455315683,158.59802102845816,156.92946268975638,21.89,78.11
08,LUBUSKIE,0811,żarski,0811072,Przewóz,wysokie ryzyko,269.67209784974085,271.2828322138064,210.98644401410797,212.2427283756169,58.685653835632905,59.04010383818944,78.24,21.76
08,LUBUSKIE,0811,żarski,0811082,Trzebiel,niskie ryzyko,80.02385753111355,77.50178420081556,21.199042195426372,20.865825776856717,58.82481533568717,56.63595842395884,26.49,73.51
08,LUBUSKIE,0811,żarski,0811082,Trzebiel,wysokie ryzyko,11.970389611748182,11.820499509611098,9.535924470710468,9.386034368573384,2.4344651410377134,2.4344651410377143,79.66,20.34
08,LUBUSKIE,0811,żarski,0811011,Łęknica,niskie ryzyko,19.070131646434223,16.72036407073353,0.0,0.0,19.070131646434223,16.72036407073353,0.0,100.0
08,LUBUSKIE,0811,żarski,0811011,Łęknica,wysokie ryzyko,30.00235152478611,58.71501949210757,0.0,0.0,30.00235152478611,58.71501949210757,0.0,100.0
08,LUBUSKIE,0811,żarski,0811102,Żary,niskie ryzyko,0.4418661040057788,0.4418661040057788,0.0,0.0,0.4418661040057788,0.4418661040057788,0.0,100.0
08,LUBUSKIE,0811,żarski,0811102,Żary,wysokie ryzyko,4.147215532931758,4.147215532931758,0.0,0.0,4.147215532931758,4.147215532931758,0.0,100.0
14,MAZOWIECKIE,1461,Ostrołęka,1461011,Ostrołęka,niskie ryzyko,1033.8970469142096,1156.3820898674,889.6077787327811,995.5419666727508,144.28926818142844,160.84012319464932,86.04,13.96
14,MAZOWIECKIE,1461,Ostrołęka,1461011,Ostrołęka,wysokie ryzyko,4601.530757349791,4487.942322339255,4342.289271427642,4229.222440217038,259.24148592214766,258.7198821222179,94.37,5.63
14,MAZOWIECKIE,1462,Płock,1462011,Płock,niskie ryzyko,423.3996051585443,438.7729220131233,239.6832843160716,255.61773355148352,183.7163208424727,183.15518846163977,56.61,43.39
14,MAZOWIECKIE,1462,Płock,1462011,Płock,wysokie ryzyko,875.5143198418293,821.6794390737894,737.2038226934062,683.3689419253662,138.31049714842305,138.31049714842305,84.2,15.8
14,MAZOWIECKIE,1463,Radom,1463011,Radom,niskie ryzyko,165.29999640801114,161.9832033704197,103.30651398969488,100.03873685858451,61.99348241831627,61.94446651183516,62.5,37.5
14,MAZOWIECKIE,1463,Radom,1463011,Radom,wysokie ryzyko,37.55587815022407,36.46327344473089,0.0,0.0,37.55587815022407,36.46327344473089,0.0,100.0
14,MAZOWIECKIE,1465,Warszawa,1465011,Warszawa,niskie ryzyko,100609.02001852888,99116.40242339592,97728.26874284126,96290.01364634876,2880.7512756876367,2826.388777047161,97.14,2.86
14,MAZOWIECKIE,1465,Warszawa,1465011,Warszawa,wysokie ryzyko,311591.58370751794,310511.00563066977,309241.67661395954,308164.3999454881,2349.9070935584477,2346.6056851816493,99.25,0.75
14,MAZOWIECKIE,1401,białobrzeski,1401013,Białobrzegi,niskie ryzyko,241.94312167994624,234.62200318197824,134.41780747147106,128.02928264353753,107.52531420847517,106.59272053844072,55.56,44.44
14,MAZOWIECKIE,1401,białobrzeski,1401013,Białobrzegi,wysokie ryzyko,2054.44050936041,2037.9977817147233,1907.4203170111327,1889.660014226206,147.02019234927744,148.33776748851758,92.84,7.16
14,MAZOWIECKIE,1401,białobrzeski,1401022,Promna,niskie ryzyko,110.1360935965807,109.95514876011735,89.4979323556252,89.31698751916184,20.638161240955505,20.638161240955505,81.26,18.74
14,MAZOWIECKIE,1401,białobrzeski,1401022,Promna,wysokie ryzyko,65.59296884552136,59.97852282326653,60.1968353282157,54.58238930596087,5.39613351730566,5.39613351730566,91.77,8.23
14,MAZOWIECKIE,1401,białobrzeski,1401052,Stromiec,niskie ryzyko,3.4144235533054417,3.406888521000714,0.0,0.0,3.4144235533054417,3.406888521000714,0.0,100.0
14,MAZOWIECKIE,1401,białobrzeski,1401063,Wyśmierzyce,niskie ryzyko,174.95563483369247,174.95563483369247,140.07506565982388,140.07506565982388,34.880569173868565,34.880569173868565,80.06,19.94
14,MAZOWIECKIE,1401,białobrzeski,1401063,Wyśmierzyce,wysokie ryzyko,113.80050848327495,113.80050848327495,70.11508889816412,70.11508889816412,43.68541958511083,43.68541958511083,61.61,38.39
14,MAZOWIECKIE,1402,ciechanowski,1402011,Ciechanów,niskie ryzyko,175.580963940087,206.48021324606256,172.39311991171172,203.29236921768728,3.187844028375278,3.1878440283752787,98.18,1.82
14,MAZOWIECKIE,1402,ciechanowski,1402022,Ciechanów,niskie ryzyko,2.4708034267216576,2.470803426721657,1.1997430874096555,1.1997430874096555,1.271060339312002,1.271060339312002,48.56,51.44
14,MAZOWIECKIE,1402,ciechanowski,1402011,Ciechanów,wysokie ryzyko,194.20827781579104,172.8458149395012,194.20827781579104,172.8458149395012,0.0,0.0,100.0,0.0
14,MAZOWIECKIE,1402,ciechanowski,1402022,Ciechanów,wysokie ryzyko,1.1883381347410544,1.1877269431209974,1.1883381347410544,1.1877269431209974,0.0,0.0,100.0,0.0
14,MAZOWIECKIE,1402,ciechanowski,1402033,Glinojeck,niskie ryzyko,42.54135570901325,42.46367169932867,28.01004920724,27.93236519755542,14.531306501773251,14.531306501773251,65.84,34.16
14,MAZOWIECKIE,1402,ciechanowski,1402033,Glinojeck,wysokie ryzyko,3.0932518777005535,3.093251877700554,3.0932518777005535,3.093251877700554,0.0,0.0,100.0,0.0
14,MAZOWIECKIE,1402,ciechanowski,1402052,Grudusk,niskie ryzyko,1.0,1.0,0.0,0.0,1.0,1.0,0.0,100.0
14,MAZOWIECKIE,1402,ciechanowski,1402062,Ojrzeń,niskie ryzyko,23.032096195168457,31.470461729971085,7.799374070831421,16.237739605634047,15.232722124337036,15.232722124337036,33.86,66.14
14,MAZOWIECKIE,1402,ciechanowski,1402082,Regimin,niskie ryzyko,2.2879696378480663,2.139120919206281,2.2879696378480663,2.139120919206281,0.0,0.0,100.0,0.0
14,MAZOWIECKIE,1402,ciechanowski,1402092,Sońsk,niskie ryzyko,0.5438759509843778,0.5438759509843778,0.0,0.0,0.5438759509843778,0.5438759509843778,0.0,100.0
14,MAZOWIECKIE,1403,garwoliński,1403032,Borowie,niskie ryzyko,4.737040673101434,4.737040673101433,2.9166344818775105,2.9166344818775096,1.8204061912239229,1.8204061912239229,61.57,38.43
14,MAZOWIECKIE,1403,garwoliński,1403011,Garwolin,niskie ryzyko,434.69228265855907,408.70287503261846,409.3156246020911,383.3262169761505,25.37665805646798,25.37665805646798,94.16,5.84
14,MAZOWIECKIE,1403,garwoliński,1403042,Garwolin,niskie ryzyko,146.87918272747655,146.87918272747655,131.31603380613,131.31603380613,15.563148921346558,15.563148921346558,89.4,10.6
14,MAZOWIECKIE,1403,garwoliński,1403011,Garwolin,wysokie ryzyko,749.9889547473318,726.7371738011336,729.9810389028107,706.7292579566125,20.00791584452106,20.00791584452106,97.33,2.67
14,MAZOWIECKIE,1403,garwoliński,1403042,Garwolin,wysokie ryzyko,42.67092696650726,42.67092696650726,34.21324867718961,34.21324867718961,8.457678289317645,8.457678289317645,80.18,19.82
14,MAZOWIECKIE,1403,garwoliński,1403073,Maciejowice,niskie ryzyko,1744.3865370568371,1708.4040097382988,503.07281801345175,490.0504991785991,1241.3137190433854,1218.3535105596998,28.84,71.16
14,MAZOWIECKIE,1403,garwoliński,1403073,Maciejowice,wysokie ryzyko,1315.3605248878653,1332.8373537732125,392.2236852708411,392.2576887124898,923.136839617024,940.5796650607226,29.82,70.18
14,MAZOWIECKIE,1403,garwoliński,1403082,Miastków Kościelny,niskie ryzyko,36.925510341929794,53.67821557469813,28.0353214244966,47.061981463779105,8.890188917433196,6.616234110919024,75.92,24.08
14,MAZOWIECKIE,1403,garwoliński,1403112,Sobolew,niskie ryzyko,20.367692521808316,16.394033322504193,16.901709836707738,12.928050637403617,3.465982685100576,3.4659826851005766,82.98,17.02
14,MAZOWIECKIE,1403,garwoliński,1403112,Sobolew,wysokie ryzyko,8.66799884835501,7.0586253171981,4.43494069320816,2.82556716205125,4.23305815514685,4.23305815514685,51.16,48.84
14,MAZOWIECKIE,1403,garwoliński,1403122,Trojanów,niskie ryzyko,40.246598387488575,37.70589862253956,35.81264488682122,33.2719451218722,4.4339535006673545,4.4339535006673545,88.98,11.02
14,MAZOWIECKIE,1403,garwoliński,1403122,Trojanów,wysokie ryzyko,43.12607778768296,42.9679316755975,43.12607778768296,42.9679316755975,0.0,0.0,100.0,0.0
14,MAZOWIECKIE,1403,garwoliński,1403132,Wilga,niskie ryzyko,1839.3047187588572,1831.2600646832489,635.6654628123334,625.6974815627269,1203.6392559465237,1205.5625831205218,34.56,65.44
14,MAZOWIECKIE,1403,garwoliński,1403132,Wilga,wysokie ryzyko,1074.6422976463762,1098.5807205750316,371.46759645839006,372.75982253846814,703.1747011879861,725.8208980365634,34.57,65.43
14,MAZOWIECKIE,1403,garwoliński,1403021,Łaskarzew,niskie ryzyko,27.432392729840636,26.473846276802945,27.383382444437736,26.424835991400045,0.0490102854029017,0.0490102854029017,99.82,0.18
14,MAZOWIECKIE,1403,garwoliński,1403062,Łaskarzew,niskie ryzyko,18.212890356463316,18.19174491895352,15.377013040845462,15.377013040845464,2.835877315617853,2.814731878108053,84.43,15.57
14,MAZOWIECKIE,1403,garwoliński,1403062,Łaskarzew,wysokie ryzyko,38.37731372389376,38.37731372389376,15.016119393150523,15.016119393150523,23.36119433074324,23.36119433074324,39.13,60.87
14,MAZOWIECKIE,1404,gostyniński,1404011,Gostynin,niskie ryzyko,82.35060527313676,80.85180024447129,82.35060527313676,80.85180024447129,0.0,0.0,100.0,0.0
14,MAZOWIECKIE,1404,gostyniński,1404022,Gostynin,niskie ryzyko,47.845721408363254,42.63261814437352,44.284411686449616,39.071308422459886,3.5613097219136343,3.561309721913634,92.56,7.44
14,MAZOWIECKIE,1404,gostyniński,1404011,Gostynin,wysokie ryzyko,21.501460265071508,6.150729730935995,21.501460265071508,6.150729730935995,0.0,0.0,100.0,0.0
14,MAZOWIECKIE,1404,gostyniński,1404022,Gostynin,wysokie ryzyko,16.670690482663968,16.670690482663968,16.670690482663968,16.670690482663968,0.0,0.0,100.0,0.0
14,MAZOWIECKIE,1405,grodziski,1405032,Baranów,niskie ryzyko,0.0,0.0767627187600408,0.0,0.0767627187600408,0.0,0.0,0.0,0.0
14,MAZOWIECKIE,1405,grodziski,1405043,Grodzisk Mazowiecki,niskie ryzyko,86.88081952050665,86.50468691106632,8.165401509413986,8.012541435657718,78.71541801109267,78.49214547540859,9.4,90.6
14,MAZOWIECKIE,1405,grodziski,1405062,Żabia Wola,niskie ryzyko,4.420407236570582,4.214595050909121,0.0,0.0,4.420407236570582,4.214595050909121,0.0,100.0
14,MAZOWIECKIE,1406,grójecki,1406022,Błędów,niskie ryzyko,15.756622806415848,15.456131253337135,6.582504555939564,6.535217789462287,9.174118250476283,8.920913463874848,41.78,58.22
14,MAZOWIECKIE,1406,grójecki,1406022,Błędów,wysokie ryzyko,4.653099517562719,4.653099517562718,3.348022236389552,3.348022236389551,1.305077281173167,1.305077281173167,71.95,28.05
14,MAZOWIECKIE,1406,grójecki,1406053,Grójec,niskie ryzyko,3.5403437488979943,3.513356908851591,2.8113416926671655,2.784354852620762,0.729002056230829,0.7290020562308289,79.41,20.59
14,MAZOWIECKIE,1406,grójecki,1406053,Grójec,wysokie ryzyko,1.989518168911696,1.989518168911696,1.989518168911696,1.989518168911696,0.0,0.0,100.0,0.0
14,MAZOWIECKIE,1406,grójecki,1406073,Mogielnica,niskie ryzyko,61.86074290062892,51.144048617074176,56.80847362762015,46.09177934406541,5.052269273008764,5.052269273008765,91.83,8.17
14,MAZOWIECKIE,1406,grójecki,1406073,Mogielnica,wysokie ryzyko,14.865138262080334,17.243648711331357,13.265984402667806,15.644494851918829,1.599153859412527,1.599153859412527,89.24,10.76
14,MAZOWIECKIE,1406,grójecki,1406083,Nowe Miasto nad Pilicą,niskie ryzyko,148.62657119179735,149.3913786192045,131.52706783465254,132.29187526205968,17.09950335714482,17.09950335714482,88.49,11.51
14,MAZOWIECKIE,1406,grójecki,1406083,Nowe Miasto nad Pilicą,wysokie ryzyko,71.37619136293362,70.19629449287808,57.13293846710817,55.95304159705262,14.243252895825458,14.243252895825457,80.04,19.96
14,MAZOWIECKIE,1406,grójecki,1406092,Pniewy,niskie ryzyko,6.292698716480199,6.2926987164802,3.0828772879087714,3.0828772879087714,3.2098214285714284,3.209821428571429,48.99,51.01
14,MAZOWIECKIE,1406,grójecki,1406113,Warka,niskie ryzyko,512.1455267371507,498.9049117783556,400.42317325640056,386.09151017632627,111.72235348075009,112.81340160202936,78.19,21.81
14,MAZOWIECKIE,1406,grójecki,1406113,Warka,wysokie ryzyko,902.934010155952,866.1690543381716,780.1719410132863,743.7261232611462,122.76206914266568,122.44293107702536,86.4,13.6
14,MAZOWIECKIE,1407,kozienicki,1407012,Garbatka-Letnisko,niskie ryzyko,4.0945682176270735,4.0945682176270735,0.0,0.0,4.0945682176270735,4.0945682176270735,0.0,100.0
14,MAZOWIECKIE,1407,kozienicki,1407032,Gniewoszów,niskie ryzyko,885.1310724174858,864.3133625350074,192.29937076098105,181.00179637369465,692.8317016565048,683.3115661613128,21.73,78.27
14,MAZOWIECKIE,1407,kozienicki,1407032,Gniewoszów,wysokie ryzyko,654.1062117258333,656.8101783729207,107.46267023090526,99.81994363139816,546.6435414949281,556.9902347415226,16.43,83.57
14,MAZOWIECKIE,1407,kozienicki,1407042,Grabów nad Pilicą,niskie ryzyko,87.78824310070364,87.43646327886425,44.60426572610251,44.27309469787938,43.18397737460112,43.16336858098488,50.81,49.19
14,MAZOWIECKIE,1407,kozienicki,1407042,Grabów nad Pilicą,wysokie ryzyko,114.30943735944032,114.89876473473016,100.90108219083962,101.49040956612944,13.408355168600718,13.408355168600718,88.27,11.73
14,MAZOWIECKIE,1407,kozienicki,1407023,Głowaczów,niskie ryzyko,8.791009123728028,7.5407645774848575,2.609357360111898,2.6093573601118982,6.181651763616129,4.931407217372959,29.68,70.32
14,MAZOWIECKIE,1407,kozienicki,1407053,Kozienice,niskie ryzyko,2026.918800192574,1962.403322705614,838.9852308224778,803.9650546854824,1187.9335693700964,1158.4382680201318,41.39,58.61
14,MAZOWIECKIE,1407,kozienicki,1407053,Kozienice,wysokie ryzyko,1940.386871310012,1945.8007377729084,1163.1371093681162,1149.9450840067534,777.2497619418958,795.8556537661549,59.94,40.06
14,MAZOWIECKIE,1407,kozienicki,1407063,Magnuszew,niskie ryzyko,2447.8619118749475,2442.71955758215,1477.3390475076008,1472.8782107707098,970.522864367347,969.8413468114412,60.35,39.65
14,MAZOWIECKIE,1407,kozienicki,1407063,Magnuszew,wysokie ryzyko,1972.6186512650977,2015.5556158223917,1309.1038269430146,1357.001892990998,663.5148243220831,658.5537228313934,66.36,33.64
14,MAZOWIECKIE,1407,kozienicki,1407072,Sieciechów,niskie ryzyko,1420.4405331508788,1366.295370710594,907.7395852439456,853.6937421197615,512.7009479069329,512.6016285908324,63.91,36.09
14,MAZOWIECKIE,1407,kozienicki,1407072,Sieciechów,wysokie ryzyko,1691.5787431164483,1743.625617001314,1195.765763788163,1248.9407678028376,495.8129793282856,494.68484919847623,70.69,29.31
14,MAZOWIECKIE,1408,legionowski,1408022,Jabłonna,niskie ryzyko,7849.790918436679,7831.802202707053,4645.827222782967,4665.001376881453,3203.9636956537124,3166.8008258255995,59.18,40.82
14,MAZOWIECKIE,1408,legionowski,1408022,Jabłonna,wysokie ryzyko,11562.867201760191,11610.226372030647,8008.592079770579,8065.73473929783,3554.2751219896154,3544.4916327328183,69.26,30.74
14,MAZOWIECKIE,1408,legionowski,1408011,Legionowo,niskie ryzyko,5510.726201843055,4999.704384966239,4715.351530015423,4225.5304869020465,795.3746718276307,774.1738980641923,85.57,14.43
14,MAZOWIECKIE,1408,legionowski,1408011,Legionowo,wysokie ryzyko,20285.07366501841,20605.59004463348,18268.31369103173,18624.48809249491,2016.7599739866848,1981.101952138565,90.06,9.94
14,MAZOWIECKIE,1408,legionowski,1408032,Nieporęt,niskie ryzyko,1060.3177445632434,1015.161103706213,362.9352743876834,337.02901237146347,697.38247017556,678.1320913347496,34.23,65.77
14,MAZOWIECKIE,1408,legionowski,1408032,Nieporęt,wysokie ryzyko,1029.264941990736,1019.152724373634,136.94664145339644,149.95500854251185,892.3183005373396,869.1977158311222,13.31,86.69
14,MAZOWIECKIE,1408,legionowski,1408043,Serock,niskie ryzyko,268.6571451223835,266.7286693398661,204.5225184206324,203.8775423342258,64.13462670175102,62.85112700564028,76.13,23.87
14,MAZOWIECKIE,1408,legionowski,1408043,Serock,wysokie ryzyko,263.08543778738425,260.853230977672,141.61016885366448,141.13571959881375,121.4752689337198,119.71751137885828,53.83,46.17
14,MAZOWIECKIE,1408,legionowski,1408052,Wieliszew,niskie ryzyko,9317.666551151226,9441.862183306295,5582.922025502948,5723.515982160549,3734.744525648278,3718.346201145748,59.92,40.08
14,MAZOWIECKIE,1408,legionowski,1408052,Wieliszew,wysokie ryzyko,8184.554484204911,8003.977727192358,5103.829722988452,5039.648805539173,3080.7247612164592,2964.328921653185,62.36,37.64
14,MAZOWIECKIE,1409,lipski,1409012,Chotcza,niskie ryzyko,238.51459410409888,238.45698158847372,91.80003930454735,91.74242678892224,146.7145547995515,146.7145547995515,38.49,61.51
14,MAZOWIECKIE,1409,lipski,1409012,Chotcza,wysokie ryzyko,224.9104078685747,221.9927074977423,68.08869973450012,67.89956521041131,156.8217081340746,154.09314228733098,30.27,69.73
14,MAZOWIECKIE,1409,lipski,1409023,Ciepielów,niskie ryzyko,0.2,0.2,0.0,0.0,0.2,0.2,0.0,100.0
14,MAZOWIECKIE,1409,lipski,1409033,Lipsko,niskie ryzyko,69.20428587924397,75.64374808306981,41.98802180585513,48.42748400968098,27.216264073388825,27.21626407338882,60.67,39.33
14,MAZOWIECKIE,1409,lipski,1409033,Lipsko,wysokie ryzyko,11.059120723207664,11.01022432133857,11.059120723207664,11.01022432133857,0.0,0.0,100.0,0.0
14,MAZOWIECKIE,1409,lipski,1409042,Rzeczniów,niskie ryzyko,38.29697287696237,38.02546948098474,38.29697287696237,38.02546948098474,0.0,0.0,100.0,0.0
14,MAZOWIECKIE,1409,lipski,1409042,Rzeczniów,wysokie ryzyko,30.29798193945792,30.1957122562461,30.29798193945792,30.1957122562461,0.0,0.0,100.0,0.0
14,MAZOWIECKIE,1409,lipski,1409053,Sienno,niskie ryzyko,31.75146319996956,23.41782154638976,27.14700498188032,19.04082974009322,4.604458218089238,4.376991806296543,85.5,14.5
14,MAZOWIECKIE,1409,lipski,1409063,Solec nad Wisłą,niskie ryzyko,689.1513564635477,681.1603334795799,431.1371560958571,421.5622648240306,258.0142003676907,259.59806865554924,62.56,37.44
14,MAZOWIECKIE,1409,lipski,1409063,Solec nad Wisłą,wysokie ryzyko,336.09576310132815,324.78308299184255,272.0490914202755,261.2488929353192,64.04667168105264,63.53419005652334,80.94,19.06
14,MAZOWIECKIE,1411,makowski,1411022,Czerwonka,niskie ryzyko,11.56088037533834,11.56088037533834,11.56088037533834,11.56088037533834,0.0,0.0,100.0,0.0
14,MAZOWIECKIE,1411,makowski,1411032,Karniewo,niskie ryzyko,2.3932901283217447,2.3932901283217447,2.3932901283217447,2.3932901283217447,0.0,0.0,100.0,0.0
14,MAZOWIECKIE,1411,makowski,1411042,Krasnosielc,niskie ryzyko,26.30121083689868,24.90262897353757,24.430894853621687,23.03231299026058,1.8703159832769924,1.8703159832769924,92.89,7.11
14,MAZOWIECKIE,1411,makowski,1411042,Krasnosielc,wysokie ryzyko,21.709963529473676,16.035680899128216,21.709963529473676,16.035680899128216,0.0,0.0,100.0,0.0
14,MAZOWIECKIE,1411,makowski,1411011,Maków Mazowiecki,niskie ryzyko,26.670484073896212,23.827445679920675,8.865095396584438,6.0220570026089035,17.80538867731177,17.80538867731177,33.24,66.76
14,MAZOWIECKIE,1411,makowski,1411052,Młynarze,niskie ryzyko,159.59165649823206,151.2144902404159,122.71628481228318,114.339118554467,36.875371685948906,36.875371685948906,76.89,23.11
14,MAZOWIECKIE,1411,makowski,1411052,Młynarze,wysokie ryzyko,84.8635922469733,79.99170993445954,57.47198198104408,52.37641834027207,27.391610265929216,27.615291594187468,67.72,32.28
14,MAZOWIECKIE,1411,makowski,1411062,Płoniawy-Bramura,niskie ryzyko,19.149526175373257,19.0658933050338,17.76491079075787,17.681277920418417,1.3846153846153846,1.3846153846153846,92.77,7.23
14,MAZOWIECKIE,1411,makowski,1411062,Płoniawy-Bramura,wysokie ryzyko,0.9890103946537806,0.9787434033007424,0.9890103946537806,0.9787434033007424,0.0,0.0,100.0,0.0
14,MAZOWIECKIE,1411,makowski,1411082,Rzewnie,niskie ryzyko,413.7277445009339,410.8350994705039,101.45342325419682,101.45342325419682,312.27432124673714,309.38167621630714,24.52,75.48
14,MAZOWIECKIE,1411,makowski,1411082,Rzewnie,wysokie ryzyko,201.77945699526367,197.87498079045355,51.15777361603893,48.250090199734466,150.62168337922475,149.6248905907191,25.35,74.65
14,MAZOWIECKIE,1411,makowski,1411073,Różan,niskie ryzyko,104.2912714312042,104.02619565273214,73.77991841181252,73.36604563708877,30.5113530193917,30.660150015643364,70.74,29.26
14,MAZOWIECKIE,1411,makowski,1411073,Różan,wysokie ryzyko,79.36029395036212,79.21149695411043,39.22681940323845,39.22681940323845,40.13347454712367,39.98467755087199,49.43,50.57
14,MAZOWIECKIE,1411,makowski,1411102,Szelków,niskie ryzyko,207.1119238728028,206.41466655744037,164.64699949489832,163.94974217953592,42.46492437790447,42.46492437790447,79.5,20.5
14,MAZOWIECKIE,1411,makowski,1411102,Szelków,wysokie ryzyko,180.98434703632404,181.48646529774703,157.1754550262251,157.6775732876481,23.808892010098923,23.808892010098923,86.84,13.16
14,MAZOWIECKIE,1412,miński,1412043,Cegłów,niskie ryzyko,3.225278084815126,3.9491139223487224,3.225278084815126,3.9491139223487224,0.0,0.0,100.0,0.0
14,MAZOWIECKIE,1412,miński,1412063,Dobre,niskie ryzyko,2.274579756828643,2.274579756828643,0.8745797568286433,0.8745797568286433,1.4,1.4,38.45,61.55
14,MAZOWIECKIE,1412,miński,1412052,Dębe Wielkie,niskie ryzyko,71.97884963563115,69.62745082369997,59.74351981355021,57.39212100161903,12.23532982208094,12.23532982208094,83.0,17.0
14,MAZOWIECKIE,1412,miński,1412052,Dębe Wielkie,wysokie ryzyko,9.451389962856076,9.185134010888122,6.217794041311165,6.217794041311164,3.2335959215449117,2.9673399695769582,65.79,34.21
14,MAZOWIECKIE,1412,miński,1412073,Halinów,niskie ryzyko,21.0941669521086,17.836121466977783,20.396453481516332,17.144812959597797,0.6977134705922666,0.6913085073799852,96.69,3.31
14,MAZOWIECKIE,1412,miński,1412082,Jakubów,niskie ryzyko,13.66368163489263,13.66368163489263,2.2405918437343613,2.2405918437343613,11.423089791158269,11.423089791158269,16.4,83.6
14,MAZOWIECKIE,1412,miński,1412103,Latowicz,niskie ryzyko,29.27879414866247,28.867724975316595,29.27879414866247,28.867724975316595,0.0,0.0,100.0,0.0
14,MAZOWIECKIE,1412,miński,1412112,Mińsk Mazowiecki,niskie ryzyko,79.83128588957844,79.64230824640327,25.162330064927783,25.162330064927783,54.66895582465065,54.479978181475495,31.52,68.48
14,MAZOWIECKIE,1412,miński,1412133,Siennica,niskie ryzyko,5.204020933131279,2.096773496545503,3.984978437642721,0.877731001056945,1.2190424954885584,1.2190424954885584,76.57,23.43
14,MAZOWIECKIE,1412,miński,1412133,Siennica,wysokie ryzyko,0.4533033417397595,0.4533033417397595,0.4533033417397595,0.4533033417397595,0.0,0.0,100.0,0.0
14,MAZOWIECKIE,1412,miński,1412143,Stanisławów,niskie ryzyko,26.60680008226558,26.206066375138413,22.62598436722144,22.225250660094275,3.98081571504414,3.98081571504414,85.04,14.96
14,MAZOWIECKIE,1412,miński,1412143,Stanisławów,wysokie ryzyko,14.277047255403204,14.277047255403204,0.0,0.0,14.277047255403204,14.277047255403204,0.0,100.0
14,MAZOWIECKIE,1413,mławski,1413042,Radzanów,niskie ryzyko,65.2874011317507,63.513073229518234,43.70495169658141,42.05455160605552,21.58244943516929,21.458521623462715,66.94,33.06
14,MAZOWIECKIE,1413,mławski,1413052,Strzegowo,niskie ryzyko,41.401843090626706,41.89469772914012,29.57777060136536,30.076410292569545,11.82407248926135,11.81828743657058,71.44,28.56
14,MAZOWIECKIE,1413,mławski,1413052,Strzegowo,wysokie ryzyko,12.127842197250114,11.973136014745585,12.127842197250114,11.973136014745585,0.0,0.0,100.0,0.0
14,MAZOWIECKIE,1413,mławski,1413062,Stupsk,niskie ryzyko,7.14074876626932,7.14074876626932,0.6011590660115148,0.6011590660115149,6.539589700257805,6.539589700257805,8.42,91.58
14,MAZOWIECKIE,1413,mławski,1413072,Szreńsk,niskie ryzyko,6.462953676427597,6.462953676427599,3.249702121161621,3.2497021211616213,3.213251555265977,3.2132515552659773,50.28,49.72
14,MAZOWIECKIE,1413,mławski,1413072,Szreńsk,wysokie ryzyko,5.535482838432511,5.535482838432511,2.0286636187397216,2.028663618739721,3.5068192196927894,3.5068192196927894,36.65,63.35
14,MAZOWIECKIE,1413,mławski,1413082,Szydłowo,niskie ryzyko,0.0964335135113548,0.0964335135113548,0.0964335135113548,0.0964335135113548,0.0,0.0,100.0,0.0
14,MAZOWIECKIE,1414,nowodworski,1414022,Czosnów,niskie ryzyko,4511.834009465471,4463.523900509937,1945.624665776941,1986.5036721635515,2566.209343688531,2477.020228346386,43.12,56.88
14,MAZOWIECKIE,1414,nowodworski,1414022,Czosnów,wysokie ryzyko,5356.456214988059,5382.804170329378,2913.909825556054,2885.3894866131136,2442.546389432005,2497.4146837162652,54.4,45.6
14,MAZOWIECKIE,1414,nowodworski,1414032,Leoncin,niskie ryzyko,3021.7651177821544,2980.680520483698,907.7564812346732,921.878294816951,2114.0086365474817,2058.802225666746,30.04,69.96
14,MAZOWIECKIE,1414,nowodworski,1414032,Leoncin,wysokie ryzyko,2292.7870111770626,2324.26090229644,954.0087868049832,934.5278023405348,1338.7782243720794,1389.7330999559051,41.61,58.39
14,MAZOWIECKIE,1414,nowodworski,1414043,Nasielsk,niskie ryzyko,71.93429876734068,71.65084100771895,17.447000800238655,17.433855647953557,54.48729796710203,54.2169853597654,24.25,75.75
14,MAZOWIECKIE,1414,nowodworski,1414043,Nasielsk,wysokie ryzyko,39.66198245163891,40.10680470195229,14.790493103038395,14.790493103038395,24.87148934860052,25.316311598913902,37.29,62.71
14,MAZOWIECKIE,1414,nowodworski,1414011,Nowy Dwór Mazowiecki,niskie ryzyko,4620.9359455635395,4876.881710761771,3490.3929610878995,3896.1789119708224,1130.5429844756404,980.7027987909466,75.53,24.47
14,MAZOWIECKIE,1414,nowodworski,1414011,Nowy Dwór Mazowiecki,wysokie ryzyko,16053.569238135216,15674.006957618009,12730.989322011515,12722.209894072084,3322.579916123701,2951.797063545926,79.3,20.7
14,MAZOWIECKIE,1414,nowodworski,1414052,Pomiechówek,niskie ryzyko,444.2902840979596,432.8922900687887,266.34525962326256,257.8816730901967,177.94502447469705,175.0106169785919,59.95,40.05
14,MAZOWIECKIE,1414,nowodworski,1414052,Pomiechówek,wysokie ryzyko,597.7826993964836,574.9714516416975,399.0843118534051,387.0566633773603,198.6983875430785,187.91478826433723,66.76,33.24
14,MAZOWIECKIE,1414,nowodworski,1414063,Zakroczym,niskie ryzyko,34.5262928511241,31.922733539425213,30.933005481950953,27.49675649986479,3.593287369173142,4.4259770395604185,89.59,10.41
14,MAZOWIECKIE,1414,nowodworski,1414063,Zakroczym,wysokie ryzyko,22.100013429731504,31.356828675317203,14.184597053935365,12.66679843293808,7.915416375796139,18.690030242379123,64.18,35.82
14,MAZOWIECKIE,1416,ostrowski,1416022,Andrzejewo,niskie ryzyko,12.205230017346963,12.205230017346963,7.651732108598796,7.651732108598797,4.553497908748167,4.553497908748167,62.69,37.31
14,MAZOWIECKIE,1416,ostrowski,1416022,Andrzejewo,wysokie ryzyko,3.1100640919359397,3.1100640919359397,0.0,0.0,3.1100640919359397,3.1100640919359397,0.0,100.0
14,MAZOWIECKIE,1416,ostrowski,1416043,Brok,niskie ryzyko,227.62442752425392,227.60958069431427,5.711104031115237,5.219092279132227,221.91332349313865,222.39048841518203,2.51,97.49
14,MAZOWIECKIE,1416,ostrowski,1416043,Brok,wysokie ryzyko,183.48456900873987,183.3090560374224,0.0,0.0,183.48456900873987,183.3090560374224,0.0,100.0
14,MAZOWIECKIE,1416,ostrowski,1416053,Małkinia Górna,niskie ryzyko,1203.8831816356749,1191.9356960608725,505.9617276694234,501.9823050610236,697.9214539662515,689.9533909998489,42.03,57.97
14,MAZOWIECKIE,1416,ostrowski,1416053,Małkinia Górna,wysokie ryzyko,1089.1816874115063,1089.1435113164357,460.3290397768326,452.33060335165567,628.8526476346738,636.8129079647798,42.26,57.74
14,MAZOWIECKIE,1416,ostrowski,1416062,Nur,niskie ryzyko,58.66687088344019,57.91357802884843,54.38588144826866,53.63258859367689,4.280989435171532,4.280989435171532,92.7,7.3
14,MAZOWIECKIE,1416,ostrowski,1416062,Nur,wysokie ryzyko,16.808190940070162,16.808190940070162,16.808190940070162,16.808190940070162,0.0,0.0,100.0,0.0
14,MAZOWIECKIE,1416,ostrowski,1416082,Stary Lubotyń,niskie ryzyko,13.085688458950363,13.085688458950363,13.085688458950363,13.085688458950363,0.0,0.0,100.0,0.0
14,MAZOWIECKIE,1416,ostrowski,1416082,Stary Lubotyń,wysokie ryzyko,8.451251142090836,8.451251142090836,4.379822570662265,4.379822570662266,4.071428571428571,4.071428571428571,51.82,48.18
14,MAZOWIECKIE,1416,ostrowski,1416092,Szulborze Wielkie,niskie ryzyko,2.6296844315634287,2.6296844315634287,0.0,0.0,2.6296844315634287,2.6296844315634287,0.0,100.0
14,MAZOWIECKIE,1416,ostrowski,1416092,Szulborze Wielkie,wysokie ryzyko,1.5862591862137172,1.5862591862137172,0.0,0.0,1.5862591862137172,1.5862591862137172,0.0,100.0
14,MAZOWIECKIE,1416,ostrowski,1416112,Zaręby Kościelne,niskie ryzyko,94.66551942400386,92.29595958826948,29.70332815081324,27.333768315078856,64.96219127319061,64.96219127319061,31.38,68.62
14,MAZOWIECKIE,1416,ostrowski,1416112,Zaręby Kościelne,wysokie ryzyko,7.418660273648426,7.418660273648426,0.0,0.0,7.418660273648426,7.418660273648426,0.0,100.0
14,MAZOWIECKIE,1415,ostrołęcki,1415012,Baranowo,niskie ryzyko,1.4601006119589657,1.4601006119589657,1.4601006119589657,1.4601006119589657,0.0,0.0,100.0,0.0
14,MAZOWIECKIE,1415,ostrołęcki,1415022,Czarnia,niskie ryzyko,17.19866500704797,17.19866500704797,8.0,8.0,9.198665007047971,9.198665007047971,46.52,53.48
14,MAZOWIECKIE,1415,ostrołęcki,1415032,Czerwin,niskie ryzyko,9.750620723791185,9.75062072379118,0.4860093141972762,0.4860093141972763,9.264611409593908,9.264611409593906,4.98,95.02
14,MAZOWIECKIE,1415,ostrołęcki,1415042,Goworowo,niskie ryzyko,259.53109870806236,254.60447053097857,106.0796979081076,101.21813052499196,153.45140079995477,153.38634000598665,40.87,59.13
14,MAZOWIECKIE,1415,ostrołęcki,1415042,Goworowo,wysokie ryzyko,102.75608126076676,102.71270739812132,14.29227761485826,14.29227761485826,88.46380364590848,88.42042978326305,13.91,86.09
14,MAZOWIECKIE,1415,ostrołęcki,1415052,Kadzidło,niskie ryzyko,30.492844647567026,30.492844647567026,7.297884565551883,7.297884565551883,23.194960082015143,23.194960082015143,23.93,76.07
14,MAZOWIECKIE,1415,ostrołęcki,1415052,Kadzidło,wysokie ryzyko,5.560639667546242,5.560639667546242,5.560639667546242,5.560639667546242,0.0,0.0,100.0,0.0
14,MAZOWIECKIE,1415,ostrołęcki,1415062,Lelis,niskie ryzyko,1140.2874612244857,1079.7025820057456,586.4664755784702,542.3895647690281,553.8209856460154,537.3130172367174,51.43,48.57
14,MAZOWIECKIE,1415,ostrołęcki,1415062,Lelis,wysokie ryzyko,762.904541008479,814.5803823991719,438.87789267568314,478.16181835617385,324.02664833279584,336.41856404299796,57.53,42.47
14,MAZOWIECKIE,1415,ostrołęcki,1415083,Myszyniec,niskie ryzyko,112.3295293702088,99.46055993467002,88.83222576817985,76.80887040937687,23.497303602028943,22.651689525293147,79.08,20.92
14,MAZOWIECKIE,1415,ostrołęcki,1415083,Myszyniec,wysokie ryzyko,86.02359317677963,69.170700989052,84.41946916140566,61.85255630238868,1.604124015373968,7.318144686663324,98.14,1.86
14,MAZOWIECKIE,1415,ostrołęcki,1415092,Olszewo-Borki,niskie ryzyko,1300.9161978796965,1285.1354202832508,683.0383926847435,665.1266759402778,617.877805194953,620.0087443429729,52.5,47.5
14,MAZOWIECKIE,1415,ostrołęcki,1415092,Olszewo-Borki,wysokie ryzyko,1601.636714185403,1602.880695149628,1174.221961794694,1196.9219941342526,427.4147523907089,405.95870101537525,73.31,26.69
14,MAZOWIECKIE,1415,ostrołęcki,1415102,Rzekuń,niskie ryzyko,165.79105796881353,159.7663720679901,102.78013701786352,96.8232126744472,63.01092095095002,62.94315939354291,61.99,38.01
14,MAZOWIECKIE,1415,ostrołęcki,1415102,Rzekuń,wysokie ryzyko,123.17239136692382,122.25765442175413,52.55882094301303,51.64408399784334,70.61357042391077,70.61357042391077,42.67,57.33
14,MAZOWIECKIE,1415,ostrołęcki,1415072,Łyse,niskie ryzyko,3.0,3.0,0.0,0.0,3.0,3.0,0.0,100.0
14,MAZOWIECKIE,1417,otwocki,1417011,Józefów,niskie ryzyko,197.9593983430694,190.16121836648273,161.69980224253152,152.5292039542291,36.2595961005379,37.632014412253625,81.68,18.32
14,MAZOWIECKIE,1417,otwocki,1417011,Józefów,wysokie ryzyko,163.30831355049767,167.72831559856212,159.02259926478337,163.44260131284784,4.285714285714286,4.285714285714285,97.38,2.62
14,MAZOWIECKIE,1417,otwocki,1417043,Karczew,niskie ryzyko,1954.2502403006476,2068.0856552539635,695.3169887949223,819.8645990184077,1258.9332515057254,1248.2210562355558,35.58,64.42
14,MAZOWIECKIE,1417,otwocki,1417043,Karczew,wysokie ryzyko,2282.292930419934,2257.485440144715,710.6967154196574,695.5770762435795,1571.5962150002763,1561.9083639011358,31.14,68.86
14,MAZOWIECKIE,1417,otwocki,1417052,Kołbiel,niskie ryzyko,146.60971473248625,163.3102826015882,117.82259178116432,134.53548794635338,28.787122951321912,28.774794655234817,80.36,19.64
14,MAZOWIECKIE,1417,otwocki,1417052,Kołbiel,wysokie ryzyko,64.27646742729537,66.8892861067102,63.474639949161826,66.08745862857666,0.801827478133555,0.801827478133555,98.75,1.25
14,MAZOWIECKIE,1417,otwocki,1417063,Osieck,niskie ryzyko,0.4978007491203529,0.4658690451747694,0.0,0.0,0.4978007491203529,0.4658690451747694,0.0,100.0
14,MAZOWIECKIE,1417,otwocki,1417063,Osieck,wysokie ryzyko,0.0,0.6950508794498188,0.0,0.0,0.0,0.6950508794498188,0.0,0.0
14,MAZOWIECKIE,1417,otwocki,1417021,Otwock,niskie ryzyko,422.1450497441028,871.0577182848872,258.76476558697806,248.43527215275992,163.38028415712478,622.6224461321273,61.3,38.7
14,MAZOWIECKIE,1417,otwocki,1417021,Otwock,wysokie ryzyko,1284.423616527206,1267.854246692514,835.2209126608858,819.9615636044286,449.2027038663203,447.8926830880856,65.03,34.97
14,MAZOWIECKIE,1417,otwocki,1417072,Sobienie-Jeziory,niskie ryzyko,2232.9717246320247,2191.163310125664,1255.447628528764,1232.9688626356565,977.5240961032606,958.1944474900072,56.22,43.78
14,MAZOWIECKIE,1417,otwocki,1417072,Sobienie-Jeziory,wysokie ryzyko,1810.753618726436,1750.5149548525492,1045.0682304042211,987.6911706602054,765.6853883222149,762.8237841923439,57.71,42.29
14,MAZOWIECKIE,1417,otwocki,1417082,Wiązowna,niskie ryzyko,227.82601624664025,220.02316505308667,152.09107189632937,143.11269447830162,75.73494435031085,76.91047057478508,66.76,33.24
14,MAZOWIECKIE,1417,otwocki,1417082,Wiązowna,wysokie ryzyko,44.63027309466565,44.08571444427385,9.37219662893199,9.37219662893199,35.25807646573366,34.713517815341866,21.0,79.0
14,MAZOWIECKIE,1418,piaseczyński,1418013,Góra Kalwaria,niskie ryzyko,655.7359050491204,643.354543340809,304.3704670112886,291.98910530297707,351.3654380378319,351.3654380378319,46.42,53.58
14,MAZOWIECKIE,1418,piaseczyński,1418013,Góra Kalwaria,wysokie ryzyko,587.3818369695202,559.7027393005608,268.35228418424447,240.6731865152849,319.0295527852758,319.0295527852759,45.69,54.31
14,MAZOWIECKIE,1418,piaseczyński,1418023,Konstancin-Jeziorna,niskie ryzyko,2566.3127951222564,2315.2920300797828,2025.711096707072,1760.85816480915,540.6016984151847,554.433865270633,78.93,21.07
14,MAZOWIECKIE,1418,piaseczyński,1418023,Konstancin-Jeziorna,wysokie ryzyko,2609.9400804633487,2895.351293471132,2035.6864070252464,2336.4122601286635,574.2536734381025,558.9390333424685,78.0,22.0
14,MAZOWIECKIE,1418,piaseczyński,1418032,Lesznowola,niskie ryzyko,31.285593333965508,39.81957284338961,20.74703037311058,31.885127681869605,10.53856296085493,7.934445161520002,66.31,33.69
14,MAZOWIECKIE,1418,piaseczyński,1418032,Lesznowola,wysokie ryzyko,9.851851851851851,16.470761473294957,9.851851851851851,16.470761473294957,0.0,0.0,100.0,0.0
14,MAZOWIECKIE,1418,piaseczyński,1418043,Piaseczno,niskie ryzyko,133.3127707993857,132.99120595321776,90.44633508047758,89.9832331675354,42.86643571890812,43.00797278568236,67.85,32.15
14,MAZOWIECKIE,1418,piaseczyński,1418043,Piaseczno,wysokie ryzyko,87.8082468167888,74.56769840059452,67.08263337279058,56.764025503670354,20.725613443998213,17.80367289692417,76.4,23.6
14,MAZOWIECKIE,1418,piaseczyński,1418052,Prażmów,niskie ryzyko,20.799425671354328,20.799425671354328,12.848668697531792,12.848668697531792,7.950756973822537,7.950756973822537,61.77,38.23
14,MAZOWIECKIE,1418,piaseczyński,1418063,Tarczyn,niskie ryzyko,2.8617975030563483,2.861797503056348,0.0,0.0,2.8617975030563483,2.861797503056348,0.0,100.0
14,MAZOWIECKIE,1421,pruszkowski,1421033,Brwinów,niskie ryzyko,176.88298605226956,176.3043633224428,21.364311220387375,21.328255394768956,155.51867483188218,154.9761079276739,12.08,87.92
14,MAZOWIECKIE,1421,pruszkowski,1421042,Michałowice,niskie ryzyko,41.25175503071403,38.81081942747377,31.579403644674375,29.094390423708997,9.672351386039647,9.716429003764762,76.55,23.45
14,MAZOWIECKIE,1421,pruszkowski,1421042,Michałowice,wysokie ryzyko,8.083697781328674,8.083697781328674,8.083697781328674,8.083697781328674,0.0,0.0,100.0,0.0
14,MAZOWIECKIE,1421,pruszkowski,1421052,Nadarzyn,niskie ryzyko,162.2633778436587,131.78193187693267,46.91904485148171,18.492424121129705,115.344332992177,113.28950775580296,28.92,71.08
14,MAZOWIECKIE,1421,pruszkowski,1421052,Nadarzyn,wysokie ryzyko,149.69544580202233,123.8432883449266,34.66878458144244,8.816627124346699,115.02666122057992,115.0266612205799,23.16,76.84
14,MAZOWIECKIE,1421,pruszkowski,1421021,Pruszków,niskie ryzyko,370.4516674603105,329.9853810637747,370.4516674603105,329.9853810637747,0.0,0.0,100.0,0.0
14,MAZOWIECKIE,1421,pruszkowski,1421021,Pruszków,wysokie ryzyko,475.7192031862757,443.0129869867401,475.7192031862757,443.0129869867401,0.0,0.0,100.0,0.0
14,MAZOWIECKIE,1422,przasnyski,1422023,Chorzele,niskie ryzyko,72.10971240121536,69.51849485148331,52.38071843804682,49.78950088831478,19.728993963168545,19.728993963168545,72.64,27.36
14,MAZOWIECKIE,1422,przasnyski,1422023,Chorzele,wysokie ryzyko,16.811048060987993,15.542790104530331,16.811048060987993,15.542790104530331,0.0,0.0,100.0,0.0
14,MAZOWIECKIE,1422,przasnyski,1422042,Jednorożec,niskie ryzyko,6.0,6.0,6.0,6.0,0.0,0.0,100.0,0.0
14,MAZOWIECKIE,1423,przysuski,1423043,Odrzywół,niskie ryzyko,96.73869162827596,96.0923642923775,43.02815776988033,42.38183043398185,53.71053385839565,53.71053385839565,44.48,55.52
14,MAZOWIECKIE,1423,przysuski,1423043,Odrzywół,wysokie ryzyko,153.0279573461805,147.9956009608859,88.74040005228636,83.70804366699177,64.28755729389414,64.28755729389414,57.99,42.01
14,MAZOWIECKIE,1423,przysuski,1423063,Przysucha,niskie ryzyko,6.257681272356113,6.1753853769447415,0.5251939625517321,0.5251939625517321,5.73248730980438,5.650191414393009,8.39,91.61
14,MAZOWIECKIE,1423,przysuski,1423072,Rusinów,niskie ryzyko,2.274078702054508,3.656666551154125,2.274078702054508,3.656666551154125,0.0,0.0,100.0,0.0
14,MAZOWIECKIE,1423,przysuski,1423082,Wieniawa,niskie ryzyko,23.294398569839515,21.367496266251763,5.99400960617244,5.794443525678728,17.300388963667075,15.573052740573033,25.73,74.27
14,MAZOWIECKIE,1423,przysuski,1423082,Wieniawa,wysokie ryzyko,3.8445308808149057,14.84286926390488,0.0,0.0,3.8445308808149057,14.84286926390488,0.0,100.0
14,MAZOWIECKIE,1424,pułtuski,1424022,Obryte,niskie ryzyko,247.4437353045722,241.30091573451824,156.41471078597417,150.2718912159202,91.02902451859804,91.02902451859804,63.21,36.79
14,MAZOWIECKIE,1424,pułtuski,1424022,Obryte,wysokie ryzyko,284.06732792575315,275.61009644015047,187.0432617384905,178.5860302528878,97.02406618726268,97.02406618726268,65.84,34.16
14,MAZOWIECKIE,1424,pułtuski,1424032,Pokrzywnica,niskie ryzyko,20.286376221817648,20.363599144945248,3.674359167401656,3.751582090529255,16.612017054415993,16.612017054415993,18.11,81.89
14,MAZOWIECKIE,1424,pułtuski,1424043,Pułtusk,niskie ryzyko,1510.5938648260349,1383.2557586523374,1260.0746979001913,1193.923532541451,250.51916692584325,189.332226110886,83.42,16.58
14,MAZOWIECKIE,1424,pułtuski,1424043,Pułtusk,wysokie ryzyko,3138.7726792556923,2911.0105532748107,2821.5382028125205,2589.290087281965,317.23447644317196,321.7204659928459,89.89,10.11
14,MAZOWIECKIE,1424,pułtuski,1424072,Zatory,niskie ryzyko,94.06427961966922,93.98705669654164,21.6107880522953,21.533565129167705,72.45349156737393,72.45349156737392,22.97,77.03
14,MAZOWIECKIE,1424,pułtuski,1424072,Zatory,wysokie ryzyko,42.62880449685734,42.62880449685735,15.045963654616507,15.045963654616507,27.58284084224083,27.58284084224083,35.3,64.7
14,MAZOWIECKIE,1419,płocki,1419023,Bodzanów,niskie ryzyko,291.4507442199641,294.57348887111834,148.0953205315763,147.42195591553872,143.35542368838782,147.15153295557965,50.81,49.19
14,MAZOWIECKIE,1419,płocki,1419023,Bodzanów,wysokie ryzyko,298.1678662596326,300.80559475159646,235.52430275943416,234.58507750025385,62.64356350019844,66.2205172513427,78.99,21.01
14,MAZOWIECKIE,1419,płocki,1419032,Brudzeń Duży,niskie ryzyko,26.57398480161083,26.45910114522254,13.865505578982546,13.75062192259425,12.708479222628288,12.708479222628288,52.18,47.82
14,MAZOWIECKIE,1419,płocki,1419032,Brudzeń Duży,wysokie ryzyko,25.292914859014378,25.292914859014378,2.0,2.0,23.292914859014378,23.292914859014378,7.91,92.09
14,MAZOWIECKIE,1419,płocki,1419063,Gąbin,niskie ryzyko,564.4903573149959,562.3977094045754,326.22974595775656,325.926087409723,238.26061135723936,236.47162199485248,57.79,42.21
14,MAZOWIECKIE,1419,płocki,1419063,Gąbin,wysokie ryzyko,391.3023382941809,391.319112192592,273.32018765414034,276.0198669513243,117.98215064004056,115.2992452412677,69.85,30.15
14,MAZOWIECKIE,1419,płocki,1419082,Mała Wieś,niskie ryzyko,279.17798846409573,277.6804890643438,195.8946950908024,193.3399995600416,83.28329337329338,84.34048950430223,70.17,29.83
14,MAZOWIECKIE,1419,płocki,1419082,Mała Wieś,wysokie ryzyko,119.95395962206888,120.51652838761473,105.5369266550359,106.09949542058176,14.417032967032966,14.417032967032968,87.98,12.02
14,MAZOWIECKIE,1419,płocki,1419092,Nowy Duninów,niskie ryzyko,225.88654111172664,228.7248101293309,107.6167290694004,109.25400556447664,118.26981204232624,119.47080456485422,47.64,52.36
14,MAZOWIECKIE,1419,płocki,1419092,Nowy Duninów,wysokie ryzyko,196.52184521388983,195.15753753922857,153.26613574861187,151.90182807395058,43.255709465277995,43.255709465277995,77.99,22.01
14,MAZOWIECKIE,1419,płocki,1419132,Stara Biała,niskie ryzyko,66.06903746090371,49.09275991280888,66.06903746090371,49.09275991280888,0.0,0.0,100.0,0.0
14,MAZOWIECKIE,1419,płocki,1419132,Stara Biała,wysokie ryzyko,8.044648447756972,8.044648447756972,8.044648447756972,8.044648447756972,0.0,0.0,100.0,0.0
14,MAZOWIECKIE,1419,płocki,1419143,Staroźreby,niskie ryzyko,13.278144624634916,58.472894353656194,12.473737600158048,57.66848732917933,0.8044070244768691,0.8044070244768692,93.94,6.06
14,MAZOWIECKIE,1419,płocki,1419112,Słubice,niskie ryzyko,1097.8863027207103,1074.830025145132,559.2456894797915,534.4258216664368,538.6406132409188,540.4042034786953,50.94,49.06
14,MAZOWIECKIE,1419,płocki,1419112,Słubice,wysokie ryzyko,443.9240840083412,466.98036158391926,237.8567479687369,262.8319449346983,206.0673360396043,204.148416649221,53.58,46.42
14,MAZOWIECKIE,1419,płocki,1419122,Słupno,niskie ryzyko,1146.991306439051,1150.4871237914128,628.678306394106,627.1862568441252,518.3130000449449,523.3008669472877,54.81,45.19
14,MAZOWIECKIE,1419,płocki,1419122,Słupno,wysokie ryzyko,625.7051660174689,626.1802453556343,390.55817036085233,396.0211166013604,235.14699565661653,230.1591287542738,62.42,37.58
14,MAZOWIECKIE,1419,płocki,1419153,Wyszogród,niskie ryzyko,266.223125901677,269.1907350806955,207.9214324767605,210.889041655779,58.30169342491652,58.30169342491652,78.1,21.9
14,MAZOWIECKIE,1419,płocki,1419153,Wyszogród,wysokie ryzyko,94.58963601548484,90.55022636016828,72.08785062564971,68.04844097033315,22.501785389835135,22.501785389835135,76.21,23.79
14,MAZOWIECKIE,1419,płocki,1419072,Łąck,niskie ryzyko,5.519015517049285,5.519015517049285,0.0,0.0,5.519015517049285,5.519015517049285,0.0,100.0
14,MAZOWIECKIE,1420,płoński,1420032,Baboszewo,niskie ryzyko,25.617918011451856,25.617918011451856,4.195981427698581,4.195981427698582,21.421936583753276,21.421936583753276,16.38,83.62
14,MAZOWIECKIE,1420,płoński,1420032,Baboszewo,wysokie ryzyko,12.670502497197024,11.915613723151582,4.800000000000001,4.04511122595456,7.870502497197022,7.870502497197021,37.88,62.12
14,MAZOWIECKIE,1420,płoński,1420043,Czerwińsk nad Wisłą,niskie ryzyko,156.41773070554927,156.41773070554927,58.87745806736396,58.87745806736396,97.5402726381853,97.5402726381853,37.64,62.36
14,MAZOWIECKIE,1420,płoński,1420043,Czerwińsk nad Wisłą,wysokie ryzyko,16.2057025264427,16.2057025264427,1.8051326881049017,1.8051326881049017,14.400569838337796,14.400569838337798,11.14,88.86
14,MAZOWIECKIE,1420,płoński,1420052,Dzierzążnia,niskie ryzyko,0.2772594564342663,0.2772594564342663,0.2772594564342663,0.2772594564342663,0.0,0.0,100.0,0.0
14,MAZOWIECKIE,1420,płoński,1420062,Joniec,niskie ryzyko,119.76872010620716,119.09884186587732,80.38147547136715,79.98990304070631,39.38724463484,39.108938825171016,67.11,32.89
14,MAZOWIECKIE,1420,płoński,1420062,Joniec,wysokie ryzyko,54.63165236269273,54.30407401730634,18.779885713619095,18.62565427397778,35.85176664907364,35.67841974332856,34.38,65.62
14,MAZOWIECKIE,1420,płoński,1420083,Nowe Miasto,niskie ryzyko,70.71020413397264,70.28354399960429,46.15118430267002,45.724524168301656,24.559019831302624,24.55901983130262,65.27,34.73
14,MAZOWIECKIE,1420,płoński,1420083,Nowe Miasto,wysokie ryzyko,43.339617648108025,42.965477368272424,33.56893499335848,33.19479471352288,9.77068265474954,9.77068265474954,77.46,22.54
14,MAZOWIECKIE,1420,płoński,1420011,Płońsk,niskie ryzyko,153.78976030305276,291.5493265962047,153.78976030305276,291.5493265962047,0.0,0.0,100.0,0.0
14,MAZOWIECKIE,1420,płoński,1420092,Płońsk,niskie ryzyko,50.73801858098754,50.315827112203834,0.0,0.0,50.73801858098754,50.315827112203834,0.0,100.0
14,MAZOWIECKIE,1420,płoński,1420011,Płońsk,wysokie ryzyko,293.2784776482309,241.72654067356115,293.2784776482309,241.72654067356115,0.0,0.0,100.0,0.0
14,MAZOWIECKIE,1420,płoński,1420092,Płońsk,wysokie ryzyko,5.967742572258809,5.967742572258808,0.0,0.0,5.967742572258809,5.967742572258808,0.0,100.0
14,MAZOWIECKIE,1420,płoński,1420021,Raciąż,niskie ryzyko,326.40868591595034,331.5839555367169,323.9472994500694,329.5413181451472,2.461386465880927,2.042637391569741,99.25,0.75
14,MAZOWIECKIE,1420,płoński,1420102,Raciąż,niskie ryzyko,7.488973028660036,7.488973028660035,7.488973028660036,7.488973028660035,0.0,0.0,100.0,0.0
14,MAZOWIECKIE,1420,płoński,1420021,Raciąż,wysokie ryzyko,148.8857316333119,140.30525516051543,142.22556537370784,133.64508890091136,6.660166259604069,6.660166259604071,95.53,4.47
14,MAZOWIECKIE,1420,płoński,1420113,Sochocin,niskie ryzyko,204.1552439461611,203.5351416040529,141.0789540502435,140.6133884482349,63.0762898959176,62.92175315581804,69.1,30.9
14,MAZOWIECKIE,1420,płoński,1420113,Sochocin,wysokie ryzyko,100.54906453169588,100.4637553699798,79.94989925994618,79.8645900982301,20.599165271749698,20.599165271749698,79.51,20.49
14,MAZOWIECKIE,1425,radomski,1425033,Iłża,niskie ryzyko,3.385218402321501,3.3852184023215006,3.2305138309112436,3.230513830911243,0.1547045714102574,0.1547045714102575,95.43,4.57
14,MAZOWIECKIE,1425,radomski,1425042,Jastrzębia,niskie ryzyko,19.99034815850661,19.99034815850661,5.806862235894021,5.806862235894021,14.18348592261259,14.18348592261259,29.05,70.95
14,MAZOWIECKIE,1425,radomski,1425052,Jedlińsk,niskie ryzyko,72.23011342519018,72.02867114043815,17.22763931907861,17.33425948393741,55.002474106111585,54.69441165650075,23.85,76.15
14,MAZOWIECKIE,1425,radomski,1425052,Jedlińsk,wysokie ryzyko,6.337337448930109,6.2943117242060875,0.864489384227625,0.8214636595036036,5.472848064702484,5.472848064702484,13.64,86.36
14,MAZOWIECKIE,1425,radomski,1425082,Pionki,niskie ryzyko,44.44480589273536,44.38659924362956,19.76938209186117,19.76938209186117,24.675423800874185,24.617217151768394,44.48,55.52
14,MAZOWIECKIE,1425,radomski,1425011,Pionki,niskie ryzyko,28.95664993667898,26.514045854342218,20.58047194035486,18.207913693293488,8.376177996324115,8.306132161048726,71.07,28.93
14,MAZOWIECKIE,1425,radomski,1425011,Pionki,wysokie ryzyko,11.511912238810217,11.511912238810217,11.511912238810217,11.511912238810217,0.0,0.0,100.0,0.0
14,MAZOWIECKIE,1425,radomski,1425082,Pionki,wysokie ryzyko,5.757669553350513,4.736018941196773,1.1926290507701764,0.1709784386164365,4.565040502580336,4.565040502580336,20.71,79.29
14,MAZOWIECKIE,1425,radomski,1425093,Przytyk,niskie ryzyko,74.28229147598549,71.11330346602686,60.31834670280995,57.14935869285132,13.963944773175545,13.96394477317554,81.2,18.8
14,MAZOWIECKIE,1425,radomski,1425093,Przytyk,wysokie ryzyko,14.03808821845196,13.93844404717722,14.03808821845196,13.93844404717722,0.0,0.0,100.0,0.0
14,MAZOWIECKIE,1425,radomski,1425103,Skaryszew,niskie ryzyko,4.45474679857031,4.45474679857031,1.2772016265163082,1.2772016265163084,3.1775451720540024,3.1775451720540024,28.67,71.33
14,MAZOWIECKIE,1425,radomski,1425132,Zakrzew,niskie ryzyko,1.3695623270148929,1.3695623270148924,0.0,0.0,1.3695623270148929,1.3695623270148924,0.0,100.0
14,MAZOWIECKIE,1425,radomski,1425132,Zakrzew,wysokie ryzyko,5.6511819080618935,5.6511819080618935,0.0,0.0,5.6511819080618935,5.6511819080618935,0.0,100.0
14,MAZOWIECKIE,1426,siedlecki,1426022,Korczew,niskie ryzyko,76.35013126696475,77.01657589351733,41.81971039600979,42.3340654842061,34.53042087095496,34.68251040931124,54.77,45.23
14,MAZOWIECKIE,1426,siedlecki,1426022,Korczew,wysokie ryzyko,94.34023054584576,93.23467896834777,88.51576980108749,87.41021822358948,5.8244607447582695,5.8244607447582695,93.83,6.17
14,MAZOWIECKIE,1426,siedlecki,1426042,Mokobody,niskie ryzyko,40.82251454470379,40.82251454470379,11.607616809726576,11.607616809726576,29.21489773497722,29.21489773497722,28.43,71.57
14,MAZOWIECKIE,1426,siedlecki,1426042,Mokobody,wysokie ryzyko,6.05866593715889,6.058665937158889,1.3904598977642046,1.3904598977642044,4.668206039394685,4.6682060393946845,22.95,77.05
14,MAZOWIECKIE,1426,siedlecki,1426053,Mordy,niskie ryzyko,1.8370194489645617,1.8370194489645617,0.1075005616061102,0.1075005616061102,1.7295188873584513,1.7295188873584513,5.85,94.15
14,MAZOWIECKIE,1426,siedlecki,1426053,Mordy,wysokie ryzyko,6.0556393871322225,6.0556393871322225,0.0,0.0,6.0556393871322225,6.0556393871322225,0.0,100.0
14,MAZOWIECKIE,1426,siedlecki,1426082,Siedlce,niskie ryzyko,138.0678063661206,137.93302924459664,1.122879100877331,1.122879100877331,136.94492726524328,136.8101501437193,0.81,99.19
14,MAZOWIECKIE,1426,siedlecki,1426082,Siedlce,wysokie ryzyko,65.54477998841304,65.4719890441723,0.0,0.0,65.54477998841304,65.4719890441723,0.0,100.0
14,MAZOWIECKIE,1427,sierpecki,1427022,Gozdowo,niskie ryzyko,2.6492374727668846,2.6492374727668846,0.0,0.0,2.6492374727668846,2.6492374727668846,0.0,100.0
14,MAZOWIECKIE,1427,sierpecki,1427022,Gozdowo,wysokie ryzyko,5.298474945533769,5.298474945533769,0.0,0.0,5.298474945533769,5.298474945533769,0.0,100.0
14,MAZOWIECKIE,1427,sierpecki,1427032,Mochowo,niskie ryzyko,8.5,9.009632800922114,5.5,6.009632800922114,3.0,3.0,64.71,35.29
14,MAZOWIECKIE,1427,sierpecki,1427042,Rościszewo,niskie ryzyko,8.771180806832147,8.701755732393872,6.386565422216762,6.317140347778488,2.3846153846153846,2.3846153846153846,72.81,27.19
14,MAZOWIECKIE,1427,sierpecki,1427042,Rościszewo,wysokie ryzyko,6.681733836389446,6.1279391235321485,6.681733836389446,6.1279391235321485,0.0,0.0,100.0,0.0
14,MAZOWIECKIE,1427,sierpecki,1427011,Sierpc,niskie ryzyko,58.11186899702034,30.910787862200348,58.11186899702034,30.910787862200348,0.0,0.0,100.0,0.0
14,MAZOWIECKIE,1427,sierpecki,1427052,Sierpc,niskie ryzyko,42.04906319788967,38.76963459911518,11.01464513425537,6.503609180026145,31.034418063634305,32.26602541908903,26.19,73.81
14,MAZOWIECKIE,1427,sierpecki,1427011,Sierpc,wysokie ryzyko,38.28337928760063,19.771945543131352,38.28337928760063,19.771945543131352,0.0,0.0,100.0,0.0
14,MAZOWIECKIE,1427,sierpecki,1427072,Zawidz,niskie ryzyko,18.774137829808176,18.0580237711986,10.210707578108035,10.137798956197823,8.56343025170014,7.920224815000773,54.39,45.61
14,MAZOWIECKIE,1428,sochaczewski,1428022,Brochów,niskie ryzyko,1073.8445002646931,1089.0228696630154,735.075046959485,749.3224593390662,338.76945330520823,339.7004103239492,68.45,31.55
14,MAZOWIECKIE,1428,sochaczewski,1428022,Brochów,wysokie ryzyko,773.7918386510905,754.6888096281095,571.4529409481328,553.4455364869352,202.33889770295772,201.24327314117448,73.85,26.15
14,MAZOWIECKIE,1428,sochaczewski,1428032,Iłów,niskie ryzyko,350.09722658881094,352.5089204933879,65.35762800417973,67.13220450066055,284.7395985846312,285.3767159927273,18.67,81.33
14,MAZOWIECKIE,1428,sochaczewski,1428032,Iłów,wysokie ryzyko,174.57018988763593,172.15849598305897,33.9192789968652,32.58834662450458,140.65091089077072,139.57014935855435,19.43,80.57
14,MAZOWIECKIE,1428,sochaczewski,1428042,Młodzieszyn,niskie ryzyko,295.996693672949,297.7208201775224,174.4883481535379,176.00094446279135,121.50834551941108,121.71987571473106,58.95,41.05
14,MAZOWIECKIE,1428,sochaczewski,1428042,Młodzieszyn,wysokie ryzyko,486.7444134813362,487.1396787758861,373.5170060616403,373.41498327094286,113.22740741969584,113.7246955049433,76.74,23.26
14,MAZOWIECKIE,1428,sochaczewski,1428052,Nowa Sucha,niskie ryzyko,134.185113795576,125.1748187509649,116.5118493821196,111.81782659483292,17.673264413456387,13.35699215613198,86.83,13.17
14,MAZOWIECKIE,1428,sochaczewski,1428052,Nowa Sucha,wysokie ryzyko,52.68292089391733,52.16214804954747,47.59712738971609,47.244866709924565,5.085793504201234,4.9172813396229005,90.35,9.65
14,MAZOWIECKIE,1428,sochaczewski,1428011,Sochaczew,niskie ryzyko,195.6624367811688,183.99660511400128,158.269313587823,150.25845378813017,37.39312319334582,33.73815132587111,80.89,19.11
14,MAZOWIECKIE,1428,sochaczewski,1428072,Sochaczew,niskie ryzyko,135.44909145229323,146.11094833495738,129.0858572112448,139.82756633872776,6.363234241048456,6.283381996229632,95.3,4.7
14,MAZOWIECKIE,1428,sochaczewski,1428011,Sochaczew,wysokie ryzyko,319.3962438183786,323.73083121276574,250.0585185076752,257.32203485558404,69.33772531070338,66.4087963571817,78.29,21.71
14,MAZOWIECKIE,1428,sochaczewski,1428072,Sochaczew,wysokie ryzyko,132.10904276268712,117.72774754265716,128.41926438910593,114.03796916907598,3.689778373581187,3.6897783735811864,97.21,2.79
14,MAZOWIECKIE,1428,sochaczewski,1428082,Teresin,niskie ryzyko,15.58212482073036,14.7120605206577,15.112084958754648,14.242020658681986,0.4700398619757141,0.4700398619757142,96.98,3.02
14,MAZOWIECKIE,1428,sochaczewski,1428082,Teresin,wysokie ryzyko,5.961352808425277,5.961352808425276,0.0,0.0,5.961352808425277,5.961352808425276,0.0,100.0
14,MAZOWIECKIE,1429,sokołowski,1429032,Ceranów,niskie ryzyko,189.0542441329742,188.8320104895038,170.9034485602542,170.6812149167838,18.150795572719986,18.15079557271999,90.4,9.6
14,MAZOWIECKIE,1429,sokołowski,1429032,Ceranów,wysokie ryzyko,151.68962473345,151.4261853068135,139.08659946034217,138.82316003370568,12.60302527310784,12.60302527310784,91.69,8.31
14,MAZOWIECKIE,1429,sokołowski,1429042,Jabłonna Lacka,niskie ryzyko,75.36549893293345,75.36245057451396,58.976150103411,58.97310174499151,16.389348829522454,16.389348829522454,78.25,21.75
14,MAZOWIECKIE,1429,sokołowski,1429042,Jabłonna Lacka,wysokie ryzyko,25.20168356163029,25.20168356163029,19.674603356378487,19.674603356378487,5.527080205251804,5.527080205251803,78.07,21.93
14,MAZOWIECKIE,1429,sokołowski,1429053,Kosów Lacki,niskie ryzyko,175.58833029977666,162.5860718661305,161.57038096738512,148.56812253373897,14.017949332391538,14.017949332391538,92.02,7.98
14,MAZOWIECKIE,1429,sokołowski,1429053,Kosów Lacki,wysokie ryzyko,173.86633728599696,174.39255953954927,173.86633728599696,174.39255953954927,0.0,0.0,100.0,0.0
14,MAZOWIECKIE,1429,sokołowski,1429072,Sabnie,niskie ryzyko,13.441006487283904,13.441006487283904,0.0,0.0,13.441006487283904,13.441006487283904,0.0,100.0
14,MAZOWIECKIE,1429,sokołowski,1429092,Sterdyń,niskie ryzyko,110.5982645618522,105.54938343659224,110.11399619695204,105.06511507169208,0.4842683649001543,0.4842683649001544,99.56,0.44
14,MAZOWIECKIE,1429,sokołowski,1429092,Sterdyń,wysokie ryzyko,66.36823070983613,66.36823070983613,66.36823070983613,66.36823070983613,0.0,0.0,100.0,0.0
14,MAZOWIECKIE,1432,warszawski zachodni,1432013,Błonie,niskie ryzyko,809.2010755580832,682.9200382450808,706.8654281664486,581.6805498923965,102.33564739163457,101.23948835268432,87.35,12.65
14,MAZOWIECKIE,1432,warszawski zachodni,1432013,Błonie,wysokie ryzyko,1152.7238993455069,1067.6034301501345,987.8289882336908,902.7085190383189,164.89491111181576,164.89491111181576,85.7,14.3
14,MAZOWIECKIE,1432,warszawski zachodni,1432032,Kampinos,niskie ryzyko,2.7595777178813687,2.7595777178813687,0.4598860058048035,0.4598860058048034,2.2996917120765654,2.2996917120765654,16.67,83.33
14,MAZOWIECKIE,1432,warszawski zachodni,1432032,Kampinos,wysokie ryzyko,2.625,2.625,0.0,0.0,2.625,2.625,0.0,100.0
14,MAZOWIECKIE,1432,warszawski zachodni,1432042,Leszno,niskie ryzyko,22.60893781128273,22.60893781128273,0.0,0.0,22.60893781128273,22.60893781128273,0.0,100.0
14,MAZOWIECKIE,1432,warszawski zachodni,1432042,Leszno,wysokie ryzyko,21.317416329140908,21.317416329140908,0.0,0.0,21.317416329140908,21.317416329140908,0.0,100.0
14,MAZOWIECKIE,1432,warszawski zachodni,1432063,Ożarów Mazowiecki,niskie ryzyko,40.45470983443516,70.1838810696229,40.45470983443516,70.1838810696229,0.0,0.0,100.0,0.0
14,MAZOWIECKIE,1432,warszawski zachodni,1432063,Ożarów Mazowiecki,wysokie ryzyko,43.91310260931538,43.91310260931538,43.91310260931538,43.91310260931538,0.0,0.0,100.0,0.0
14,MAZOWIECKIE,1432,warszawski zachodni,1432053,Łomianki,niskie ryzyko,7020.04686440043,7010.670201159485,3799.8247325974785,3762.4782696002226,3220.2221318029515,3248.191931559263,54.13,45.87
14,MAZOWIECKIE,1432,warszawski zachodni,1432053,Łomianki,wysokie ryzyko,17012.47814725559,17037.77724119722,11729.360696267657,11728.160129809174,5283.117450987935,5309.6171113880455,68.95,31.05
14,MAZOWIECKIE,1434,wołomiński,1434052,Dąbrówka,niskie ryzyko,754.564789968354,725.9204663458466,372.1001223103816,345.52957232859376,382.4646676579725,380.39089401725295,49.31,50.69
14,MAZOWIECKIE,1434,wołomiński,1434052,Dąbrówka,wysokie ryzyko,715.4739056714818,711.9332277371739,371.0713825934896,364.46180275839606,344.4025230779921,347.47142497877786,51.86,48.14
14,MAZOWIECKIE,1434,wołomiński,1434063,Jadów,niskie ryzyko,224.45317942934767,208.2165267339369,122.84116532039629,112.4773179874338,101.6120141089514,95.73920874650308,54.73,45.27
14,MAZOWIECKIE,1434,wołomiński,1434063,Jadów,wysokie ryzyko,126.97533096674218,129.44216590796898,27.73868690282433,27.73868690282433,99.23664406391784,101.70347900514466,21.85,78.15
14,MAZOWIECKIE,1434,wołomiński,1434072,Klembów,niskie ryzyko,39.336536800216216,40.08398015854871,28.103036338151327,29.71486317308875,11.233500462064889,10.36911698545996,71.44,28.56
14,MAZOWIECKIE,1434,wołomiński,1434021,Marki,niskie ryzyko,184.7280358665379,167.9014604518976,105.27288806253736,100.17816091300092,79.45514780400057,67.72329953889671,56.99,43.01
14,MAZOWIECKIE,1434,wołomiński,1434021,Marki,wysokie ryzyko,31.334841542626265,30.905170222426904,0.0,0.0,31.334841542626265,30.905170222426904,0.0,100.0
14,MAZOWIECKIE,1434,wołomiński,1434082,Poświętne,niskie ryzyko,0.6556915943080723,0.6556915943080722,0.6556915943080723,0.6556915943080722,0.0,0.0,100.0,0.0
14,MAZOWIECKIE,1434,wołomiński,1434093,Radzymin,niskie ryzyko,752.4665253221792,730.0559002647477,349.5967466141591,333.21783140231344,402.86977870802014,396.8380688624343,46.46,53.54
14,MAZOWIECKIE,1434,wołomiński,1434093,Radzymin,wysokie ryzyko,840.8030732489248,825.2345196951667,247.9589395711189,228.3806188364031,592.8441336778059,596.8539008587636,29.49,70.51
14,MAZOWIECKIE,1434,wołomiński,1434102,Strachówka,niskie ryzyko,3.151821501699516,2.783722447797429,0.0,0.0,3.151821501699516,2.783722447797429,0.0,100.0
14,MAZOWIECKIE,1434,wołomiński,1434102,Strachówka,wysokie ryzyko,0.3145601015207355,0.3145601015207355,0.0,0.0,0.3145601015207355,0.3145601015207355,0.0,100.0
14,MAZOWIECKIE,1434,wołomiński,1434123,Wołomin,niskie ryzyko,23.909019965156517,19.3894600866181,14.375223537172808,9.855663658634388,9.533796427983711,9.533796427983711,60.12,39.88
14,MAZOWIECKIE,1434,wołomiński,1434123,Wołomin,wysokie ryzyko,7.973285261225001,7.973285261225,0.0,0.0,7.973285261225001,7.973285261225,0.0,100.0
14,MAZOWIECKIE,1434,wołomiński,1434041,Zielonka,niskie ryzyko,26.30612578235269,29.36343792237008,15.15165062958354,18.661021407295294,11.154475152769152,10.702416515074788,57.6,42.4
14,MAZOWIECKIE,1435,wyszkowski,1435012,Brańszczyk,niskie ryzyko,527.7881024331465,547.864651955655,397.0205041427147,423.60415051817114,130.76759829043186,124.2605014374838,75.22,24.78
14,MAZOWIECKIE,1435,wyszkowski,1435012,Brańszczyk,wysokie ryzyko,378.66493304047714,378.3055036476716,279.68160249451233,268.7198819564155,98.98333054596478,109.58562169125616,73.86,26.14
14,MAZOWIECKIE,1435,wyszkowski,1435022,Długosiodło,niskie ryzyko,231.29170969722765,231.29170969722765,0.0,0.0,231.29170969722765,231.29170969722765,0.0,100.0
14,MAZOWIECKIE,1435,wyszkowski,1435022,Długosiodło,wysokie ryzyko,104.80429199848868,104.80429199848868,0.0,0.0,104.80429199848868,104.80429199848868,0.0,100.0
14,MAZOWIECKIE,1435,wyszkowski,1435032,Rząśnik,niskie ryzyko,819.7701668712673,817.8630383241455,192.06823027933677,191.84637832437056,627.7019365919305,626.016659999775,23.43,76.57
14,MAZOWIECKIE,1435,wyszkowski,1435032,Rząśnik,wysokie ryzyko,579.1029964007927,577.1237275233296,169.26607477038084,168.48286952902689,409.8369216304119,408.6408579943028,29.23,70.77
14,MAZOWIECKIE,1435,wyszkowski,1435042,Somianka,niskie ryzyko,183.10828447759351,215.19519565210544,129.48082967706603,163.2563904189078,53.627454800527474,51.93880523319762,70.71,29.29
14,MAZOWIECKIE,1435,wyszkowski,1435042,Somianka,wysokie ryzyko,202.1838575266139,202.6142384191916,129.36838879616752,127.8840506933804,72.81546873044641,74.73018772581118,63.99,36.01
14,MAZOWIECKIE,1435,wyszkowski,1435053,Wyszków,niskie ryzyko,1367.9518522299752,1319.4134174679004,433.75322789839055,414.894230714702,934.1986243315848,904.5191867531984,31.71,68.29
14,MAZOWIECKIE,1435,wyszkowski,1435053,Wyszków,wysokie ryzyko,1385.8709278867998,1389.8961075971763,730.2128912363486,703.7059462225558,655.6580366504512,686.1901613746209,52.69,47.31
14,MAZOWIECKIE,1435,wyszkowski,1435062,Zabrodzie,niskie ryzyko,150.18706496846363,149.28381012315563,61.57451848730617,61.191774252538586,88.61254648115748,88.09203587061705,41.0,59.0
14,MAZOWIECKIE,1435,wyszkowski,1435062,Zabrodzie,wysokie ryzyko,93.9868862942832,93.63020306697749,42.6341522027854,42.634152202785394,51.35273409149781,50.99605086419209,45.36,54.64
14,MAZOWIECKIE,1433,węgrowski,1433022,Grębków,niskie ryzyko,7.71840173368021,7.718401733680209,4.68557628401354,4.68557628401354,3.0328254496666696,3.0328254496666696,60.71,39.29
14,MAZOWIECKIE,1433,węgrowski,1433022,Grębków,wysokie ryzyko,12.13435702630468,12.13435702630468,12.13435702630468,12.13435702630468,0.0,0.0,100.0,0.0
14,MAZOWIECKIE,1433,węgrowski,1433032,Korytnica,niskie ryzyko,63.543505846349866,63.543505846349866,0.0,0.0,63.543505846349866,63.543505846349866,0.0,100.0
14,MAZOWIECKIE,1433,węgrowski,1433032,Korytnica,wysokie ryzyko,10.416066702860917,10.41606670286092,0.0,0.0,10.416066702860917,10.41606670286092,0.0,100.0
14,MAZOWIECKIE,1433,węgrowski,1433042,Liw,niskie ryzyko,63.365006444800265,63.03589973557639,37.93768053017978,37.60931087309325,25.42732591462048,25.426588862483147,59.87,40.13
14,MAZOWIECKIE,1433,węgrowski,1433042,Liw,wysokie ryzyko,35.51076706934225,35.506449875984394,1.28899858675531,1.2889985867553098,34.22176848258694,34.21745128922908,3.63,96.37
14,MAZOWIECKIE,1433,węgrowski,1433072,Sadowne,niskie ryzyko,1003.09584422405,1011.2722202533088,404.64572503825474,406.4206498819074,598.4501191857951,604.8515703714013,40.34,59.66
14,MAZOWIECKIE,1433,węgrowski,1433072,Sadowne,wysokie ryzyko,489.1455058536578,486.28434895353945,211.63804597129715,210.82671892575053,277.50745988236065,275.4576300277889,43.27,56.73
14,MAZOWIECKIE,1433,węgrowski,1433011,Węgrów,niskie ryzyko,68.5972653124543,46.27192459529488,66.14775028634419,43.82240956918477,2.449515026110107,2.449515026110107,96.43,3.57
14,MAZOWIECKIE,1433,węgrowski,1433011,Węgrów,wysokie ryzyko,32.91353525628868,29.743550441194635,32.91353525628868,29.743550441194635,0.0,0.0,100.0,0.0
14,MAZOWIECKIE,1433,węgrowski,1433053,Łochów,niskie ryzyko,133.99444994896973,133.20470126121222,18.3686895772645,18.331441676917507,115.62576037170524,114.87325958429471,13.71,86.29
14,MAZOWIECKIE,1433,węgrowski,1433053,Łochów,wysokie ryzyko,68.06482853089277,68.04419690157675,8.925198920354683,8.904567291038672,59.13962961053808,59.13962961053808,13.11,86.89
14,MAZOWIECKIE,1436,zwoleński,1436013,Kazanów,niskie ryzyko,30.99843269854282,30.99843269854282,20.0853611408058,20.0853611408058,10.91307155773702,10.91307155773702,64.79,35.21
14,MAZOWIECKIE,1436,zwoleński,1436032,Przyłęk,niskie ryzyko,35.82844836367809,38.81272720365354,0.0,0.0,35.82844836367809,38.81272720365354,0.0,100.0
14,MAZOWIECKIE,1436,zwoleński,1436032,Przyłęk,wysokie ryzyko,194.40965327786995,194.40965327786995,0.0,0.0,194.40965327786995,194.40965327786995,0.0,100.0
14,MAZOWIECKIE,1436,zwoleński,1436053,Zwoleń,niskie ryzyko,15.550887203084384,41.3715250164777,12.170803230450431,38.17201127412373,3.380083972633951,3.199513742353965,78.26,21.74
14,MAZOWIECKIE,1410,łosicki,1410042,Platerów,niskie ryzyko,30.532027907626848,30.532027907626848,30.236323811179247,30.236323811179247,0.2957040964476024,0.2957040964476024,99.03,0.97
14,MAZOWIECKIE,1410,łosicki,1410042,Platerów,wysokie ryzyko,6.521739130434782,6.521739130434783,0.0,0.0,6.521739130434782,6.521739130434783,0.0,100.0
14,MAZOWIECKIE,1410,łosicki,1410052,Sarnaki,niskie ryzyko,25.686101516090247,26.410170416194777,15.12601292068356,15.850081820788082,10.56008859540669,10.56008859540669,58.89,41.11
14,MAZOWIECKIE,1410,łosicki,1410052,Sarnaki,wysokie ryzyko,2.3943294147514513,2.0595124043442685,1.2645629033609924,0.9297458929538096,1.129766511390459,1.129766511390459,52.81,47.19
14,MAZOWIECKIE,1410,łosicki,1410023,Łosice,niskie ryzyko,13.674069996696304,10.69834641063836,3.6164301468633977,0.640706560805453,10.057639849832908,10.057639849832906,26.45,73.55
14,MAZOWIECKIE,1437,żuromiński,1437013,Bieżuń,niskie ryzyko,65.73933100913122,70.2996038954988,36.41554441723198,40.97581730359957,29.323786591899243,29.32378659189924,55.39,44.61
14,MAZOWIECKIE,1437,żuromiński,1437013,Bieżuń,wysokie ryzyko,55.461504203784926,55.461504203784926,41.61184064768694,41.61184064768694,13.849663556097989,13.849663556097983,75.03,24.97
14,MAZOWIECKIE,1437,żuromiński,1437033,Lubowidz,niskie ryzyko,73.06094538641602,83.97694684550109,41.65867724614779,52.57467870523286,31.40226814026823,31.40226814026823,57.02,42.98
14,MAZOWIECKIE,1437,żuromiński,1437042,Lutocin,niskie ryzyko,2.271440593993977,2.2714405939939777,0.0,0.0,2.271440593993977,2.2714405939939777,0.0,100.0
14,MAZOWIECKIE,1437,żuromiński,1437052,Siemiątkowo,niskie ryzyko,1.75,1.75,0.0,0.0,1.75,1.75,0.0,100.0
14,MAZOWIECKIE,1437,żuromiński,1437063,Żuromin,niskie ryzyko,21.79724292305483,21.954854349165505,13.797242923054831,13.797242923054831,8.0,8.157611426110673,63.3,36.7
14,MAZOWIECKIE,1438,żyrardowski,1438023,Mszczonów,niskie ryzyko,1.1224445003756207,1.1224445003756207,0.0,0.0,1.1224445003756207,1.1224445003756207,0.0,100.0
14,MAZOWIECKIE,1438,żyrardowski,1438032,Puszcza Mariańska,niskie ryzyko,13.385202359031975,11.36574975017104,7.3398597486111905,7.310698393492455,6.045342610420786,4.055051356678587,54.84,45.16
14,MAZOWIECKIE,1438,żyrardowski,1438032,Puszcza Mariańska,wysokie ryzyko,2.0146673884753343,1.9938334774941175,2.0146673884753343,1.9938334774941175,0.0,0.0,100.0,0.0
14,MAZOWIECKIE,1438,żyrardowski,1438042,Radziejowice,niskie ryzyko,4.2628962162037425,4.012810075731236,4.124912783792273,3.874826643319767,0.1379834324114698,0.1379834324114699,96.76,3.24
14,MAZOWIECKIE,1438,żyrardowski,1438042,Radziejowice,wysokie ryzyko,2.7647920410852356,2.7647920410852356,2.7647920410852356,2.7647920410852356,0.0,0.0,100.0,0.0
14,MAZOWIECKIE,1438,żyrardowski,1438053,Wiskitki,niskie ryzyko,14.775263064183337,15.724552095022712,6.776027482910626,8.004786236405765,7.999235581272709,7.719765858616948,45.86,54.14
14,MAZOWIECKIE,1438,żyrardowski,1438011,Żyrardów,niskie ryzyko,79.4697294864065,56.31222639737872,69.54411840203856,47.641315959305075,9.92561108436793,8.670910438073648,87.51,12.49
12,MAŁOPOLSKIE,1261,Kraków,1261011,Kraków,niskie ryzyko,38454.67405739983,37007.19469773259,32724.526262727744,31682.337905914897,5730.147794672081,5324.856791817702,85.1,14.9
12,MAŁOPOLSKIE,1261,Kraków,1261011,Kraków,wysokie ryzyko,107624.5736674678,107788.88246947785,100874.21522663946,100644.27568985424,6750.358440828353,7144.606779623587,93.73,6.27
12,MAŁOPOLSKIE,1262,Nowy Sącz,1262011,Nowy Sącz,niskie ryzyko,3592.3994040483185,3223.1429080449316,3086.0152050815977,2720.9771359555543,506.384198966721,502.16577208937736,85.9,14.1
12,MAŁOPOLSKIE,1262,Nowy Sącz,1262011,Nowy Sącz,wysokie ryzyko,10109.046440254497,11157.999807040182,9792.865677494565,10653.052365104868,316.1807627599283,504.9474419353139,96.87,3.13
12,MAŁOPOLSKIE,1263,Tarnów,1263011,Tarnów,niskie ryzyko,1201.1905415764545,1179.1515363325043,854.691961523213,906.9385329910142,346.4985800532414,272.2130033414899,71.15,28.85
12,MAŁOPOLSKIE,1263,Tarnów,1263011,Tarnów,wysokie ryzyko,2643.8568173234135,2892.5125380901723,1596.540702487765,1611.0814387450478,1047.316114835648,1281.4310993451245,60.39,39.61
12,MAŁOPOLSKIE,1201,bocheński,1201011,Bochnia,niskie ryzyko,1774.0535109709786,1829.6208322293228,1284.6685490140285,1326.6728783963815,489.38496195695024,502.9479538329414,72.41,27.59
12,MAŁOPOLSKIE,1201,bocheński,1201022,Bochnia,niskie ryzyko,5154.93666389862,5140.555743013052,4466.705554118507,4443.9938446215665,688.231109780113,696.5618983914849,86.65,13.35
12,MAŁOPOLSKIE,1201,bocheński,1201022,Bochnia,wysokie ryzyko,5782.408351636755,5803.75465152257,5386.0479204042995,5421.017273727297,396.36043123245497,382.7373777952738,93.15,6.85
12,MAŁOPOLSKIE,1201,bocheński,1201011,Bochnia,wysokie ryzyko,2189.471056120962,2099.028032102264,1678.6448306592893,1560.580004789795,510.82622546167295,538.4480273124685,76.67,23.33
12,MAŁOPOLSKIE,1201,bocheński,1201032,Drwinia,niskie ryzyko,2788.3794424843536,2801.2331798949895,2672.047710036156,2687.0266362356765,116.3317324481977,114.20654365931298,95.83,4.17
12,MAŁOPOLSKIE,1201,bocheński,1201032,Drwinia,wysokie ryzyko,2179.40176895026,2167.8156800720003,2111.5228256572777,2102.6769240715626,67.87894329298238,65.13875600043738,96.89,3.11
12,MAŁOPOLSKIE,1201,bocheński,1201072,Rzezawa,niskie ryzyko,1275.5583005564022,1270.2548745964773,1153.9439869668656,1136.85421364304,121.61431358953654,133.40066095343707,90.47,9.53
12,MAŁOPOLSKIE,1201,bocheński,1201072,Rzezawa,wysokie ryzyko,1032.063777778481,1048.2863268863089,931.7455507685248,947.7820004363872,100.31822700995625,100.50432644992168,90.28,9.72
12,MAŁOPOLSKIE,1201,bocheński,1201082,Trzciana,niskie ryzyko,17.081187538195437,16.571437362423623,7.532995458179472,7.034058844488978,9.548192080015966,9.537378517934645,44.1,55.9
12,MAŁOPOLSKIE,1201,bocheński,1201052,Łapanów,niskie ryzyko,226.51273629080055,246.52309693971233,165.63032790671105,185.64068855562283,60.88240838408947,60.88240838408948,73.12,26.88
12,MAŁOPOLSKIE,1201,bocheński,1201052,Łapanów,wysokie ryzyko,278.3935938122034,259.29101455336445,261.2954903662097,242.19291110737083,17.098103445993658,17.098103445993658,93.86,6.14
12,MAŁOPOLSKIE,1201,bocheński,1201092,Żegocina,niskie ryzyko,42.00201930877683,44.77663999504226,42.00201930877683,44.77663999504226,0.0,0.0,100.0,0.0
12,MAŁOPOLSKIE,1201,bocheński,1201092,Żegocina,wysokie ryzyko,0.8801088750294692,0.8801088750294692,0.0,0.0,0.8801088750294692,0.8801088750294692,0.0,100.0
12,MAŁOPOLSKIE,1202,brzeski,1202012,Borzęcin,niskie ryzyko,910.0674149845,913.3379458744018,693.344330169687,689.396291689114,216.72308481481292,223.94165418528783,76.19,23.81
12,MAŁOPOLSKIE,1202,brzeski,1202012,Borzęcin,wysokie ryzyko,364.6881776460517,401.04749075392976,214.3272936643989,247.75031790083776,150.36088398165285,153.29717285309204,58.77,41.23
12,MAŁOPOLSKIE,1202,brzeski,1202023,Brzesko,niskie ryzyko,40.005403811743975,39.483018572169485,32.05731510130903,31.534929861734536,7.948088710434945,7.948088710434945,80.13,19.87
12,MAŁOPOLSKIE,1202,brzeski,1202023,Brzesko,wysokie ryzyko,19.204532710523853,19.20453271052385,19.204532710523853,19.20453271052385,0.0,0.0,100.0,0.0
12,MAŁOPOLSKIE,1202,brzeski,1202033,Czchów,niskie ryzyko,592.4379591859903,546.339485512053,523.5869908350533,478.22454943856144,68.85096835093698,68.11493607349153,88.38,11.62
12,MAŁOPOLSKIE,1202,brzeski,1202033,Czchów,wysokie ryzyko,462.9322070172486,500.81869226408895,423.2040090842743,460.0878449295414,39.72819793297434,40.73084733454759,91.42,8.58
12,MAŁOPOLSKIE,1202,brzeski,1202042,Dębno,niskie ryzyko,37.99255196924368,37.99255196924367,27.746459015067753,27.74645901506775,10.246092954175923,10.24609295417592,73.03,26.97
12,MAŁOPOLSKIE,1202,brzeski,1202062,Iwkowa,niskie ryzyko,0.6955653125952346,0.6955653125952348,0.0,0.0,0.6955653125952346,0.6955653125952348,0.0,100.0
12,MAŁOPOLSKIE,1202,brzeski,1202072,Szczurowa,niskie ryzyko,3379.6874644598493,3347.428284833191,2632.5564582268175,2620.6428701594577,747.1310062330316,726.7854146737332,77.89,22.11
12,MAŁOPOLSKIE,1202,brzeski,1202072,Szczurowa,wysokie ryzyko,4085.1898047807063,4059.659756392691,3372.999150548755,3368.40432156967,712.1906542319512,691.2554348230209,82.57,17.43
12,MAŁOPOLSKIE,1203,chrzanowski,1203013,Alwernia,niskie ryzyko,272.9649791575562,274.8838402924527,12.656773306615852,14.575634441512417,260.3082058509403,260.3082058509403,4.64,95.36
12,MAŁOPOLSKIE,1203,chrzanowski,1203013,Alwernia,wysokie ryzyko,327.1967044397625,327.1967044397625,2.583661761619365,2.583661761619365,324.6130426781432,324.6130426781432,0.79,99.21
12,MAŁOPOLSKIE,1203,chrzanowski,1203022,Babice,niskie ryzyko,180.4414470806717,178.44137043682315,142.68705862698098,142.44212441675074,37.75438845369071,35.9992460200724,79.08,20.92
12,MAŁOPOLSKIE,1203,chrzanowski,1203022,Babice,wysokie ryzyko,279.52262628311064,288.2346035311695,258.8706416841453,257.6099784916369,20.651984598965345,30.624625039532567,92.61,7.39
12,MAŁOPOLSKIE,1203,chrzanowski,1203043,Libiąż,niskie ryzyko,707.8700439482882,685.6834150685584,536.649970073745,514.5868741654629,171.22007387454326,171.0965409030955,75.81,24.19
12,MAŁOPOLSKIE,1203,chrzanowski,1203043,Libiąż,wysokie ryzyko,905.3871886881898,913.7059062341082,796.8923869555133,805.2111045014317,108.49480173267644,108.49480173267644,88.02,11.98
12,MAŁOPOLSKIE,1203,chrzanowski,1203053,Trzebinia,niskie ryzyko,39.72670422423435,34.37201758499678,39.71439290045052,34.309504128397926,0.0123113237838366,0.0625134565988525,99.97,0.03
12,MAŁOPOLSKIE,1203,chrzanowski,1203053,Trzebinia,wysokie ryzyko,158.29167346649422,143.44436438581528,158.29167346649422,143.44436438581528,0.0,0.0,100.0,0.0
12,MAŁOPOLSKIE,1204,dąbrowski,1204012,Bolesław,niskie ryzyko,1311.201208330477,1303.0248821074074,1269.287929586154,1262.1354423571377,41.913278744322795,40.8894397502698,96.8,3.2
12,MAŁOPOLSKIE,1204,dąbrowski,1204012,Bolesław,wysokie ryzyko,1384.9787272679057,1393.6606008658434,1332.9931743497846,1343.6063634342242,51.985552918120895,50.054237431619285,96.25,3.75
12,MAŁOPOLSKIE,1204,dąbrowski,1204023,Dąbrowa Tarnowska,niskie ryzyko,390.5953524248034,376.46492355112713,109.61839637665229,95.48796750297596,280.9769560481512,280.9769560481512,28.06,71.94
12,MAŁOPOLSKIE,1204,dąbrowski,1204023,Dąbrowa Tarnowska,wysokie ryzyko,198.94982418377992,196.09960759738473,35.38062581916486,32.53040923276968,163.56919836461506,163.56919836461506,17.78,82.22
12,MAŁOPOLSKIE,1204,dąbrowski,1204032,Gręboszów,niskie ryzyko,1516.0091285279896,1513.7735521459415,1497.256569236724,1495.020992854676,18.752559291265506,18.752559291265506,98.76,1.24
12,MAŁOPOLSKIE,1204,dąbrowski,1204032,Gręboszów,wysokie ryzyko,1755.6409279449929,1757.8765043270407,1741.0290584303295,1743.2646348123776,14.611869514663136,14.611869514663136,99.17,0.83
12,MAŁOPOLSKIE,1204,dąbrowski,1204042,Mędrzechów,niskie ryzyko,1848.49896186689,1820.174823733864,1422.070724494162,1398.1617301053468,426.42823737272806,422.0130936285172,76.93,23.07
12,MAŁOPOLSKIE,1204,dąbrowski,1204042,Mędrzechów,wysokie ryzyko,1516.2760125281727,1544.488152338286,1278.3380880583284,1307.599758168734,237.93792446984435,236.88839416955193,84.31,15.69
12,MAŁOPOLSKIE,1204,dąbrowski,1204052,Olesno,niskie ryzyko,2327.293086456372,2291.847738951734,2018.6875832075564,1999.0609030016517,308.60550324881564,292.7868359500819,86.74,13.26
12,MAŁOPOLSKIE,1204,dąbrowski,1204052,Olesno,wysokie ryzyko,2405.049479266779,2424.1588899034327,1982.6060443065337,2005.3531087593317,422.4434349602456,418.8057811441009,82.44,17.56
12,MAŁOPOLSKIE,1204,dąbrowski,1204062,Radgoszcz,niskie ryzyko,842.7450141537678,842.7450141537678,537.8216411412476,537.8216411412476,304.92337301252013,304.9233730125202,63.82,36.18
12,MAŁOPOLSKIE,1204,dąbrowski,1204062,Radgoszcz,wysokie ryzyko,365.5524275548703,365.5524275548703,251.2922325701896,251.2922325701896,114.26019498468064,114.26019498468064,68.74,31.26
12,MAŁOPOLSKIE,1204,dąbrowski,1204073,Szczucin,niskie ryzyko,7354.04354967641,7157.919125866666,2519.515232403762,2368.9448629595645,4834.528317272648,4788.974262907102,34.26,65.74
12,MAŁOPOLSKIE,1204,dąbrowski,1204073,Szczucin,wysokie ryzyko,5326.381373490526,5517.443308148773,1888.4852370361884,1977.5895616707544,3437.8961364543375,3539.8537464780197,35.46,64.54
12,MAŁOPOLSKIE,1205,gorlicki,1205023,Biecz,niskie ryzyko,416.41362561569815,394.76590620019016,362.9817607773199,335.9827001591719,53.43186483837829,58.7832060410183,87.17,12.83
12,MAŁOPOLSKIE,1205,gorlicki,1205023,Biecz,wysokie ryzyko,232.71481617410765,227.03274304912216,188.6777116485062,184.36609659902624,44.03710452560145,42.66664645009594,81.08,18.92
12,MAŁOPOLSKIE,1205,gorlicki,1205033,Bobowa,niskie ryzyko,214.450525285474,295.3968031874171,172.53002718436775,214.8003669669309,41.92049810110622,80.5964362204862,80.45,19.55
12,MAŁOPOLSKIE,1205,gorlicki,1205033,Bobowa,wysokie ryzyko,166.00965279450634,163.35136947498447,131.22311174824648,139.16176668414715,34.78654104625984,24.189602790837306,79.05,20.95
12,MAŁOPOLSKIE,1205,gorlicki,1205011,Gorlice,niskie ryzyko,198.0107341122228,264.26912933110714,150.27485145311036,219.72935966366305,47.73588265911247,44.53976966744406,75.89,24.11
12,MAŁOPOLSKIE,1205,gorlicki,1205042,Gorlice,niskie ryzyko,243.31602422412817,243.03138271906897,226.2495021890927,225.96486068403345,17.066522035035486,17.066522035035486,92.99,7.01
12,MAŁOPOLSKIE,1205,gorlicki,1205011,Gorlice,wysokie ryzyko,634.5996487394056,657.8340843470323,528.6160556438101,562.3603465988137,105.98359309559544,95.4737377482186,83.3,16.7
12,MAŁOPOLSKIE,1205,gorlicki,1205042,Gorlice,wysokie ryzyko,328.4971703397778,395.9277326695686,301.4933439261224,368.9239062559131,27.00382641365546,27.003826413655457,91.78,8.22
12,MAŁOPOLSKIE,1205,gorlicki,1205052,Lipinki,niskie ryzyko,22.377777861507887,14.763884414128038,8.343194543191084,8.078316761064487,14.034583318316804,6.685567653063551,37.28,62.72
12,MAŁOPOLSKIE,1205,gorlicki,1205072,Moszczenica,niskie ryzyko,9.788965626211468,8.73054382951085,9.788965626211468,8.73054382951085,0.0,0.0,100.0,0.0
12,MAŁOPOLSKIE,1205,gorlicki,1205082,Ropa,niskie ryzyko,11.844731091296564,11.149523247297164,11.844731091296564,11.149523247297164,0.0,0.0,100.0,0.0
12,MAŁOPOLSKIE,1205,gorlicki,1205092,Sękowa,niskie ryzyko,71.88744041491131,70.4221383879686,31.91705520885029,30.55638692755584,39.97038520606101,39.86575146041275,44.4,55.6
12,MAŁOPOLSKIE,1205,gorlicki,1205092,Sękowa,wysokie ryzyko,16.036756149081302,20.292739025936143,7.236198548818336,11.78417891524389,8.800557600262966,8.508560110692255,45.12,54.88
12,MAŁOPOLSKIE,1205,gorlicki,1205102,Uście Gorlickie,niskie ryzyko,33.75963167903728,33.6239336640297,28.008897241238145,28.008897241238145,5.75073443779913,5.615036422791553,82.97,17.03
12,MAŁOPOLSKIE,1206,krakowski,1206012,Czernichów,niskie ryzyko,1505.5700604811277,1554.6006857363334,1284.6022054173015,1334.267629214343,220.9678550638259,220.3330565219903,85.32,14.68
12,MAŁOPOLSKIE,1206,krakowski,1206012,Czernichów,wysokie ryzyko,1784.5269850153347,1733.6573444661242,1599.0048553799204,1538.558212773933,185.5221296354144,195.09913169219104,89.6,10.4
12,MAŁOPOLSKIE,1206,krakowski,1206022,Igołomia-Wawrzeńczyce,niskie ryzyko,1045.5337125066246,1031.2861594225565,511.0631795359312,493.7205776369771,534.4705329706935,537.5655817855795,48.88,51.12
12,MAŁOPOLSKIE,1206,krakowski,1206022,Igołomia-Wawrzeńczyce,wysokie ryzyko,666.9838597748812,657.5702512669816,277.50901746965644,279.62048396206615,389.4748423052248,377.94976730491544,41.61,58.39
12,MAŁOPOLSKIE,1206,krakowski,1206052,Kocmyrzów-Luborzyca,niskie ryzyko,13.327339520807952,13.187948002109472,0.0,0.0,13.327339520807952,13.187948002109472,0.0,100.0
12,MAŁOPOLSKIE,1206,krakowski,1206072,Liszki,niskie ryzyko,947.7668823344814,912.2830036143724,914.5615493000043,879.0776705798955,33.205333034476816,33.205333034476816,96.5,3.5
12,MAŁOPOLSKIE,1206,krakowski,1206072,Liszki,wysokie ryzyko,769.5592370397563,842.5925057137662,765.845398059685,838.8786667336947,3.713838980071425,3.713838980071424,99.52,0.48
12,MAŁOPOLSKIE,1206,krakowski,1206082,Michałowice,niskie ryzyko,66.67008193192763,62.71189664863006,66.67008193192763,62.71189664863006,0.0,0.0,100.0,0.0
12,MAŁOPOLSKIE,1206,krakowski,1206082,Michałowice,wysokie ryzyko,9.760585282613146,8.547322913557247,9.760585282613146,8.547322913557247,0.0,0.0,100.0,0.0
12,MAŁOPOLSKIE,1206,krakowski,1206092,Mogilany,niskie ryzyko,9.895306248095626,9.895306248095626,0.0,0.0,9.895306248095626,9.895306248095626,0.0,100.0
12,MAŁOPOLSKIE,1206,krakowski,1206113,Skawina,niskie ryzyko,2626.322600660189,2563.8098281753746,1888.229343134219,1880.9845411004603,738.0932575259696,682.8252870749143,71.9,28.1
12,MAŁOPOLSKIE,1206,krakowski,1206113,Skawina,wysokie ryzyko,1841.108533736944,1809.6615842555195,1201.63243307458,1221.3949652171552,639.4761006623639,588.2666190383643,65.27,34.73
12,MAŁOPOLSKIE,1206,krakowski,1206162,Zabierzów,niskie ryzyko,49.3896831279327,47.7361999088145,41.683691421375826,40.06469867486198,7.705991706556878,7.6715012339525215,84.4,15.6
12,MAŁOPOLSKIE,1206,krakowski,1206162,Zabierzów,wysokie ryzyko,14.277534591761176,14.277534591761176,14.277534591761176,14.277534591761176,0.0,0.0,100.0,0.0
12,MAŁOPOLSKIE,1206,krakowski,1206172,Zielonki,niskie ryzyko,237.32274281799425,222.0783322256367,234.6557698835421,219.4113592911845,2.666972934452167,2.666972934452167,98.88,1.12
12,MAŁOPOLSKIE,1206,krakowski,1206172,Zielonki,wysokie ryzyko,126.1186178609264,166.82507801264785,126.1186178609264,166.82507801264785,0.0,0.0,100.0,0.0
12,MAŁOPOLSKIE,1206,krakowski,1206143,Świątniki Górne,niskie ryzyko,2.888827320268247,2.8888273202682475,2.888827320268247,2.8888273202682475,0.0,0.0,100.0,0.0
12,MAŁOPOLSKIE,1207,limanowski,1207032,Dobra,niskie ryzyko,20.59145780144019,34.03883912373111,2.3974436251814017,16.325244096580505,18.194014176258783,17.713595027150607,11.64,88.36
12,MAŁOPOLSKIE,1207,limanowski,1207042,Jodłownik,niskie ryzyko,12.650082742992508,8.618502306493541,12.650082742992508,8.618502306493541,0.0,0.0,100.0,0.0
12,MAŁOPOLSKIE,1207,limanowski,1207052,Kamienica,niskie ryzyko,54.96955750999455,45.00285115464981,36.35079673515923,26.49298932329235,18.618760774835323,18.509861831357455,66.13,33.87
12,MAŁOPOLSKIE,1207,limanowski,1207062,Laskowa,niskie ryzyko,400.09656097928666,387.6661673895596,217.5670958170757,206.50505760847497,182.52946516221095,181.16110978108463,54.38,45.62
12,MAŁOPOLSKIE,1207,limanowski,1207062,Laskowa,wysokie ryzyko,200.56361676250725,183.1092497799347,113.9040444856052,97.6618102147118,86.65957227690207,85.44743956522288,56.79,43.21
12,MAŁOPOLSKIE,1207,limanowski,1207011,Limanowa,niskie ryzyko,176.57482197650918,127.39896995337716,176.57482197650918,127.39896995337716,0.0,0.0,100.0,0.0
12,MAŁOPOLSKIE,1207,limanowski,1207072,Limanowa,niskie ryzyko,74.24181817848834,72.94514422081116,34.216153447903416,33.144660440722774,40.025664730584936,39.800483780088385,46.09,53.91
12,MAŁOPOLSKIE,1207,limanowski,1207072,Limanowa,wysokie ryzyko,40.29257901112626,40.29257901112626,10.71153732719466,10.71153732719466,29.581041683931595,29.581041683931595,26.58,73.42
12,MAŁOPOLSKIE,1207,limanowski,1207021,Mszana Dolna,niskie ryzyko,174.46279866404834,164.0313392236228,121.22370294680788,118.47888864466928,53.23909571724046,45.55245057895352,69.48,30.52
12,MAŁOPOLSKIE,1207,limanowski,1207092,Mszana Dolna,niskie ryzyko,213.83233636559095,212.03977070367057,124.17391288510606,118.5645625009306,89.6584234804849,93.47520820273996,58.07,41.93
12,MAŁOPOLSKIE,1207,limanowski,1207021,Mszana Dolna,wysokie ryzyko,63.43619343996136,86.25239434912952,27.557325217164223,52.43231621155742,35.87886822279713,33.8200781375721,43.44,56.56
12,MAŁOPOLSKIE,1207,limanowski,1207092,Mszana Dolna,wysokie ryzyko,67.27919613178538,68.06847441024682,15.783760924204012,14.894558807193722,51.495435207581366,53.1739156030531,23.46,76.54
12,MAŁOPOLSKIE,1207,limanowski,1207102,Niedźwiedź,niskie ryzyko,90.8320675171831,84.71646720508423,2.340354473023993,1.1548048945654226,88.4917130441591,83.5616623105188,2.58,97.42
12,MAŁOPOLSKIE,1207,limanowski,1207102,Niedźwiedź,wysokie ryzyko,28.062101129815925,25.74240691080368,10.746848588509565,8.42715436949732,17.31525254130636,17.31525254130636,38.3,61.7
12,MAŁOPOLSKIE,1207,limanowski,1207132,Szczawa,niskie ryzyko,21.863736002365105,19.279446118183262,5.7881242356510105,5.78812423565101,16.075611766714093,13.491321882532253,26.47,73.53
12,MAŁOPOLSKIE,1207,limanowski,1207112,Słopnice,niskie ryzyko,9.968302995685892,36.38921251965504,0.0,0.0,9.968302995685892,36.38921251965504,0.0,100.0
12,MAŁOPOLSKIE,1207,limanowski,1207122,Tymbark,niskie ryzyko,96.84910583783562,67.2157116787105,96.40835441896164,67.15232881796187,0.440751418873991,0.0633828607486354,99.54,0.46
12,MAŁOPOLSKIE,1207,limanowski,1207122,Tymbark,wysokie ryzyko,13.708889951591754,21.546416772670725,9.916612369245112,19.396185147932833,3.792277582346642,2.1502316247378923,72.34,27.66
12,MAŁOPOLSKIE,1207,limanowski,1207082,Łukowica,niskie ryzyko,96.58795092678444,83.30328190385646,50.31144067503431,40.244570560749544,46.27651025175011,43.05871134310692,52.09,47.91
12,MAŁOPOLSKIE,1209,myślenicki,1209013,Dobczyce,niskie ryzyko,1064.821573642858,1218.3542769794794,964.6049235499464,1134.9423795791724,100.21665009291166,83.41189740030708,90.59,9.41
12,MAŁOPOLSKIE,1209,myślenicki,1209013,Dobczyce,wysokie ryzyko,2920.7975317611313,2902.0322770838416,2859.0253087400592,2846.6712870605834,61.77222302107224,55.360990023257536,97.89,2.11
12,MAŁOPOLSKIE,1209,myślenicki,1209022,Lubień,niskie ryzyko,185.59438527918095,176.5101525275899,82.93795149976181,76.40344907166488,102.65643377941916,100.10670345592504,44.69,55.31
12,MAŁOPOLSKIE,1209,myślenicki,1209022,Lubień,wysokie ryzyko,10.583964966599025,10.583964966599025,0.0,0.0,10.583964966599025,10.583964966599025,0.0,100.0
12,MAŁOPOLSKIE,1209,myślenicki,1209033,Myślenice,niskie ryzyko,417.70616510782,309.00979282064577,408.18711129126734,299.94239916597206,9.5190538165527,9.06739365467372,97.72,2.28
12,MAŁOPOLSKIE,1209,myślenicki,1209033,Myślenice,wysokie ryzyko,146.1014211997585,120.36935095639252,142.07642653669723,116.34435629333124,4.024994663061268,4.024994663061268,97.25,2.75
12,MAŁOPOLSKIE,1209,myślenicki,1209042,Pcim,niskie ryzyko,206.11671980287093,167.23356979433248,140.78377684161742,102.05141233113814,65.33294296125351,65.18215746319433,68.3,31.7
12,MAŁOPOLSKIE,1209,myślenicki,1209042,Pcim,wysokie ryzyko,101.74545076204762,87.55658739418179,83.34474046470505,69.15587709683922,18.400710297342577,18.400710297342577,81.91,18.09
12,MAŁOPOLSKIE,1209,myślenicki,1209052,Raciechowice,niskie ryzyko,50.454209993912784,45.81688150953797,44.547980704823914,39.910652220449094,5.906229289088869,5.906229289088869,88.29,11.71
12,MAŁOPOLSKIE,1209,myślenicki,1209052,Raciechowice,wysokie ryzyko,53.589204768979094,51.05635842345891,50.2854397100911,47.75259336457091,3.3037650588879997,3.3037650588879997,93.84,6.16
12,MAŁOPOLSKIE,1209,myślenicki,1209082,Tokarnia,niskie ryzyko,213.01357762896,209.12024416664536,174.84979644227622,170.9564629799616,38.16378118668375,38.16378118668375,82.08,17.92
12,MAŁOPOLSKIE,1209,myślenicki,1209082,Tokarnia,wysokie ryzyko,69.13436632947393,71.99138614684094,69.13436632947393,71.99138614684094,0.0,0.0,100.0,0.0
12,MAŁOPOLSKIE,1209,myślenicki,1209092,Wiśniowa,niskie ryzyko,46.51052610116552,44.02445236757049,42.04552694422779,39.613218106403835,4.464999156937723,4.411234261166649,90.4,9.6
12,MAŁOPOLSKIE,1209,myślenicki,1209092,Wiśniowa,wysokie ryzyko,8.084015469444013,8.959380802507992,4.11997925890471,4.119979258904711,3.964036210539303,4.83940154360328,50.96,49.04
12,MAŁOPOLSKIE,1210,nowosądecki,1210022,Chełmiec,niskie ryzyko,3477.775453197683,3492.5595064545714,2368.956417648348,2370.5541415662265,1108.819035549335,1122.0053648883445,68.12,31.88
12,MAŁOPOLSKIE,1210,nowosądecki,1210022,Chełmiec,wysokie ryzyko,4396.952971037285,4455.452247944517,2672.3483999451464,2719.1991394661663,1724.6045710921396,1736.2531084783504,60.78,39.22
12,MAŁOPOLSKIE,1210,nowosądecki,1210011,Grybów,niskie ryzyko,172.43571432556712,179.1723373535594,98.35794602508489,109.19320676473107,74.07776830048225,69.9791305888283,57.04,42.96
12,MAŁOPOLSKIE,1210,nowosądecki,1210042,Grybów,niskie ryzyko,432.3058726212414,401.0691250037722,211.3003826562979,203.5836785701515,221.0054899649435,197.4854464336207,48.88,51.12
12,MAŁOPOLSKIE,1210,nowosądecki,1210011,Grybów,wysokie ryzyko,134.62817681171236,128.8514236635275,74.89304883282827,69.91615755225945,59.73512797888408,58.93526611126805,55.63,44.37
12,MAŁOPOLSKIE,1210,nowosądecki,1210042,Grybów,wysokie ryzyko,368.33646708474333,359.993681933802,218.41472140214591,222.24864393816992,149.92174568259742,137.74503799563212,59.3,40.7
12,MAŁOPOLSKIE,1210,nowosądecki,1210032,Gródek nad Dunajcem,niskie ryzyko,739.2213489131431,818.4077092583757,527.9646747113513,604.2253945344606,211.2566742017917,214.18231472391503,71.42,28.58
12,MAŁOPOLSKIE,1210,nowosądecki,1210032,Gródek nad Dunajcem,wysokie ryzyko,373.354817963895,373.8516937323687,260.4181870286902,264.2804243277724,112.93663093520485,109.57126940459632,69.75,30.25
12,MAŁOPOLSKIE,1210,nowosądecki,1210052,Kamionka Wielka,niskie ryzyko,75.67211616107988,122.00942025970778,38.08855396683956,32.50341139384561,37.58356219424032,89.50600886586219,50.33,49.67
12,MAŁOPOLSKIE,1210,nowosądecki,1210062,Korzenna,niskie ryzyko,34.248540845687735,32.291418293410864,30.538727251011707,28.581604698734836,3.709813594676026,3.709813594676026,89.17,10.83
12,MAŁOPOLSKIE,1210,nowosądecki,1210073,Krynica-Zdrój,niskie ryzyko,176.0426709410065,188.1092057106042,140.77962598271705,153.20377908799975,35.26304495828945,34.90542662260444,79.97,20.03
12,MAŁOPOLSKIE,1210,nowosądecki,1210073,Krynica-Zdrój,wysokie ryzyko,141.44900637547212,110.41083913428164,139.23173382902144,109.08870017274194,2.2172725464506797,1.3221389615397134,98.43,1.57
12,MAŁOPOLSKIE,1210,nowosądecki,1210113,Muszyna,niskie ryzyko,348.3387545456533,279.33929295294644,198.6235455755895,140.09967681005597,149.71520897006374,139.23961614289047,57.02,42.98
12,MAŁOPOLSKIE,1210,nowosądecki,1210113,Muszyna,wysokie ryzyko,499.36046632319574,539.5675738662724,284.74905752345364,270.8000642982032,214.6114087997421,268.76750956806916,57.02,42.98
12,MAŁOPOLSKIE,1210,nowosądecki,1210122,Nawojowa,niskie ryzyko,18.52652030409009,14.654363198209406,0.0,0.0,18.52652030409009,14.654363198209406,0.0,100.0
12,MAŁOPOLSKIE,1210,nowosądecki,1210133,Piwniczna-Zdrój,niskie ryzyko,436.62914222806745,477.06952545911184,207.7904987280037,224.67844428013365,228.8386435000637,252.39108117897817,47.59,52.41
12,MAŁOPOLSKIE,1210,nowosądecki,1210133,Piwniczna-Zdrój,wysokie ryzyko,125.6978200310311,127.96114712312696,73.90035895966334,79.51681828636666,51.79746107136777,48.444328836760306,58.79,41.21
12,MAŁOPOLSKIE,1210,nowosądecki,1210142,Podegrodzie,niskie ryzyko,1566.6508017172569,1650.7310638069816,1472.140968108619,1552.2612814404947,94.5098336086378,98.4697823664868,93.97,6.03
12,MAŁOPOLSKIE,1210,nowosądecki,1210142,Podegrodzie,wysokie ryzyko,1929.0793193906368,1889.2403718405012,1881.3733598497763,1782.0548805235385,47.70595954086057,107.18549131696284,97.53,2.47
12,MAŁOPOLSKIE,1210,nowosądecki,1210152,Rytro,niskie ryzyko,155.64467543324602,161.7331034720006,105.862557954786,112.64075775858468,49.78211747846002,49.09234571341592,68.02,31.98
12,MAŁOPOLSKIE,1210,nowosądecki,1210152,Rytro,wysokie ryzyko,183.3078833837031,189.0942930950531,125.69711392681698,133.61492182184878,57.610769456886175,55.47937127320433,68.57,31.43
12,MAŁOPOLSKIE,1210,nowosądecki,1210163,Stary Sącz,niskie ryzyko,904.5440059833828,859.5738410527215,561.2107817906601,534.9512383635217,343.3332241927225,324.6226026891997,62.04,37.96
12,MAŁOPOLSKIE,1210,nowosądecki,1210163,Stary Sącz,wysokie ryzyko,884.7932015673438,930.5282432773416,614.1316268958661,667.2282535183191,270.66157467147764,263.2999897590224,69.41,30.59
12,MAŁOPOLSKIE,1210,nowosądecki,1210082,Łabowa,niskie ryzyko,45.74548794435505,50.91889556302492,3.813465049215676,3.813465049215676,41.932022895139376,47.105430513809246,8.34,91.66
12,MAŁOPOLSKIE,1210,nowosądecki,1210082,Łabowa,wysokie ryzyko,81.77894716064083,52.95275707636868,76.54106102388116,47.84729093820089,5.23788613675967,5.105466138167784,93.6,6.4
12,MAŁOPOLSKIE,1210,nowosądecki,1210102,Łososina Dolna,niskie ryzyko,655.1399087923321,710.0519682981546,414.12159452309874,474.4404900254271,241.0183142692334,235.6114782727276,63.21,36.79
12,MAŁOPOLSKIE,1210,nowosądecki,1210102,Łososina Dolna,wysokie ryzyko,632.2434470202842,781.8731336698341,450.26964495988454,598.0008842309361,181.9738020603997,183.87224943889808,71.22,28.78
12,MAŁOPOLSKIE,1210,nowosądecki,1210092,Łącko,niskie ryzyko,2089.841092187726,2058.883351249207,1381.4044062318612,1368.2327270103035,708.4366859558651,690.6506242389033,66.1,33.9
12,MAŁOPOLSKIE,1210,nowosądecki,1210092,Łącko,wysokie ryzyko,2238.026019829016,2257.5255383944477,1717.2192685466052,1731.7440132785543,520.8067512824111,525.7815251158936,76.73,23.27
12,MAŁOPOLSKIE,1211,nowotarski,1211033,Czarny Dunajec,niskie ryzyko,602.4955105368339,578.1894823048576,308.0333456797911,297.6577987751194,294.46216485704275,280.53168352973825,51.13,48.87
12,MAŁOPOLSKIE,1211,nowotarski,1211033,Czarny Dunajec,wysokie ryzyko,306.7518454827065,278.53083832149895,174.69483743601538,159.33740220918813,132.05700804669115,119.19343611231082,56.95,43.05
12,MAŁOPOLSKIE,1211,nowotarski,1211042,Czorsztyn,niskie ryzyko,659.4308094907906,571.4899070605506,553.0495309896105,477.2951515118116,106.38127850118016,94.19475554873904,83.87,16.13
12,MAŁOPOLSKIE,1211,nowotarski,1211042,Czorsztyn,wysokie ryzyko,870.4616024232312,943.099369958496,816.4044337244892,867.7118064390228,54.05716869874195,75.38756351947332,93.79,6.21
12,MAŁOPOLSKIE,1211,nowotarski,1211052,Jabłonka,niskie ryzyko,99.82269519224188,102.64215301351656,70.20893621302773,75.05380992528708,29.61375897921415,27.588343088229472,70.33,29.67
12,MAŁOPOLSKIE,1211,nowotarski,1211052,Jabłonka,wysokie ryzyko,107.3525300049324,88.12030167837312,67.04496114306913,52.320275220324376,40.30756886186325,35.800026458048755,62.45,37.55
12,MAŁOPOLSKIE,1211,nowotarski,1211062,Krościenko nad Dunajcem,niskie ryzyko,666.2753545740076,673.9878166294388,511.17358030149785,515.5249702535177,155.10177427250972,158.4628463759211,76.72,23.28
12,MAŁOPOLSKIE,1211,nowotarski,1211062,Krościenko nad Dunajcem,wysokie ryzyko,1050.8993099635472,1175.82174084578,832.7782313661382,929.2106022463354,218.1210785974091,246.61113859944473,79.24,20.76
12,MAŁOPOLSKIE,1211,nowotarski,1211011,Nowy Targ,niskie ryzyko,852.2812193934373,1337.6190037350727,803.7394116689774,1290.1974880461146,48.54180772445984,47.42151568895811,94.3,5.7
12,MAŁOPOLSKIE,1211,nowotarski,1211092,Nowy Targ,niskie ryzyko,1903.6372878890295,1856.3574494195773,1698.3960857850009,1658.3813221118685,205.24120210402884,197.97612730770896,89.22,10.78
12,MAŁOPOLSKIE,1211,nowotarski,1211011,Nowy Targ,wysokie ryzyko,1073.9736730857933,1291.649441267433,886.6716799160105,1106.1222957359996,187.3019931697829,185.5271455314336,82.56,17.44
12,MAŁOPOLSKIE,1211,nowotarski,1211092,Nowy Targ,wysokie ryzyko,2451.6000343396954,2462.051796782165,2377.272958859,2382.0249801427717,74.3270754806955,80.02681663939379,96.97,3.03
12,MAŁOPOLSKIE,1211,nowotarski,1211102,Ochotnica Dolna,niskie ryzyko,723.0405023874971,807.1682664764319,293.6253932587672,368.1816111153252,429.4151091287299,438.9866553611066,40.61,59.39
12,MAŁOPOLSKIE,1211,nowotarski,1211102,Ochotnica Dolna,wysokie ryzyko,1058.5319715281944,1062.2896500025065,477.0586058525974,449.9056213054582,581.4733656755969,612.384028697048,45.07,54.93
12,MAŁOPOLSKIE,1211,nowotarski,1211112,Raba Wyżna,niskie ryzyko,155.63292323243962,159.4571707019693,77.4842374340762,81.1187043012424,78.14868579836343,78.3384664007269,49.79,50.21
12,MAŁOPOLSKIE,1211,nowotarski,1211112,Raba Wyżna,wysokie ryzyko,106.07568256241548,105.64742758933136,61.63345007226897,61.63345007226897,44.4422324901465,44.01397751706238,58.1,41.9
12,MAŁOPOLSKIE,1211,nowotarski,1211123,Rabka-Zdrój,niskie ryzyko,169.13896293046568,160.82699334387448,127.62249962159828,121.48196565498064,41.516463308867394,39.34502768889386,75.45,24.55
12,MAŁOPOLSKIE,1211,nowotarski,1211123,Rabka-Zdrój,wysokie ryzyko,58.5118083288079,69.29018123684871,45.5288008321085,61.23121222826194,12.9830074966994,8.058969008586766,77.81,22.19
12,MAŁOPOLSKIE,1211,nowotarski,1211132,Spytkowice,niskie ryzyko,63.01312099070396,62.87063605671886,7.646349778388213,7.503864844403113,55.36677121231575,55.36677121231575,12.13,87.87
12,MAŁOPOLSKIE,1211,nowotarski,1211132,Spytkowice,wysokie ryzyko,42.40240860188485,37.6907132983311,14.608334765895592,14.608334765895592,27.79407383598926,23.082378532435506,34.45,65.55
12,MAŁOPOLSKIE,1211,nowotarski,1211142,Szaflary,niskie ryzyko,301.3929627235858,271.796495393991,212.23487283219745,193.59107641175623,89.15808989138836,78.20541898223475,70.42,29.58
12,MAŁOPOLSKIE,1211,nowotarski,1211142,Szaflary,wysokie ryzyko,220.97400472957088,204.3240776923948,160.23376297929994,150.13212639884307,60.74024175027093,54.191951293551746,72.51,27.49
12,MAŁOPOLSKIE,1211,nowotarski,1211023,Szczawnica,niskie ryzyko,113.9964070443606,122.49579619503788,14.40672970300158,12.792816085323476,99.58967734135902,109.7029801097144,12.64,87.36
12,MAŁOPOLSKIE,1211,nowotarski,1211023,Szczawnica,wysokie ryzyko,375.01794044824896,332.23917557734546,178.96324958812255,150.45573131444505,196.0546908601264,181.7834442629004,47.72,52.28
12,MAŁOPOLSKIE,1211,nowotarski,1211082,Łapsze Niżne,niskie ryzyko,566.6903184715002,544.7203321388425,545.5917671518308,523.7279741792731,21.098551319669316,20.99235795956945,96.28,3.72
12,MAŁOPOLSKIE,1211,nowotarski,1211082,Łapsze Niżne,wysokie ryzyko,825.4880130487516,852.2978680975931,780.298114450716,807.4851194997595,45.18989859803568,44.81274859783349,94.53,5.47
12,MAŁOPOLSKIE,1212,olkuski,1212032,Bolesław,niskie ryzyko,28.55848920407192,28.55848920407192,28.55848920407192,28.55848920407192,0.0,0.0,100.0,0.0
12,MAŁOPOLSKIE,1212,olkuski,1212042,Klucze,niskie ryzyko,42.45494900173096,42.55669481721831,0.635509987739821,0.6355099877398209,41.81943901399114,41.92118482947849,1.5,98.5
12,MAŁOPOLSKIE,1212,olkuski,1212042,Klucze,wysokie ryzyko,59.05415148819886,56.08199170412574,0.0,0.0,59.05415148819886,56.08199170412574,0.0,100.0
12,MAŁOPOLSKIE,1212,olkuski,1212073,Wolbrom,niskie ryzyko,45.97835172490121,100.2348770846901,45.97835172490121,100.2348770846901,0.0,0.0,100.0,0.0
12,MAŁOPOLSKIE,1213,oświęcimski,1213023,Brzeszcze,niskie ryzyko,1021.4973531991536,955.0280690100594,765.1937580789325,702.7754576654465,256.30359512022113,252.25261134461292,74.91,25.09
12,MAŁOPOLSKIE,1213,oświęcimski,1213023,Brzeszcze,wysokie ryzyko,1614.707512033122,1685.1407399644231,1405.1670936062146,1477.9804315033014,209.54041842690728,207.1603084611218,87.02,12.98
12,MAŁOPOLSKIE,1213,oświęcimski,1213033,Chełmek,niskie ryzyko,2469.362510083588,2485.50915980458,774.978285738483,772.5133871750139,1694.3842243451052,1712.995772629566,31.38,68.62
12,MAŁOPOLSKIE,1213,oświęcimski,1213033,Chełmek,wysokie ryzyko,2650.0860140952946,2585.104493836028,1081.9029561034192,1133.09359073078,1568.1830579918756,1452.010903105248,40.83,59.17
12,MAŁOPOLSKIE,1213,oświęcimski,1213043,Kęty,niskie ryzyko,6251.997443452099,5988.151738904806,4792.664304477238,4609.367904082167,1459.333138974861,1378.7838348226385,76.66,23.34
12,MAŁOPOLSKIE,1213,oświęcimski,1213043,Kęty,wysokie ryzyko,15404.862390398424,15641.92448197021,9938.046782502634,10218.646378930924,5466.81560789579,5423.278103039287,64.51,35.49
12,MAŁOPOLSKIE,1213,oświęcimski,1213052,Osiek,niskie ryzyko,95.83105513188173,95.83105513188173,25.80434279722308,25.80434279722309,70.02671233465863,70.02671233465863,26.93,73.07
12,MAŁOPOLSKIE,1213,oświęcimski,1213052,Osiek,wysokie ryzyko,80.80544197009941,92.8481893338373,28.40638446751107,28.40638446751107,52.399057502588335,64.44180486632622,35.15,64.85
12,MAŁOPOLSKIE,1213,oświęcimski,1213011,Oświęcim,niskie ryzyko,5118.712167993711,5410.438335877844,4858.711638294167,5170.0515289538325,260.0005296995434,240.38680692401127,94.92,5.08
12,MAŁOPOLSKIE,1213,oświęcimski,1213062,Oświęcim,niskie ryzyko,4148.279582460503,4077.71957170141,3046.8281642946927,2994.477470347592,1101.45141816581,1083.2421013538178,73.45,26.55
12,MAŁOPOLSKIE,1213,oświęcimski,1213011,Oświęcim,wysokie ryzyko,10408.71891334008,10082.280507793892,10207.698436657049,9896.990068983663,201.02047668303243,185.29043881022844,98.07,1.93
12,MAŁOPOLSKIE,1213,oświęcimski,1213062,Oświęcim,wysokie ryzyko,4303.18433144555,4300.502892237618,3290.342972728249,3307.6939808097777,1012.8413587173012,992.8089114278404,76.46,23.54
12,MAŁOPOLSKIE,1213,oświęcimski,1213082,Przeciszów,niskie ryzyko,811.9981081329381,932.779604152454,440.69491711846007,410.9432485158965,371.303191014478,521.8363556365575,54.27,45.73
12,MAŁOPOLSKIE,1213,oświęcimski,1213082,Przeciszów,wysokie ryzyko,909.973041130142,782.1151366640138,767.8430405055556,645.9884310914239,142.13000062458647,136.12670557258997,84.38,15.62
12,MAŁOPOLSKIE,1213,oświęcimski,1213093,Zator,niskie ryzyko,2332.5656505062407,2380.168879127279,1081.007787848704,1080.6973883938813,1251.5578626575366,1299.4714907333976,46.34,53.66
12,MAŁOPOLSKIE,1213,oświęcimski,1213093,Zator,wysokie ryzyko,1816.4896306636408,1715.8359601960144,1029.076172910056,989.3856748410572,787.4134577535847,726.4502853549573,56.65,43.35
12,MAŁOPOLSKIE,1214,proszowicki,1214023,Koszyce,niskie ryzyko,355.5624372971842,354.9076242706099,309.0201039157428,305.91741960188364,46.5423333814414,48.99020466872631,86.91,13.09
12,MAŁOPOLSKIE,1214,proszowicki,1214023,Koszyce,wysokie ryzyko,285.2565633016894,283.0868376354972,252.3368685235369,250.16714285734463,32.91969477815253,32.91969477815254,88.46,11.54
12,MAŁOPOLSKIE,1214,proszowicki,1214033,Nowe Brzesko,niskie ryzyko,44.23992932646749,43.95340739914356,44.23992932646749,43.95340739914356,0.0,0.0,100.0,0.0
12,MAŁOPOLSKIE,1214,proszowicki,1214033,Nowe Brzesko,wysokie ryzyko,40.86259349991227,40.483397188685245,40.86259349991227,40.483397188685245,0.0,0.0,100.0,0.0
12,MAŁOPOLSKIE,1214,proszowicki,1214053,Proszowice,niskie ryzyko,13.55722869629986,13.55722869629986,13.55722869629986,13.55722869629986,0.0,0.0,100.0,0.0
12,MAŁOPOLSKIE,1215,suski,1215032,Budzów,niskie ryzyko,57.46982183949574,57.4507229195908,26.50176574494757,26.48266682504264,30.968056094548167,30.968056094548164,46.11,53.89
12,MAŁOPOLSKIE,1215,suski,1215032,Budzów,wysokie ryzyko,16.845408454483525,13.513625391052178,9.927387470517225,9.927387470517225,6.9180209839663,3.5862379205349555,58.93,41.07
12,MAŁOPOLSKIE,1215,suski,1215042,Bystra-Sidzina,niskie ryzyko,171.6032707768076,193.2227536878927,111.62405896149174,134.1141078569225,59.97921181531586,59.10864583097021,65.05,34.95
12,MAŁOPOLSKIE,1215,suski,1215042,Bystra-Sidzina,wysokie ryzyko,32.876133611404136,41.76591877695464,29.0887191415315,37.978504307082005,3.787414469872635,3.787414469872635,88.48,11.52
12,MAŁOPOLSKIE,1215,suski,1215011,Jordanów,niskie ryzyko,115.027703589669,125.5494993447406,26.535650867257527,25.432418768675372,88.49205272241146,100.11708057606522,23.07,76.93
12,MAŁOPOLSKIE,1215,suski,1215052,Jordanów,niskie ryzyko,247.9865234922691,242.14426574749632,71.94332768368264,66.74307159276646,176.04319580858646,175.40119415472986,29.01,70.99
12,MAŁOPOLSKIE,1215,suski,1215011,Jordanów,wysokie ryzyko,117.844068334065,119.85284567589112,27.09797991261005,26.272592807090945,90.74608842145496,93.58025286880016,22.99,77.01
12,MAŁOPOLSKIE,1215,suski,1215052,Jordanów,wysokie ryzyko,69.79275256495802,66.64954725851489,20.665963566450124,17.522758260006984,49.126788998507905,49.126788998507905,29.61,70.39
12,MAŁOPOLSKIE,1215,suski,1215063,Maków Podhalański,niskie ryzyko,207.1870144362,208.31762132969868,148.96989959224263,157.22955156746016,58.21711484395739,51.088069762238526,71.9,28.1
12,MAŁOPOLSKIE,1215,suski,1215063,Maków Podhalański,wysokie ryzyko,225.4836786653133,218.4279098031444,139.17665013755982,132.83201784431677,86.30702852775352,85.59589195882764,61.72,38.28
12,MAŁOPOLSKIE,1215,suski,1215072,Stryszawa,niskie ryzyko,155.53988640002711,156.3547357872401,94.37213467781912,97.79140759036083,61.16775172220798,58.563328196879226,60.67,39.33
12,MAŁOPOLSKIE,1215,suski,1215072,Stryszawa,wysokie ryzyko,52.64432752286895,40.913451894027546,41.11793084993857,33.10635903845902,11.526396672930382,7.8070928555685235,78.11,21.89
12,MAŁOPOLSKIE,1215,suski,1215021,Sucha Beskidzka,niskie ryzyko,154.16550431521458,110.74815205134568,153.09862524325212,105.22917678890931,1.0668790719624477,5.518975262436344,99.31,0.69
12,MAŁOPOLSKIE,1215,suski,1215021,Sucha Beskidzka,wysokie ryzyko,264.3153177987436,185.82273577498344,258.77137646776936,181.6910624559982,5.543941330974255,4.131673318985242,97.9,2.1
12,MAŁOPOLSKIE,1215,suski,1215082,Zawoja,niskie ryzyko,121.5867853534933,120.68107341957224,88.85889086853682,84.33055792840041,32.72789448495649,36.35051549117184,73.08,26.92
12,MAŁOPOLSKIE,1215,suski,1215082,Zawoja,wysokie ryzyko,66.13759808205927,71.63857741286678,66.13759808205927,71.63857741286678,0.0,0.0,100.0,0.0
12,MAŁOPOLSKIE,1215,suski,1215092,Zembrzyce,niskie ryzyko,59.11711989478928,45.38660465460484,56.26994462721855,42.79434750937956,2.847175267570735,2.592257145225277,95.18,4.82
12,MAŁOPOLSKIE,1215,suski,1215092,Zembrzyce,wysokie ryzyko,19.94841206298597,16.279897245219132,19.201725217832195,15.533210400065355,0.7466868451537749,0.7466868451537749,96.26,3.74
12,MAŁOPOLSKIE,1216,tarnowski,1216013,Ciężkowice,niskie ryzyko,216.7884870000418,200.71178460140752,134.55088218455649,120.91835503899424,82.23760481548531,79.79342956241328,62.07,37.93
12,MAŁOPOLSKIE,1216,tarnowski,1216013,Ciężkowice,wysokie ryzyko,307.95914378977335,279.25634905860915,167.03451320600286,146.0388460649645,140.92463058377052,133.21750299364464,54.24,45.76
12,MAŁOPOLSKIE,1216,tarnowski,1216022,Gromnik,niskie ryzyko,238.26757557605697,225.09602348055165,158.83545039875446,148.17325029210377,79.43212517730252,76.9227731884479,66.66,33.34
12,MAŁOPOLSKIE,1216,tarnowski,1216022,Gromnik,wysokie ryzyko,77.34156134491919,76.08209346291194,47.44212393902689,45.98267157950852,29.899437405892293,30.099421883403416,61.34,38.66
12,MAŁOPOLSKIE,1216,tarnowski,1216032,Lisia Góra,niskie ryzyko,13.871721440871196,13.871721440871196,4.948004000717655,4.948004000717655,8.92371744015354,8.92371744015354,35.67,64.33
12,MAŁOPOLSKIE,1216,tarnowski,1216032,Lisia Góra,wysokie ryzyko,9.985345728293192,9.985345728293192,9.985345728293192,9.985345728293192,0.0,0.0,100.0,0.0
12,MAŁOPOLSKIE,1216,tarnowski,1216042,Pleśna,niskie ryzyko,349.78853209214805,356.17129435748734,201.56117529261047,207.58759079944713,148.2273567995376,148.5837035580402,57.62,42.38
12,MAŁOPOLSKIE,1216,tarnowski,1216042,Pleśna,wysokie ryzyko,228.80614374609513,228.6370664751878,147.4920313439422,147.32295407303485,81.31411240215294,81.31411240215294,64.46,35.54
12,MAŁOPOLSKIE,1216,tarnowski,1216053,Radłów,niskie ryzyko,2424.7660084860236,2396.947039159055,2086.174936868148,2060.2238674890805,338.5910716178755,336.7231716699748,86.04,13.96
12,MAŁOPOLSKIE,1216,tarnowski,1216053,Radłów,wysokie ryzyko,3136.6133968374684,3152.7319673208617,2789.436642381226,2799.8079754262335,347.17675445624144,352.92399189462844,88.93,11.07
12,MAŁOPOLSKIE,1216,tarnowski,1216063,Ryglice,niskie ryzyko,42.745044643964775,42.09276590958497,33.57970820052362,33.18441125447408,9.16533644344116,8.908354655110891,78.56,21.44
12,MAŁOPOLSKIE,1216,tarnowski,1216072,Rzepiennik Strzyżewski,niskie ryzyko,24.23328089348513,20.9687679631668,23.309223570989865,20.044710640671532,0.9240573224952646,0.9240573224952648,96.19,3.81
12,MAŁOPOLSKIE,1216,tarnowski,1216162,Szerzyny,niskie ryzyko,64.06565550024399,55.39740196164399,48.78925138696109,40.9873522277965,15.276404113282902,14.410049733847496,76.16,23.84
12,MAŁOPOLSKIE,1216,tarnowski,1216092,Tarnów,niskie ryzyko,295.42155393287413,294.33290978280274,272.81201415157483,273.13104807810026,22.609539781299297,21.201861704702488,92.35,7.65
12,MAŁOPOLSKIE,1216,tarnowski,1216092,Tarnów,wysokie ryzyko,275.97905792602916,272.27400446659124,272.1923429344806,268.4872894750427,3.786714991548563,3.786714991548563,98.63,1.37
12,MAŁOPOLSKIE,1216,tarnowski,1216103,Tuchów,niskie ryzyko,539.6797324097633,442.3999914285783,421.9969580357472,330.8137164416997,117.6827743740162,111.5862749868786,78.19,21.81
12,MAŁOPOLSKIE,1216,tarnowski,1216103,Tuchów,wysokie ryzyko,515.2358112764114,404.0249356020834,416.2699014830706,298.5362520316639,98.96590979334078,105.48868357041952,80.79,19.21
12,MAŁOPOLSKIE,1216,tarnowski,1216112,Wierzchosławice,niskie ryzyko,3335.533540853795,3194.7743334582065,2785.7454439680887,2667.418758896113,549.7880968857063,527.3555745620934,83.52,16.48
12,MAŁOPOLSKIE,1216,tarnowski,1216112,Wierzchosławice,wysokie ryzyko,3697.4595566202056,3854.487774810419,3049.168184406491,3217.860601560636,648.2913722137149,636.6271732497829,82.47,17.53
12,MAŁOPOLSKIE,1216,tarnowski,1216122,Wietrzychowice,niskie ryzyko,1938.277676640937,1947.3728270628776,1710.2457468063917,1720.4387904540554,228.0319298345452,226.934036608822,88.24,11.76
12,MAŁOPOLSKIE,1216,tarnowski,1216122,Wietrzychowice,wysokie ryzyko,1829.439867189152,1818.069879877668,1697.020455937242,1686.9664529033105,132.41941125191028,131.10342697435772,92.76,7.24
12,MAŁOPOLSKIE,1216,tarnowski,1216133,Wojnicz,niskie ryzyko,2009.3342743188764,1999.191215927155,1646.407502256431,1619.1991678920872,362.9267720624455,379.992048035068,81.94,18.06
12,MAŁOPOLSKIE,1216,tarnowski,1216133,Wojnicz,wysokie ryzyko,2126.8324447212526,2235.8700248462264,1691.8054696037188,1800.8708531399543,435.0269751175337,434.9991717062719,79.55,20.45
12,MAŁOPOLSKIE,1216,tarnowski,1216143,Zakliczyn,niskie ryzyko,1310.3643030101418,1330.4892818186456,1198.397907003447,1220.2902951609926,111.96639600669477,110.198986657653,91.46,8.54
12,MAŁOPOLSKIE,1216,tarnowski,1216143,Zakliczyn,wysokie ryzyko,1444.846373883142,1400.559811720689,1349.0902952465808,1304.8037330841278,95.75607863656116,95.75607863656116,93.37,6.63
12,MAŁOPOLSKIE,1216,tarnowski,1216153,Żabno,niskie ryzyko,6505.64545123054,6467.363764561331,4676.296881092474,4683.517144659283,1829.3485701380655,1783.846619902048,71.88,28.12
12,MAŁOPOLSKIE,1216,tarnowski,1216153,Żabno,wysokie ryzyko,8209.444023156919,8191.7482589720385,6213.839432403379,6276.011665729127,1995.60459075354,1915.7365932429116,75.69,24.31
12,MAŁOPOLSKIE,1217,tatrzański,1217022,Biały Dunajec,niskie ryzyko,107.9236038131771,105.03404374980232,77.26771947426049,74.5627861013702,30.655884338916607,30.47125764843213,71.59,28.41
12,MAŁOPOLSKIE,1217,tatrzański,1217022,Biały Dunajec,wysokie ryzyko,79.65451883517677,130.03922203066784,79.65451883517677,130.03922203066784,0.0,0.0,100.0,0.0
12,MAŁOPOLSKIE,1217,tatrzański,1217032,Bukowina Tatrzańska,niskie ryzyko,121.35336834478667,113.66131982840818,57.71817600707242,53.68677905153773,63.63519233771425,59.97454077687046,47.56,52.44
12,MAŁOPOLSKIE,1217,tatrzański,1217032,Bukowina Tatrzańska,wysokie ryzyko,100.50987185951988,86.71223745978865,100.50987185951988,86.71223745978865,0.0,0.0,100.0,0.0
12,MAŁOPOLSKIE,1217,tatrzański,1217042,Kościelisko,niskie ryzyko,15.992411246363664,17.315553239799993,0.0,0.0,15.992411246363664,17.315553239799993,0.0,100.0
12,MAŁOPOLSKIE,1217,tatrzański,1217042,Kościelisko,wysokie ryzyko,17.5885619472945,22.388490866076538,0.0,0.0,17.5885619472945,22.388490866076538,0.0,100.0
12,MAŁOPOLSKIE,1217,tatrzański,1217052,Poronin,niskie ryzyko,65.03347065640722,62.46500752246413,30.37232792845324,30.140393041019152,34.66114272795399,32.324614481444975,46.7,53.3
12,MAŁOPOLSKIE,1217,tatrzański,1217052,Poronin,wysokie ryzyko,83.12281792314077,82.26667948719287,33.493178868312796,32.637040432364905,49.629639054827976,49.629639054827976,40.29,59.71
12,MAŁOPOLSKIE,1217,tatrzański,1217011,Zakopane,niskie ryzyko,157.11653059772672,143.80758423465866,88.75720014361153,82.05160745691455,68.3593304541152,61.75597677774412,56.49,43.51
12,MAŁOPOLSKIE,1217,tatrzański,1217011,Zakopane,wysokie ryzyko,236.24542718024057,226.03950796321624,32.864409216804276,19.44892208951173,203.38101796343628,206.5905858737045,13.91,86.09
12,MAŁOPOLSKIE,1218,wadowicki,1218013,Andrychów,niskie ryzyko,293.2309980070805,238.86357992645335,283.4702434204575,229.5673244622046,9.760754586622962,9.296255464248784,96.67,3.33
12,MAŁOPOLSKIE,1218,wadowicki,1218013,Andrychów,wysokie ryzyko,767.3365106959525,716.5184067642916,767.3365106959525,716.5184067642916,0.0,0.0,100.0,0.0
12,MAŁOPOLSKIE,1218,wadowicki,1218022,Brzeźnica,niskie ryzyko,1305.1605613584702,1224.9013559703424,1113.3589431482858,1042.6515193444322,191.8016182101845,182.2498366259101,85.3,14.7
12,MAŁOPOLSKIE,1218,wadowicki,1218022,Brzeźnica,wysokie ryzyko,1139.8484564572452,1206.4320804603276,1020.2386920539288,1088.478847442257,119.60976440331638,117.95323301807085,89.51,10.49
12,MAŁOPOLSKIE,1218,wadowicki,1218033,Kalwaria Zebrzydowska,niskie ryzyko,19.953920457854963,17.863203523916212,2.069512710566298,1.9458878230569443,17.884407747288666,15.917315700859268,10.37,89.63
12,MAŁOPOLSKIE,1218,wadowicki,1218033,Kalwaria Zebrzydowska,wysokie ryzyko,2.4024944946931894,2.4024944946931894,2.4024944946931894,2.4024944946931894,0.0,0.0,100.0,0.0
12,MAŁOPOLSKIE,1218,wadowicki,1218052,Mucharz,niskie ryzyko,19.854972884097577,21.632153130347888,18.943662574569274,20.858257199311257,0.9113103095282996,0.7738959310366345,95.41,4.59
12,MAŁOPOLSKIE,1218,wadowicki,1218052,Mucharz,wysokie ryzyko,89.47840673477285,78.50529049447796,63.04727610790396,56.059649058226434,26.431130626868885,22.445641436251524,70.46,29.54
12,MAŁOPOLSKIE,1218,wadowicki,1218062,Spytkowice,niskie ryzyko,1498.7772888434365,1448.0068118975037,728.2665531678247,694.5504646088152,770.510735675612,753.4563472886884,48.59,51.41
12,MAŁOPOLSKIE,1218,wadowicki,1218062,Spytkowice,wysokie ryzyko,1500.791868094364,1558.0649211873329,816.7197683481462,885.2683508543649,684.0720997462176,672.796570332968,54.42,45.58
12,MAŁOPOLSKIE,1218,wadowicki,1218072,Stryszów,niskie ryzyko,37.73488625721439,34.71878249012867,35.459097365092525,32.4429935980068,2.275788892121864,2.275788892121864,93.97,6.03
12,MAŁOPOLSKIE,1218,wadowicki,1218072,Stryszów,wysokie ryzyko,3.988222638322394,1.8603949447492711,2.845711703852314,0.7178840102791914,1.14251093447008,1.14251093447008,71.35,28.65
12,MAŁOPOLSKIE,1218,wadowicki,1218082,Tomice,niskie ryzyko,635.1748644175959,635.7089301585868,345.8873767777256,345.89682006870896,289.2874876398703,289.81211008987776,54.46,45.54
12,MAŁOPOLSKIE,1218,wadowicki,1218082,Tomice,wysokie ryzyko,376.6359397589752,334.6391278864607,322.93913394510054,273.3199995496245,53.69680581387461,61.31912833683616,85.74,14.26
12,MAŁOPOLSKIE,1218,wadowicki,1218093,Wadowice,niskie ryzyko,3760.485222777904,3856.144930072077,2775.09537408339,2917.818950654482,985.3898486945138,938.3259794175948,73.8,26.2
12,MAŁOPOLSKIE,1218,wadowicki,1218093,Wadowice,wysokie ryzyko,8466.317787182013,8677.909397648025,7466.515570286366,7418.830931831374,999.8022168956476,1259.078465816651,88.19,11.81
12,MAŁOPOLSKIE,1218,wadowicki,1218102,Wieprz,niskie ryzyko,387.8211592760054,433.594178274528,197.6685370229828,249.5879702768054,190.1526222530226,184.00620799772253,50.97,49.03
12,MAŁOPOLSKIE,1218,wadowicki,1218102,Wieprz,wysokie ryzyko,183.87837798040812,165.64315394299322,100.1497192239768,83.12112240440386,83.72865875643133,82.52203153858936,54.47,45.53
12,MAŁOPOLSKIE,1219,wielicki,1219022,Gdów,niskie ryzyko,1935.101045649806,1904.198345590408,1652.9291640868328,1614.225427545401,282.1718815629732,289.9729180450066,85.42,14.58
12,MAŁOPOLSKIE,1219,wielicki,1219022,Gdów,wysokie ryzyko,2510.449775739437,2569.102357474708,2216.7095205268693,2280.7924036195504,293.7402552125676,288.30995385515746,88.3,11.7
12,MAŁOPOLSKIE,1219,wielicki,1219032,Kłaj,niskie ryzyko,802.0806460963959,799.8510663557329,665.878025770949,664.319850245306,136.2026203254468,135.53121611042687,83.02,16.98
12,MAŁOPOLSKIE,1219,wielicki,1219032,Kłaj,wysokie ryzyko,1072.3766620357842,1030.9962084805084,987.9480602597066,950.1088964224544,84.42860177607747,80.8873120580538,92.13,7.87
12,MAŁOPOLSKIE,1219,wielicki,1219043,Niepołomice,niskie ryzyko,7265.225118652381,7080.692594421986,3121.9643599416495,3024.992563090918,4143.260758710731,4055.700031331069,42.97,57.03
12,MAŁOPOLSKIE,1219,wielicki,1219043,Niepołomice,wysokie ryzyko,6822.697369707186,6961.655936744803,2438.546236817017,2508.849549942088,4384.151132890169,4452.806386802715,35.74,64.26
12,MAŁOPOLSKIE,1219,wielicki,1219053,Wieliczka,niskie ryzyko,1424.0819572004166,1464.3477095631274,773.1333643010678,797.4919561784714,650.9485928993488,666.855753384656,54.29,45.71
12,MAŁOPOLSKIE,1219,wielicki,1219053,Wieliczka,wysokie ryzyko,1311.314340835428,1266.350453159272,647.9905644956582,613.5465313851818,663.3237763397699,652.8039217740902,49.42,50.58
16,OPOLSKIE,1661,Opole,1661011,Opole,niskie ryzyko,5006.756262038075,4750.803143571121,4498.3692034303995,4251.208804675694,508.387058607675,499.5943388954259,89.85,10.15
16,OPOLSKIE,1661,Opole,1661011,Opole,wysokie ryzyko,13281.533438056964,13426.95409347737,12950.489031898958,13091.06595705243,331.04440615800553,335.88813642493915,97.51,2.49
16,OPOLSKIE,1601,brzeski,1601011,Brzeg,niskie ryzyko,302.4267265257075,421.64647827952336,294.331762287375,415.8679732775803,8.094964238332505,5.778505001943076,97.32,2.68
16,OPOLSKIE,1601,brzeski,1601011,Brzeg,wysokie ryzyko,1215.2865030393257,1007.5241652517092,1205.6176362298845,1000.3187042298516,9.668866809441344,7.205461021857531,99.2,0.8
16,OPOLSKIE,1601,brzeski,1601033,Grodków,niskie ryzyko,767.1336822606622,776.643841060612,14.0,14.0,753.1336822606622,762.643841060612,1.82,98.18
16,OPOLSKIE,1601,brzeski,1601033,Grodków,wysokie ryzyko,1259.9405423812868,1250.4889874193962,6.844931614549008,6.844931614549009,1253.0956107667378,1243.644055804847,0.54,99.46
16,OPOLSKIE,1601,brzeski,1601043,Lewin Brzeski,niskie ryzyko,2742.8379835845944,2582.3839516963635,1506.6884187196074,1352.910310186017,1236.1495648649866,1229.473641510346,54.93,45.07
16,OPOLSKIE,1601,brzeski,1601043,Lewin Brzeski,wysokie ryzyko,6143.106607162928,6350.308929965646,4061.296485724033,4253.828954128077,2081.8101214388957,2096.479975837568,66.11,33.89
16,OPOLSKIE,1601,brzeski,1601052,Lubsza,niskie ryzyko,2160.7999017756706,2152.390433048671,818.2545391499912,820.2887178097164,1342.5453626256797,1332.1017152389545,37.87,62.13
16,OPOLSKIE,1601,brzeski,1601052,Lubsza,wysokie ryzyko,4061.730718378378,4075.3819678355353,1957.081459163223,1958.3719975341096,2104.649259215155,2117.0099703014257,48.18,51.82
16,OPOLSKIE,1601,brzeski,1601062,Olszanka,niskie ryzyko,38.29045235049371,38.29045235049371,38.29045235049371,38.29045235049371,0.0,0.0,100.0,0.0
16,OPOLSKIE,1601,brzeski,1601062,Olszanka,wysokie ryzyko,59.1749529786574,59.13274184435896,58.613107712343194,58.57089657804475,0.5618452663142082,0.5618452663142082,99.05,0.95
16,OPOLSKIE,1601,brzeski,1601022,Skarbimierz,niskie ryzyko,178.0137804773477,178.7065267057495,77.0844484879543,74.8059579452789,100.92933198939338,103.9005687604706,43.3,56.7
16,OPOLSKIE,1601,brzeski,1601022,Skarbimierz,wysokie ryzyko,511.7227351070289,511.0097331912132,211.4555619108916,213.14256496370464,300.2671731961373,297.86716822750856,41.32,58.68
16,OPOLSKIE,1602,głubczycki,1602013,Baborów,niskie ryzyko,131.53662801730766,121.52595704760164,109.99410742298332,101.2409451449327,21.542520594324333,20.28501190266895,83.62,16.38
16,OPOLSKIE,1602,głubczycki,1602013,Baborów,wysokie ryzyko,22.467832055789223,21.74282001912134,10.396924184594008,10.343481622617988,12.070907871195216,11.399338396503351,46.27,53.73
16,OPOLSKIE,1602,głubczycki,1602023,Branice,niskie ryzyko,118.50689786933552,117.62656025222483,67.68948546996016,67.19275687864491,50.81741239937537,50.43380337357993,57.12,42.88
16,OPOLSKIE,1602,głubczycki,1602023,Branice,wysokie ryzyko,276.50907391128425,275.3121255314762,230.0770538568453,228.8801054770373,46.43202005443895,46.43202005443895,83.21,16.79
16,OPOLSKIE,1602,głubczycki,1602033,Głubczyce,niskie ryzyko,35.717455473276274,34.62489385862351,27.68161266165487,27.432437162768945,8.035842811621402,7.192456695854567,77.5,22.5
16,OPOLSKIE,1602,głubczycki,1602033,Głubczyce,wysokie ryzyko,37.89831592791582,37.89831592791582,37.89831592791582,37.89831592791582,0.0,0.0,100.0,0.0
16,OPOLSKIE,1602,głubczycki,1602043,Kietrz,niskie ryzyko,257.0062311659721,233.92496506240417,246.73184441431448,223.6575575583536,10.27438675165763,10.267407504050546,96.0,4.0
16,OPOLSKIE,1602,głubczycki,1602043,Kietrz,wysokie ryzyko,208.0841170528168,185.9347506055274,203.16686909668545,181.05001691995065,4.917247956131373,4.8847336855767685,97.64,2.36
16,OPOLSKIE,1604,kluczborski,1604013,Byczyna,niskie ryzyko,25.517271730152068,25.517271730152068,25.517271730152068,25.517271730152068,0.0,0.0,100.0,0.0
16,OPOLSKIE,1604,kluczborski,1604023,Kluczbork,niskie ryzyko,126.72232794095586,107.89524648820768,115.2934749158614,96.52560057543032,11.428853025094485,11.369645912777358,90.98,9.02
16,OPOLSKIE,1604,kluczborski,1604023,Kluczbork,wysokie ryzyko,45.363695395679194,34.66507492424435,45.227697161609896,34.52907669017505,0.1359982340692965,0.1359982340692965,99.7,0.3
16,OPOLSKIE,1604,kluczborski,1604032,Lasowice Wielkie,niskie ryzyko,5.797328404796009,5.797328404796009,0.0,0.0,5.797328404796009,5.797328404796009,0.0,100.0
16,OPOLSKIE,1604,kluczborski,1604043,Wołczyn,niskie ryzyko,48.307022828397805,47.951290858444466,48.307022828397805,47.951290858444466,0.0,0.0,100.0,0.0
16,OPOLSKIE,1604,kluczborski,1604043,Wołczyn,wysokie ryzyko,8.786885163395505,8.786885163395505,8.786885163395505,8.786885163395505,0.0,0.0,100.0,0.0
16,OPOLSKIE,1605,krapkowicki,1605013,Gogolin,niskie ryzyko,83.3703075295025,82.79657666896591,37.58501045418429,37.04280518665354,45.785297075318205,45.75377148231237,45.08,54.92
16,OPOLSKIE,1605,krapkowicki,1605013,Gogolin,wysokie ryzyko,93.62716655825508,86.29083637449972,77.91136466068055,70.99327047224347,15.715801897574542,15.29756590225626,83.21,16.79
16,OPOLSKIE,1605,krapkowicki,1605023,Krapkowice,niskie ryzyko,278.7676353808886,286.7871979548837,248.9612916761637,253.73368932088192,29.80634370472483,33.053508634001716,89.31,10.69
16,OPOLSKIE,1605,krapkowicki,1605023,Krapkowice,wysokie ryzyko,299.87242869125254,290.43240087705107,299.87242869125254,290.43240087705107,0.0,0.0,100.0,0.0
16,OPOLSKIE,1605,krapkowicki,1605033,Strzeleczki,niskie ryzyko,106.99103895890644,106.98431698054742,106.99103895890644,106.98431698054742,0.0,0.0,100.0,0.0
16,OPOLSKIE,1605,krapkowicki,1605033,Strzeleczki,wysokie ryzyko,124.25722366503447,124.25722366503447,124.25722366503447,124.25722366503447,0.0,0.0,100.0,0.0
16,OPOLSKIE,1605,krapkowicki,1605042,Walce,niskie ryzyko,95.4901401989897,92.25205568805598,88.64334013260427,85.40525562167053,6.846800066385444,6.846800066385444,92.83,7.17
16,OPOLSKIE,1605,krapkowicki,1605042,Walce,wysokie ryzyko,61.213394329578904,60.10410874268663,61.213394329578904,60.10410874268663,0.0,0.0,100.0,0.0
16,OPOLSKIE,1605,krapkowicki,1605053,Zdzieszowice,niskie ryzyko,63.88500103799037,64.12160117619419,53.16584714220598,53.0723629158579,10.719153895784384,11.049238260336288,83.22,16.78
16,OPOLSKIE,1605,krapkowicki,1605053,Zdzieszowice,wysokie ryzyko,38.251961927516696,43.14576088082269,26.52638930073177,31.593850080671395,11.725572626784928,11.5519108001513,69.35,30.65
16,OPOLSKIE,1603,kędzierzyńsko-kozielski,1603022,Bierawa,niskie ryzyko,371.7732883746876,355.64407086456026,321.6769984623849,305.6163911346802,50.096289912302595,50.02767972988006,86.53,13.47
16,OPOLSKIE,1603,kędzierzyńsko-kozielski,1603022,Bierawa,wysokie ryzyko,302.94965985067165,291.4487855102135,272.221957061793,260.7210827213348,30.72770278887864,30.72770278887864,89.86,10.14
16,OPOLSKIE,1603,kędzierzyńsko-kozielski,1603032,Cisek,niskie ryzyko,1439.2831312525975,1403.7790139380534,1221.0745542847426,1185.7019726691235,218.20857696785464,218.0770412689298,84.84,15.16
16,OPOLSKIE,1603,kędzierzyńsko-kozielski,1603032,Cisek,wysokie ryzyko,790.0047184771568,783.9555056326742,651.0903803604936,645.1842886738883,138.91433811666317,138.77121695878586,82.42,17.58
16,OPOLSKIE,1603,kędzierzyńsko-kozielski,1603011,Kędzierzyn-Koźle,niskie ryzyko,970.1707738077396,945.1535466046035,907.540219834997,887.7200537334945,62.630553972742504,57.43349287110902,93.54,6.46
16,OPOLSKIE,1603,kędzierzyńsko-kozielski,1603011,Kędzierzyn-Koźle,wysokie ryzyko,1430.4688548834968,1520.3025119866943,1327.230092093211,1402.194016404913,103.23876279028576,118.10849558178153,92.78,7.22
16,OPOLSKIE,1603,kędzierzyńsko-kozielski,1603062,Reńska Wieś,niskie ryzyko,215.6404599801156,207.8057985349648,147.00350714475516,139.16884569960436,68.63695283536043,68.63695283536045,68.17,31.83
16,OPOLSKIE,1603,kędzierzyńsko-kozielski,1603062,Reńska Wieś,wysokie ryzyko,62.21184132922842,62.21184132922842,40.214489680536445,40.214489680536445,21.99735164869197,21.99735164869197,64.64,35.36
16,OPOLSKIE,1606,namysłowski,1606023,Namysłów,niskie ryzyko,23.092323309560868,23.604285167096627,8.889274329790897,8.888254444081825,14.20304897976997,14.7160307230148,38.49,61.51
16,OPOLSKIE,1606,namysłowski,1606032,Pokój,niskie ryzyko,31.99123773932916,32.079245159433086,17.89382434890072,17.89382434890072,14.09741339042844,14.18542081053237,55.93,44.07
16,OPOLSKIE,1606,namysłowski,1606032,Pokój,wysokie ryzyko,23.543343293262375,23.543343293262375,19.543343293262375,19.543343293262375,4.0,4.0,83.01,16.99
16,OPOLSKIE,1606,namysłowski,1606052,Wilków,niskie ryzyko,25.06873635826215,25.06873635826215,0.0,0.0,25.06873635826215,25.06873635826215,0.0,100.0
16,OPOLSKIE,1606,namysłowski,1606042,Świerczów,niskie ryzyko,3.8806668596306753,3.8806668596306753,2.4675108184990022,2.4675108184990022,1.413156041131673,1.413156041131673,63.58,36.42
16,OPOLSKIE,1607,nyski,1607013,Głuchołazy,niskie ryzyko,790.7114035819407,703.4660277782248,645.1827706498631,564.3450518811761,145.52863293207767,139.12097589704862,81.6,18.4
16,OPOLSKIE,1607,nyski,1607013,Głuchołazy,wysokie ryzyko,1339.0360067603235,1327.3827798047837,1112.5851687271916,1108.1847368684123,226.450838033132,219.19804293637108,83.09,16.91
16,OPOLSKIE,1607,nyski,1607033,Korfantów,niskie ryzyko,53.99933548964347,51.03294480976183,37.56376180622492,34.69230424103212,16.43557368341856,16.340640568729707,69.56,30.44
16,OPOLSKIE,1607,nyski,1607053,Nysa,niskie ryzyko,4570.456315276226,4961.1318462043255,4196.905012224866,4586.878846425881,373.551303051359,374.2529997784433,91.83,8.17
16,OPOLSKIE,1607,nyski,1607053,Nysa,wysokie ryzyko,29618.682595004884,30095.221576703698,28924.354560543492,29257.90772409373,694.3280344613913,837.3138526099672,97.66,2.34
16,OPOLSKIE,1607,nyski,1607063,Otmuchów,niskie ryzyko,912.1499419740938,843.8620190542603,659.6948013699727,595.4031698128251,252.45514060412123,248.45884924143508,72.32,27.68
16,OPOLSKIE,1607,nyski,1607063,Otmuchów,wysokie ryzyko,2814.3946014328503,2594.6218971629146,2256.4724680137947,2052.716902419821,557.9221334190559,541.9049947430931,80.18,19.82
16,OPOLSKIE,1607,nyski,1607073,Paczków,niskie ryzyko,223.85180340280033,260.5691015918196,78.31149535671001,111.53559305071931,145.5403080460903,149.0335085411003,34.98,65.02
16,OPOLSKIE,1607,nyski,1607073,Paczków,wysokie ryzyko,352.9673292105414,368.6443282916646,161.95599062353256,177.14484189847082,191.01133858700885,191.49948639319376,45.88,54.12
16,OPOLSKIE,1607,nyski,1607092,Skoroszyce,niskie ryzyko,460.0010316582855,458.5592100399229,319.8803785942368,318.0139248301041,140.12065306404875,140.54528520981873,69.54,30.46
16,OPOLSKIE,1607,nyski,1607092,Skoroszyce,wysokie ryzyko,990.92975184588,994.3053404617888,695.9943328160043,699.7782985448063,294.9354190298758,294.52704191698257,70.24,29.76
16,OPOLSKIE,1607,nyski,1607042,Łambinowice,niskie ryzyko,644.0898860076188,635.1506036667892,616.2640338761008,609.4336183873421,27.82585213151786,25.716985279447076,95.68,4.32
16,OPOLSKIE,1607,nyski,1607042,Łambinowice,wysokie ryzyko,1478.3650669379558,1484.5226325439176,1400.1263864869602,1406.283952092922,78.23868045099562,78.2386804509956,94.71,5.29
16,OPOLSKIE,1608,oleski,1608023,Gorzów Śląski,niskie ryzyko,15.42874210627746,15.428742106277458,8.623765941098698,8.623765941098696,6.804976165178762,6.804976165178761,55.89,44.11
16,OPOLSKIE,1608,oleski,1608033,Olesno,niskie ryzyko,19.45948299193292,19.594060966252098,19.388993915209557,19.523571889528732,0.0704890767233622,0.0704890767233622,99.64,0.36
16,OPOLSKIE,1608,oleski,1608033,Olesno,wysokie ryzyko,17.43453126849366,17.43453126849366,17.43453126849366,17.43453126849366,0.0,0.0,100.0,0.0
16,OPOLSKIE,1608,oleski,1608043,Praszka,niskie ryzyko,43.761380222220495,36.219190180463094,26.35615348260572,18.81396344084832,17.405226739614776,17.405226739614776,60.23,39.77
16,OPOLSKIE,1608,oleski,1608043,Praszka,wysokie ryzyko,11.042265031858877,4.076370448666988,11.042265031858877,4.076370448666988,0.0,0.0,100.0,0.0
16,OPOLSKIE,1608,oleski,1608052,Radłów,niskie ryzyko,3.8598270079235384,3.8598270079235384,3.0,3.0,0.8598270079235386,0.8598270079235386,77.72,22.28
16,OPOLSKIE,1609,opolski,1609032,Dobrzeń Wielki,niskie ryzyko,1340.322227301402,1317.1036369884816,816.727148853602,806.7856305917858,523.5950784477999,510.31800639669586,60.94,39.06
16,OPOLSKIE,1609,opolski,1609032,Dobrzeń Wielki,wysokie ryzyko,2971.624259671376,2975.7437032804664,2182.90457445687,2228.345720039064,788.7196852145061,747.3979832414025,73.46,26.54
16,OPOLSKIE,1609,opolski,1609022,Dąbrowa,niskie ryzyko,452.3847684035474,442.2474650872165,294.9148951576576,285.46017450508003,157.46987324588986,156.78729058213648,65.19,34.81
16,OPOLSKIE,1609,opolski,1609022,Dąbrowa,wysokie ryzyko,925.2666408438466,928.4668004747,644.8338619682835,647.7766652461621,280.4327788755632,280.6901352285379,69.69,30.31
16,OPOLSKIE,1609,opolski,1609062,Murów,niskie ryzyko,17.46759010964329,17.36017932876836,7.9048458701573825,7.797435089282453,9.562744239485909,9.562744239485909,45.25,54.75
16,OPOLSKIE,1609,opolski,1609073,Niemodlin,niskie ryzyko,677.756142411385,654.0951898431899,274.1656404173294,256.0157664628091,403.5905019940555,398.0794233803808,40.45,59.55
16,OPOLSKIE,1609,opolski,1609073,Niemodlin,wysokie ryzyko,1513.6811062765755,1572.9617078574197,891.0677607501705,945.9176220385696,622.613345526405,627.0440858188499,58.87,41.13
16,OPOLSKIE,1609,opolski,1609083,Ozimek,niskie ryzyko,437.0980060750286,434.7026534532381,229.4146915710834,228.11558058404876,207.6833145039452,206.58707286918929,52.49,47.51
16,OPOLSKIE,1609,opolski,1609083,Ozimek,wysokie ryzyko,636.3548867331154,632.6544286693625,261.5798706227069,257.88961180797395,374.77501611040856,374.7648168613885,41.11,58.89
16,OPOLSKIE,1609,opolski,1609092,Popielów,niskie ryzyko,1039.4001793963375,1070.6876294970543,357.5277052933644,390.46431437020067,681.872474102973,680.2233151268535,34.4,65.6
16,OPOLSKIE,1609,opolski,1609092,Popielów,wysokie ryzyko,1849.2626093973868,1803.574386629732,854.4765319180301,817.4074137034747,994.7860774793568,986.1669729262576,46.21,53.79
16,OPOLSKIE,1609,opolski,1609103,Prószków,niskie ryzyko,178.64480483598678,177.2247004346639,97.23962651727796,96.25460588580287,81.40517831870882,80.97009454886103,54.43,45.57
16,OPOLSKIE,1609,opolski,1609103,Prószków,wysokie ryzyko,270.36320577851404,270.716694871919,77.02653906550508,76.98822742087481,193.33666671300895,193.72846745104425,28.49,71.51
16,OPOLSKIE,1609,opolski,1609112,Tarnów Opolski,niskie ryzyko,160.2696842139295,156.72217832855782,4.480303712269436,3.801532285700786,155.78938050166008,152.92064604285704,2.8,97.2
16,OPOLSKIE,1609,opolski,1609112,Tarnów Opolski,wysokie ryzyko,460.60196845696765,460.69873125027453,47.18681425986831,43.772198259477705,413.41515419709935,416.9265329907968,10.24,89.76
16,OPOLSKIE,1609,opolski,1609132,Turawa,niskie ryzyko,1769.0029343223582,1784.491088730257,1081.4092381813175,1093.8130236990933,687.5936961410407,690.6780650311639,61.13,38.87
16,OPOLSKIE,1609,opolski,1609132,Turawa,wysokie ryzyko,2040.8155752431535,2013.6496317397584,1194.6420381057485,1162.3452736239292,846.1735371374052,851.304358115829,58.54,41.46
16,OPOLSKIE,1609,opolski,1609123,Tułowice,niskie ryzyko,30.107985784276018,30.791853764795604,3.4586541596159357,5.433408721314732,26.64933162466009,25.358445043480877,11.49,88.51
16,OPOLSKIE,1609,opolski,1609123,Tułowice,wysokie ryzyko,5.195121147299053,5.132157755656513,0.0,0.0,5.195121147299053,5.132157755656513,0.0,100.0
16,OPOLSKIE,1609,opolski,1609052,Łubniany,niskie ryzyko,1397.9342287091806,1417.2916984673654,373.005655810735,385.80973587584504,1024.9285728984455,1031.4819625915204,26.68,73.32
16,OPOLSKIE,1609,opolski,1609052,Łubniany,wysokie ryzyko,2655.546046612056,2633.1659499872267,865.7074342889422,859.8491692769375,1789.838612323114,1773.316780710289,32.6,67.4
16,OPOLSKIE,1610,prudnicki,1610013,Biała,niskie ryzyko,16.11194944657609,13.96668983905328,16.11194944657609,13.96668983905328,0.0,0.0,100.0,0.0
16,OPOLSKIE,1610,prudnicki,1610023,Głogówek,niskie ryzyko,278.7934104202563,280.192429189969,198.49790285623445,197.63874112027287,80.29550756402185,82.55368806969614,71.2,28.8
16,OPOLSKIE,1610,prudnicki,1610023,Głogówek,wysokie ryzyko,180.08876840135753,179.34865300629144,176.8143373620867,176.11157835977747,3.2744310392708416,3.2370746465139737,98.18,1.82
16,OPOLSKIE,1610,prudnicki,1610032,Lubrza,niskie ryzyko,47.27872672450843,42.95756846610864,47.27872672450843,42.95756846610864,0.0,0.0,100.0,0.0
16,OPOLSKIE,1610,prudnicki,1610032,Lubrza,wysokie ryzyko,35.49409374691386,35.168952577865355,35.49409374691386,35.168952577865355,0.0,0.0,100.0,0.0
16,OPOLSKIE,1610,prudnicki,1610043,Prudnik,niskie ryzyko,497.4975678742161,473.9661567433894,438.3646768770208,418.36046209295773,59.1328909971953,55.60569465043163,88.11,11.89
16,OPOLSKIE,1610,prudnicki,1610043,Prudnik,wysokie ryzyko,1540.5293769417096,1508.4036211149544,1417.3683968266637,1330.276681475761,123.16098011504609,178.12693963919332,92.01,7.99
16,OPOLSKIE,1611,strzelecki,1611033,Kolonowskie,niskie ryzyko,177.00513434937338,174.74623388463218,155.40794172914968,151.6524615099463,21.597192620223694,23.093772374685845,87.8,12.2
16,OPOLSKIE,1611,strzelecki,1611033,Kolonowskie,wysokie ryzyko,33.14700311922485,33.14700311922485,33.14700311922485,33.14700311922485,0.0,0.0,100.0,0.0
16,OPOLSKIE,1611,strzelecki,1611063,Ujazd,niskie ryzyko,1.7094328352031165,1.5469004954197234,0.5004324680175721,0.3379001282341792,1.2090003671855445,1.2090003671855445,29.27,70.73
16,OPOLSKIE,1611,strzelecki,1611073,Zawadzkie,niskie ryzyko,190.02399654561185,188.86803686226207,132.4160035133378,131.6095234936316,57.607993032274045,57.258513368630474,69.68,30.32
16,OPOLSKIE,1611,strzelecki,1611073,Zawadzkie,wysokie ryzyko,87.72440574239033,88.56212015063332,73.0663122315234,74.00379275739344,14.65809351086694,14.558327393239871,83.29,16.71
18,PODKARPACKIE,1861,Krosno,1861011,Krosno,niskie ryzyko,1245.541173240851,1157.536943399003,1210.0506869080964,1122.5501283608378,35.4904863327548,34.986815038165034,97.15,2.85
18,PODKARPACKIE,1861,Krosno,1861011,Krosno,wysokie ryzyko,1333.7687358935948,1398.2859018672166,1311.9032364646118,1376.4204024382334,21.865499428983043,21.865499428983043,98.36,1.64
18,PODKARPACKIE,1862,Przemyśl,1862011,Przemyśl,niskie ryzyko,6479.673606981646,6918.518487292223,5846.49616563086,6266.719575656184,633.1774413507871,651.7989116360393,90.23,9.77
18,PODKARPACKIE,1862,Przemyśl,1862011,Przemyśl,wysokie ryzyko,21556.582036878244,21641.981754016113,21284.768746082544,21379.930256537784,271.81329079570077,262.0514974783276,98.74,1.26
18,PODKARPACKIE,1863,Rzeszów,1863011,Rzeszów,niskie ryzyko,496.1025128366402,514.6663292967555,485.5340772506588,509.38118190487,10.568435585981272,5.2851473918854115,97.87,2.13
18,PODKARPACKIE,1863,Rzeszów,1863011,Rzeszów,wysokie ryzyko,153.78269698689283,196.5489249556768,153.31238898592073,196.14021116874335,0.470308000972107,0.4087137869334366,99.69,0.31
18,PODKARPACKIE,1864,Tarnobrzeg,1864011,Tarnobrzeg,niskie ryzyko,4146.303105685971,4136.470237637997,2443.2560113058134,2446.9241318189515,1703.0470943801563,1689.5461058190458,58.93,41.07
18,PODKARPACKIE,1864,Tarnobrzeg,1864011,Tarnobrzeg,wysokie ryzyko,5385.312377246947,5258.392889197215,4161.61055490921,4010.062556298233,1223.7018223377377,1248.33033289898,77.28,22.72
18,PODKARPACKIE,1801,bieszczadzki,1801052,Lutowiska,niskie ryzyko,1.19763825534314,1.1976382553431395,0.0,0.0,1.19763825534314,1.1976382553431395,0.0,100.0
18,PODKARPACKIE,1801,bieszczadzki,1801083,Ustrzyki Dolne,niskie ryzyko,63.447831907274995,61.86797086104155,57.43798347277912,55.85812242654568,6.009848434495872,6.009848434495872,90.53,9.47
18,PODKARPACKIE,1801,bieszczadzki,1801083,Ustrzyki Dolne,wysokie ryzyko,5.886344589959947,5.886344589959947,5.886344589959947,5.886344589959947,0.0,0.0,100.0,0.0
18,PODKARPACKIE,1802,brzozowski,1802013,Brzozów,niskie ryzyko,753.5927967421444,693.5799362949913,736.8688307484595,676.8559703013062,16.72396599368491,16.72396599368491,97.78,2.22
18,PODKARPACKIE,1802,brzozowski,1802013,Brzozów,wysokie ryzyko,509.75989247267,578.941858579638,499.3704637164295,568.5524298233976,10.389428756240523,10.389428756240523,97.96,2.04
18,PODKARPACKIE,1802,brzozowski,1802022,Domaradz,niskie ryzyko,75.20623232192776,74.80219967878007,71.92300996857338,71.5189773254257,3.283222353354376,3.283222353354376,95.63,4.37
18,PODKARPACKIE,1802,brzozowski,1802022,Domaradz,wysokie ryzyko,17.40603422170166,15.754105888045624,17.40603422170166,15.754105888045624,0.0,0.0,100.0,0.0
18,PODKARPACKIE,1802,brzozowski,1802032,Dydnia,niskie ryzyko,289.8193913871298,308.8180127816298,227.28121246459543,225.11225120588844,62.538178922534414,83.70576157574143,78.42,21.58
18,PODKARPACKIE,1802,brzozowski,1802032,Dydnia,wysokie ryzyko,374.9929891471398,370.0026259686006,357.7537171597553,352.34236789144336,17.23927198738452,17.66025807715726,95.4,4.6
18,PODKARPACKIE,1802,brzozowski,1802042,Haczów,niskie ryzyko,177.56853349487722,186.65362900655697,113.4591029905446,123.17140803221692,64.10943050433262,63.48222097434009,63.9,36.1
18,PODKARPACKIE,1802,brzozowski,1802042,Haczów,wysokie ryzyko,172.30239232984144,173.64636200229222,157.2007895611575,158.54475923360832,15.10160276868387,15.10160276868387,91.24,8.76
18,PODKARPACKIE,1802,brzozowski,1802052,Jasienica Rosielna,niskie ryzyko,178.12586460225373,174.12821339435567,134.72291913046752,130.72526792256946,43.40294547178618,43.40294547178619,75.63,24.37
18,PODKARPACKIE,1802,brzozowski,1802052,Jasienica Rosielna,wysokie ryzyko,10.457041988972035,10.457041988972035,10.457041988972035,10.457041988972035,0.0,0.0,100.0,0.0
18,PODKARPACKIE,1802,brzozowski,1802062,Nozdrzec,niskie ryzyko,600.4087340305645,594.6098251649995,352.984344781193,348.7213935728767,247.42438924937153,245.8884315921228,58.79,41.21
18,PODKARPACKIE,1802,brzozowski,1802062,Nozdrzec,wysokie ryzyko,359.3815100763246,357.364852132815,257.3610009567866,255.344343013277,102.02050911953802,102.020509119538,71.61,28.39
18,PODKARPACKIE,1803,dębicki,1803023,Brzostek,niskie ryzyko,309.51209472159786,294.52986175632816,250.70145345866553,235.7569264256523,58.81064126293237,58.772935330675864,81.0,19.0
18,PODKARPACKIE,1803,dębicki,1803023,Brzostek,wysokie ryzyko,200.07015164536148,224.42502331267085,158.36744562576268,157.0234620594984,41.70270601959879,67.40156125317243,79.16,20.84
18,PODKARPACKIE,1803,dębicki,1803032,Czarna,niskie ryzyko,307.95711672668125,276.32717553862136,231.69454469606032,200.83575026525008,76.26257203062099,75.49142527337133,75.24,24.76
18,PODKARPACKIE,1803,dębicki,1803032,Czarna,wysokie ryzyko,78.56587246911064,211.0834291654212,55.11578247129543,189.3018193528454,23.45008999781522,21.781609812575812,70.15,29.85
18,PODKARPACKIE,1803,dębicki,1803011,Dębica,niskie ryzyko,1742.2258409556446,2025.6343118494085,1738.893404722008,2022.3018756157717,3.3324362336367233,3.3324362336367237,99.81,0.19
18,PODKARPACKIE,1803,dębicki,1803042,Dębica,niskie ryzyko,238.69276914107655,236.41311624062928,163.95518229916073,162.82206695003836,74.7375868419158,73.59104929059092,68.69,31.31
18,PODKARPACKIE,1803,dębicki,1803011,Dębica,wysokie ryzyko,2162.783246430521,2244.447859278323,2162.783246430521,2244.447859278323,0.0,0.0,100.0,0.0
18,PODKARPACKIE,1803,dębicki,1803042,Dębica,wysokie ryzyko,46.24206853828861,46.242068538288606,46.24206853828861,46.242068538288606,0.0,0.0,100.0,0.0
18,PODKARPACKIE,1803,dębicki,1803052,Jodłowa,niskie ryzyko,32.61561717938768,32.58470999204449,14.976254155343218,14.945346968000027,17.63936302404446,17.63936302404446,45.92,54.08
18,PODKARPACKIE,1803,dębicki,1803052,Jodłowa,wysokie ryzyko,12.165703572278035,10.1044433665974,4.262978490405042,2.201718284724403,7.902725081872994,7.902725081872995,35.04,64.96
18,PODKARPACKIE,1803,dębicki,1803063,Pilzno,niskie ryzyko,222.5095764061931,215.25970450921392,183.3450445556488,176.91053667011204,39.16453185054431,38.34916783910188,82.4,17.6
18,PODKARPACKIE,1803,dębicki,1803063,Pilzno,wysokie ryzyko,39.52912869536419,39.82933792125985,26.167108421427056,26.467317647322716,13.362020273937135,13.362020273937135,66.2,33.8
18,PODKARPACKIE,1803,dębicki,1803072,Żyraków,niskie ryzyko,438.9060309421765,419.827933854839,329.18984093417237,319.11456906845956,109.71619000800416,100.7133647863794,75.0,25.0
18,PODKARPACKIE,1803,dębicki,1803072,Żyraków,wysokie ryzyko,455.5973698576346,486.6151836305,423.0850510619497,454.5963780560037,32.512318795684976,32.01880557449635,92.86,7.14
18,PODKARPACKIE,1804,jarosławski,1804032,Chłopice,niskie ryzyko,43.89886872732695,42.58264924688447,40.572686674168565,39.25646719372608,3.3261820531583925,3.3261820531583925,92.42,7.58
18,PODKARPACKIE,1804,jarosławski,1804011,Jarosław,niskie ryzyko,2714.0463630295835,2528.036630831044,2330.2316544384144,2152.236203963372,383.8147085911695,375.80042686767166,85.86,14.14
18,PODKARPACKIE,1804,jarosławski,1804042,Jarosław,niskie ryzyko,2575.347842083819,2562.9477970171856,1274.1211091674013,1270.4654415883329,1301.226732916418,1292.4823554288528,49.47,50.53
18,PODKARPACKIE,1804,jarosławski,1804011,Jarosław,wysokie ryzyko,3441.4307404662363,3293.523271687798,3083.2792668560255,2929.0021435669587,358.15147361021127,364.5211281208393,89.59,10.41
18,PODKARPACKIE,1804,jarosławski,1804042,Jarosław,wysokie ryzyko,2446.291924576679,2449.891067627451,1271.551794932643,1265.8991256370427,1174.7401296440362,1183.9919419904083,51.98,48.02
18,PODKARPACKIE,1804,jarosławski,1804052,Laszki,niskie ryzyko,836.6819995684092,829.7835183265615,643.5745580334485,636.229440295252,193.1074415349607,193.5540780313096,76.92,23.08
18,PODKARPACKIE,1804,jarosławski,1804052,Laszki,wysokie ryzyko,1221.0538213784605,1241.067574912841,867.2147921390479,874.2244081252048,353.83902923941264,366.8431667876363,71.02,28.98
18,PODKARPACKIE,1804,jarosławski,1804082,Radymno,niskie ryzyko,2066.6966377949657,2018.7855709270675,1475.3592582745514,1427.689719130352,591.3373795204146,591.0958517967156,71.39,28.61
18,PODKARPACKIE,1804,jarosławski,1804021,Radymno,niskie ryzyko,410.0927890182171,407.9937219989247,258.56773375241016,256.7253869875268,151.52505526580697,151.26833501139785,63.05,36.95
18,PODKARPACKIE,1804,jarosławski,1804021,Radymno,wysokie ryzyko,396.0796972199061,408.8328192026966,277.8360604053237,291.4762949086773,118.24363681458244,117.35652429401932,70.15,29.85
18,PODKARPACKIE,1804,jarosławski,1804082,Radymno,wysokie ryzyko,2095.7578564493724,2077.8267607151724,1555.0493434640034,1536.8138359237312,540.7085129853688,541.0129247914414,74.2,25.8
18,PODKARPACKIE,1804,jarosławski,1804092,Rokietnica,niskie ryzyko,8.742425000399162,8.62173717598987,8.742425000399162,8.62173717598987,0.0,0.0,100.0,0.0
18,PODKARPACKIE,1804,jarosławski,1804092,Rokietnica,wysokie ryzyko,13.9534389774346,13.9534389774346,0.0,0.0,13.9534389774346,13.9534389774346,0.0,100.0
18,PODKARPACKIE,1804,jarosławski,1804112,Wiązownica,niskie ryzyko,1994.0076538279632,1978.3172160279144,1416.407415473337,1403.0119804319054,577.600238354626,575.3052355960092,71.03,28.97
18,PODKARPACKIE,1804,jarosławski,1804112,Wiązownica,wysokie ryzyko,2765.753790434663,2838.637127488239,1800.4926072330186,1885.8535139710136,965.2611832016448,952.7836135172256,65.1,34.9
18,PODKARPACKIE,1805,jasielski,1805022,Brzyska,niskie ryzyko,162.4520430360751,162.4122211646772,162.4520430360751,162.4122211646772,0.0,0.0,100.0,0.0
18,PODKARPACKIE,1805,jasielski,1805022,Brzyska,wysokie ryzyko,50.81502071233243,50.81502071233243,50.81502071233243,50.81502071233243,0.0,0.0,100.0,0.0
18,PODKARPACKIE,1805,jasielski,1805032,Dębowiec,niskie ryzyko,119.87911609358603,126.1910125570345,113.62917928134068,119.94107574478916,6.24993681224535,6.249936812245351,94.79,5.21
18,PODKARPACKIE,1805,jasielski,1805032,Dębowiec,wysokie ryzyko,31.657228539515444,30.497829524328736,31.657228539515444,30.497829524328736,0.0,0.0,100.0,0.0
18,PODKARPACKIE,1805,jasielski,1805011,Jasło,niskie ryzyko,2235.034476911257,2349.191662154154,2048.0755067972727,2163.8151580657054,186.9589701139845,185.3765040884486,91.64,8.36
18,PODKARPACKIE,1805,jasielski,1805042,Jasło,niskie ryzyko,398.6112010156807,388.5484846403977,311.7923717790152,300.1003987655886,86.81882923666556,88.44808587480915,78.22,21.78
18,PODKARPACKIE,1805,jasielski,1805011,Jasło,wysokie ryzyko,5659.671671780423,5436.647079988299,5487.145931592459,5268.886036710518,172.52574018796352,167.7610432777811,96.95,3.05
18,PODKARPACKIE,1805,jasielski,1805042,Jasło,wysokie ryzyko,256.904966180184,239.086424955042,201.87379064273696,184.64354004711456,55.03117553744703,54.44288490792741,78.58,21.42
18,PODKARPACKIE,1805,jasielski,1805053,Kołaczyce,niskie ryzyko,284.9406569637353,273.298123920352,233.42631286388144,225.4839118787982,51.51434409985382,47.8142120415538,81.92,18.08
18,PODKARPACKIE,1805,jasielski,1805053,Kołaczyce,wysokie ryzyko,201.62074633787344,197.8746411604242,152.1784783099556,151.21790406256602,49.442268027917834,46.656737097858176,75.48,24.52
18,PODKARPACKIE,1805,jasielski,1805062,Krempna,niskie ryzyko,11.66515045797486,11.57238220819151,11.289284390997146,11.1965161412138,0.3758660669777132,0.3758660669777132,96.78,3.22
18,PODKARPACKIE,1805,jasielski,1805072,Nowy Żmigród,niskie ryzyko,167.90771891211512,171.31748978525098,147.13854136645313,150.548312239589,20.769177545661996,20.769177545661996,87.63,12.37
18,PODKARPACKIE,1805,jasielski,1805072,Nowy Żmigród,wysokie ryzyko,37.28942751321756,51.88899417204699,37.28942751321756,51.88899417204699,0.0,0.0,100.0,0.0
18,PODKARPACKIE,1805,jasielski,1805082,Osiek Jasielski,niskie ryzyko,114.3809063346416,113.83801500668686,92.7675976107178,92.2794770804664,21.613308723923787,21.558537926220453,81.1,18.9
18,PODKARPACKIE,1805,jasielski,1805082,Osiek Jasielski,wysokie ryzyko,96.6891571342405,96.1762655332743,96.6891571342405,96.1762655332743,0.0,0.0,100.0,0.0
18,PODKARPACKIE,1805,jasielski,1805092,Skołyszyn,niskie ryzyko,345.99616644925305,334.8927830103923,324.3776260642841,316.49650782664423,21.618540384968956,18.39627518374807,93.75,6.25
18,PODKARPACKIE,1805,jasielski,1805092,Skołyszyn,wysokie ryzyko,82.25487160623982,71.45064294587934,78.54755906305036,67.74333040268988,3.707312543189456,3.707312543189456,95.49,4.51
18,PODKARPACKIE,1805,jasielski,1805112,Tarnowiec,niskie ryzyko,72.65374267393268,72.51466508429108,66.01519394910893,65.87611635946733,6.6385487248237505,6.63854872482375,90.86,9.14
18,PODKARPACKIE,1805,jasielski,1805112,Tarnowiec,wysokie ryzyko,16.86828739446605,16.86828739446605,16.86828739446605,16.86828739446605,0.0,0.0,100.0,0.0
18,PODKARPACKIE,1807,krośnieński,1807012,Chorkówka,niskie ryzyko,49.36349661822592,49.262667795863024,49.36349661822592,49.262667795863024,0.0,0.0,100.0,0.0
18,PODKARPACKIE,1807,krośnieński,1807012,Chorkówka,wysokie ryzyko,8.894415940612603,8.894415940612602,8.894415940612603,8.894415940612602,0.0,0.0,100.0,0.0
18,PODKARPACKIE,1807,krośnieński,1807023,Dukla,niskie ryzyko,154.54632469871672,151.23225576691613,70.11488225893925,69.81060827105333,84.43144243977746,81.42164749586281,45.37,54.63
18,PODKARPACKIE,1807,krośnieński,1807023,Dukla,wysokie ryzyko,23.15595022451168,28.791230571353253,4.985026169052861,11.251468288093896,18.17092405545882,17.539762283259357,21.53,78.47
18,PODKARPACKIE,1807,krośnieński,1807033,Iwonicz-Zdrój,niskie ryzyko,54.04353065534024,54.04353065534025,54.04353065534024,54.04353065534025,0.0,0.0,100.0,0.0
18,PODKARPACKIE,1807,krośnieński,1807033,Iwonicz-Zdrój,wysokie ryzyko,17.80897004178794,13.265967922443464,17.80897004178794,13.265967922443464,0.0,0.0,100.0,0.0
18,PODKARPACKIE,1807,krośnieński,1807102,Jaśliska,niskie ryzyko,41.9601458422941,43.51388898145088,37.2906138159862,38.97504301854324,4.669532026307897,4.538845962907647,88.87,11.13
18,PODKARPACKIE,1807,krośnieński,1807102,Jaśliska,wysokie ryzyko,59.708589676054295,58.53453605451648,59.708589676054295,58.53453605451648,0.0,0.0,100.0,0.0
18,PODKARPACKIE,1807,krośnieński,1807043,Jedlicze,niskie ryzyko,177.70052012837564,161.45596539212872,163.81408783408074,147.5695330978338,13.886432294294918,13.886432294294918,92.19,7.81
18,PODKARPACKIE,1807,krośnieński,1807043,Jedlicze,wysokie ryzyko,183.12189170093365,171.91433274466186,165.28348953043215,154.24761362094603,17.838402170501503,17.666719123715826,90.26,9.74
18,PODKARPACKIE,1807,krośnieński,1807052,Korczyna,niskie ryzyko,94.4835507861791,105.6178588174786,73.31660377682667,85.45612000077334,21.16694700935243,20.16173881670525,77.6,22.4
18,PODKARPACKIE,1807,krośnieński,1807062,Krościenko Wyżne,niskie ryzyko,262.61211269968567,246.4081911995246,194.65923956725703,182.96879951523576,67.95287313242868,63.43939168428882,74.12,25.88
18,PODKARPACKIE,1807,krośnieński,1807062,Krościenko Wyżne,wysokie ryzyko,110.09139885561018,92.9014297403605,80.99669847685087,65.44350669968217,29.094700378759313,27.457923040678324,73.57,26.43
18,PODKARPACKIE,1807,krośnieński,1807072,Miejsce Piastowe,niskie ryzyko,217.69460093772696,201.9397125764224,212.3036361170122,196.5487477557076,5.390964820714782,5.390964820714782,97.52,2.48
18,PODKARPACKIE,1807,krośnieński,1807072,Miejsce Piastowe,wysokie ryzyko,136.5164643554706,114.57352839248306,136.5164643554706,114.57352839248306,0.0,0.0,100.0,0.0
18,PODKARPACKIE,1807,krośnieński,1807083,Rymanów,niskie ryzyko,253.61103693475263,248.19500035337137,245.0612202413,239.76619059035335,8.549816693452636,8.428809763017975,96.63,3.37
18,PODKARPACKIE,1807,krośnieński,1807083,Rymanów,wysokie ryzyko,57.83272428814308,57.83272428814308,57.83272428814308,57.83272428814308,0.0,0.0,100.0,0.0
18,PODKARPACKIE,1807,krośnieński,1807092,Wojaszówka,niskie ryzyko,335.6063831651623,334.178713731237,231.16636399406207,229.73869456013676,104.44001917110025,104.44001917110025,68.88,31.12
18,PODKARPACKIE,1807,krośnieński,1807092,Wojaszówka,wysokie ryzyko,136.17290247963157,136.1099425932615,77.45377184562457,77.39081195925455,58.719130634006966,58.719130634006966,56.88,43.12
18,PODKARPACKIE,1821,leski,1821012,Baligród,niskie ryzyko,77.30264276726913,73.78368987348315,47.20888291387071,43.88739925189637,30.093759853398417,29.89629062158678,61.07,38.93
18,PODKARPACKIE,1821,leski,1821012,Baligród,wysokie ryzyko,12.32566004384292,12.32566004384292,2.7192924959553455,2.7192924959553455,9.606367547887574,9.606367547887574,22.06,77.94
18,PODKARPACKIE,1821,leski,1821022,Cisna,niskie ryzyko,8.681259301146408,5.007191796592021,6.431299749675616,2.7572322451212306,2.2499595514707913,2.2499595514707913,74.08,25.92
18,PODKARPACKIE,1821,leski,1821022,Cisna,wysokie ryzyko,34.32284073774611,24.633524333197975,29.588701450077735,21.1128047473607,4.734139287668378,3.5207195858372775,86.21,13.79
18,PODKARPACKIE,1821,leski,1821033,Lesko,niskie ryzyko,1071.9568713583865,1006.2613233233476,818.1975597490385,766.8091993547841,253.7593116093477,239.45212396856363,76.33,23.67
18,PODKARPACKIE,1821,leski,1821033,Lesko,wysokie ryzyko,1761.4313383052224,1860.3087351175377,1559.607649578963,1662.113181055209,201.82368872625955,198.19555406232857,88.54,11.46
18,PODKARPACKIE,1821,leski,1821042,Olszanica,niskie ryzyko,381.0279798679405,344.0311789152397,322.0436816551245,285.6809989550686,58.984298212815986,58.35017996017109,84.52,15.48
18,PODKARPACKIE,1821,leski,1821042,Olszanica,wysokie ryzyko,493.98355032667536,561.808121260526,467.2933768682741,537.036352241844,26.690173458401265,24.771769018681983,94.6,5.4
18,PODKARPACKIE,1821,leski,1821052,Solina,niskie ryzyko,331.84522646206267,346.2743319327641,293.19025334130964,307.63461213692807,38.65497312075302,38.639719795836015,88.35,11.65
18,PODKARPACKIE,1821,leski,1821052,Solina,wysokie ryzyko,550.120822659868,534.3442437352226,497.5270939587458,481.75051503410026,52.59372870112228,52.59372870112228,90.44,9.56
18,PODKARPACKIE,1808,leżajski,1808022,Grodzisko Dolne,niskie ryzyko,78.4043715062948,78.4043715062948,57.340749172729744,57.340749172729744,21.063622333565043,21.063622333565043,73.13,26.87
18,PODKARPACKIE,1808,leżajski,1808022,Grodzisko Dolne,wysokie ryzyko,32.87913267473087,32.87913267473087,32.87913267473087,32.87913267473087,0.0,0.0,100.0,0.0
18,PODKARPACKIE,1808,leżajski,1808032,Kuryłówka,niskie ryzyko,272.3951200692102,259.43119301224664,157.50418988631,145.24963400581655,114.8909301829001,114.18155900643,57.82,42.18
18,PODKARPACKIE,1808,leżajski,1808032,Kuryłówka,wysokie ryzyko,395.87672293367416,384.3732027921112,203.21029808858583,187.4494746036506,192.6664248450883,196.9237281884606,51.33,48.67
18,PODKARPACKIE,1808,leżajski,1808042,Leżajsk,niskie ryzyko,1785.434409793611,1824.2707977244995,1272.8077783137196,1311.9078485105929,512.6266314798916,512.3629492139073,71.29,28.71
18,PODKARPACKIE,1808,leżajski,1808011,Leżajsk,niskie ryzyko,506.7023662235212,502.380145109243,433.0612895482843,428.78475586837453,73.6410766752369,73.59538924086846,85.47,14.53
18,PODKARPACKIE,1808,leżajski,1808011,Leżajsk,wysokie ryzyko,618.5756332387566,615.9124181944824,521.8971499426148,520.0486447222256,96.67848329614183,95.86377347225675,84.37,15.63
18,PODKARPACKIE,1808,leżajski,1808042,Leżajsk,wysokie ryzyko,2437.3970862541023,2403.1503908818904,1759.9079275704344,1722.2547027336238,677.4891586836677,680.8956881482663,72.2,27.8
18,PODKARPACKIE,1808,leżajski,1808053,Nowa Sarzyna,niskie ryzyko,936.784179643879,1020.4855990553428,806.4644979558519,885.8682443151472,130.31968168802717,134.6173547401957,86.09,13.91
18,PODKARPACKIE,1808,leżajski,1808053,Nowa Sarzyna,wysokie ryzyko,1584.040392482876,1547.6096632936965,1370.1116066755808,1333.993328921492,213.92878580729504,213.61633437220416,86.49,13.51
18,PODKARPACKIE,1809,lubaczowski,1809011,Lubaczów,niskie ryzyko,61.49611011643711,47.78208422822419,40.50160535504758,41.974705930020185,20.994504761389525,5.807378298204008,65.86,34.14
18,PODKARPACKIE,1809,lubaczowski,1809042,Lubaczów,niskie ryzyko,62.16132271500699,61.99045245590381,22.45728809019404,22.292021299563107,39.70403462481295,39.6984311563407,36.13,63.87
18,PODKARPACKIE,1809,lubaczowski,1809011,Lubaczów,wysokie ryzyko,20.02115721541498,2.2793716102671837,20.02115721541498,2.2793716102671837,0.0,0.0,100.0,0.0
18,PODKARPACKIE,1809,lubaczowski,1809053,Narol,niskie ryzyko,53.67226728283352,55.27896213407178,38.164152842295344,39.7708476935336,15.50811444053818,15.50811444053818,71.11,28.89
18,PODKARPACKIE,1809,lubaczowski,1809053,Narol,wysokie ryzyko,37.57019298948444,35.799711253198694,37.57019298948444,35.799711253198694,0.0,0.0,100.0,0.0
18,PODKARPACKIE,1809,lubaczowski,1809072,Stary Dzików,niskie ryzyko,8.39736627360918,28.10600021438688,7.965412086932009,27.674046027709707,0.4319541866771706,0.4319541866771705,94.86,5.14
18,PODKARPACKIE,1809,lubaczowski,1809082,Wielkie Oczy,niskie ryzyko,7.739541007588919,7.739541007588919,7.739541007588919,7.739541007588919,0.0,0.0,100.0,0.0
18,PODKARPACKIE,1811,mielecki,1811022,Borowa,niskie ryzyko,2475.40976661424,2415.4921804136925,1924.964022268561,1862.9087489018416,550.4457443456795,552.5834315118507,77.76,22.24
18,PODKARPACKIE,1811,mielecki,1811022,Borowa,wysokie ryzyko,2836.83454480696,2892.9108728443784,2519.7323429931166,2557.929012078125,317.1022018138432,334.9818607662529,88.82,11.18
18,PODKARPACKIE,1811,mielecki,1811032,Czermin,niskie ryzyko,3019.7228862855354,3061.5061047241543,2208.703709420579,2232.4855805993866,811.0191768649565,829.0205241247677,73.14,26.86
18,PODKARPACKIE,1811,mielecki,1811032,Czermin,wysokie ryzyko,3193.09138919283,3150.7619543767187,2636.0365544531614,2605.4598740848423,557.0548347396682,545.3020802918762,82.55,17.45
18,PODKARPACKIE,1811,mielecki,1811042,Gawłuszowice,niskie ryzyko,1318.688654889197,1294.963512499236,1167.0126474365095,1143.2875050465482,151.67600745268777,151.67600745268777,88.5,11.5
18,PODKARPACKIE,1811,mielecki,1811042,Gawłuszowice,wysokie ryzyko,1408.721760463599,1434.5075084755977,1203.0325761919703,1228.818324203969,205.6891842716287,205.6891842716287,85.4,14.6
18,PODKARPACKIE,1811,mielecki,1811052,Mielec,niskie ryzyko,4112.549829292462,4046.383962765841,3648.578600611078,3580.7041222780904,463.97122868138393,465.6798404877504,88.72,11.28
18,PODKARPACKIE,1811,mielecki,1811011,Mielec,niskie ryzyko,894.1912877651406,914.8418983570956,820.8891029994832,838.0103669407594,73.30218476565746,76.83153141633618,91.8,8.2
18,PODKARPACKIE,1811,mielecki,1811052,Mielec,wysokie ryzyko,4697.752230809764,4698.628725488611,4359.028302331085,4360.80745153091,338.72392847867917,337.8212739577013,92.79,7.21
18,PODKARPACKIE,1811,mielecki,1811011,Mielec,wysokie ryzyko,1599.8437135344543,1613.8662370323786,1557.201182604686,1570.5373554037092,42.64253092976849,43.32888162866957,97.33,2.67
18,PODKARPACKIE,1811,mielecki,1811062,Padew Narodowa,niskie ryzyko,1754.532092852794,1766.189215442067,1347.9726613752966,1354.611473245821,406.5594314774976,411.5777421962465,76.83,23.17
18,PODKARPACKIE,1811,mielecki,1811062,Padew Narodowa,wysokie ryzyko,3408.750311116303,3395.11189451606,2798.385947818468,2791.240368147057,610.3643632978349,603.8715263690036,82.09,17.91
18,PODKARPACKIE,1811,mielecki,1811073,Przecław,niskie ryzyko,198.37381855928595,196.80043802664545,146.2303159452096,143.67332962007666,52.143502614076326,53.12710840656878,73.71,26.29
18,PODKARPACKIE,1811,mielecki,1811073,Przecław,wysokie ryzyko,98.95449288685944,98.88054275351256,62.052006287588526,61.978056154241635,36.90248659927092,36.90248659927092,62.71,37.29
18,PODKARPACKIE,1811,mielecki,1811092,Tuszów Narodowy,niskie ryzyko,3430.468249772747,3516.179740583246,3081.7822492327477,3172.82787481301,348.6860005399992,343.3518657702358,89.84,10.16
18,PODKARPACKIE,1811,mielecki,1811092,Tuszów Narodowy,wysokie ryzyko,3264.6222089572752,3195.576495013881,3043.742117142647,2974.7469757111103,220.88009181462812,220.82951930277088,93.23,6.77
18,PODKARPACKIE,1811,mielecki,1811102,Wadowice Górne,niskie ryzyko,1509.8685477235765,1499.6782554261506,1261.6347681589257,1252.0861562260102,248.23377956465063,247.5920992001402,83.56,16.44
18,PODKARPACKIE,1811,mielecki,1811102,Wadowice Górne,wysokie ryzyko,1312.4399717824144,1301.9243529234554,1011.9800491421964,1006.0829942221148,300.4599226402182,295.8413587013406,77.11,22.89
18,PODKARPACKIE,1812,niżański,1812012,Harasiuki,niskie ryzyko,13.771960759257194,13.771960759257194,9.1325002619028,9.1325002619028,4.639460497354396,4.639460497354396,66.31,33.69
18,PODKARPACKIE,1812,niżański,1812022,Jarocin,niskie ryzyko,13.709695483717985,13.709695483717985,0.0,0.0,13.709695483717985,13.709695483717985,0.0,100.0
18,PODKARPACKIE,1812,niżański,1812022,Jarocin,wysokie ryzyko,5.326217438975095,4.963691456108062,0.0,0.0,5.326217438975095,4.963691456108062,0.0,100.0
18,PODKARPACKIE,1812,niżański,1812032,Jeżowe,niskie ryzyko,15.576601883822084,15.576601883822084,8.463093729789845,8.463093729789845,7.113508154032239,7.113508154032239,54.33,45.67
18,PODKARPACKIE,1812,niżański,1812042,Krzeszów,niskie ryzyko,451.1531819107117,428.712331780699,376.04680104920834,346.8723447162969,75.10638086150334,81.83998706440218,83.35,16.65
18,PODKARPACKIE,1812,niżański,1812042,Krzeszów,wysokie ryzyko,371.8077187960323,333.8566188632789,301.6582413162856,264.1894192448876,70.14947747974672,69.66719961839136,81.13,18.87
18,PODKARPACKIE,1812,niżański,1812053,Nisko,niskie ryzyko,2240.45295017126,2247.102479535319,1177.544357370658,1169.894337145632,1062.9085928006027,1077.208142389687,52.56,47.44
18,PODKARPACKIE,1812,niżański,1812053,Nisko,wysokie ryzyko,3130.2835490316365,2995.5298733462205,1946.1274580116503,1832.5582294840087,1184.1560910199858,1162.9716438622115,62.17,37.83
18,PODKARPACKIE,1812,niżański,1812063,Rudnik nad Sanem,niskie ryzyko,532.4904730915979,510.332368429625,418.71635525431896,402.5583603390586,113.77411783727908,107.77400809056635,78.63,21.37
18,PODKARPACKIE,1812,niżański,1812063,Rudnik nad Sanem,wysokie ryzyko,686.9138146014276,630.9631161677207,586.2726726141375,535.2578556359921,100.64114198728998,95.70526053172868,85.35,14.65
18,PODKARPACKIE,1812,niżański,1812073,Ulanów,niskie ryzyko,476.8903814425836,448.2901965147586,429.7862182632246,401.6326048339214,47.10416317935885,46.65759168083717,90.12,9.88
18,PODKARPACKIE,1812,niżański,1812073,Ulanów,wysokie ryzyko,312.26827606701715,298.7530568286525,296.91059951728414,283.3953802789195,15.357676549733007,15.357676549733007,95.08,4.92
18,PODKARPACKIE,1813,przemyski,1813013,Bircza,niskie ryzyko,235.13431061987785,229.53079886713465,126.2405718373523,118.69469741581555,108.89373878252552,110.83610145131904,53.69,46.31
18,PODKARPACKIE,1813,przemyski,1813013,Bircza,wysokie ryzyko,111.59815834029354,127.9482807489846,81.68810102642394,98.038223435115,29.9100573138696,29.910057313869604,73.2,26.8
18,PODKARPACKIE,1813,przemyski,1813023,Dubiecko,niskie ryzyko,981.7861984266596,959.8599146014624,825.9971217832838,805.0670530455756,155.7890766433758,154.7928615558868,84.13,15.87
18,PODKARPACKIE,1813,przemyski,1813023,Dubiecko,wysokie ryzyko,813.9381798668103,809.7032225982196,672.2935245479387,667.1929400268199,141.64465531887163,142.51028257139964,82.6,17.4
18,PODKARPACKIE,1813,przemyski,1813032,Fredropol,niskie ryzyko,131.1073897767401,155.03356739838867,30.10402308161062,31.144508572332544,101.00336669512949,123.88905882605611,22.96,77.04
18,PODKARPACKIE,1813,przemyski,1813032,Fredropol,wysokie ryzyko,15.256299159828767,14.625322766569203,10.415890790736508,9.84990573644629,4.840408369092259,4.775417030122915,68.27,31.73
18,PODKARPACKIE,1813,przemyski,1813042,Krasiczyn,niskie ryzyko,390.06580356599704,355.73908116017975,240.1366389928588,207.51180881868035,149.9291645731382,148.2272723414994,61.56,38.44
18,PODKARPACKIE,1813,przemyski,1813042,Krasiczyn,wysokie ryzyko,316.7013118831501,307.94081296015815,202.6963202208912,192.7017591423049,114.0049916622589,115.23905381785328,64.0,36.0
18,PODKARPACKIE,1813,przemyski,1813052,Krzywcza,niskie ryzyko,592.0199227500984,591.6720953954969,373.0685075955837,375.9248574993264,218.9514151545147,215.74723789617053,63.02,36.98
18,PODKARPACKIE,1813,przemyski,1813052,Krzywcza,wysokie ryzyko,544.5740582128624,553.7029084937549,364.4334619011467,369.38840900749415,180.14059631171568,184.31449948626084,66.92,33.08
18,PODKARPACKIE,1813,przemyski,1813062,Medyka,niskie ryzyko,1703.374212448753,1684.0099402909786,1290.3933499697418,1268.2140125839885,412.9808624790113,415.7959277069901,75.76,24.24
18,PODKARPACKIE,1813,przemyski,1813062,Medyka,wysokie ryzyko,2147.853105936545,2160.652343253728,1670.1190754487473,1658.0247276540863,477.7340304877977,502.6276155996416,77.76,22.24
18,PODKARPACKIE,1813,przemyski,1813072,Orły,niskie ryzyko,33.44018188947472,29.80310386103023,33.44018188947472,29.80310386103023,0.0,0.0,100.0,0.0
18,PODKARPACKIE,1813,przemyski,1813072,Orły,wysokie ryzyko,13.100160816542372,16.154421362980138,13.100160816542372,16.154421362980138,0.0,0.0,100.0,0.0
18,PODKARPACKIE,1813,przemyski,1813082,Przemyśl,niskie ryzyko,986.316703441006,1055.3882118157585,96.89672262303972,96.8859301804336,889.4199808179663,958.502281635325,9.82,90.18
18,PODKARPACKIE,1813,przemyski,1813082,Przemyśl,wysokie ryzyko,949.0359576720956,940.6323130423876,67.42196775445754,67.15271740805919,881.6139899176379,873.4795956343283,7.1,92.9
18,PODKARPACKIE,1813,przemyski,1813092,Stubno,niskie ryzyko,1052.9336643123995,1038.0982476640772,660.1182274123228,642.5797883012044,392.8154369000767,395.5184593628729,62.69,37.31
18,PODKARPACKIE,1813,przemyski,1813092,Stubno,wysokie ryzyko,1421.6304013080285,1391.7837592949809,1016.690616679766,988.0741812860174,404.9397846282624,403.70957800896326,71.52,28.48
18,PODKARPACKIE,1813,przemyski,1813102,Żurawica,niskie ryzyko,1435.952711319636,1428.136898608671,1081.3773067915618,1093.6739595660003,354.57540452807444,334.46293904267037,75.31,24.69
18,PODKARPACKIE,1813,przemyski,1813102,Żurawica,wysokie ryzyko,1113.4293432821753,1090.699880050241,971.5447083182798,962.3870042366476,141.88463496389537,128.3128758135934,87.26,12.74
18,PODKARPACKIE,1814,przeworski,1814043,Jawornik Polski,niskie ryzyko,3.027857785730837,3.027857785730836,3.027857785730837,3.027857785730836,0.0,0.0,100.0,0.0
18,PODKARPACKIE,1814,przeworski,1814053,Kańczuga,niskie ryzyko,23.740615753219448,23.740615753219448,23.383893393348178,23.383893393348178,0.3567223598712747,0.3567223598712749,98.5,1.5
18,PODKARPACKIE,1814,przeworski,1814011,Przeworsk,niskie ryzyko,835.4467000594461,695.5436565242453,827.02629108216,691.477226921823,8.420408977286012,4.066429602422338,98.99,1.01
18,PODKARPACKIE,1814,przeworski,1814062,Przeworsk,niskie ryzyko,374.5449098763537,371.183235381872,137.36358009730787,131.63333670084012,237.18132977904585,239.5498986810319,36.67,63.33
18,PODKARPACKIE,1814,przeworski,1814011,Przeworsk,wysokie ryzyko,924.0490594957928,989.5335594499178,902.9209182062344,966.4774301943536,21.128141289558293,23.05612925556415,97.71,2.29
18,PODKARPACKIE,1814,przeworski,1814062,Przeworsk,wysokie ryzyko,146.00620639044232,140.67370461014156,105.4949585389925,101.5436922752296,40.5112478514498,39.13001233491194,72.25,27.75
18,PODKARPACKIE,1814,przeworski,1814073,Sieniawa,niskie ryzyko,457.4740481879664,440.0232658457896,339.48840982095453,318.2732877727564,117.98563836701187,121.7499780730332,74.21,25.79
18,PODKARPACKIE,1814,przeworski,1814073,Sieniawa,wysokie ryzyko,867.0312376332089,838.1489957590095,779.2844811177929,754.4610194440254,87.74675651541602,83.68797631498411,89.88,10.12
18,PODKARPACKIE,1814,przeworski,1814082,Tryńcza,niskie ryzyko,1446.9106000997135,1387.5829514617153,87.95503140855725,87.91174935956728,1358.9555686911565,1299.671202102148,6.08,93.92
18,PODKARPACKIE,1814,przeworski,1814082,Tryńcza,wysokie ryzyko,1290.9103538913762,1408.1262098661362,56.74653395651788,56.631909013472715,1234.1638199348583,1351.4943008526634,4.4,95.6
18,PODKARPACKIE,1814,przeworski,1814092,Zarzecze,niskie ryzyko,154.70291631578618,138.25135517025274,154.70291631578618,138.25135517025274,0.0,0.0,100.0,0.0
18,PODKARPACKIE,1814,przeworski,1814092,Zarzecze,wysokie ryzyko,14.865425241789689,12.763823791749584,14.865425241789689,12.763823791749584,0.0,0.0,100.0,0.0
18,PODKARPACKIE,1815,ropczycko-sędziszowski,1815022,Ostrów,niskie ryzyko,424.8997225072107,414.26680952084274,423.1182109049197,412.4852979185517,1.7815116022910855,1.7815116022910855,99.58,0.42
18,PODKARPACKIE,1815,ropczycko-sędziszowski,1815022,Ostrów,wysokie ryzyko,130.82729623060692,124.42926982701633,130.82729623060692,124.42926982701633,0.0,0.0,100.0,0.0
18,PODKARPACKIE,1815,ropczycko-sędziszowski,1815033,Ropczyce,niskie ryzyko,760.36094690334,750.8584029048271,757.744892930728,748.3721978572871,2.6160539726119394,2.486205047539953,99.66,0.34
18,PODKARPACKIE,1815,ropczycko-sędziszowski,1815033,Ropczyce,wysokie ryzyko,835.7189926649105,887.9234912698273,835.7189926649105,880.2117423816724,0.0,7.711748888154919,100.0,0.0
18,PODKARPACKIE,1815,ropczycko-sędziszowski,1815043,Sędziszów Małopolski,niskie ryzyko,0.1936398375065855,0.1936398375065856,0.1936398375065855,0.1936398375065856,0.0,0.0,100.0,0.0
18,PODKARPACKIE,1815,ropczycko-sędziszowski,1815052,Wielopole Skrzyńskie,niskie ryzyko,100.7256311064188,100.56942518328286,94.98225182881237,94.8260459056764,5.7433792776064445,5.7433792776064445,94.3,5.7
18,PODKARPACKIE,1815,ropczycko-sędziszowski,1815052,Wielopole Skrzyńskie,wysokie ryzyko,9.417944379024204,9.250014281799247,9.417944379024204,9.250014281799247,0.0,0.0,100.0,0.0
18,PODKARPACKIE,1816,rzeszowski,1816033,Boguchwała,niskie ryzyko,67.7547810600348,65.70177611952363,42.05324975575253,41.2701878920701,25.701531304282273,24.431588227453524,62.07,37.93
18,PODKARPACKIE,1816,rzeszowski,1816033,Boguchwała,wysokie ryzyko,5.2747359020451,5.2747359020451,5.2747359020451,5.2747359020451,0.0,0.0,100.0,0.0
18,PODKARPACKIE,1816,rzeszowski,1816023,Błażowa,niskie ryzyko,24.816236356046712,24.809850637445972,16.208154873902913,16.201769155302173,8.608081482143797,8.608081482143797,65.31,34.69
18,PODKARPACKIE,1816,rzeszowski,1816011,Dynów,niskie ryzyko,514.3839555215459,531.6934465883744,488.76433195249047,506.4644062174677,25.619623569055346,25.22904037090665,95.02,4.98
18,PODKARPACKIE,1816,rzeszowski,1816052,Dynów,niskie ryzyko,649.5125851273792,656.522687164982,633.5070864467037,640.5171884843065,16.00549868067552,16.00549868067552,97.54,2.46
18,PODKARPACKIE,1816,rzeszowski,1816011,Dynów,wysokie ryzyko,561.887194829103,564.2459862312335,547.9983233652227,554.2021807270911,13.88887146388025,10.043805504142371,97.53,2.47
18,PODKARPACKIE,1816,rzeszowski,1816052,Dynów,wysokie ryzyko,384.8251557343573,379.374651908842,377.8690211547623,372.41851732924704,6.956134579594972,6.9561345795949725,98.19,1.81
18,PODKARPACKIE,1816,rzeszowski,1816063,Głogów Małopolski,niskie ryzyko,26.30523391562207,38.71410156647181,13.6570239790635,13.6570239790635,12.64820993655857,25.05707758740831,51.92,48.08
18,PODKARPACKIE,1816,rzeszowski,1816102,Lubenia,niskie ryzyko,24.45423589434784,23.128186446099555,24.45423589434784,23.128186446099555,0.0,0.0,100.0,0.0
18,PODKARPACKIE,1816,rzeszowski,1816102,Lubenia,wysokie ryzyko,0.5260013749518615,9.554644977170186,0.5260013749518615,9.554644977170186,0.0,0.0,100.0,0.0
18,PODKARPACKIE,1816,rzeszowski,1816113,Sokołów Małopolski,niskie ryzyko,275.09567655877396,271.91566038403425,218.46455691324,215.28454073850023,56.63111964553398,56.63111964553398,79.41,20.59
18,PODKARPACKIE,1816,rzeszowski,1816113,Sokołów Małopolski,wysokie ryzyko,109.34294967676765,109.34294967676765,52.07139624657395,52.07139624657395,57.27155343019368,57.27155343019368,47.62,52.38
18,PODKARPACKIE,1816,rzeszowski,1816132,Trzebownisko,niskie ryzyko,1396.9290615758716,1289.450479602404,1136.9407042066146,1026.4865588926891,259.98835736925713,262.9639207097149,81.39,18.61
18,PODKARPACKIE,1816,rzeszowski,1816132,Trzebownisko,wysokie ryzyko,956.2618322208306,908.5220977206568,910.4867702632162,864.7297329523713,45.77506195761444,43.7923647682855,95.21,4.79
18,PODKARPACKIE,1816,rzeszowski,1816143,Tyczyn,niskie ryzyko,11.756075617322962,11.5197453116312,3.6357380897768303,3.3994077840850707,8.12033752754613,8.12033752754613,30.93,69.07
18,PODKARPACKIE,1816,rzeszowski,1816143,Tyczyn,wysokie ryzyko,16.294389488693668,15.34789241527235,5.233489931869905,5.233489931869905,11.06089955682376,10.114402483402444,32.12,67.88
18,PODKARPACKIE,1816,rzeszowski,1816122,Świlcza,niskie ryzyko,1.1344839656949222,1.1344839656949222,1.1344839656949222,1.1344839656949222,0.0,0.0,100.0,0.0
18,PODKARPACKIE,1817,sanocki,1817022,Besko,niskie ryzyko,605.6718131550972,757.0646148410356,567.0121006756343,719.1046363073943,38.65971247946281,37.95997853364119,93.62,6.38
18,PODKARPACKIE,1817,sanocki,1817022,Besko,wysokie ryzyko,1563.988651729078,1516.197025437116,1510.1471841473335,1467.963616471238,53.841467581744624,48.23340896587827,96.56,3.44
18,PODKARPACKIE,1817,sanocki,1817032,Bukowsko,niskie ryzyko,14.99017083796936,14.99017083796936,14.99017083796936,14.99017083796936,0.0,0.0,100.0,0.0
18,PODKARPACKIE,1817,sanocki,1817032,Bukowsko,wysokie ryzyko,9.05723698009846,9.057236980098455,0.0,0.0,9.05723698009846,9.057236980098455,0.0,100.0
18,PODKARPACKIE,1817,sanocki,1817042,Komańcza,niskie ryzyko,174.04325064936765,170.86594857136083,101.7842012380484,99.02032245909908,72.25904941131927,71.84562611226181,58.48,41.52
18,PODKARPACKIE,1817,sanocki,1817042,Komańcza,wysokie ryzyko,72.9014734439198,72.75899562485566,60.6683150663996,60.52583724733547,12.233158377520194,12.233158377520196,83.22,16.78
18,PODKARPACKIE,1817,sanocki,1817011,Sanok,niskie ryzyko,5981.345217747846,5870.336930770993,5785.479604035547,5676.180958239777,195.86561371229817,194.1559725312155,96.73,3.27
18,PODKARPACKIE,1817,sanocki,1817052,Sanok,niskie ryzyko,1163.1533574662053,1121.103426285356,887.1500885267039,847.777911020559,276.0032689395016,273.3255152647971,76.27,23.73
18,PODKARPACKIE,1817,sanocki,1817011,Sanok,wysokie ryzyko,17185.698845403655,17579.05258577725,17167.0889632915,17565.051470564293,18.60988211215283,14.001115212956698,99.89,0.11
18,PODKARPACKIE,1817,sanocki,1817052,Sanok,wysokie ryzyko,799.8324296615576,834.8576761813736,635.4493092911123,663.0613373392395,164.38312037044534,171.7963388421341,79.45,20.55
18,PODKARPACKIE,1817,sanocki,1817062,Tyrawa Wołoska,niskie ryzyko,60.11060934414765,59.55476531647131,52.74778771902935,52.19194369135299,7.362821625118309,7.362821625118311,87.75,12.25
18,PODKARPACKIE,1817,sanocki,1817062,Tyrawa Wołoska,wysokie ryzyko,20.93808828115541,20.471311158957977,20.93808828115541,20.471311158957977,0.0,0.0,100.0,0.0
18,PODKARPACKIE,1817,sanocki,1817073,Zagórz,niskie ryzyko,447.3262010744246,429.9033725515035,331.14799343494525,313.6760205117698,116.17820763947935,116.22735203973365,74.03,25.97
18,PODKARPACKIE,1817,sanocki,1817073,Zagórz,wysokie ryzyko,776.2297069774601,747.1789745177258,580.1808249805013,551.6551111345094,196.0488819969588,195.5238633832164,74.74,25.26
18,PODKARPACKIE,1817,sanocki,1817082,Zarszyn,niskie ryzyko,689.7156221727134,671.1303725737043,653.1764526716711,628.2817337865181,36.53916950104243,42.848638787186125,94.7,5.3
18,PODKARPACKIE,1817,sanocki,1817082,Zarszyn,wysokie ryzyko,673.3936838349397,674.2325327808924,673.3936838349397,674.2325327808924,0.0,0.0,100.0,0.0
18,PODKARPACKIE,1818,stalowowolski,1818032,Pysznica,niskie ryzyko,1845.0545431427204,1826.9725170618829,616.8094087502534,601.7123412777762,1228.245134392467,1225.2601757841069,33.43,66.57
18,PODKARPACKIE,1818,stalowowolski,1818032,Pysznica,wysokie ryzyko,2760.4367826671614,2743.6932961266057,1192.0710929335717,1175.0354694398222,1568.3656897335898,1568.6578266867828,43.18,56.82
18,PODKARPACKIE,1818,stalowowolski,1818042,Radomyśl nad Sanem,niskie ryzyko,2989.2404155326685,2978.0413645916447,1965.1444399464835,1956.858059390788,1024.095975586185,1021.1833052008564,65.74,34.26
18,PODKARPACKIE,1818,stalowowolski,1818042,Radomyśl nad Sanem,wysokie ryzyko,3989.572866175358,4004.7365171716974,2985.988481193302,2992.7898675119586,1003.5843849820558,1011.946649659738,74.84,25.16
18,PODKARPACKIE,1818,stalowowolski,1818011,Stalowa Wola,niskie ryzyko,1603.1542674453283,1417.2663057012496,1322.100982364408,1132.725133355534,281.0532850809207,284.5411723457159,82.47,17.53
18,PODKARPACKIE,1818,stalowowolski,1818011,Stalowa Wola,wysokie ryzyko,3744.3174057085807,4075.1920788693383,3174.739657404749,3473.700632577085,569.5777483038319,601.4914462922535,84.79,15.21
18,PODKARPACKIE,1818,stalowowolski,1818053,Zaklików,niskie ryzyko,1.2599525418359598,1.2599525418359598,0.1503418279244187,0.1503418279244187,1.1096107139115412,1.1096107139115412,11.93,88.07
18,PODKARPACKIE,1818,stalowowolski,1818062,Zaleszany,niskie ryzyko,4239.034504540304,4160.559704628728,3049.336090781316,2990.7642843105436,1189.698413758988,1169.7954203181844,71.93,28.07
18,PODKARPACKIE,1818,stalowowolski,1818062,Zaleszany,wysokie ryzyko,5036.654034608269,5082.826932403782,3837.7181459007606,3776.1624421220263,1198.9358887075082,1306.6644902817557,76.2,23.8
18,PODKARPACKIE,1819,strzyżowski,1819012,Czudec,niskie ryzyko,342.8668865167031,321.3585878114336,310.587256085846,294.68203105769373,32.27963043085717,26.67655675373986,90.59,9.41
18,PODKARPACKIE,1819,strzyżowski,1819012,Czudec,wysokie ryzyko,133.74776322789646,137.11077309052894,108.96926684717477,112.33227670980725,24.778496380721684,24.778496380721684,81.47,18.53
18,PODKARPACKIE,1819,strzyżowski,1819022,Frysztak,niskie ryzyko,105.29034090045288,99.46786815248292,84.08357021563226,78.31010628580604,21.2067706848206,21.15776186667687,79.86,20.14
18,PODKARPACKIE,1819,strzyżowski,1819022,Frysztak,wysokie ryzyko,89.59090633694753,64.40485812481252,85.44351898367225,60.25747077153724,4.147387353275275,4.147387353275274,95.37,4.63
18,PODKARPACKIE,1819,strzyżowski,1819032,Niebylec,niskie ryzyko,227.91114664254087,222.474102578568,219.30710393139776,213.8700598674249,8.604042711143123,8.604042711143123,96.22,3.78
18,PODKARPACKIE,1819,strzyżowski,1819032,Niebylec,wysokie ryzyko,79.68978932728135,72.06203218512232,79.68978932728135,72.06203218512232,0.0,0.0,100.0,0.0
18,PODKARPACKIE,1819,strzyżowski,1819043,Strzyżów,niskie ryzyko,1407.4318111331072,1349.5471568759883,1300.6470923029642,1245.233607343125,106.78471883014316,104.31354953286376,92.41,7.59
18,PODKARPACKIE,1819,strzyżowski,1819043,Strzyżów,wysokie ryzyko,968.7954872879154,999.9339660308268,870.9012440153135,907.4049303485432,97.89424327260194,92.52903568228386,89.9,10.1
18,PODKARPACKIE,1819,strzyżowski,1819052,Wiśniowa,niskie ryzyko,82.14495232405092,77.53477252294853,68.45348194625188,63.843302145149494,13.691470377799028,13.691470377799028,83.33,16.67
18,PODKARPACKIE,1819,strzyżowski,1819052,Wiśniowa,wysokie ryzyko,32.679672317988896,32.679672317988896,32.679672317988896,32.679672317988896,0.0,0.0,100.0,0.0
18,PODKARPACKIE,1820,tarnobrzeski,1820013,Baranów Sandomierski,niskie ryzyko,4344.5572607421345,4485.367517655983,2244.187368581256,2257.791202203315,2100.3698921608784,2227.576315452667,51.66,48.34
18,PODKARPACKIE,1820,tarnobrzeski,1820013,Baranów Sandomierski,wysokie ryzyko,6224.466623051651,6071.232806912004,4157.61343913466,4064.771866965413,2066.8531839169914,2006.460939946591,66.79,33.21
18,PODKARPACKIE,1820,tarnobrzeski,1820022,Gorzyce,niskie ryzyko,4995.94396350427,5042.42592709385,3043.461571827894,3185.155567064161,1952.482391676376,1857.2703600296893,60.92,39.08
18,PODKARPACKIE,1820,tarnobrzeski,1820022,Gorzyce,wysokie ryzyko,7956.013854404297,7917.046057588351,5128.98908941427,4966.771760406013,2827.0247649900257,2950.274297182338,64.47,35.53
18,PODKARPACKIE,1820,tarnobrzeski,1820032,Grębów,niskie ryzyko,1799.7890704846625,1845.8559833988552,637.4961179275797,685.7542520609994,1162.292952557083,1160.101731337856,35.42,64.58
18,PODKARPACKIE,1820,tarnobrzeski,1820032,Grębów,wysokie ryzyko,2125.6406744664655,2083.3639649147835,1008.263700013262,963.5926022587892,1117.3769744532028,1119.771362655994,47.43,52.57
18,PODKARPACKIE,1820,tarnobrzeski,1820043,Nowa Dęba,niskie ryzyko,1534.1107721612868,1469.0631820102356,763.3172455139953,741.0775561573345,770.7935266472913,727.9856258529011,49.76,50.24
18,PODKARPACKIE,1820,tarnobrzeski,1820043,Nowa Dęba,wysokie ryzyko,2298.4181510549665,2212.3074895181107,1421.3765311996538,1393.948354293703,877.0416198553124,818.3591352244073,61.84,38.16
18,PODKARPACKIE,1810,łańcucki,1810022,Białobrzegi,niskie ryzyko,795.9959714371311,747.6351543191831,742.5291533355025,691.2474977797328,53.466818101628405,56.387656539450255,93.28,6.72
18,PODKARPACKIE,1810,łańcucki,1810022,Białobrzegi,wysokie ryzyko,505.91439472166377,544.9684105166986,465.6881488199259,504.7421646149608,40.2262459017379,40.2262459017379,92.05,7.95
18,PODKARPACKIE,1810,łańcucki,1810032,Czarna,niskie ryzyko,622.8635468356429,614.5064407001664,190.1445968664582,183.8758253437536,432.7189499691847,430.6306153564128,30.53,69.47
18,PODKARPACKIE,1810,łańcucki,1810032,Czarna,wysokie ryzyko,469.5629859530833,463.5996265579667,61.5594395282334,58.192913984363344,408.0035464248499,405.40671257360344,13.11,86.89
18,PODKARPACKIE,1810,łańcucki,1810042,Łańcut,niskie ryzyko,468.90653258688,454.79627317758735,299.19507608269737,286.77255991323227,169.7114565041826,168.02371326435508,63.81,36.19
18,PODKARPACKIE,1810,łańcucki,1810011,Łańcut,niskie ryzyko,129.51697695030526,127.00143864269344,73.63943402452054,71.12389571690872,55.87754292578473,55.87754292578472,56.86,43.14
18,PODKARPACKIE,1810,łańcucki,1810042,Łańcut,wysokie ryzyko,146.29120648168043,142.48277574972758,133.3737358674332,129.56530513548034,12.917470614247222,12.917470614247222,91.17,8.83
18,PODKARPACKIE,1810,łańcucki,1810011,Łańcut,wysokie ryzyko,97.57207073795009,97.55272692942344,67.74704866164933,67.73747953772062,29.825022076300748,29.815247391702812,69.43,30.57
18,PODKARPACKIE,1810,łańcucki,1810072,Żołynia,niskie ryzyko,15.69473030324791,15.694365123822166,11.057783499710345,11.0574183202846,4.636946803537568,4.636946803537568,70.46,29.54
20,PODLASKIE,2063,Suwałki,2063011,Suwałki,niskie ryzyko,19.119488825074463,4.813694768718825,19.119488825074463,4.813694768718825,0.0,0.0,100.0,0.0
20,PODLASKIE,2001,augustowski,2001011,Augustów,niskie ryzyko,43.48002271883618,40.838794498063386,38.08493539171245,36.54071359944875,5.395087327123733,4.298080898614631,87.59,12.41
20,PODLASKIE,2001,augustowski,2001022,Augustów,niskie ryzyko,17.356508378672775,16.934101522712464,0.0,0.0,17.356508378672775,16.934101522712464,0.0,100.0
20,PODLASKIE,2001,augustowski,2001032,Bargłów Kościelny,niskie ryzyko,8.24842718382945,8.200660851801162,8.24842718382945,8.200660851801162,0.0,0.0,100.0,0.0
20,PODLASKIE,2001,augustowski,2001032,Bargłów Kościelny,wysokie ryzyko,3.618428587209493,3.618428587209493,3.618428587209493,3.618428587209493,0.0,0.0,100.0,0.0
20,PODLASKIE,2001,augustowski,2001043,Lipsk,niskie ryzyko,0.5169211721007017,0.5169211721007017,0.5169211721007017,0.5169211721007017,0.0,0.0,100.0,0.0
20,PODLASKIE,2001,augustowski,2001052,Nowinka,niskie ryzyko,0.566745817868674,0.566745817868674,0.566745817868674,0.566745817868674,0.0,0.0,100.0,0.0
20,PODLASKIE,2001,augustowski,2001062,Płaska,niskie ryzyko,5.216167325307277,5.216167325307277,0.0,0.0,5.216167325307277,5.216167325307277,0.0,100.0
20,PODLASKIE,2001,augustowski,2001072,Sztabin,niskie ryzyko,8.071680939544494,8.071680939544493,0.2363355862474287,0.2363355862474287,7.835345353297065,7.835345353297065,2.93,97.07
20,PODLASKIE,2002,białostocki,2002013,Choroszcz,niskie ryzyko,62.61067913035732,62.57924160451001,35.60570028818735,35.57426276234004,27.004978842169965,27.004978842169965,56.87,43.13
20,PODLASKIE,2002,białostocki,2002013,Choroszcz,wysokie ryzyko,17.42218288000795,17.42218288000795,1.2254747209330903,1.2254747209330903,16.19670815907486,16.19670815907486,7.03,92.97
20,PODLASKIE,2002,białostocki,2002032,Dobrzyniewo Duże,niskie ryzyko,2.6728370188313426,2.2448424035595114,2.6728370188313426,2.2448424035595114,0.0,0.0,100.0,0.0
20,PODLASKIE,2002,białostocki,2002042,Gródek,niskie ryzyko,17.69443732090484,16.698719862937605,4.569267782331927,4.509707523517623,13.125169538572912,12.18901233941998,25.82,74.18
20,PODLASKIE,2002,białostocki,2002052,Juchnowiec Kościelny,niskie ryzyko,4.8751636422443285,4.8751636422443285,4.8751636422443285,4.8751636422443285,0.0,0.0,100.0,0.0
20,PODLASKIE,2002,białostocki,2002073,Michałowo,niskie ryzyko,10.527350411487728,10.527350411487728,4.975126753667588,4.975126753667589,5.5522236578201385,5.552223657820138,47.26,52.74
20,PODLASKIE,2002,białostocki,2002073,Michałowo,wysokie ryzyko,0.2213153237747842,0.2213153237747842,0.0,0.0,0.2213153237747842,0.2213153237747842,0.0,100.0
20,PODLASKIE,2002,białostocki,2002093,Supraśl,niskie ryzyko,4.38061902096869,3.7572328859719226,3.8887888124133463,3.265402677416579,0.4918302085553436,0.4918302085553435,88.77,11.23
20,PODLASKIE,2002,białostocki,2002103,Suraż,niskie ryzyko,49.150704410020495,41.24705313637675,43.230284931848416,35.32663365820466,5.920419478172082,5.920419478172082,87.95,12.05
20,PODLASKIE,2002,białostocki,2002112,Turośń Kościelna,niskie ryzyko,2.3295496199112917,2.3096123763737904,0.0,0.0,2.3295496199112917,2.3096123763737904,0.0,100.0
20,PODLASKIE,2002,białostocki,2002123,Tykocin,niskie ryzyko,94.71400851289816,91.80986697004144,68.92416309309576,66.02002155023902,25.789845419802404,25.789845419802404,72.77,27.23
20,PODLASKIE,2002,białostocki,2002123,Tykocin,wysokie ryzyko,12.414895108285227,12.347319007237724,9.190376475138777,9.122800374091272,3.2245186331464524,3.2245186331464524,74.03,25.97
20,PODLASKIE,2002,białostocki,2002133,Wasilków,niskie ryzyko,95.3468910289784,95.76221603533985,82.6169006284486,80.8846593722177,12.72999040052979,14.877556663122142,86.65,13.35
20,PODLASKIE,2002,białostocki,2002133,Wasilków,wysokie ryzyko,45.623041093498,47.77212809005803,45.13500757140864,37.90700911331013,0.4880335220893637,9.865118976747908,98.93,1.07
20,PODLASKIE,2002,białostocki,2002143,Zabłudów,niskie ryzyko,0.8894766256576804,0.8894766256576803,0.3939589831605885,0.3939589831605884,0.4955176424970918,0.4955176424970918,44.29,55.71
20,PODLASKIE,2002,białostocki,2002152,Zawady,niskie ryzyko,35.452809608508076,35.45280960850807,21.273375825553536,21.273375825553533,14.17943378295454,14.179433782954538,60.0,40.0
20,PODLASKIE,2002,białostocki,2002152,Zawady,wysokie ryzyko,16.769392951335263,16.769392951335263,8.481441986495073,8.481441986495073,8.287950964840189,8.287950964840189,50.58,49.42
20,PODLASKIE,2002,białostocki,2002063,Łapy,niskie ryzyko,220.7397155888903,211.3018720538985,204.01964197465156,194.5817984396598,16.720073614238714,16.720073614238714,92.43,7.57
20,PODLASKIE,2002,białostocki,2002063,Łapy,wysokie ryzyko,152.13528584164223,143.11562125880354,137.97133620672813,128.95167162388944,14.163949634914092,14.163949634914092,90.69,9.31
20,PODLASKIE,2003,bielski,2003042,Boćki,niskie ryzyko,34.0050579578197,27.098604982380923,29.809117468445308,22.90266449300653,4.1959404893743955,4.1959404893743955,87.66,12.34
20,PODLASKIE,2003,bielski,2003042,Boćki,wysokie ryzyko,3.1144301448584537,3.1144301448584533,0.0,0.0,3.1144301448584537,3.1144301448584533,0.0,100.0
20,PODLASKIE,2003,bielski,2003021,Brańsk,niskie ryzyko,36.703845003940984,38.47860908902061,35.803647006679455,37.57841109175908,0.9001979972615304,0.9001979972615304,97.55,2.45
20,PODLASKIE,2003,bielski,2003052,Brańsk,niskie ryzyko,30.28183607309708,30.154746916032448,0.9884981835850144,0.861409026520384,29.293337889512063,29.293337889512063,3.26,96.74
20,PODLASKIE,2003,bielski,2003021,Brańsk,wysokie ryzyko,7.148003588807777,6.1199757471366185,7.148003588807777,6.1199757471366185,0.0,0.0,100.0,0.0
20,PODLASKIE,2003,bielski,2003072,Rudka,niskie ryzyko,1.420083184789067,1.420083184789067,0.0,0.0,1.420083184789067,1.420083184789067,0.0,100.0
20,PODLASKIE,2003,bielski,2003072,Rudka,wysokie ryzyko,2.093144328438446,2.093144328438446,0.0,0.0,2.093144328438446,2.093144328438446,0.0,100.0
20,PODLASKIE,2003,bielski,2003082,Wyszki,niskie ryzyko,12.020296589613377,12.02029658961338,0.0,0.0,12.020296589613377,12.02029658961338,0.0,100.0
20,PODLASKIE,2003,bielski,2003082,Wyszki,wysokie ryzyko,3.266539052640076,3.266539052640076,0.0,0.0,3.266539052640076,3.266539052640076,0.0,100.0
20,PODLASKIE,2004,grajewski,2004022,Grajewo,niskie ryzyko,28.659141483180004,27.156580862517064,22.816346379891748,21.313785759228807,5.842795103288257,5.842795103288257,79.61,20.39
20,PODLASKIE,2004,grajewski,2004022,Grajewo,wysokie ryzyko,4.763278586302218,4.472359317848775,4.763278586302218,4.472359317848775,0.0,0.0,100.0,0.0
20,PODLASKIE,2004,grajewski,2004032,Radziłów,wysokie ryzyko,13.206896551724135,14.192026576320425,0.0,0.0,13.206896551724135,14.192026576320425,0.0,100.0
20,PODLASKIE,2004,grajewski,2004043,Rajgród,niskie ryzyko,67.56795847173495,60.475867885998085,27.63562462259164,20.543534036854776,39.932333849143305,39.932333849143305,40.9,59.1
20,PODLASKIE,2004,grajewski,2004043,Rajgród,wysokie ryzyko,4.217613762124197,4.217613762124196,0.0,0.0,4.217613762124197,4.217613762124196,0.0,100.0
20,PODLASKIE,2005,hajnowski,2005032,Czeremcha,niskie ryzyko,5.648053822631185,5.648053822631185,5.085519918815637,5.085519918815637,0.5625339038155488,0.5625339038155487,90.04,9.96
20,PODLASKIE,2005,hajnowski,2005073,Kleszczele,niskie ryzyko,5.6885417495381265,5.6478617663013635,5.280422732358583,5.23974274912182,0.4081190171795429,0.408119017179543,92.83,7.17
20,PODLASKIE,2005,hajnowski,2005073,Kleszczele,wysokie ryzyko,4.331148799054451,4.085042456045646,4.331148799054451,4.085042456045646,0.0,0.0,100.0,0.0
20,PODLASKIE,2005,hajnowski,2005082,Narew,niskie ryzyko,15.836539040004292,12.346025478505368,7.222166309985175,3.348499916051883,8.614372730019118,8.997525562453484,45.6,54.4
20,PODLASKIE,2005,hajnowski,2005082,Narew,wysokie ryzyko,1.04010010069891,1.04010010069891,0.0,0.0,1.04010010069891,1.04010010069891,0.0,100.0
20,PODLASKIE,2005,hajnowski,2005092,Narewka,niskie ryzyko,13.43859588743884,13.409132779551872,0.0,0.0,13.43859588743884,13.409132779551872,0.0,100.0
20,PODLASKIE,2006,kolneński,2006032,Kolno,niskie ryzyko,15.792035821387476,15.792035821387476,6.069063908356044,6.0690639083560445,9.722971913031431,9.722971913031431,38.43,61.57
20,PODLASKIE,2006,kolneński,2006032,Kolno,wysokie ryzyko,3.878601275725021,3.878601275725021,0.4669390578707016,0.4669390578707016,3.4116622178543192,3.4116622178543192,12.04,87.96
20,PODLASKIE,2006,kolneński,2006062,Turośl,niskie ryzyko,34.30905706318417,34.30905706318417,20.817338511588257,20.817338511588257,13.491718551595916,13.491718551595916,60.68,39.32
20,PODLASKIE,2008,moniecki,2008013,Goniądz,niskie ryzyko,106.1300902693149,105.36612528035428,70.33520539219451,70.2229575714994,35.7948848771204,35.14316770885486,66.27,33.73
20,PODLASKIE,2008,moniecki,2008013,Goniądz,wysokie ryzyko,29.903374046772647,29.90171684452837,13.25285170599555,13.251194503751268,16.6505223407771,16.6505223407771,44.32,55.68
20,PODLASKIE,2008,moniecki,2008032,Jaświły,niskie ryzyko,9.45704793921077,10.561725032486216,9.055588123620405,10.16026521689585,0.4014598155903672,0.4014598155903672,95.75,4.25
20,PODLASKIE,2008,moniecki,2008052,Krypno,niskie ryzyko,2.2031776753200156,2.2031776753200156,1.475429215185577,1.475429215185577,0.7277484601344385,0.7277484601344385,66.97,33.03
20,PODLASKIE,2008,moniecki,2008072,Trzcianne,niskie ryzyko,166.7171883436326,166.322986528784,4.244965440958931,4.244965440958931,162.47222290267368,162.07802108782505,2.55,97.45
20,PODLASKIE,2008,moniecki,2008072,Trzcianne,wysokie ryzyko,121.21250747754203,120.77225603917913,0.0,0.0,121.21250747754203,120.77225603917913,0.0,100.0
20,PODLASKIE,2009,sejneński,2009022,Giby,niskie ryzyko,16.429785834735164,16.429785834735164,12.666666666666666,12.666666666666666,3.7631191680684983,3.7631191680684983,77.1,22.9
20,PODLASKIE,2009,sejneński,2009032,Krasnopol,niskie ryzyko,4.9535921209607,4.953592120960701,0.0,0.0,4.9535921209607,4.953592120960701,0.0,100.0
20,PODLASKIE,2009,sejneński,2009042,Puńsk,niskie ryzyko,3.5844150708101834,3.584415070810183,0.0,0.0,3.5844150708101834,3.584415070810183,0.0,100.0
20,PODLASKIE,2009,sejneński,2009011,Sejny,niskie ryzyko,16.060702514523378,14.691717580871842,16.060702514523378,14.691717580871842,0.0,0.0,100.0,0.0
20,PODLASKIE,2009,sejneński,2009052,Sejny,niskie ryzyko,4.1028496004365005,4.102849600436501,2.130040272984769,2.130040272984769,1.9728093274517315,1.972809327451732,51.92,48.08
20,PODLASKIE,2010,siemiatycki,2010023,Drohiczyn,niskie ryzyko,89.09303647649517,86.40539565363272,18.718772334070504,18.224159879971435,70.37426414242466,68.1812357736613,21.01,78.99
20,PODLASKIE,2010,siemiatycki,2010023,Drohiczyn,wysokie ryzyko,30.526481424348333,30.526481424348333,0.0,0.0,30.526481424348333,30.526481424348333,0.0,100.0
20,PODLASKIE,2010,siemiatycki,2010052,Mielnik,niskie ryzyko,64.43207764430754,62.6655767307117,38.78108013529918,37.362628730358594,25.650997509008384,25.30294800035309,60.19,39.81
20,PODLASKIE,2010,siemiatycki,2010052,Mielnik,wysokie ryzyko,25.81500192475106,25.40688925482056,12.925843533136582,12.56930084320374,12.889158391614476,12.83758841161682,50.07,49.93
20,PODLASKIE,2010,siemiatycki,2010082,Perlejewo,niskie ryzyko,8.516586828330059,8.51658682833006,2.23288869342083,2.23288869342083,6.283698134909229,6.28369813490923,26.22,73.78
20,PODLASKIE,2010,siemiatycki,2010092,Siemiatycze,niskie ryzyko,72.07882349409415,70.10007274452133,38.478378370227425,38.478378370227425,33.60044512386673,31.621694374293902,53.38,46.62
20,PODLASKIE,2010,siemiatycki,2010092,Siemiatycze,wysokie ryzyko,59.0081923201031,59.008192320103106,45.84548235319891,45.84548235319892,13.16270996690419,13.16270996690419,77.69,22.31
20,PODLASKIE,2011,sokólski,2011062,Nowy Dwór,niskie ryzyko,4.7727272727272725,4.7727272727272725,4.7727272727272725,4.7727272727272725,0.0,0.0,100.0,0.0
20,PODLASKIE,2012,suwalski,2012012,Bakałarzewo,niskie ryzyko,13.408056407255426,12.961411364835314,4.96664989264145,4.52000485022134,8.441406514613977,8.441406514613975,37.04,62.96
20,PODLASKIE,2012,suwalski,2012022,Filipów,niskie ryzyko,0.1206692922293501,0.12066929222935,0.0,0.0,0.1206692922293501,0.12066929222935,0.0,100.0
20,PODLASKIE,2012,suwalski,2012032,Jeleniewo,niskie ryzyko,0.0158885612207492,0.0079367465351892,0.0,0.0,0.0158885612207492,0.0079367465351892,0.0,100.0
20,PODLASKIE,2012,suwalski,2012052,Raczki,niskie ryzyko,21.40599561054733,17.411665919979598,21.40599561054733,17.411665919979598,0.0,0.0,100.0,0.0
20,PODLASKIE,2012,suwalski,2012072,Suwałki,niskie ryzyko,8.821154677954311,9.419222825993284,6.292663506572767,6.287623836046422,2.528491171381543,3.1315989899468617,71.34,28.66
20,PODLASKIE,2013,wysokomazowiecki,2013023,Ciechanowiec,niskie ryzyko,105.35373130550306,99.52010360066838,84.01921885277714,79.70760477836671,21.334512452725917,19.812498822301663,79.75,20.25
20,PODLASKIE,2013,wysokomazowiecki,2013023,Ciechanowiec,wysokie ryzyko,65.67369286003365,57.92244734404012,48.80288297613003,43.10348175481457,16.870809883903625,14.81896558922556,74.31,25.69
20,PODLASKIE,2013,wysokomazowiecki,2013033,Czyżew,niskie ryzyko,106.19933214157112,99.8306617808732,28.14120829995925,22.64466017058037,78.05812384161187,77.18600161029283,26.5,73.5
20,PODLASKIE,2013,wysokomazowiecki,2013033,Czyżew,wysokie ryzyko,14.826724081339163,8.849604032205372,14.826724081339163,8.849604032205372,0.0,0.0,100.0,0.0
20,PODLASKIE,2013,wysokomazowiecki,2013042,Klukowo,niskie ryzyko,21.857884457727177,21.620734482341387,13.728604488634222,13.72860448863422,8.12927996909296,7.892129993707169,62.81,37.19
20,PODLASKIE,2013,wysokomazowiecki,2013042,Klukowo,wysokie ryzyko,11.662548542388738,11.662548542388738,0.0,0.0,11.662548542388738,11.662548542388738,0.0,100.0
20,PODLASKIE,2013,wysokomazowiecki,2013082,Sokoły,niskie ryzyko,3.17820826478001,3.1191106945301796,1.4313533895090185,1.4313533895090185,1.7468548752709918,1.6877573050211612,45.04,54.96
20,PODLASKIE,2013,wysokomazowiecki,2013011,Wysokie Mazowieckie,niskie ryzyko,143.42108058509373,119.80613787388734,143.42108058509373,119.80613787388734,0.0,0.0,100.0,0.0
20,PODLASKIE,2013,wysokomazowiecki,2013102,Wysokie Mazowieckie,niskie ryzyko,37.88991209841901,37.88991209841901,15.463292355172593,15.463292355172593,22.42661974324642,22.42661974324642,40.81,59.19
20,PODLASKIE,2013,wysokomazowiecki,2013011,Wysokie Mazowieckie,wysokie ryzyko,19.84086656789212,6.86940928722673,19.84086656789212,6.86940928722673,0.0,0.0,100.0,0.0
20,PODLASKIE,2013,wysokomazowiecki,2013102,Wysokie Mazowieckie,wysokie ryzyko,17.55238134844155,17.552381348441546,5.231963806259482,5.231963806259482,12.320417542182067,12.320417542182064,29.81,70.19
20,PODLASKIE,2014,zambrowski,2014042,Szumowo,niskie ryzyko,1.2902326552247865,1.2902326552247865,1.2902326552247865,1.2902326552247865,0.0,0.0,100.0,0.0
20,PODLASKIE,2062,Łomża,2062011,Łomża,niskie ryzyko,200.96802006666917,172.6835907310853,200.96802006666917,172.6835907310853,0.0,0.0,100.0,0.0
20,PODLASKIE,2062,Łomża,2062011,Łomża,wysokie ryzyko,30.004335754594507,28.06839448237207,30.004335754594507,28.06839448237207,0.0,0.0,100.0,0.0
20,PODLASKIE,2007,łomżyński,2007013,Jedwabne,niskie ryzyko,10.02001563406693,10.02001563406693,0.0,0.0,10.02001563406693,10.02001563406693,0.0,100.0
20,PODLASKIE,2007,łomżyński,2007013,Jedwabne,wysokie ryzyko,10.572538047581295,10.572538047581295,0.0,0.0,10.572538047581295,10.572538047581295,0.0,100.0
20,PODLASKIE,2007,łomżyński,2007032,Miastkowo,niskie ryzyko,106.17571699681513,105.95560832321468,53.28202513138516,53.282025131385154,52.893691865429936,52.67358319182953,50.18,49.82
20,PODLASKIE,2007,łomżyński,2007032,Miastkowo,wysokie ryzyko,132.10032082763405,131.96517146975464,59.313170685471015,59.285394801638056,72.78715014216303,72.6797766681166,44.9,55.1
20,PODLASKIE,2007,łomżyński,2007043,Nowogród,niskie ryzyko,153.2204962750924,152.7913292221831,91.39006406320117,90.96089701029186,61.83043221189125,61.83043221189125,59.65,40.35
20,PODLASKIE,2007,łomżyński,2007043,Nowogród,wysokie ryzyko,60.561979071940584,60.561979071940584,31.058288869434342,31.058288869434342,29.503690202506235,29.503690202506235,51.28,48.72
20,PODLASKIE,2007,łomżyński,2007052,Piątnica,niskie ryzyko,187.543963880772,181.83994718814748,142.96108416345106,137.25706747082648,44.58287971732096,44.58287971732096,76.23,23.77
20,PODLASKIE,2007,łomżyński,2007052,Piątnica,wysokie ryzyko,115.5613871828989,109.06591793188144,103.95855765076422,97.46308839974677,11.602829532134674,11.602829532134672,89.96,10.04
20,PODLASKIE,2007,łomżyński,2007082,Wizna,niskie ryzyko,75.06359171606016,74.47007448326107,24.09054401659445,24.33678197702352,50.97304769946573,50.133292506237545,32.09,67.91
20,PODLASKIE,2007,łomżyński,2007082,Wizna,wysokie ryzyko,13.904056733863104,13.904056733863104,13.277463417505055,13.277463417505055,0.6265933163580483,0.6265933163580483,95.49,4.51
20,PODLASKIE,2007,łomżyński,2007092,Zbójna,niskie ryzyko,106.35035710297667,106.24634371055716,35.22168751358974,35.11767412117024,71.12866958938693,71.12866958938693,33.12,66.88
20,PODLASKIE,2007,łomżyński,2007092,Zbójna,wysokie ryzyko,35.7772238691913,35.7772238691913,3.649280143958188,3.649280143958188,32.12794372523311,32.12794372523311,10.2,89.8
20,PODLASKIE,2007,łomżyński,2007022,Łomża,niskie ryzyko,146.29855868554176,146.2985586855418,98.41034466682306,98.41034466682308,47.88821401871869,47.88821401871869,67.27,32.73
20,PODLASKIE,2007,łomżyński,2007022,Łomża,wysokie ryzyko,103.39519374311742,103.39519374311742,51.921948523035425,51.921948523035425,51.47324522008199,51.47324522008199,50.22,49.78
22,POMORSKIE,2261,Gdańsk,2261011,Gdańsk,niskie ryzyko,10111.303097660955,9893.289341664566,8762.263535883914,8453.230763614027,1349.039561777042,1440.058578050539,86.66,13.34
22,POMORSKIE,2261,Gdańsk,2261011,Gdańsk,wysokie ryzyko,24831.086526227176,25133.721316431463,22543.196887471557,21963.913408155564,2287.889638755617,3169.8079082758977,90.79,9.21
22,POMORSKIE,2262,Gdynia,2262011,Gdynia,niskie ryzyko,110.3251413619068,94.9725842991784,108.97785036597988,93.64197967611062,1.347290995926923,1.3306046230677815,98.78,1.22
22,POMORSKIE,2262,Gdynia,2262011,Gdynia,wysokie ryzyko,722.8679391259061,739.6882074998715,722.8679391259061,739.6882074998715,0.0,0.0,100.0,0.0
22,POMORSKIE,2264,Sopot,2264011,Sopot,niskie ryzyko,46.60994780796423,112.16438548056988,46.60994780796423,112.16438548056988,0.0,0.0,100.0,0.0
22,POMORSKIE,2264,Sopot,2264011,Sopot,wysokie ryzyko,167.24197669045006,263.55836957497206,167.24197669045006,263.55836957497206,0.0,0.0,100.0,0.0
22,POMORSKIE,2263,Słupsk,2263011,Słupsk,niskie ryzyko,312.2331327599652,371.06192046502935,312.2331327599652,371.06192046502935,0.0,0.0,100.0,0.0
22,POMORSKIE,2263,Słupsk,2263011,Słupsk,wysokie ryzyko,398.0759700895314,525.158801515893,398.0759700895314,525.158801515893,0.0,0.0,100.0,0.0
22,POMORSKIE,2201,bytowski,2201032,Czarna Dąbrówka,niskie ryzyko,3.6520176675976495,3.6520176675976495,3.6520176675976495,3.6520176675976495,0.0,0.0,100.0,0.0
22,POMORSKIE,2201,bytowski,2201042,Kołczygłowy,niskie ryzyko,4.966717437796672,4.304234264518658,0.0,0.0,4.966717437796672,4.304234264518658,0.0,100.0
22,POMORSKIE,2201,bytowski,2201063,Miastko,niskie ryzyko,17.09542534680327,17.095425346803268,0.0,0.0,17.09542534680327,17.095425346803268,0.0,100.0
22,POMORSKIE,2201,bytowski,2201102,Tuchomie,niskie ryzyko,11.501914571120215,12.93468653956426,10.501914571120215,11.93468653956426,1.0,1.0,91.31,8.69
22,POMORSKIE,2202,chojnicki,2202023,Brusy,niskie ryzyko,5.943337755812401,5.9203580535878615,0.1019610917996603,0.1000462068765487,5.84137666401274,5.820311846711313,1.72,98.28
22,POMORSKIE,2202,chojnicki,2202032,Chojnice,niskie ryzyko,37.658729582371464,30.838519438636528,20.454055482351876,15.050546052921096,17.204674100019584,15.787973385715429,54.31,45.69
22,POMORSKIE,2202,chojnicki,2202032,Chojnice,wysokie ryzyko,2.5780024766274794,2.5780024766274794,0.0,0.0,2.5780024766274794,2.5780024766274794,0.0,100.0
22,POMORSKIE,2202,chojnicki,2202043,Czersk,niskie ryzyko,11.822960668214062,11.711806159172385,11.822960668214062,11.711806159172385,0.0,0.0,100.0,0.0
22,POMORSKIE,2202,chojnicki,2202043,Czersk,wysokie ryzyko,8.704063347397273,8.704063347397273,8.704063347397273,8.704063347397273,0.0,0.0,100.0,0.0
22,POMORSKIE,2203,człuchowski,2203032,Człuchów,niskie ryzyko,4.564663292822577,4.564663292822577,0.0,0.0,4.564663292822577,4.564663292822577,0.0,100.0
22,POMORSKIE,2203,człuchowski,2203062,Przechlewo,niskie ryzyko,12.994973739457324,11.346898440623852,0.0,0.0,12.994973739457324,11.346898440623852,0.0,100.0
22,POMORSKIE,2204,gdański,2204022,Cedry Wielkie,niskie ryzyko,3154.510570754744,3085.0441913996765,2911.206986480546,2842.0088494832157,243.30358427419787,243.03534191646077,92.29,7.71
22,POMORSKIE,2204,gdański,2204022,Cedry Wielkie,wysokie ryzyko,3452.9807329325913,3544.2358509107667,3283.342940570735,3369.8951671404684,169.63779236185613,174.34068377029797,95.09,4.91
22,POMORSKIE,2204,gdański,2204032,Kolbudy,niskie ryzyko,5.997483972780584,89.949914651545,5.349351165595066,89.30178184435948,0.648132807185518,0.6481328071855179,89.19,10.81
22,POMORSKIE,2204,gdański,2204011,Pruszcz Gdański,niskie ryzyko,2327.6220270430645,2132.430967018308,2257.799331850274,2073.64332407541,69.82269519279019,58.78764294289836,97.0,3.0
22,POMORSKIE,2204,gdański,2204042,Pruszcz Gdański,niskie ryzyko,3318.7799149803946,3389.6164580221484,2084.703510881993,2129.973614038657,1234.0764040984018,1259.6428439834908,62.82,37.18
22,POMORSKIE,2204,gdański,2204011,Pruszcz Gdański,wysokie ryzyko,4774.378183419635,4905.37442464353,4277.525270511547,4427.982435180206,496.8529129080888,477.3919894633244,89.59,10.41
22,POMORSKIE,2204,gdański,2204042,Pruszcz Gdański,wysokie ryzyko,3455.6126599335093,3376.093717871947,2388.1817447833223,2327.736177265295,1067.4309151501873,1048.357540606652,69.11,30.89
22,POMORSKIE,2204,gdański,2204052,Przywidz,niskie ryzyko,0.0,0.3239092840494734,0.0,0.0,0.0,0.3239092840494734,0.0,0.0
22,POMORSKIE,2204,gdański,2204062,Pszczółki,niskie ryzyko,46.42439057526934,45.069382395790825,9.374303216551848,8.01929503707333,37.0500873587175,37.0500873587175,20.19,79.81
22,POMORSKIE,2204,gdański,2204062,Pszczółki,wysokie ryzyko,117.38543637296208,102.92011634089748,82.5019063394937,68.03658630742909,34.88353003346838,34.88353003346838,70.28,29.72
22,POMORSKIE,2204,gdański,2204072,Suchy Dąb,niskie ryzyko,1701.9652987796442,1731.2226976835072,1339.7359567747983,1372.985355779061,362.22934200484553,358.23734190444645,78.72,21.28
22,POMORSKIE,2204,gdański,2204072,Suchy Dąb,wysokie ryzyko,1749.7372931108907,1789.932163327394,1351.5478357946536,1411.8152218082623,398.1894573162372,378.1169415191316,77.24,22.76
22,POMORSKIE,2205,kartuski,2205012,Chmielno,niskie ryzyko,8.509596211068152,6.666633872674783,5.253792865394857,3.4047760822582784,3.255803345673295,3.2618577904165043,61.74,38.26
22,POMORSKIE,2205,kartuski,2205023,Kartuzy,niskie ryzyko,20.186516159904997,19.855229336843024,13.252997037027216,12.92171021396524,6.933519122877782,6.933519122877783,65.65,34.35
22,POMORSKIE,2205,kartuski,2205023,Kartuzy,wysokie ryzyko,0.5627959752060692,0.562795975206069,0.5627959752060692,0.562795975206069,0.0,0.0,100.0,0.0
22,POMORSKIE,2205,kartuski,2205052,Somonino,niskie ryzyko,5.4356850511646275,11.729830503763573,0.4819767146707012,7.971871611802338,4.953708336493926,3.757958891961234,8.87,91.13
22,POMORSKIE,2205,kartuski,2205052,Somonino,wysokie ryzyko,1.025673208857949,0.913554029628874,1.025673208857949,0.913554029628874,0.0,0.0,100.0,0.0
22,POMORSKIE,2205,kartuski,2205062,Stężyca,niskie ryzyko,3.2144334633029263,3.2144334633029263,0.0,0.0,3.2144334633029263,3.2144334633029263,0.0,100.0
22,POMORSKIE,2205,kartuski,2205062,Stężyca,wysokie ryzyko,3.9838149253179944,3.9838149253179944,0.0,0.0,3.9838149253179944,3.9838149253179944,0.0,100.0
22,POMORSKIE,2205,kartuski,2205083,Żukowo,niskie ryzyko,15.914610695395169,31.9399134361313,11.785487521719409,27.81079026245554,4.129123173675758,4.129123173675758,74.05,25.95
22,POMORSKIE,2206,kościerski,2206022,Dziemiany,niskie ryzyko,0.1771474709040574,0.1771474709040574,0.0,0.0,0.1771474709040574,0.1771474709040574,0.0,100.0
22,POMORSKIE,2206,kościerski,2206032,Karsin,niskie ryzyko,5.536567777453583,5.522583908565105,0.0,0.0,5.536567777453583,5.522583908565105,0.0,100.0
22,POMORSKIE,2206,kościerski,2206042,Kościerzyna,niskie ryzyko,8.827686825299523,8.827686825299523,0.0,0.0,8.827686825299523,8.827686825299523,0.0,100.0
22,POMORSKIE,2206,kościerski,2206062,Lipusz,niskie ryzyko,7.72947151433242,6.096645557620253,3.9437572286181353,2.3109312719059676,3.7857142857142856,3.7857142857142856,51.02,48.98
22,POMORSKIE,2206,kościerski,2206072,Nowa Karczma,niskie ryzyko,9.03076923076923,9.03076923076923,0.0,0.0,9.03076923076923,9.03076923076923,0.0,100.0
22,POMORSKIE,2206,kościerski,2206072,Nowa Karczma,wysokie ryzyko,0.4492657313203733,0.4492657313203733,0.0,0.0,0.4492657313203733,0.4492657313203733,0.0,100.0
22,POMORSKIE,2206,kościerski,2206082,Stara Kiszewa,niskie ryzyko,0.7946130481404925,0.7946130481404925,0.0,0.0,0.7946130481404925,0.7946130481404925,0.0,100.0
22,POMORSKIE,2207,kwidzyński,2207011,Kwidzyn,niskie ryzyko,34.00439323281339,41.82996740062574,19.91216217477547,26.20723688032736,14.092231058037914,15.622730520298385,58.56,41.44
22,POMORSKIE,2207,kwidzyński,2207032,Kwidzyn,niskie ryzyko,2582.669742886913,2437.4260784335434,1165.4079887934636,1081.8912416517162,1417.2617540934496,1355.534836781827,45.12,54.88
22,POMORSKIE,2207,kwidzyński,2207011,Kwidzyn,wysokie ryzyko,287.229314237651,277.8936282251606,222.01765711143764,205.9752476679853,65.21165712621332,71.91838055717535,77.3,22.7
22,POMORSKIE,2207,kwidzyński,2207032,Kwidzyn,wysokie ryzyko,2117.3271201308107,2238.311210389274,1119.1583491865176,1162.2475093415444,998.168770944293,1076.0637010477294,52.86,47.14
22,POMORSKIE,2207,kwidzyński,2207043,Prabuty,niskie ryzyko,48.872308052450656,49.0787622497567,48.872308052450656,47.24983342207822,0.0,1.8289288276784836,100.0,0.0
22,POMORSKIE,2207,kwidzyński,2207052,Ryjewo,niskie ryzyko,617.0257220257088,615.9599295722903,219.46738604163875,219.29054483320303,397.5583359840701,396.6693847390872,35.57,64.43
22,POMORSKIE,2207,kwidzyński,2207052,Ryjewo,wysokie ryzyko,385.8009401093526,386.9590485884725,121.96995299956777,122.23911023370464,263.83098710978487,264.71993835476786,31.61,68.39
22,POMORSKIE,2207,kwidzyński,2207062,Sadlinki,niskie ryzyko,1782.453427691008,1764.6800395265825,1199.1354249743745,1180.7251451131528,583.3180027166336,583.9548944134297,67.27,32.73
22,POMORSKIE,2207,kwidzyński,2207062,Sadlinki,wysokie ryzyko,1067.8652192581844,1084.5670806558023,671.7784913590473,686.1849800056586,396.0867278991371,398.38210065014374,62.91,37.09
22,POMORSKIE,2208,lęborski,2208011,Lębork,niskie ryzyko,20.194931678785956,15.859017548572702,20.194931678785956,15.859017548572702,0.0,0.0,100.0,0.0
22,POMORSKIE,2208,lęborski,2208011,Lębork,wysokie ryzyko,62.59526178928995,61.547699974238554,62.59526178928995,61.547699974238554,0.0,0.0,100.0,0.0
22,POMORSKIE,2208,lęborski,2208042,Nowa Wieś Lęborska,niskie ryzyko,24.691816032083317,24.22315367109652,13.157120188710934,12.713942923792244,11.534695843372385,11.509210747304278,53.29,46.71
22,POMORSKIE,2208,lęborski,2208052,Wicko,niskie ryzyko,18.5060504915997,17.302884093237083,0.0,0.0,18.5060504915997,17.302884093237083,0.0,100.0
22,POMORSKIE,2208,lęborski,2208052,Wicko,wysokie ryzyko,4.367777413165098,7.953500466161487,0.0,0.0,4.367777413165098,7.953500466161487,0.0,100.0
22,POMORSKIE,2208,lęborski,2208021,Łeba,niskie ryzyko,64.24517298000569,32.33110374495678,44.36860627975848,15.845913442842038,19.876566700247217,16.485190302114738,69.06,30.94
22,POMORSKIE,2208,lęborski,2208021,Łeba,wysokie ryzyko,306.53519874172736,397.09776124264016,302.8781400988404,393.4147403558932,3.657058642886985,3.6830208867469216,98.81,1.19
22,POMORSKIE,2209,malborski,2209032,Lichnowy,niskie ryzyko,1158.2714808242376,1075.2233254538023,620.4402904380609,537.1955684058985,537.8311903861768,538.0277570479038,53.57,46.43
22,POMORSKIE,2209,malborski,2209032,Lichnowy,wysokie ryzyko,894.0229203188425,953.8857130753116,504.47181108462166,574.8390321170848,389.5511092342208,379.0466809582267,56.43,43.57
22,POMORSKIE,2209,malborski,2209011,Malbork,niskie ryzyko,92.5934989456544,95.73651865493775,15.943759257344787,14.997703660420246,76.64973968830961,80.73881499451751,17.22,82.78
22,POMORSKIE,2209,malborski,2209042,Malbork,niskie ryzyko,644.0700867442855,647.8322687506213,245.98399195631436,244.13965799752933,398.0860947879711,403.692610753092,38.19,61.81
22,POMORSKIE,2209,malborski,2209011,Malbork,wysokie ryzyko,46.020960090947554,46.02096009094756,2.0369563322583457,2.0369563322583457,43.984003758689205,43.98400375868921,4.43,95.57
22,POMORSKIE,2209,malborski,2209042,Malbork,wysokie ryzyko,436.33889305437583,452.15682598965026,158.88411212073095,179.55646152354993,277.4547809336448,272.6003644661003,36.41,63.59
22,POMORSKIE,2209,malborski,2209062,Miłoradz,niskie ryzyko,1182.01062170023,1143.045758402555,593.9544733753341,558.4614479026197,588.0561483248958,584.5843104999356,50.25,49.75
22,POMORSKIE,2209,malborski,2209062,Miłoradz,wysokie ryzyko,1458.753842624417,1464.364977453056,903.971962941217,883.275276897344,554.7818796832,581.0897005557122,61.97,38.03
22,POMORSKIE,2209,malborski,2209073,Nowy Staw,niskie ryzyko,2712.7997134380707,2496.978144843776,2447.6478866065563,2233.3345921329624,265.1518268315145,263.64355271081376,90.23,9.77
22,POMORSKIE,2209,malborski,2209073,Nowy Staw,wysokie ryzyko,2892.804746619292,3057.43902925618,2612.728992272505,2776.314859432336,280.07575434678705,281.1241698238442,90.32,9.68
22,POMORSKIE,2209,malborski,2209082,Stare Pole,niskie ryzyko,135.7676905473509,126.99728289738266,115.04118577811046,106.2707781281422,20.726504769240456,20.726504769240456,84.73,15.27
22,POMORSKIE,2209,malborski,2209082,Stare Pole,wysokie ryzyko,92.0705443198738,97.30662259766136,82.64666566058987,87.88274393837743,9.423878659283911,9.423878659283911,89.76,10.24
22,POMORSKIE,2210,nowodworski,2210011,Krynica Morska,niskie ryzyko,152.45276781146012,164.65673951560998,100.8318114068563,113.05911437018668,51.62095640460382,51.5976251454233,66.14,33.86
22,POMORSKIE,2210,nowodworski,2210011,Krynica Morska,wysokie ryzyko,213.434094644519,193.3439786993702,176.25752744514,156.1674114999912,37.17656719937902,37.17656719937902,82.58,17.42
22,POMORSKIE,2210,nowodworski,2210023,Nowy Dwór Gdański,niskie ryzyko,4678.777444667179,4754.845253094813,2571.4192749097247,2567.92676808404,2107.358169757454,2186.9184850107736,54.96,45.04
22,POMORSKIE,2210,nowodworski,2210023,Nowy Dwór Gdański,wysokie ryzyko,11628.360899002306,11621.6053075396,9367.752711013944,9455.729149692264,2260.60818798836,2165.876157847339,80.56,19.44
22,POMORSKIE,2210,nowodworski,2210032,Ostaszewo,niskie ryzyko,1372.5086032882862,1354.300704392269,1021.920286099741,1004.5740965963382,350.58831718854515,349.72660779593065,74.46,25.54
22,POMORSKIE,2210,nowodworski,2210032,Ostaszewo,wysokie ryzyko,1306.3416893261845,1269.2963248223195,1110.9605416973466,1075.213484314827,195.38114762883785,194.0828405074925,85.04,14.96
22,POMORSKIE,2210,nowodworski,2210042,Stegna,niskie ryzyko,2359.550093186163,2369.210462667753,1848.075090784747,1873.838704176516,511.47500240141545,495.3717584912365,78.32,21.68
22,POMORSKIE,2210,nowodworski,2210042,Stegna,wysokie ryzyko,2372.9149838107114,2469.917794486874,1701.031604174271,1781.916389769126,671.8833796364404,688.001404717748,71.69,28.31
22,POMORSKIE,2210,nowodworski,2210052,Sztutowo,niskie ryzyko,1129.4929944026092,1172.0379683169472,816.1557675982763,858.7007415126142,313.33722680433294,313.33722680433294,72.26,27.74
22,POMORSKIE,2210,nowodworski,2210052,Sztutowo,wysokie ryzyko,1673.362970156761,1682.7943296207025,1465.1530574776566,1474.3914330756893,208.2099126791049,208.4028965450132,87.56,12.44
22,POMORSKIE,2211,pucki,2211011,Hel,niskie ryzyko,299.47041337128843,337.1853530640581,299.47041337128843,337.1853530640581,0.0,0.0,100.0,0.0
22,POMORSKIE,2211,pucki,2211011,Hel,wysokie ryzyko,1831.9886478543287,1882.37388597407,1831.254354691492,1881.3967389612096,0.7342931628367856,0.9771470128606358,99.96,0.04
22,POMORSKIE,2211,pucki,2211023,Jastarnia,niskie ryzyko,633.030526092217,513.3649628413622,613.9965166298443,492.46495331447784,19.034009462372687,20.90000952688433,96.99,3.01
22,POMORSKIE,2211,pucki,2211023,Jastarnia,wysokie ryzyko,2060.3919245098155,2180.770631563994,2000.824637725839,2123.5122328530797,59.56728678397637,57.25839871091429,97.11,2.89
22,POMORSKIE,2211,pucki,2211052,Kosakowo,niskie ryzyko,251.86189761832307,238.53557181230408,47.17563451230019,50.07274704454994,204.6862631060229,188.4628247677541,18.73,81.27
22,POMORSKIE,2211,pucki,2211052,Kosakowo,wysokie ryzyko,269.8075019574471,298.4979376916666,9.268565210780666,10.17283955980344,260.5389367466664,288.3250981318632,3.44,96.56
22,POMORSKIE,2211,pucki,2211062,Krokowa,niskie ryzyko,191.2116906724238,185.87082247376532,20.693462761718457,19.05842566474424,170.51822791070535,166.81239680902107,10.82,89.18
22,POMORSKIE,2211,pucki,2211062,Krokowa,wysokie ryzyko,249.389298924931,251.70066159552604,6.629959079223557,6.163974588007328,242.75933984570744,245.5366870075187,2.66,97.34
22,POMORSKIE,2211,pucki,2211031,Puck,niskie ryzyko,62.83997137942696,56.60299673845091,62.83997137942696,56.60299673845091,0.0,0.0,100.0,0.0
22,POMORSKIE,2211,pucki,2211072,Puck,niskie ryzyko,54.83891582848212,54.45420305730339,12.482862299813997,12.09814952863526,42.35605352866813,42.35605352866813,22.76,77.24
22,POMORSKIE,2211,pucki,2211031,Puck,wysokie ryzyko,131.44969052171035,141.1263342528963,131.44969052171035,141.1263342528963,0.0,0.0,100.0,0.0
22,POMORSKIE,2211,pucki,2211043,Władysławowo,niskie ryzyko,329.20100313377526,362.16574742731825,208.19223151721255,232.88926232695695,121.00877161656273,129.2764851003613,63.24,36.76
22,POMORSKIE,2211,pucki,2211043,Władysławowo,wysokie ryzyko,510.5151979864778,536.2581191732875,277.3416709617419,307.02431364053336,233.17352702473588,229.23380553275416,54.33,45.67
22,POMORSKIE,2213,starogardzki,2213062,Lubichowo,niskie ryzyko,20.645854658460937,19.339561329457496,20.645854658460937,19.339561329457496,0.0,0.0,100.0,0.0
22,POMORSKIE,2213,starogardzki,2213082,Osiek,niskie ryzyko,19.124640275549694,18.757933449453205,3.7748582471589023,3.7748582471589023,15.349782028390797,14.983075202294303,19.74,80.26
22,POMORSKIE,2213,starogardzki,2213093,Skarszewy,niskie ryzyko,1.314743485240059,1.3147434852400588,1.314743485240059,1.3147434852400588,0.0,0.0,100.0,0.0
22,POMORSKIE,2213,starogardzki,2213031,Starogard Gdański,niskie ryzyko,24.444985399426542,8.734203752858969,24.444985399426542,8.734203752858969,0.0,0.0,100.0,0.0
22,POMORSKIE,2213,starogardzki,2213122,Starogard Gdański,niskie ryzyko,5.739764236494615,5.739764236494617,0.0,0.0,5.739764236494615,5.739764236494617,0.0,100.0
22,POMORSKIE,2216,sztumski,2216013,Dzierzgoń,niskie ryzyko,6.973146174492318,6.796763294898936,4.973146174492318,4.488867039953215,2.0,2.307896254945721,71.32,28.68
22,POMORSKIE,2216,sztumski,2216013,Dzierzgoń,wysokie ryzyko,1.360824742268041,1.3608247422680413,0.0,0.0,1.360824742268041,1.3608247422680413,0.0,100.0
22,POMORSKIE,2216,sztumski,2216032,Stary Dzierzgoń,niskie ryzyko,2.9301574089716844,2.8329269652515348,2.9301574089716844,2.8329269652515348,0.0,0.0,100.0,0.0
22,POMORSKIE,2216,sztumski,2216053,Sztum,niskie ryzyko,99.2325925235024,110.82226185273976,65.48693920438313,65.35357086893681,33.74565331911928,45.46869098380294,65.99,34.01
22,POMORSKIE,2216,sztumski,2216053,Sztum,wysokie ryzyko,49.58064261040549,49.58064261040549,12.496191701843426,12.496191701843424,37.08445090856207,37.08445090856206,25.2,74.8
22,POMORSKIE,2212,słupski,2212022,Damnica,niskie ryzyko,21.193278934830087,19.281741530307247,0.2107452590455692,0.2107452590455692,20.982533675784516,19.070996271261677,0.99,99.01
22,POMORSKIE,2212,słupski,2212032,Dębnica Kaszubska,niskie ryzyko,6.8,6.800000000000001,0.0,0.0,6.8,6.800000000000001,0.0,100.0
22,POMORSKIE,2212,słupski,2212042,Główczyce,niskie ryzyko,11.079787645711605,11.079787645711605,2.4208680323651883,2.420868032365187,8.658919613346416,8.658919613346416,21.85,78.15
22,POMORSKIE,2212,słupski,2212042,Główczyce,wysokie ryzyko,8.270205557770023,8.270205557770023,0.7931274109487227,0.7931274109487227,7.4770781468213,7.4770781468213,9.59,90.41
22,POMORSKIE,2212,słupski,2212063,Kobylnica,niskie ryzyko,1.587673581638543,1.5876735816385432,0.0,0.0,1.587673581638543,1.5876735816385432,0.0,100.0
22,POMORSKIE,2212,słupski,2212053,Kępice,niskie ryzyko,5.391237446025538,5.532312235560071,3.8271310565775503,4.391564238199516,1.5641063894479876,1.140747997360555,70.99,29.01
22,POMORSKIE,2212,słupski,2212082,Redzikowo,niskie ryzyko,4.5492618205955155,2.7615327439151653,0.5005166153009377,0.2653181375375973,4.048745205294578,2.496214606377568,11.0,89.0
22,POMORSKIE,2212,słupski,2212092,Smołdzino,niskie ryzyko,100.67225977971316,93.91358860140092,82.92043610568233,76.2448633526869,17.751823674030828,17.668725248714015,82.37,17.63
22,POMORSKIE,2212,słupski,2212092,Smołdzino,wysokie ryzyko,29.155960734880065,18.74249386028825,29.155960734880065,18.74249386028825,0.0,0.0,100.0,0.0
22,POMORSKIE,2212,słupski,2212102,Ustka,niskie ryzyko,26.445135547068627,25.389463449048502,1.5548388671627378,0.4991667691426161,24.89029667990589,24.89029667990589,5.88,94.12
22,POMORSKIE,2212,słupski,2212011,Ustka,niskie ryzyko,37.95211844780864,23.578449029627205,37.85240580484235,23.482712942969684,0.0997126429662978,0.095736086657521,99.74,0.26
22,POMORSKIE,2212,słupski,2212102,Ustka,wysokie ryzyko,8.461890269548066,8.337677811152355,1.6339991703635497,1.5097867119678388,6.827891099184516,6.827891099184516,19.31,80.69
22,POMORSKIE,2212,słupski,2212011,Ustka,wysokie ryzyko,661.2460939560964,611.9397856892252,623.748486002198,580.0633789347103,37.49760795389838,31.87640675451497,94.33,5.67
22,POMORSKIE,2214,tczewski,2214023,Gniew,niskie ryzyko,681.4446370533766,650.6243095462662,546.1620679072914,515.4900620277059,135.28256914608522,135.1342475185603,80.15,19.85
22,POMORSKIE,2214,tczewski,2214023,Gniew,wysokie ryzyko,625.1873807747415,564.5913053200959,586.8302379175987,526.234162462953,38.35714285714286,38.357142857142854,93.86,6.14
22,POMORSKIE,2214,tczewski,2214043,Pelplin,niskie ryzyko,321.5620733441323,335.0277459095231,272.75617110004987,286.2218436654407,48.80590224408238,48.80590224408238,84.82,15.18
22,POMORSKIE,2214,tczewski,2214043,Pelplin,wysokie ryzyko,383.4366225401007,373.569519724779,354.9396139490428,345.07251113372115,28.4970085910579,28.4970085910579,92.57,7.43
22,POMORSKIE,2214,tczewski,2214052,Subkowy,niskie ryzyko,36.0,37.28485894693377,0.0,0.0,36.0,37.28485894693377,0.0,100.0
22,POMORSKIE,2214,tczewski,2214011,Tczew,niskie ryzyko,1234.7421039047258,1141.5255822676136,1214.5243789170838,1139.8023223856012,20.21772498764196,1.723259882012268,98.36,1.64
22,POMORSKIE,2214,tczewski,2214062,Tczew,niskie ryzyko,470.27853180412154,452.9987969782637,83.10332552173917,72.80375641285232,387.1752062823824,380.1950405654114,17.67,82.33
22,POMORSKIE,2214,tczewski,2214011,Tczew,wysokie ryzyko,3040.798575069203,2993.2600110682492,3035.780630764381,2940.5641224565693,5.017944304821686,52.695888611679926,99.83,0.17
22,POMORSKIE,2214,tczewski,2214062,Tczew,wysokie ryzyko,516.6510341519496,530.4428670660524,66.84756886319994,66.70331423367097,449.8034652887497,463.73955283238143,12.94,87.06
22,POMORSKIE,2215,wejherowski,2215011,Reda,niskie ryzyko,139.58827994095972,134.45785829373534,69.42464227941365,70.55980497579493,70.16363766154608,63.89805331794042,49.74,50.26
22,POMORSKIE,2215,wejherowski,2215011,Reda,wysokie ryzyko,442.4203966918816,410.62355901055065,419.9316426758414,388.1348049945104,22.488754016040232,22.488754016040236,94.92,5.08
22,POMORSKIE,2215,wejherowski,2215021,Rumia,niskie ryzyko,64.53845937952093,63.243825696326695,35.03285681226319,34.59260937527491,29.505602567257732,28.651216321051788,54.28,45.72
22,POMORSKIE,2215,wejherowski,2215021,Rumia,wysokie ryzyko,2.18169496911364,2.447588353038284,0.1249873412315494,0.3915396549543173,2.05670762788209,2.0560486980839667,5.73,94.27
22,POMORSKIE,2215,wejherowski,2215031,Wejherowo,niskie ryzyko,136.2873805048986,99.37169026413824,100.25610874814792,83.37356530201622,36.0312717567507,15.998124962122017,73.56,26.44
22,POMORSKIE,2215,wejherowski,2215102,Wejherowo,niskie ryzyko,161.81342947752964,146.0429910561267,139.74793802337385,124.15812664232928,22.06549145415579,21.884864413797448,86.36,13.64
22,POMORSKIE,2215,wejherowski,2215031,Wejherowo,wysokie ryzyko,147.26289090376227,111.7166872581558,141.20791571901395,107.49861654574974,6.054975184748304,4.218070712406062,95.89,4.11
22,POMORSKIE,2215,wejherowski,2215102,Wejherowo,wysokie ryzyko,10.97004669537908,28.87456081838288,8.363243650659763,8.363243650659763,2.6068030447193147,20.51131716772312,76.24,23.76
22,POMORSKIE,2215,wejherowski,2215082,Łęczyce,niskie ryzyko,2.0760198338399083,1.9267078015654528,0.0,0.0,2.0760198338399083,1.9267078015654528,0.0,100.0
22,POMORSKIE,2215,wejherowski,2215082,Łęczyce,wysokie ryzyko,18.707454538280587,18.121256036763366,18.707454538280587,18.121256036763366,0.0,0.0,100.0,0.0
28,WARMIŃSKO-MAZURSKIE,2861,Elbląg,2861011,Elbląg,niskie ryzyko,472.1160059356662,475.6368514885279,350.2464592736255,349.5059904125692,121.86954666204068,126.13086107595872,74.19,25.81
28,WARMIŃSKO-MAZURSKIE,2861,Elbląg,2861011,Elbląg,wysokie ryzyko,1626.126653429288,1738.937071429267,1577.0807517016217,1672.5731719701644,49.04590172766647,66.36389945910251,96.98,3.02
28,WARMIŃSKO-MAZURSKIE,2862,Olsztyn,2862011,Olsztyn,niskie ryzyko,8.935262778542455,8.935262778542455,8.935262778542455,8.935262778542455,0.0,0.0,100.0,0.0
28,WARMIŃSKO-MAZURSKIE,2801,bartoszycki,2801011,Bartoszyce,niskie ryzyko,29.6539744261802,28.9097477832358,29.6539744261802,28.9097477832358,0.0,0.0,100.0,0.0
28,WARMIŃSKO-MAZURSKIE,2801,bartoszycki,2801011,Bartoszyce,wysokie ryzyko,98.71492542575116,184.30856562188495,98.71492542575116,184.30856562188495,0.0,0.0,100.0,0.0
28,WARMIŃSKO-MAZURSKIE,2801,bartoszycki,2801063,Sępopol,niskie ryzyko,135.83518698088332,124.43027136661176,116.75047740941837,107.51883001133508,19.084709571464952,16.91144135527668,85.95,14.05
28,WARMIŃSKO-MAZURSKIE,2801,bartoszycki,2801063,Sępopol,wysokie ryzyko,18.031216781175736,16.775039409759913,0.0,0.0,18.031216781175736,16.775039409759913,0.0,100.0
28,WARMIŃSKO-MAZURSKIE,2802,braniewski,2802022,Braniewo,niskie ryzyko,30.37196738480544,31.141006808402487,3.525115729013459,3.5251157290134585,26.846851655791983,27.61589107938903,11.61,88.39
28,WARMIŃSKO-MAZURSKIE,2802,braniewski,2802011,Braniewo,niskie ryzyko,6.150245444733084,3.72744114907907,6.150245444733084,3.72744114907907,0.0,0.0,100.0,0.0
28,WARMIŃSKO-MAZURSKIE,2802,braniewski,2802022,Braniewo,wysokie ryzyko,132.63132452890812,132.02885583092194,10.635277229499373,10.635277229499374,121.99604729940872,121.39357860142258,8.02,91.98
28,WARMIŃSKO-MAZURSKIE,2802,braniewski,2802033,Frombork,niskie ryzyko,114.89363524685444,121.96927706341216,114.89363524685444,121.96927706341216,0.0,0.0,100.0,0.0
28,WARMIŃSKO-MAZURSKIE,2802,braniewski,2802033,Frombork,wysokie ryzyko,215.18131430447684,201.39520012753465,215.18131430447684,201.39520012753465,0.0,0.0,100.0,0.0
28,WARMIŃSKO-MAZURSKIE,2802,braniewski,2802053,Pieniężno,niskie ryzyko,65.18396292271856,62.1372211293821,52.15346617127968,49.10672437794321,13.030496751438887,13.030496751438887,80.01,19.99
28,WARMIŃSKO-MAZURSKIE,2802,braniewski,2802053,Pieniężno,wysokie ryzyko,24.610460713522567,27.416121229558925,24.610460713522567,27.416121229558925,0.0,0.0,100.0,0.0
28,WARMIŃSKO-MAZURSKIE,2803,działdowski,2803011,Działdowo,niskie ryzyko,26.205718063678415,26.205718063678415,26.205718063678415,26.205718063678415,0.0,0.0,100.0,0.0
28,WARMIŃSKO-MAZURSKIE,2803,działdowski,2803022,Działdowo,niskie ryzyko,2.4642857142857144,2.4642857142857144,0.0,0.0,2.4642857142857144,2.4642857142857144,0.0,100.0
28,WARMIŃSKO-MAZURSKIE,2803,działdowski,2803043,Lidzbark,niskie ryzyko,14.778057966999764,14.428400126911193,10.772206501421037,10.46982070032822,4.005851465578731,3.9585794265829746,72.89,27.11
28,WARMIŃSKO-MAZURSKIE,2803,działdowski,2803043,Lidzbark,wysokie ryzyko,30.552855643695768,30.313882443021992,30.552855643695768,30.313882443021992,0.0,0.0,100.0,0.0
28,WARMIŃSKO-MAZURSKIE,2803,działdowski,2803062,Rybno,niskie ryzyko,2.051781305530673,1.832798438170726,1.6878495553382953,1.4688666879783487,0.3639317501923774,0.3639317501923774,82.26,17.74
28,WARMIŃSKO-MAZURSKIE,2804,elbląski,2804012,Elbląg,niskie ryzyko,2067.30461146365,2061.8611056879417,282.45711852589795,301.71090440670946,1784.847492937752,1760.1502012812325,13.66,86.34
28,WARMIŃSKO-MAZURSKIE,2804,elbląski,2804012,Elbląg,wysokie ryzyko,1279.987111079976,1357.4673947041947,161.66721153585996,191.86515969222796,1118.3198995441155,1165.6022350119665,12.63,87.37
28,WARMIŃSKO-MAZURSKIE,2804,elbląski,2804032,Gronowo Elbląskie,niskie ryzyko,1178.5307863787948,1241.4072674417748,395.5469066820266,461.6401962745556,782.9838796967682,779.7670711672192,33.56,66.44
28,WARMIŃSKO-MAZURSKIE,2804,elbląski,2804032,Gronowo Elbląskie,wysokie ryzyko,939.9944259307684,940.9016326169764,459.2455388002278,457.954329432015,480.7488871305405,482.9473031849614,48.86,51.14
28,WARMIŃSKO-MAZURSKIE,2804,elbląski,2804042,Markusy,niskie ryzyko,1921.274846027462,1926.2217770578004,1523.4870523284087,1533.64354723106,397.7877936990532,392.57822982674026,79.3,20.7
28,WARMIŃSKO-MAZURSKIE,2804,elbląski,2804042,Markusy,wysokie ryzyko,1040.08185013652,1019.4453683168229,916.2908974856396,900.0830395324095,123.7909526508803,119.36232878441322,88.1,11.9
28,WARMIŃSKO-MAZURSKIE,2804,elbląski,2804052,Milejewo,wysokie ryzyko,14.565824952714625,11.33266408325722,14.565824952714625,11.33266408325722,0.0,0.0,100.0,0.0
28,WARMIŃSKO-MAZURSKIE,2804,elbląski,2804063,Młynary,niskie ryzyko,26.948745751700216,26.057536318295416,14.948745751700216,14.057536318295416,12.0,12.0,55.47,44.53
28,WARMIŃSKO-MAZURSKIE,2804,elbląski,2804063,Młynary,wysokie ryzyko,1.5454545454545454,1.5454545454545454,1.5454545454545454,1.5454545454545454,0.0,0.0,100.0,0.0
28,WARMIŃSKO-MAZURSKIE,2804,elbląski,2804082,Rychliki,niskie ryzyko,1.35528665670445,1.3552866567044504,0.0,0.0,1.35528665670445,1.3552866567044504,0.0,100.0
28,WARMIŃSKO-MAZURSKIE,2804,elbląski,2804093,Tolkmicko,niskie ryzyko,126.4690234713094,107.93751117845518,66.1323246899736,51.897421324335355,60.3366987813358,56.04008985411983,52.29,47.71
28,WARMIŃSKO-MAZURSKIE,2804,elbląski,2804093,Tolkmicko,wysokie ryzyko,360.6835425008845,418.66986959331706,286.60948432307373,350.61331462364126,74.0740581778108,68.05655496967579,79.46,20.54
28,WARMIŃSKO-MAZURSKIE,2805,ełcki,2805011,Ełk,niskie ryzyko,46.9285601740673,41.00555437877702,46.51863079954542,40.64039414898399,0.4099293745218789,0.3651602297930356,99.13,0.87
28,WARMIŃSKO-MAZURSKIE,2805,ełcki,2805022,Ełk,niskie ryzyko,209.627202675805,198.33045780884828,111.36473242876455,100.75410201515297,98.26247024704044,97.57635579369534,53.13,46.87
28,WARMIŃSKO-MAZURSKIE,2805,ełcki,2805022,Ełk,wysokie ryzyko,12.176321887348784,12.16674957189342,0.0,0.0,12.176321887348784,12.16674957189342,0.0,100.0
28,WARMIŃSKO-MAZURSKIE,2805,ełcki,2805032,Kalinowo,niskie ryzyko,30.402493258930523,30.33670238373953,0.0,0.0,30.402493258930523,30.33670238373953,0.0,100.0
28,WARMIŃSKO-MAZURSKIE,2805,ełcki,2805042,Prostki,niskie ryzyko,106.22225189994032,83.91080202082637,20.032913036928335,16.51230698276545,86.18933886301198,67.39849503806093,18.86,81.14
28,WARMIŃSKO-MAZURSKIE,2805,ełcki,2805042,Prostki,wysokie ryzyko,0.5779421552310886,0.3495891055248347,0.5779421552310886,0.3495891055248347,0.0,0.0,100.0,0.0
28,WARMIŃSKO-MAZURSKIE,2805,ełcki,2805052,Stare Juchy,niskie ryzyko,14.844596338291309,14.844596338291309,0.0,0.0,14.844596338291309,14.844596338291309,0.0,100.0
28,WARMIŃSKO-MAZURSKIE,2818,gołdapski,2818012,Banie Mazurskie,niskie ryzyko,13.168114361712671,12.84280564636046,4.492626128743231,4.16731741339102,8.67548823296944,8.67548823296944,34.12,65.88
28,WARMIŃSKO-MAZURSKIE,2818,gołdapski,2818033,Gołdap,niskie ryzyko,12.648861592891713,12.586858681156915,0.0,0.0,12.648861592891713,12.586858681156915,0.0,100.0
28,WARMIŃSKO-MAZURSKIE,2807,iławski,2807032,Iława,niskie ryzyko,11.927651125451048,11.00783503667884,9.285394083835545,8.365577995063338,2.6422570416155025,2.6422570416155025,77.85,22.15
28,WARMIŃSKO-MAZURSKIE,2807,iławski,2807043,Kisielice,niskie ryzyko,28.24647886216485,27.720967068064276,15.081017177669324,14.555505383568756,13.165461684495522,13.16546168449552,53.39,46.61
28,WARMIŃSKO-MAZURSKIE,2807,iławski,2807052,Lubawa,niskie ryzyko,0.135884660416542,0.135884660416542,0.0,0.0,0.135884660416542,0.135884660416542,0.0,100.0
28,WARMIŃSKO-MAZURSKIE,2807,iławski,2807063,Susz,niskie ryzyko,14.034005281967977,10.983048088379352,0.0,0.0,14.034005281967977,10.983048088379352,0.0,100.0
28,WARMIŃSKO-MAZURSKIE,2808,kętrzyński,2808022,Barciany,niskie ryzyko,5.304347826086956,5.304347826086957,0.0,0.0,5.304347826086956,5.304347826086957,0.0,100.0
28,WARMIŃSKO-MAZURSKIE,2808,kętrzyński,2808022,Barciany,wysokie ryzyko,2.25,2.25,0.0,0.0,2.25,2.25,0.0,100.0
28,WARMIŃSKO-MAZURSKIE,2808,kętrzyński,2808043,Korsze,niskie ryzyko,27.954409707015927,27.61364751897337,2.0489403656826415,2.048940365682642,25.905469341333287,25.564707153290723,7.33,92.67
28,WARMIŃSKO-MAZURSKIE,2809,lidzbarski,2809032,Lidzbark Warmiński,niskie ryzyko,20.6962296499122,20.6962296499122,6.0,6.0,14.696229649912196,14.696229649912196,28.99,71.01
28,WARMIŃSKO-MAZURSKIE,2809,lidzbarski,2809011,Lidzbark Warmiński,niskie ryzyko,80.33957508716938,48.22003479292307,80.33957508716938,48.22003479292307,0.0,0.0,100.0,0.0
28,WARMIŃSKO-MAZURSKIE,2809,lidzbarski,2809011,Lidzbark Warmiński,wysokie ryzyko,44.548817568561034,40.73348963095586,44.548817568561034,40.73348963095586,0.0,0.0,100.0,0.0
28,WARMIŃSKO-MAZURSKIE,2809,lidzbarski,2809053,Orneta,niskie ryzyko,79.50671719346293,73.00330780914857,69.22913208229038,63.41661712508725,10.277585111172552,9.586690684061312,87.07,12.93
28,WARMIŃSKO-MAZURSKIE,2809,lidzbarski,2809053,Orneta,wysokie ryzyko,75.68860320220247,78.72878751381955,38.228969251080024,37.322101208615415,37.45963395112244,41.40668630520413,50.51,49.49
28,WARMIŃSKO-MAZURSKIE,2811,nidzicki,2811022,Janowo,niskie ryzyko,20.38653552615895,20.38653552615895,20.38653552615895,20.38653552615895,0.0,0.0,100.0,0.0
28,WARMIŃSKO-MAZURSKIE,2811,nidzicki,2811043,Nidzica,niskie ryzyko,112.00451180971794,38.912487345033206,104.40279194452523,31.816619155032008,7.601719865192684,7.095868190001199,93.21,6.79
28,WARMIŃSKO-MAZURSKIE,2811,nidzicki,2811043,Nidzica,wysokie ryzyko,1.6720545862269445,1.6041165070059398,0.0,0.0,1.6720545862269445,1.6041165070059398,0.0,100.0
28,WARMIŃSKO-MAZURSKIE,2812,nowomiejski,2812022,Biskupiec,niskie ryzyko,1.694201747418586,1.6942017474185862,1.694201747418586,1.6942017474185862,0.0,0.0,100.0,0.0
28,WARMIŃSKO-MAZURSKIE,2812,nowomiejski,2812022,Biskupiec,wysokie ryzyko,7.919640298176341,7.562807511094068,7.919640298176341,7.562807511094068,0.0,0.0,100.0,0.0
28,WARMIŃSKO-MAZURSKIE,2812,nowomiejski,2812052,Bratian,niskie ryzyko,43.83398892688537,47.012856766139194,38.79159744325114,41.6204530856685,5.04239148363423,5.392403680470696,88.5,11.5
28,WARMIŃSKO-MAZURSKIE,2812,nowomiejski,2812032,Grodziczno,niskie ryzyko,3.6666666666666665,4.1549955097336255,0.0,0.0,3.6666666666666665,4.1549955097336255,0.0,100.0
28,WARMIŃSKO-MAZURSKIE,2812,nowomiejski,2812042,Kurzętnik,niskie ryzyko,29.691850938538973,27.020415181586316,29.691850938538973,27.020415181586316,0.0,0.0,100.0,0.0
28,WARMIŃSKO-MAZURSKIE,2812,nowomiejski,2812011,Nowe Miasto Lubawskie,niskie ryzyko,106.18142943011996,80.35570649601999,106.18142943011996,80.35570649601999,0.0,0.0,100.0,0.0
28,WARMIŃSKO-MAZURSKIE,2812,nowomiejski,2812011,Nowe Miasto Lubawskie,wysokie ryzyko,261.9626810860317,218.26788610255088,261.9626810860317,218.26788610255088,0.0,0.0,100.0,0.0
28,WARMIŃSKO-MAZURSKIE,2813,olecki,2813032,Kowale Oleckie,niskie ryzyko,1.6174956866712316,1.3827395182021525,0.0,0.0,1.6174956866712316,1.3827395182021525,0.0,100.0
28,WARMIŃSKO-MAZURSKIE,2813,olecki,2813043,Olecko,niskie ryzyko,358.26932262887533,323.9094118342383,349.7880176602036,315.4633885782219,8.481304968671743,8.446023256016446,97.63,2.37
28,WARMIŃSKO-MAZURSKIE,2813,olecki,2813043,Olecko,wysokie ryzyko,74.42472145052294,48.83041375037932,74.42472145052294,48.83041375037932,0.0,0.0,100.0,0.0
28,WARMIŃSKO-MAZURSKIE,2813,olecki,2813062,Wieliczki,niskie ryzyko,67.42233366155968,67.42233366155968,62.11463724251812,62.114637242518114,5.307696419041561,5.307696419041561,92.13,7.87
28,WARMIŃSKO-MAZURSKIE,2813,olecki,2813062,Wieliczki,wysokie ryzyko,12.541257162988607,12.54125716298861,12.541257162988607,12.54125716298861,0.0,0.0,100.0,0.0
28,WARMIŃSKO-MAZURSKIE,2813,olecki,2813052,Świętajno,niskie ryzyko,19.25927034427723,19.25927034427723,1.1962371029739025,1.1962371029739025,18.063033241303327,18.063033241303327,6.21,93.79
28,WARMIŃSKO-MAZURSKIE,2813,olecki,2813052,Świętajno,wysokie ryzyko,4.214299327107737,4.214299327107737,0.0,0.0,4.214299327107737,4.214299327107737,0.0,100.0
28,WARMIŃSKO-MAZURSKIE,2814,olsztyński,2814033,Dobre Miasto,niskie ryzyko,48.52292164758517,53.58239948751816,46.644991275882695,51.70688715763177,1.8779303717024691,1.875512329886393,96.13,3.87
28,WARMIŃSKO-MAZURSKIE,2814,olsztyński,2814093,Olsztynek,niskie ryzyko,0.2399482007940574,0.2380629699996949,0.0,0.0,0.2399482007940574,0.2380629699996949,0.0,100.0
28,WARMIŃSKO-MAZURSKIE,2814,olsztyński,2814093,Olsztynek,wysokie ryzyko,1.1363636363636365,1.1363636363636365,0.0,0.0,1.1363636363636365,1.1363636363636365,0.0,100.0
28,WARMIŃSKO-MAZURSKIE,2814,olsztyński,2814122,Świątki,niskie ryzyko,2.0,2.0,0.0,0.0,2.0,2.0,0.0,100.0
28,WARMIŃSKO-MAZURSKIE,2815,ostródzki,2815022,Dąbrówno,niskie ryzyko,0.0573691538680865,0.0573691538680865,0.0,0.0,0.0573691538680865,0.0573691538680865,0.0,100.0
28,WARMIŃSKO-MAZURSKIE,2815,ostródzki,2815052,Małdyty,niskie ryzyko,4.666666666666667,4.666666666666667,4.666666666666667,4.666666666666667,0.0,0.0,100.0,0.0
28,WARMIŃSKO-MAZURSKIE,2815,ostródzki,2815011,Ostróda,niskie ryzyko,105.65177042034917,235.32104804849436,42.42024108112953,198.48273982732897,63.23152933921961,36.83830822116544,40.15,59.85
28,WARMIŃSKO-MAZURSKIE,2815,ostródzki,2815092,Ostróda,niskie ryzyko,4.415942484207587,8.235642172992485,0.0,3.819699688784898,4.415942484207587,4.415942484207587,0.0,100.0
28,WARMIŃSKO-MAZURSKIE,2815,ostródzki,2815011,Ostróda,wysokie ryzyko,70.95168556013212,67.97146255108066,53.340311107438566,50.757190255137466,17.611374452693543,17.214272295943182,75.18,24.82
28,WARMIŃSKO-MAZURSKIE,2816,piski,2816033,Pisz,niskie ryzyko,2.7671541300865146,2.2139675247056383,2.7671541300865146,2.2139675247056383,0.0,0.0,100.0,0.0
28,WARMIŃSKO-MAZURSKIE,2816,piski,2816033,Pisz,wysokie ryzyko,0.0,74.86653087090112,0.0,74.86653087090112,0.0,0.0,0.0,0.0
28,WARMIŃSKO-MAZURSKIE,2817,szczycieński,2817052,Rozogi,niskie ryzyko,6.636994773344472,6.636994773344472,6.636994773344472,6.636994773344472,0.0,0.0,100.0,0.0
28,WARMIŃSKO-MAZURSKIE,2817,szczycieński,2817052,Rozogi,wysokie ryzyko,14.16401821260959,14.164018212609593,14.16401821260959,14.164018212609593,0.0,0.0,100.0,0.0
28,WARMIŃSKO-MAZURSKIE,2817,szczycieński,2817062,Szczytno,niskie ryzyko,5.008395202299347,5.008395202299347,0.0,0.0,5.008395202299347,5.008395202299347,0.0,100.0
28,WARMIŃSKO-MAZURSKIE,2817,szczycieński,2817062,Szczytno,wysokie ryzyko,4.771218027728411,4.771218027728411,0.0,0.0,4.771218027728411,4.771218027728411,0.0,100.0
28,WARMIŃSKO-MAZURSKIE,2817,szczycieński,2817083,Wielbark,niskie ryzyko,9.071429819365417,8.759503166100739,9.071429819365417,8.759503166100739,0.0,0.0,100.0,0.0
28,WARMIŃSKO-MAZURSKIE,2817,szczycieński,2817072,Świętajno,niskie ryzyko,3.380837963206556,3.380837963206556,0.0,0.0,3.380837963206556,3.380837963206556,0.0,100.0
28,WARMIŃSKO-MAZURSKIE,2817,szczycieński,2817072,Świętajno,wysokie ryzyko,1.417223517407048,1.417223517407048,0.0,0.0,1.417223517407048,1.417223517407048,0.0,100.0
28,WARMIŃSKO-MAZURSKIE,2819,węgorzewski,2819012,Budry,niskie ryzyko,11.0356208640693,10.72822645963917,0.0,0.0,11.0356208640693,10.72822645963917,0.0,100.0
28,WARMIŃSKO-MAZURSKIE,2819,węgorzewski,2819012,Budry,wysokie ryzyko,1.120467135276045,1.120467135276045,0.0,0.0,1.120467135276045,1.120467135276045,0.0,100.0
28,WARMIŃSKO-MAZURSKIE,2819,węgorzewski,2819033,Węgorzewo,niskie ryzyko,0.6823879915043503,0.5640461473253056,0.0,0.0,0.6823879915043503,0.5640461473253056,0.0,100.0
30,WIELKOPOLSKIE,3061,Kalisz,3061011,Kalisz,niskie ryzyko,1694.749703063752,1476.6736047304728,1590.1669348969892,1392.1037255974434,104.5827681667629,84.56987913302933,93.83,6.17
30,WIELKOPOLSKIE,3061,Kalisz,3061011,Kalisz,wysokie ryzyko,4749.255870463479,4857.691460568966,4297.900785812623,4402.749260044333,451.355084650856,454.9422005246324,90.5,9.5
30,WIELKOPOLSKIE,3062,Konin,3062011,Konin,niskie ryzyko,932.0086964062288,951.698338458865,873.9384596181982,894.0508122619315,58.0702367880305,57.64752619693365,93.77,6.23
30,WIELKOPOLSKIE,3062,Konin,3062011,Konin,wysokie ryzyko,4012.306324489713,4253.361721260824,3894.774574100502,4137.546575405639,117.53175038921069,115.8151458551858,97.07,2.93
30,WIELKOPOLSKIE,3064,Poznań,3064011,Poznań,niskie ryzyko,888.2328618050742,730.2435480544916,879.1175134030948,722.643148638736,9.115348401979512,7.600399415755588,98.97,1.03
30,WIELKOPOLSKIE,3064,Poznań,3064011,Poznań,wysokie ryzyko,124.8989301576672,110.7516921488739,88.92992809891572,74.7826900901224,35.969002058751485,35.969002058751485,71.2,28.8
30,WIELKOPOLSKIE,3001,chodzieski,3001032,Chodzież,niskie ryzyko,3.679853351030132,3.679853351030133,3.679853351030132,3.679853351030133,0.0,0.0,100.0,0.0
30,WIELKOPOLSKIE,3002,czarnkowsko-trzcianecki,3002022,Czarnków,niskie ryzyko,40.14580991549981,40.14580991549981,9.5,9.5,30.645809915499804,30.645809915499804,23.66,76.34
30,WIELKOPOLSKIE,3002,czarnkowsko-trzcianecki,3002011,Czarnków,niskie ryzyko,7.197477464685273,5.144834659980049,7.197477464685273,5.144834659980049,0.0,0.0,100.0,0.0
30,WIELKOPOLSKIE,3002,czarnkowsko-trzcianecki,3002011,Czarnków,wysokie ryzyko,3.391362242844019,3.391362242844019,3.391362242844019,3.391362242844019,0.0,0.0,100.0,0.0
30,WIELKOPOLSKIE,3002,czarnkowsko-trzcianecki,3002032,Drawsko,niskie ryzyko,55.50371298937057,52.96693978199867,31.05181383422456,29.090556853756592,24.45189915514601,23.876382928242077,55.95,44.05
30,WIELKOPOLSKIE,3002,czarnkowsko-trzcianecki,3002032,Drawsko,wysokie ryzyko,8.0,8.0,0.0,0.0,8.0,8.0,0.0,100.0
30,WIELKOPOLSKIE,3002,czarnkowsko-trzcianecki,3002043,Krzyż Wielkopolski,niskie ryzyko,72.9091047488661,73.50305735412705,21.972778052778743,21.972778052778743,50.93632669608736,51.53027930134831,30.14,69.86
30,WIELKOPOLSKIE,3002,czarnkowsko-trzcianecki,3002083,Wieleń,niskie ryzyko,217.3206686935056,340.56770878386453,193.19721519019143,316.44425528055035,24.123453503314146,24.123453503314146,88.9,11.1
30,WIELKOPOLSKIE,3002,czarnkowsko-trzcianecki,3002083,Wieleń,wysokie ryzyko,95.83229782354724,94.40313451196562,95.83229782354724,94.40313451196562,0.0,0.0,100.0,0.0
30,WIELKOPOLSKIE,3003,gnieźnieński,3003042,Kiszkowo,niskie ryzyko,7.970228899509155,7.59043365614514,7.538855224426848,7.159059981062834,0.4313736750823066,0.4313736750823066,94.59,5.41
30,WIELKOPOLSKIE,3003,gnieźnieński,3003053,Kłecko,niskie ryzyko,46.89150388979483,45.79936671061161,46.89150388979483,45.79936671061161,0.0,0.0,100.0,0.0
30,WIELKOPOLSKIE,3003,gnieźnieński,3003072,Mieleszyn,niskie ryzyko,2.1253288725041775,2.1253288725041775,2.1253288725041775,2.1253288725041775,0.0,0.0,100.0,0.0
30,WIELKOPOLSKIE,3004,gostyński,3004023,Gostyń,niskie ryzyko,20.326303276392053,17.941372166910227,20.326303276392053,17.941372166910227,0.0,0.0,100.0,0.0
30,WIELKOPOLSKIE,3004,gostyński,3004073,Poniec,niskie ryzyko,21.58884140093188,17.991665056064747,17.664926459767734,14.0677501149006,3.923914941164146,3.9239149411641456,81.82,18.18
30,WIELKOPOLSKIE,3004,gostyński,3004073,Poniec,wysokie ryzyko,48.1089877914945,45.25482267574493,0.0,0.0,48.1089877914945,45.25482267574493,0.0,100.0
30,WIELKOPOLSKIE,3006,jarociński,3006013,Jaraczewo,niskie ryzyko,3.328770612607532,3.2353612026298517,3.328770612607532,3.2353612026298517,0.0,0.0,100.0,0.0
30,WIELKOPOLSKIE,3006,jarociński,3006023,Jarocin,niskie ryzyko,8.929706746637464,8.929706746637464,4.929706746637465,4.929706746637464,4.0,4.0,55.21,44.79
30,WIELKOPOLSKIE,3006,jarociński,3006043,Żerków,niskie ryzyko,310.90659215675703,316.82763933114194,292.4500985238243,298.3711456982092,18.456493632932713,18.456493632932713,94.06,5.94
30,WIELKOPOLSKIE,3006,jarociński,3006043,Żerków,wysokie ryzyko,112.0540295393876,112.0540295393876,108.45198763188128,108.45198763188128,3.6020419075063175,3.6020419075063175,96.79,3.21
30,WIELKOPOLSKIE,3007,kaliski,3007012,Blizanów,niskie ryzyko,3.288722263353407,3.288722263353407,3.288722263353407,3.288722263353407,0.0,0.0,100.0,0.0
30,WIELKOPOLSKIE,3007,kaliski,3007022,Brzeziny,niskie ryzyko,1.6955863534805395,1.6955863534805395,1.181401652039236,1.181401652039236,0.5141847014413036,0.5141847014413036,69.68,30.32
30,WIELKOPOLSKIE,3007,kaliski,3007042,Godziesze Wielkie,niskie ryzyko,55.753654673114106,55.038340636157,52.41794365290774,51.702629615950634,3.335711020206367,3.335711020206367,94.02,5.98
30,WIELKOPOLSKIE,3007,kaliski,3007042,Godziesze Wielkie,wysokie ryzyko,44.96484370208881,43.613287016717265,44.96484370208881,43.613287016717265,0.0,0.0,100.0,0.0
30,WIELKOPOLSKIE,3007,kaliski,3007053,Koźminek,niskie ryzyko,23.285457277793725,23.10377817960308,23.285457277793725,23.10377817960308,0.0,0.0,100.0,0.0
30,WIELKOPOLSKIE,3007,kaliski,3007053,Koźminek,wysokie ryzyko,3.793459600074693,3.7084820874872375,3.793459600074693,3.7084820874872375,0.0,0.0,100.0,0.0
30,WIELKOPOLSKIE,3007,kaliski,3007083,Opatówek,niskie ryzyko,11.88162814894767,11.87759345797314,10.561425854218442,10.557391163243912,1.3202022947292285,1.3202022947292282,88.89,11.11
30,WIELKOPOLSKIE,3007,kaliski,3007112,Żelazków,niskie ryzyko,2.363636363636364,2.3636363636363633,2.363636363636364,2.3636363636363633,0.0,0.0,100.0,0.0
30,WIELKOPOLSKIE,3009,kolski,3009043,Dąbie,niskie ryzyko,843.9362804385876,843.5390633740988,645.1701600246504,644.7729429601617,198.76612041393707,198.76612041393707,76.45,23.55
30,WIELKOPOLSKIE,3009,kolski,3009043,Dąbie,wysokie ryzyko,342.28809911788085,341.48495792826066,283.7261606304622,282.923019440842,58.56193848741866,58.56193848741866,82.89,17.11
30,WIELKOPOLSKIE,3009,kolski,3009052,Grzegorzew,niskie ryzyko,44.62183742985088,43.98871115559161,37.028312077600106,36.39518580334082,7.59352535225078,7.593525352250781,82.98,17.02
30,WIELKOPOLSKIE,3009,kolski,3009072,Koło,niskie ryzyko,254.74736342444845,252.2695486372436,116.0122692272977,113.54788509684596,138.73509419715074,138.72166354039763,45.54,54.46
30,WIELKOPOLSKIE,3009,kolski,3009011,Koło,niskie ryzyko,805.2032005410969,748.0161901675133,692.0119908263944,628.5242783459607,113.19120971470252,119.49191182155266,85.94,14.06
30,WIELKOPOLSKIE,3009,kolski,3009011,Koło,wysokie ryzyko,2055.388993887956,1863.6564504609853,1935.0624453154048,1753.3308495738934,120.3265485725514,110.32560088709172,94.15,5.85
30,WIELKOPOLSKIE,3009,kolski,3009072,Koło,wysokie ryzyko,65.4626271388597,64.04081774221268,21.404883793788738,20.274754395034435,44.05774334507097,43.766063347178246,32.7,67.3
30,WIELKOPOLSKIE,3009,kolski,3009082,Kościelec,niskie ryzyko,1717.298811319578,1740.5865291075704,1499.2545837585735,1528.2262153951306,218.0442275610047,212.36031371243985,87.3,12.7
30,WIELKOPOLSKIE,3009,kolski,3009082,Kościelec,wysokie ryzyko,1667.445181454956,1588.9305665543604,1444.862217026381,1371.8529423095497,222.58296442857477,217.0776242448108,86.65,13.35
30,WIELKOPOLSKIE,3009,kolski,3009063,Kłodawa,niskie ryzyko,26.195166925081377,25.587572545351723,26.195166925081377,25.587572545351723,0.0,0.0,100.0,0.0
30,WIELKOPOLSKIE,3009,kolski,3009063,Kłodawa,wysokie ryzyko,7.569395331608075,7.554482540246997,7.569395331608075,7.554482540246997,0.0,0.0,100.0,0.0
30,WIELKOPOLSKIE,3009,kolski,3009102,Osiek Mały,niskie ryzyko,76.44418418679284,76.44418418679284,64.44836741821526,64.44836741821526,11.995816768577576,11.995816768577576,84.31,15.69
30,WIELKOPOLSKIE,3010,koniński,3010013,Golina,niskie ryzyko,203.19193289348817,202.14658515191073,62.20180345582099,61.15645571424357,140.99012943766715,140.99012943766715,30.61,69.39
30,WIELKOPOLSKIE,3010,koniński,3010013,Golina,wysokie ryzyko,85.6297860121769,85.6297860121769,15.235499281620047,15.235499281620044,70.39428673055684,70.39428673055684,17.79,82.21
30,WIELKOPOLSKIE,3010,koniński,3010052,Kramsk,niskie ryzyko,998.0668189164048,993.8839145796856,718.7557392723756,714.7888325807096,279.3110796440289,279.09508199897607,72.01,27.99
30,WIELKOPOLSKIE,3010,koniński,3010052,Kramsk,wysokie ryzyko,315.1121812511542,323.974524881731,219.1293381638418,227.9916817944185,95.98284308731246,95.98284308731246,69.54,30.46
30,WIELKOPOLSKIE,3010,koniński,3010062,Krzymów,niskie ryzyko,1101.7770676619152,1078.90530236402,673.0651259700953,653.2419945840114,428.71194169181985,425.6633077800085,61.09,38.91
30,WIELKOPOLSKIE,3010,koniński,3010062,Krzymów,wysokie ryzyko,499.5904643110323,495.6163255633529,304.44693511203405,304.0621358830813,195.1435291989982,191.5541896802716,60.94,39.06
30,WIELKOPOLSKIE,3010,koniński,3010073,Rychwał,niskie ryzyko,7.441176625998003,7.441176625998002,0.0,0.0,7.441176625998003,7.441176625998002,0.0,100.0
30,WIELKOPOLSKIE,3010,koniński,3010082,Rzgów,niskie ryzyko,539.3781096744574,538.3916818620227,470.11613216943186,469.1297043569972,69.26197750502553,69.26197750502551,87.16,12.84
30,WIELKOPOLSKIE,3010,koniński,3010082,Rzgów,wysokie ryzyko,317.17742365585735,316.1341601065805,272.782686296541,271.73942274726414,44.39473735931635,44.39473735931635,86.0,14.0
30,WIELKOPOLSKIE,3010,koniński,3010092,Skulsk,niskie ryzyko,46.154484617461726,46.154484617461726,41.42645471665972,41.42645471665972,4.728029900802006,4.728029900802006,89.76,10.24
30,WIELKOPOLSKIE,3010,koniński,3010092,Skulsk,wysokie ryzyko,5.902618433162944,5.902618433162944,5.902618433162944,5.902618433162944,0.0,0.0,100.0,0.0
30,WIELKOPOLSKIE,3010,koniński,3010112,Stare Miasto,niskie ryzyko,200.1438386632741,197.08888648546483,178.71187482948278,176.08398822712377,21.431963833791315,21.004898258341044,89.29,10.71
30,WIELKOPOLSKIE,3010,koniński,3010112,Stare Miasto,wysokie ryzyko,174.64346678614527,177.2713533885043,174.64346678614527,177.2713533885043,0.0,0.0,100.0,0.0
30,WIELKOPOLSKIE,3010,koniński,3010123,Ślesin,niskie ryzyko,3.2439485984813734,1.5719467287244815,0.350697918457071,0.3506979184570709,2.8932506800243023,1.2212488102674106,10.81,89.19
30,WIELKOPOLSKIE,3011,kościański,3011032,Kościan,niskie ryzyko,40.45874248703529,39.41097511303125,37.1379297492833,36.22000331871425,3.320812737751985,3.190971794316993,91.79,8.21
30,WIELKOPOLSKIE,3011,kościański,3011011,Kościan,niskie ryzyko,161.73961013773192,140.56733825742327,158.3819790333875,137.34297924847394,3.357631104344457,3.2243590089493437,97.92,2.08
30,WIELKOPOLSKIE,3011,kościański,3011011,Kościan,wysokie ryzyko,385.36164104040495,361.1916578429409,385.36164104040495,361.1916578429409,0.0,0.0,100.0,0.0
30,WIELKOPOLSKIE,3011,kościański,3011032,Kościan,wysokie ryzyko,17.501510702141367,17.436257766855718,17.501510702141367,17.436257766855718,0.0,0.0,100.0,0.0
30,WIELKOPOLSKIE,3011,kościański,3011043,Krzywiń,niskie ryzyko,11.452480194335704,11.060106639419018,7.207367380462675,6.81499382554599,4.245112813873029,4.245112813873028,62.93,37.07
30,WIELKOPOLSKIE,3012,krotoszyński,3012023,Kobylin,niskie ryzyko,1.9057561060234125,1.9057561060234125,1.9057561060234125,1.9057561060234125,0.0,0.0,100.0,0.0
30,WIELKOPOLSKIE,3012,krotoszyński,3012033,Koźmin Wielkopolski,niskie ryzyko,39.382100384720715,38.07690050717311,28.814461410925407,28.81446141092541,10.567638973795306,9.262439096247698,73.17,26.83
30,WIELKOPOLSKIE,3008,kępiński,3008042,Łęka Opatowska,niskie ryzyko,1.5028713952324426,1.5028713952324426,0.0,0.0,1.5028713952324426,1.5028713952324426,0.0,100.0
30,WIELKOPOLSKIE,3013,leszczyński,3013043,Rydzyna,niskie ryzyko,147.88468095798115,147.19836261814524,109.7857904305292,109.09947209069328,38.09889052745196,38.09889052745196,74.24,25.76
30,WIELKOPOLSKIE,3013,leszczyński,3013043,Rydzyna,wysokie ryzyko,86.40431441259675,84.94594992472062,63.47274466198624,63.47274466198625,22.931569750610503,21.473205262734375,73.46,26.54
30,WIELKOPOLSKIE,3014,międzychodzki,3014033,Międzychód,niskie ryzyko,241.14945640128064,232.59575919416616,164.69827687607386,156.5763308950227,76.45117952520678,76.01942829914348,68.3,31.7
30,WIELKOPOLSKIE,3014,międzychodzki,3014033,Międzychód,wysokie ryzyko,380.0383265310669,317.48643258838484,226.3431533882627,164.96947717544532,153.69517314280415,152.51695541293955,59.56,40.44
30,WIELKOPOLSKIE,3014,międzychodzki,3014043,Sieraków,niskie ryzyko,121.7772057349963,112.9247911231755,106.96174867520706,101.16918331609388,14.815457059789235,11.755607807081606,87.83,12.17
30,WIELKOPOLSKIE,3014,międzychodzki,3014043,Sieraków,wysokie ryzyko,46.91153264445556,46.83756374564472,31.137756377182704,31.06378747837187,15.773776267272853,15.773776267272853,66.38,33.62
30,WIELKOPOLSKIE,3015,nowotomyski,3015063,Zbąszyń,niskie ryzyko,372.9878156979413,301.633200365806,354.3981618170504,283.04354648491505,18.589653880890904,18.589653880890904,95.02,4.98
30,WIELKOPOLSKIE,3015,nowotomyski,3015063,Zbąszyń,wysokie ryzyko,37.05759874042213,21.865079428541723,37.05759874042213,21.865079428541723,0.0,0.0,100.0,0.0
30,WIELKOPOLSKIE,3016,obornicki,3016013,Oborniki,niskie ryzyko,312.11074512410175,477.85821821623966,254.37734842951275,421.2976861253531,57.73339669458901,56.560532090886525,81.5,18.5
30,WIELKOPOLSKIE,3016,obornicki,3016013,Oborniki,wysokie ryzyko,518.6042609476254,409.29967726608487,490.9707262481621,381.66614256662155,27.63353469946331,27.63353469946331,94.67,5.33
30,WIELKOPOLSKIE,3016,obornicki,3016023,Rogoźno,niskie ryzyko,217.97765607268343,194.87592450698557,164.01156414980855,141.69779296008292,53.96609192287488,53.17813154690266,75.24,24.76
30,WIELKOPOLSKIE,3017,ostrowski,3017023,Nowe Skalmierzyce,wysokie ryzyko,0.3027732797982465,0.3027732797982465,0.3027732797982465,0.3027732797982465,0.0,0.0,100.0,0.0
30,WIELKOPOLSKIE,3017,ostrowski,3017033,Odolanów,niskie ryzyko,431.29987016320496,423.7096114728118,421.39752335406473,388.9365586939271,9.902346809140198,34.77305277888463,97.7,2.3
30,WIELKOPOLSKIE,3017,ostrowski,3017033,Odolanów,wysokie ryzyko,897.1464570114094,946.353313342432,888.6452700096829,937.8521263407054,8.501187001726475,8.501187001726475,99.05,0.95
30,WIELKOPOLSKIE,3017,ostrowski,3017011,Ostrów Wielkopolski,niskie ryzyko,50.12288600828791,49.00676891746467,50.12288600828791,49.00676891746467,0.0,0.0,100.0,0.0
30,WIELKOPOLSKIE,3017,ostrowski,3017042,Ostrów Wielkopolski,niskie ryzyko,4.580152733409407,4.580152733409407,4.580152733409407,4.580152733409407,0.0,0.0,100.0,0.0
30,WIELKOPOLSKIE,3017,ostrowski,3017011,Ostrów Wielkopolski,wysokie ryzyko,30.615435487114866,28.439112096289847,30.615435487114866,28.439112096289847,0.0,0.0,100.0,0.0
30,WIELKOPOLSKIE,3017,ostrowski,3017052,Przygodzice,niskie ryzyko,1.3333333333333333,1.3333333333333333,1.3333333333333333,1.3333333333333333,0.0,0.0,100.0,0.0
30,WIELKOPOLSKIE,3017,ostrowski,3017063,Raszków,niskie ryzyko,6.746624101666178,6.746624101666178,6.746624101666178,6.746624101666178,0.0,0.0,100.0,0.0
30,WIELKOPOLSKIE,3017,ostrowski,3017063,Raszków,wysokie ryzyko,8.112319419832684,8.112319419832684,8.112319419832684,8.112319419832684,0.0,0.0,100.0,0.0
30,WIELKOPOLSKIE,3017,ostrowski,3017072,Sieroszewice,niskie ryzyko,10.90693654375989,10.90693654375989,9.94693521693216,9.94693521693216,0.9600013268277312,0.9600013268277312,91.2,8.8
30,WIELKOPOLSKIE,3017,ostrowski,3017072,Sieroszewice,wysokie ryzyko,0.3016140209933095,0.2549742991455819,0.3016140209933095,0.2549742991455819,0.0,0.0,100.0,0.0
30,WIELKOPOLSKIE,3017,ostrowski,3017082,Sośnie,niskie ryzyko,45.64077616508785,45.60677060920636,35.76506975519009,35.7310641993086,9.875706409897756,9.875706409897758,78.36,21.64
30,WIELKOPOLSKIE,3017,ostrowski,3017082,Sośnie,wysokie ryzyko,31.999274954777633,31.78904151464411,13.38003693994326,13.169803499809742,18.619238014834373,18.619238014834373,41.81,58.19
30,WIELKOPOLSKIE,3018,ostrzeszowski,3018022,Doruchów,niskie ryzyko,0.9232306738716698,0.92323067387167,0.9232306738716698,0.92323067387167,0.0,0.0,100.0,0.0
30,WIELKOPOLSKIE,3018,ostrzeszowski,3018033,Grabów nad Prosną,niskie ryzyko,60.86610550139349,67.03696171563298,60.84941117409774,67.02026738833723,0.0166943272957454,0.0166943272957454,99.97,0.03
30,WIELKOPOLSKIE,3018,ostrzeszowski,3018033,Grabów nad Prosną,wysokie ryzyko,4.73672618575898,4.736726185758981,4.73672618575898,4.736726185758981,0.0,0.0,100.0,0.0
30,WIELKOPOLSKIE,3019,pilski,3019011,Piła,niskie ryzyko,158.71595529985237,157.78253071353538,154.39443801169267,135.29067262703006,4.321517288159704,22.491858086505317,97.28,2.72
30,WIELKOPOLSKIE,3019,pilski,3019011,Piła,wysokie ryzyko,2.0378634064126717,2.010268819621166,2.0378634064126717,2.010268819621166,0.0,0.0,100.0,0.0
30,WIELKOPOLSKIE,3019,pilski,3019062,Szydłowo,niskie ryzyko,11.44395598186586,11.344779338664306,0.0,0.0,11.44395598186586,11.344779338664306,0.0,100.0
30,WIELKOPOLSKIE,3019,pilski,3019073,Ujście,niskie ryzyko,88.9737965293104,88.52243915749854,88.9737965293104,88.52243915749854,0.0,0.0,100.0,0.0
30,WIELKOPOLSKIE,3019,pilski,3019073,Ujście,wysokie ryzyko,9.40093583845129,9.399565078698952,9.40093583845129,9.399565078698952,0.0,0.0,100.0,0.0
30,WIELKOPOLSKIE,3019,pilski,3019083,Wyrzysk,niskie ryzyko,72.17325574533429,72.17304384243509,68.17325574533429,68.17304384243509,4.0,4.0,94.46,5.54
30,WIELKOPOLSKIE,3019,pilski,3019083,Wyrzysk,wysokie ryzyko,27.937566273032864,27.937566273032864,24.937566273032864,24.937566273032864,3.0,3.0000000000000004,89.26,10.74
30,WIELKOPOLSKIE,3020,pleszewski,3020013,Chocz,niskie ryzyko,20.171012512872615,19.58069615509279,20.171012512872615,19.58069615509279,0.0,0.0,100.0,0.0
30,WIELKOPOLSKIE,3020,pleszewski,3020013,Chocz,wysokie ryzyko,10.52834379594087,9.731334592131883,10.52834379594087,9.731334592131883,0.0,0.0,100.0,0.0
30,WIELKOPOLSKIE,3020,pleszewski,3020022,Czermin,niskie ryzyko,88.81084270493494,88.81084270493494,88.81084270493494,88.81084270493494,0.0,0.0,100.0,0.0
30,WIELKOPOLSKIE,3020,pleszewski,3020033,Dobrzyca,niskie ryzyko,0.0,2.1384942350952114,0.0,2.1384942350952114,0.0,0.0,0.0,0.0
30,WIELKOPOLSKIE,3020,pleszewski,3020042,Gizałki,niskie ryzyko,178.3821737594873,169.44436138364435,178.3821737594873,169.44436138364435,0.0,0.0,100.0,0.0
30,WIELKOPOLSKIE,3020,pleszewski,3020042,Gizałki,wysokie ryzyko,34.190508522836545,39.06205054231734,34.190508522836545,39.06205054231734,0.0,0.0,100.0,0.0
30,WIELKOPOLSKIE,3020,pleszewski,3020052,Gołuchów,niskie ryzyko,2.323052927308165,2.3230529273081655,2.323052927308165,2.3230529273081655,0.0,0.0,100.0,0.0
30,WIELKOPOLSKIE,3020,pleszewski,3020052,Gołuchów,wysokie ryzyko,3.0,3.0,3.0,3.0,0.0,0.0,100.0,0.0
30,WIELKOPOLSKIE,3020,pleszewski,3020063,Pleszew,niskie ryzyko,2.990289529349998,2.990289529349998,2.990289529349998,2.990289529349998,0.0,0.0,100.0,0.0
30,WIELKOPOLSKIE,3021,poznański,3021042,Czerwonak,niskie ryzyko,60.367209911254776,59.92000361099173,40.771173027736104,42.023120340366845,19.59603688351867,17.89688327062488,67.54,32.46
30,WIELKOPOLSKIE,3021,poznański,3021042,Czerwonak,wysokie ryzyko,8.719510269660919,12.763308083822436,0.0,4.043797814161518,8.719510269660919,8.719510269660917,0.0,100.0
30,WIELKOPOLSKIE,3021,poznański,3021052,Dopiewo,niskie ryzyko,14.442479650547051,11.55311999156293,14.442479650547051,11.55311999156293,0.0,0.0,100.0,0.0
30,WIELKOPOLSKIE,3021,poznański,3021072,Komorniki,niskie ryzyko,162.44633607589196,158.51890736494897,65.08776437279222,36.191823556094626,97.35857170309974,122.32708380885435,40.07,59.93
30,WIELKOPOLSKIE,3021,poznański,3021072,Komorniki,wysokie ryzyko,69.76071285805146,42.039974961525935,10.543914701841723,3.589776764851189,59.21679815620974,38.45019819667475,15.11,84.89
30,WIELKOPOLSKIE,3021,poznański,3021093,Kórnik,niskie ryzyko,21.241537179950193,21.241537179950193,0.5127497809079006,0.5127497809079005,20.728787399042293,20.728787399042293,2.41,97.59
30,WIELKOPOLSKIE,3021,poznański,3021011,Luboń,niskie ryzyko,148.4320886056006,115.97801180353302,145.5783448243494,113.1242680222818,2.8537437812512065,2.8537437812512065,98.08,1.92
30,WIELKOPOLSKIE,3021,poznański,3021011,Luboń,wysokie ryzyko,286.8625913575481,284.1554650043062,280.7377638869175,278.03063753367553,6.124827470630676,6.124827470630676,97.86,2.14
30,WIELKOPOLSKIE,3021,poznański,3021103,Mosina,niskie ryzyko,572.4451028343074,536.8649656884659,74.12922791018543,68.31743152964435,498.3158749241219,468.54753415882146,12.95,87.05
30,WIELKOPOLSKIE,3021,poznański,3021103,Mosina,wysokie ryzyko,180.2723657011184,177.92037289423146,0.7197304653521311,0.7197304653521311,179.55263523576627,177.20064242887932,0.4,99.6
30,WIELKOPOLSKIE,3021,poznański,3021113,Murowana Goślina,niskie ryzyko,11.309643685360609,11.309643685360609,0.0,0.0,11.309643685360609,11.309643685360609,0.0,100.0
30,WIELKOPOLSKIE,3021,poznański,3021113,Murowana Goślina,wysokie ryzyko,5.6930215520410625,5.693021552041062,0.0,0.0,5.6930215520410625,5.693021552041062,0.0,100.0
30,WIELKOPOLSKIE,3021,poznański,3021123,Pobiedziska,niskie ryzyko,14.53966347774469,13.492406488746145,3.817488255022761,2.770231266024213,10.722175222721928,10.72217522272193,26.26,73.74
30,WIELKOPOLSKIE,3021,poznański,3021021,Puszczykowo,niskie ryzyko,217.1489292908707,205.84389596207524,0.0,0.0,217.1489292908707,205.84389596207524,0.0,100.0
30,WIELKOPOLSKIE,3021,poznański,3021021,Puszczykowo,wysokie ryzyko,563.6946893187426,540.8277525738649,0.0,0.0,563.6946893187426,540.8277525738649,0.0,100.0
30,WIELKOPOLSKIE,3021,poznański,3021143,Stęszew,niskie ryzyko,15.712102312936846,15.62781739886151,0.0,0.0,15.712102312936846,15.62781739886151,0.0,100.0
30,WIELKOPOLSKIE,3021,poznański,3021143,Stęszew,wysokie ryzyko,0.2316611185552811,0.2316611185552811,0.0,0.0,0.2316611185552811,0.2316611185552811,0.0,100.0
30,WIELKOPOLSKIE,3021,poznański,3021152,Suchy Las,niskie ryzyko,1.0,1.0,1.0,1.0,0.0,0.0,100.0,0.0
30,WIELKOPOLSKIE,3021,poznański,3021163,Swarzędz,niskie ryzyko,20.840750803038652,17.04923418862898,0.8996823726160563,0.8934740780405156,19.941068430422597,16.155760110588467,4.32,95.68
30,WIELKOPOLSKIE,3022,rawicki,3022023,Jutrosin,niskie ryzyko,10.164330721021912,9.756318169282736,10.164330721021912,9.756318169282736,0.0,0.0,100.0,0.0
30,WIELKOPOLSKIE,3022,rawicki,3022042,Pakosław,niskie ryzyko,47.12818698117545,47.12818698117545,47.12818698117545,47.12818698117545,0.0,0.0,100.0,0.0
30,WIELKOPOLSKIE,3022,rawicki,3022053,Rawicz,niskie ryzyko,130.97675343917183,133.8171759861714,84.08876442388424,87.02442077736669,46.88798901528758,46.792755208804714,64.2,35.8
30,WIELKOPOLSKIE,3022,rawicki,3022053,Rawicz,wysokie ryzyko,6.8317632269584365,6.8317632269584365,6.8317632269584365,6.8317632269584365,0.0,0.0,100.0,0.0
30,WIELKOPOLSKIE,3024,szamotulski,3024011,Obrzycko,niskie ryzyko,112.93436848614306,129.22130774964543,97.0937073082756,115.99776708647876,15.84066117786745,13.223540663166702,85.97,14.03
30,WIELKOPOLSKIE,3024,szamotulski,3024042,Obrzycko,niskie ryzyko,56.40492780455307,53.06325038490089,50.40492780455307,47.06325038490089,6.0,6.0,89.36,10.64
30,WIELKOPOLSKIE,3024,szamotulski,3024011,Obrzycko,wysokie ryzyko,8.252567292074053,7.851915142369949,8.252567292074053,7.851915142369949,0.0,0.0,100.0,0.0
30,WIELKOPOLSKIE,3024,szamotulski,3024042,Obrzycko,wysokie ryzyko,75.43405888634933,69.245788895469,75.43405888634933,69.245788895469,0.0,0.0,100.0,0.0
30,WIELKOPOLSKIE,3024,szamotulski,3024073,Szamotuły,niskie ryzyko,39.67385614644455,90.75635578366948,37.200818985226334,88.28331862245128,2.473037161218217,2.4730371612182176,93.77,6.23
30,WIELKOPOLSKIE,3024,szamotulski,3024083,Wronki,niskie ryzyko,99.83160552023855,159.23506457037223,34.1906384083573,91.56524544137656,65.64096711188127,67.66981912899566,34.25,65.75
30,WIELKOPOLSKIE,3024,szamotulski,3024083,Wronki,wysokie ryzyko,74.08699507076001,43.63959107843332,61.609948265147246,31.16254427282056,12.47704680561276,12.47704680561276,83.16,16.84
30,WIELKOPOLSKIE,3023,słupecki,3023022,Lądek,niskie ryzyko,118.37012604005444,113.81258183869411,112.96649996001626,108.40895575865594,5.403626080038184,5.403626080038185,95.43,4.57
30,WIELKOPOLSKIE,3023,słupecki,3023022,Lądek,wysokie ryzyko,168.27242061600404,168.27242061600404,168.27242061600404,168.27242061600404,0.0,0.0,100.0,0.0
30,WIELKOPOLSKIE,3023,słupecki,3023062,Słupca,niskie ryzyko,36.60768376746568,36.60768376746568,36.60768376746568,36.60768376746568,0.0,0.0,100.0,0.0
30,WIELKOPOLSKIE,3023,słupecki,3023083,Zagórów,niskie ryzyko,114.95419902625268,111.09367980879752,109.95419902625268,106.09367980879752,5.0,5.0,95.65,4.35
30,WIELKOPOLSKIE,3023,słupecki,3023083,Zagórów,wysokie ryzyko,35.601184950065765,33.72026934748125,23.601184950065765,21.72026934748125,12.0,12.0,66.29,33.71
30,WIELKOPOLSKIE,3027,turecki,3027022,Brudzew,niskie ryzyko,493.0593224128713,478.97602937391736,307.3447975683456,293.2615045293917,185.71452484452573,185.71452484452573,62.33,37.67
30,WIELKOPOLSKIE,3027,turecki,3027022,Brudzew,wysokie ryzyko,240.66519419086345,254.95258750056408,152.81085598781178,172.47641330146178,87.85433820305165,82.4761741991023,63.5,36.5
30,WIELKOPOLSKIE,3027,turecki,3027033,Dobra,niskie ryzyko,192.55762045122637,190.74228807471752,93.29798189869815,91.48264952218932,99.25963855252822,99.25963855252822,48.45,51.55
30,WIELKOPOLSKIE,3027,turecki,3027033,Dobra,wysokie ryzyko,82.21078475475856,79.29545055053687,52.09190800558427,49.17657380136258,30.118876749174294,30.118876749174294,63.36,36.64
30,WIELKOPOLSKIE,3027,turecki,3027062,Przykona,niskie ryzyko,307.45988775158713,310.3841821320724,209.64381735081167,212.56811173129697,97.81607040077544,97.81607040077544,68.19,31.81
30,WIELKOPOLSKIE,3027,turecki,3027062,Przykona,wysokie ryzyko,224.5115974685186,221.58730308803337,154.2431143349238,151.31881995443854,70.2684831335948,70.2684831335948,68.7,31.3
30,WIELKOPOLSKIE,3027,turecki,3027073,Tuliszków,niskie ryzyko,7.252347927638767,7.252347927638766,0.0,0.0,7.252347927638767,7.252347927638766,0.0,100.0
30,WIELKOPOLSKIE,3027,turecki,3027082,Turek,niskie ryzyko,21.62410862849037,21.62410862849037,14.894288360097448,14.894288360097448,6.7298202683929205,6.7298202683929205,68.88,31.12
30,WIELKOPOLSKIE,3029,wolsztyński,3029012,Przemęt,niskie ryzyko,18.713023921337033,18.713023921337033,18.713023921337033,18.713023921337033,0.0,0.0,100.0,0.0
30,WIELKOPOLSKIE,3029,wolsztyński,3029022,Siedlec,niskie ryzyko,89.17586654165407,88.544639757163,83.7810592449759,83.14983246048483,5.3948072966781675,5.3948072966781675,93.95,6.05
30,WIELKOPOLSKIE,3029,wolsztyński,3029022,Siedlec,wysokie ryzyko,77.83612569279423,77.18793527387129,77.83612569279423,77.18793527387129,0.0,0.0,100.0,0.0
30,WIELKOPOLSKIE,3029,wolsztyński,3029033,Wolsztyn,niskie ryzyko,13.789068961239558,13.626214539588153,13.777149501048925,13.615042010667963,0.0119194601906326,0.0111725289201899,99.91,0.09
30,WIELKOPOLSKIE,3029,wolsztyński,3029033,Wolsztyn,wysokie ryzyko,28.56420219775246,28.384812170896417,28.56420219775246,28.384812170896417,0.0,0.0,100.0,0.0
30,WIELKOPOLSKIE,3030,wrzesiński,3030012,Kołaczkowo,niskie ryzyko,69.41711390055278,61.27092223480406,32.457733125253036,30.925171188744432,36.95938077529974,30.345751046059632,46.76,53.24
30,WIELKOPOLSKIE,3030,wrzesiński,3030012,Kołaczkowo,wysokie ryzyko,6.083729474977236,6.0667646270001345,0.0,0.0,6.083729474977236,6.0667646270001345,0.0,100.0
30,WIELKOPOLSKIE,3030,wrzesiński,3030023,Miłosław,niskie ryzyko,411.91822151894206,397.4033381412606,403.0978419713398,388.4916643382043,8.820379547602245,8.911673803056267,97.86,2.14
30,WIELKOPOLSKIE,3030,wrzesiński,3030023,Miłosław,wysokie ryzyko,440.66710009573853,471.2969961870633,423.1659532691475,454.6864101817786,17.50114682659103,16.610586005284663,96.03,3.97
30,WIELKOPOLSKIE,3030,wrzesiński,3030043,Pyzdry,niskie ryzyko,728.9720654436654,722.5910232832402,337.8354207270618,331.57751644868523,391.13664471660366,391.01350683455496,46.34,53.66
30,WIELKOPOLSKIE,3030,wrzesiński,3030043,Pyzdry,wysokie ryzyko,555.2070005924259,546.9075887967019,404.0537914506991,395.7543796549753,151.15320914172668,151.15320914172668,72.78,27.22
30,WIELKOPOLSKIE,3030,wrzesiński,3030053,Września,niskie ryzyko,177.63200374263343,117.9071382794187,106.06443071119956,59.355657603370474,71.56757303143387,58.55148067604822,59.71,40.29
30,WIELKOPOLSKIE,3030,wrzesiński,3030053,Września,wysokie ryzyko,6.681504665581244,6.681504665581246,5.9327374301259335,5.932737430125934,0.7487672354553108,0.7487672354553108,88.79,11.21
30,WIELKOPOLSKIE,3028,wągrowiecki,3028043,Mieścisko,niskie ryzyko,9.982160501846494,9.226675582549152,5.851851851851852,5.096366932554511,4.130308649994642,4.130308649994642,58.62,41.38
30,WIELKOPOLSKIE,3028,wągrowiecki,3028053,Skoki,niskie ryzyko,72.86862965879361,94.65205844989742,72.86862965879361,90.31600932331772,0.0,4.33604912657969,100.0,0.0
30,WIELKOPOLSKIE,3028,wągrowiecki,3028053,Skoki,wysokie ryzyko,57.623714203516656,44.29220145223468,47.69284756427759,34.36133481299562,9.93086663923906,9.930866639239058,82.77,17.23
30,WIELKOPOLSKIE,3028,wągrowiecki,3028011,Wągrowiec,niskie ryzyko,65.46169192986027,60.70086827385428,64.62625290250533,59.882991085827534,0.8354390273549344,0.8178771880267461,98.72,1.28
30,WIELKOPOLSKIE,3028,wągrowiecki,3028072,Wągrowiec,niskie ryzyko,0.1276483970220904,0.1176098543604059,0.0583733736085402,0.0483348309468557,0.0692750234135502,0.0692750234135502,45.73,54.27
30,WIELKOPOLSKIE,3031,złotowski,3031023,Jastrowie,niskie ryzyko,3.2222227782527346,3.159917695645729,0.0,0.0,3.2222227782527346,3.159917695645729,0.0,100.0
30,WIELKOPOLSKIE,3025,średzki,3025022,Krzykosy,niskie ryzyko,1076.9514352027188,1066.86094458021,749.1133365642974,747.7484353631602,327.8380986384215,319.11250921705,69.56,30.44
30,WIELKOPOLSKIE,3025,średzki,3025022,Krzykosy,wysokie ryzyko,765.2442528712307,749.274727791737,442.8123104033818,423.18145768284745,322.4319424678489,326.09327010888944,57.87,42.13
30,WIELKOPOLSKIE,3025,średzki,3025032,Nowe Miasto nad Wartą,niskie ryzyko,168.01513432293703,164.33972210586094,70.6579085177911,66.98249630071498,97.35722580514596,97.35722580514596,42.05,57.95
30,WIELKOPOLSKIE,3025,średzki,3025032,Nowe Miasto nad Wartą,wysokie ryzyko,100.21804886259618,105.9767997057658,3.0060358378463077,8.764786681015924,97.21201302474988,97.21201302474988,3.0,97.0
30,WIELKOPOLSKIE,3025,średzki,3025053,Zaniemyśl,niskie ryzyko,98.84977144129832,98.84977144129832,69.89699201440469,69.89699201440467,28.95277942689364,28.95277942689364,70.71,29.29
30,WIELKOPOLSKIE,3025,średzki,3025053,Zaniemyśl,wysokie ryzyko,49.529287592997235,49.529287592997235,47.279287592997235,47.279287592997235,2.25,2.25,95.46,4.54
30,WIELKOPOLSKIE,3025,średzki,3025043,Środa Wielkopolska,niskie ryzyko,14.744179724794677,13.713466901089602,5.3179917740997515,5.133323353595076,9.426187950694926,8.580143547494526,36.07,63.93
30,WIELKOPOLSKIE,3025,średzki,3025043,Środa Wielkopolska,wysokie ryzyko,4.431826050827505,4.431826050827505,0.0,0.0,4.431826050827505,4.431826050827505,0.0,100.0
30,WIELKOPOLSKIE,3026,śremski,3026012,Brodnica,wysokie ryzyko,25.017907777751383,24.751295529302165,0.0,0.0,25.017907777751383,24.751295529302165,0.0,100.0
30,WIELKOPOLSKIE,3026,śremski,3026033,Książ Wielkopolski,niskie ryzyko,196.37047905046143,196.36653822378705,77.0160703300724,77.0160703300724,119.35440872038902,119.35046789371464,39.22,60.78
30,WIELKOPOLSKIE,3026,śremski,3026033,Książ Wielkopolski,wysokie ryzyko,38.50389127199212,38.50389127199212,15.172663559725091,15.172663559725097,23.331227712267022,23.331227712267022,39.41,60.59
30,WIELKOPOLSKIE,3026,śremski,3026043,Śrem,niskie ryzyko,1296.7859696208372,1128.075189079713,882.9263296712413,731.4746844233206,413.859639949596,396.6005046563925,68.09,31.91
30,WIELKOPOLSKIE,3026,śremski,3026043,Śrem,wysokie ryzyko,868.9510004543481,886.402726066189,656.9255597803509,674.3772853921918,212.0254406739972,212.02544067399717,75.6,24.4
32,ZACHODNIOPOMORSKIE,3262,Szczecin,3262011,Szczecin,niskie ryzyko,569.9894854229295,551.3353953100853,549.6749940259833,527.2437586760688,20.31449139694625,24.091636634016616,96.44,3.56
32,ZACHODNIOPOMORSKIE,3262,Szczecin,3262011,Szczecin,wysokie ryzyko,445.8839414318816,707.6967479368807,381.9122835415099,554.3441352990645,63.97165789037172,153.35261263781626,85.65,14.35
32,ZACHODNIOPOMORSKIE,3201,białogardzki,3201011,Białogard,niskie ryzyko,886.4882230681283,818.5121789825597,882.6880231606934,814.7119790751249,3.800199907434812,3.800199907434812,99.57,0.43
32,ZACHODNIOPOMORSKIE,3201,białogardzki,3201022,Białogard,niskie ryzyko,18.290117199818113,18.215513966064183,0.0,0.0,18.290117199818113,18.215513966064183,0.0,100.0
32,ZACHODNIOPOMORSKIE,3201,białogardzki,3201011,Białogard,wysokie ryzyko,548.8990119469211,490.29828955492377,548.8990119469211,490.29828955492377,0.0,0.0,100.0,0.0
32,ZACHODNIOPOMORSKIE,3201,białogardzki,3201022,Białogard,wysokie ryzyko,1.4872000712303903,1.4872000712303903,0.0,0.0,1.4872000712303903,1.4872000712303903,0.0,100.0
32,ZACHODNIOPOMORSKIE,3201,białogardzki,3201033,Karlino,niskie ryzyko,64.57303879080392,41.49604305307791,59.87560525489089,36.79860951716488,4.697433535913032,4.6974335359130315,92.73,7.27
32,ZACHODNIOPOMORSKIE,3201,białogardzki,3201043,Tychowo,niskie ryzyko,7.374115655258896,7.374115655258896,0.0,0.0,7.374115655258896,7.374115655258896,0.0,100.0
32,ZACHODNIOPOMORSKIE,3202,choszczeński,3202033,Drawno,niskie ryzyko,27.6801223034626,27.01990295657749,27.44327992581529,26.783060578930176,0.2368423776473092,0.2368423776473091,99.14,0.86
32,ZACHODNIOPOMORSKIE,3202,choszczeński,3202042,Krzęcin,niskie ryzyko,18.123042181704587,17.845537864547342,18.123042181704587,17.845537864547342,0.0,0.0,100.0,0.0
32,ZACHODNIOPOMORSKIE,3202,choszczeński,3202063,Recz,niskie ryzyko,1.5411841655393854,1.5411841655393854,0.0,0.0,1.5411841655393854,1.5411841655393854,0.0,100.0
32,ZACHODNIOPOMORSKIE,3203,drawski,3203023,Drawsko Pomorskie,niskie ryzyko,6.360943718499016,171.1483543766152,2.135307743067852,166.92271840118406,4.225635975431164,4.225635975431164,33.57,66.43
32,ZACHODNIOPOMORSKIE,3203,drawski,3203063,Złocieniec,niskie ryzyko,4.235326714181484,4.235326714181484,2.2700325100144365,2.2700325100144365,1.9652942041670485,1.9652942041670485,53.6,46.4
32,ZACHODNIOPOMORSKIE,3203,drawski,3203063,Złocieniec,wysokie ryzyko,0.4351566838929523,0.4351566838929523,0.4351566838929523,0.4351566838929523,0.0,0.0,100.0,0.0
32,ZACHODNIOPOMORSKIE,3204,goleniowski,3204023,Goleniów,niskie ryzyko,617.0693073922935,828.3959847551555,291.7744437245152,503.6858967738415,325.2948636677783,324.710087981314,47.28,52.72
32,ZACHODNIOPOMORSKIE,3204,goleniowski,3204023,Goleniów,wysokie ryzyko,673.2714626567507,549.9595500591266,616.8516964725104,492.0842406035793,56.419766184240295,57.875309455547374,91.62,8.38
32,ZACHODNIOPOMORSKIE,3204,goleniowski,3204043,Nowogard,niskie ryzyko,1.1871415862523111,1.1871415862523111,0.1789894027250845,0.1789894027250845,1.008152183527227,1.008152183527227,15.08,84.92
32,ZACHODNIOPOMORSKIE,3204,goleniowski,3204043,Nowogard,wysokie ryzyko,7.460540083668068,7.460540083668068,0.0,0.0,7.460540083668068,7.460540083668068,0.0,100.0
32,ZACHODNIOPOMORSKIE,3204,goleniowski,3204062,Przybiernów,niskie ryzyko,11.657643852179756,11.31655854302712,0.8988605693319219,0.898860569331922,10.758783282847832,10.417697973695198,7.71,92.29
32,ZACHODNIOPOMORSKIE,3204,goleniowski,3204073,Stepnica,niskie ryzyko,614.7930223623479,601.6733610187135,500.8616046290333,488.3370541839092,113.93141773331452,113.33630683480428,81.47,18.53
32,ZACHODNIOPOMORSKIE,3204,goleniowski,3204073,Stepnica,wysokie ryzyko,666.4828059244509,630.1590535915661,577.1508456434456,539.6347984324032,89.33196028100528,90.52425515916296,86.6,13.4
32,ZACHODNIOPOMORSKIE,3205,gryficki,3205012,Brojce,wysokie ryzyko,2.677073704465279,2.677073704465279,2.677073704465279,2.677073704465279,0.0,0.0,100.0,0.0
32,ZACHODNIOPOMORSKIE,3205,gryficki,3205023,Gryfice,niskie ryzyko,194.3400940952192,164.27290352870386,171.1400940952192,155.48201231051223,23.2,8.790891218191636,88.06,11.94
32,ZACHODNIOPOMORSKIE,3205,gryficki,3205023,Gryfice,wysokie ryzyko,65.61810205756953,51.13431663485195,65.61810205756953,51.13431663485195,0.0,0.0,100.0,0.0
32,ZACHODNIOPOMORSKIE,3205,gryficki,3205032,Karnice,niskie ryzyko,1.2571859128153555,1.2181819751616034,0.0,0.0,1.2571859128153555,1.2181819751616034,0.0,100.0
32,ZACHODNIOPOMORSKIE,3205,gryficki,3205043,Płoty,niskie ryzyko,11.31824396296384,5.049057745726448,11.31824396296384,5.049057745726448,0.0,0.0,100.0,0.0
32,ZACHODNIOPOMORSKIE,3205,gryficki,3205072,Rewal,niskie ryzyko,4.472025132007785,3.4065680876797866,4.269910702223811,3.2119223071755214,0.2021144297839737,0.1946457805042651,95.48,4.52
32,ZACHODNIOPOMORSKIE,3205,gryficki,3205083,Trzebiatów,niskie ryzyko,255.8790101329483,474.8445036013958,252.97304605245264,471.9266005802817,2.9059640804956524,2.917903021114096,98.86,1.14
32,ZACHODNIOPOMORSKIE,3205,gryficki,3205083,Trzebiatów,wysokie ryzyko,319.9471656178918,290.3646105533429,319.9471656178918,290.3646105533429,0.0,0.0,100.0,0.0
32,ZACHODNIOPOMORSKIE,3206,gryfiński,3206012,Banie,niskie ryzyko,20.413984800088944,42.73422138001702,20.413984800088944,42.27513198669874,0.0,0.4590893933182812,100.0,0.0
32,ZACHODNIOPOMORSKIE,3206,gryfiński,3206012,Banie,wysokie ryzyko,43.98741636525824,33.368567578446914,43.98741636525824,33.368567578446914,0.0,0.0,100.0,0.0
32,ZACHODNIOPOMORSKIE,3206,gryfiński,3206023,Cedynia,niskie ryzyko,225.0116775637731,257.96506460068537,95.91708231488624,129.25204558606606,129.09459524888686,128.7130190146193,42.63,57.37
32,ZACHODNIOPOMORSKIE,3206,gryfiński,3206023,Cedynia,wysokie ryzyko,501.1196243664543,461.4402206331496,402.3154093800627,361.5018026058609,98.8042149863916,99.93841802728863,80.28,19.72
32,ZACHODNIOPOMORSKIE,3206,gryfiński,3206033,Chojna,niskie ryzyko,50.31723558978244,48.72881886423371,24.934288294621705,21.02913504753068,25.382947295160733,27.699683816703043,49.55,50.45
32,ZACHODNIOPOMORSKIE,3206,gryfiński,3206033,Chojna,wysokie ryzyko,26.94299187402586,19.31515167074088,18.192707661032465,12.48290379654798,8.750284212993396,6.832247874192898,67.52,32.48
32,ZACHODNIOPOMORSKIE,3206,gryfiński,3206043,Gryfino,niskie ryzyko,61.211904519126435,112.75049741601389,32.9065098374763,70.93438571907308,28.30539468165013,41.8161116969408,53.76,46.24
32,ZACHODNIOPOMORSKIE,3206,gryfiński,3206043,Gryfino,wysokie ryzyko,80.50817236423929,169.51355243194618,44.254177114858,131.79000209899917,36.25399524938128,37.72355033294703,54.97,45.03
32,ZACHODNIOPOMORSKIE,3206,gryfiński,3206053,Mieszkowice,niskie ryzyko,39.13098956934321,34.93511933733318,5.161450268302274,8.190810701524349,33.96953930104093,26.744308635808828,13.19,86.81
32,ZACHODNIOPOMORSKIE,3206,gryfiński,3206053,Mieszkowice,wysokie ryzyko,2.589564541421506,10.37089677314012,0.0,8.261815292858468,2.589564541421506,2.109081480281651,0.0,100.0
32,ZACHODNIOPOMORSKIE,3206,gryfiński,3206063,Moryń,niskie ryzyko,33.04587076824506,34.42518127095822,12.617299526588312,12.107699771581965,20.428571241656744,22.317481499376257,38.18,61.82
32,ZACHODNIOPOMORSKIE,3206,gryfiński,3206063,Moryń,wysokie ryzyko,14.04413563930217,18.181078839378216,0.0,6.860995861740904,14.04413563930217,11.320082977637313,0.0,100.0
32,ZACHODNIOPOMORSKIE,3206,gryfiński,3206072,Stare Czarnowo,niskie ryzyko,0.0,0.9638882026758596,0.0,0.9638882026758596,0.0,0.0,0.0,0.0
32,ZACHODNIOPOMORSKIE,3206,gryfiński,3206083,Trzcińsko-Zdrój,niskie ryzyko,21.959215011943908,24.34287910722086,21.959215011943908,24.34287910722086,0.0,0.0,100.0,0.0
32,ZACHODNIOPOMORSKIE,3206,gryfiński,3206092,Widuchowa,niskie ryzyko,45.42631446652789,41.874406392790576,29.00827821126325,24.028800205478085,16.418036255264635,17.84560618731249,63.86,36.14
32,ZACHODNIOPOMORSKIE,3206,gryfiński,3206092,Widuchowa,wysokie ryzyko,34.16843299315613,29.41645897350125,11.37447957587013,9.578284778424116,22.793953417286,19.838174195077137,33.29,66.71
32,ZACHODNIOPOMORSKIE,3207,kamieński,3207013,Dziwnów,niskie ryzyko,234.66144625589396,244.17923123239945,224.6818782881572,234.1996632646627,9.97956796773676,9.97956796773676,95.75,4.25
32,ZACHODNIOPOMORSKIE,3207,kamieński,3207013,Dziwnów,wysokie ryzyko,274.1485169209053,276.5151155809911,268.3316968606266,270.72164227464634,5.816820060278683,5.7934733063447785,97.88,2.12
32,ZACHODNIOPOMORSKIE,3207,kamieński,3207023,Golczewo,niskie ryzyko,14.82885464414351,14.46040060781714,14.221618291704516,13.853164255378148,0.607236352438993,0.6072363524389931,95.91,4.09
32,ZACHODNIOPOMORSKIE,3207,kamieński,3207023,Golczewo,wysokie ryzyko,13.35875234155311,13.358752341553108,13.35875234155311,13.358752341553108,0.0,0.0,100.0,0.0
32,ZACHODNIOPOMORSKIE,3207,kamieński,3207033,Kamień Pomorski,niskie ryzyko,79.28333685409693,73.24214405134954,21.52131237332935,17.001503789006186,57.76202448076758,56.240640262343355,27.14,72.86
32,ZACHODNIOPOMORSKIE,3207,kamieński,3207033,Kamień Pomorski,wysokie ryzyko,1.6318982639874118,1.6318982639874118,0.0,0.0,1.6318982639874118,1.6318982639874118,0.0,100.0
32,ZACHODNIOPOMORSKIE,3207,kamieński,3207043,Międzyzdroje,niskie ryzyko,28.387020153163576,47.97944289665085,11.702350511225276,38.01498585452158,16.6846696419383,9.964457042129272,41.22,58.78
32,ZACHODNIOPOMORSKIE,3207,kamieński,3207043,Międzyzdroje,wysokie ryzyko,5.921334653423055,0.8671196655659882,0.0,0.0,5.921334653423055,0.8671196655659882,0.0,100.0
32,ZACHODNIOPOMORSKIE,3207,kamieński,3207063,Wolin,niskie ryzyko,70.24918227205188,69.08866801566785,36.394306399009885,35.334578395003945,33.85487587304199,33.75408962066391,51.81,48.19
32,ZACHODNIOPOMORSKIE,3207,kamieński,3207063,Wolin,wysokie ryzyko,17.95266499166002,17.95266499166002,7.730967936539753,7.730967936539753,10.221697055120266,10.221697055120266,43.06,56.94
32,ZACHODNIOPOMORSKIE,3207,kamieński,3207052,Świerzno,niskie ryzyko,9.637704312501397,9.306701698767384,4.80583053063003,4.805830530630029,4.831873781871367,4.500871168137354,49.86,50.14
32,ZACHODNIOPOMORSKIE,3209,koszaliński,3209022,Biesiekierz,niskie ryzyko,11.74667842415571,11.74667842415571,0.0,0.0,11.74667842415571,11.74667842415571,0.0,100.0
32,ZACHODNIOPOMORSKIE,3209,koszaliński,3209012,Będzino,niskie ryzyko,139.7754128410782,129.43187674946486,53.00478233453894,52.78517739452502,86.77063050653926,76.64669935493984,37.92,62.08
32,ZACHODNIOPOMORSKIE,3209,koszaliński,3209012,Będzino,wysokie ryzyko,32.61287962299346,32.381776850437504,19.335296575420863,16.541545816040806,13.277583047572598,15.840231034396698,59.29,40.71
32,ZACHODNIOPOMORSKIE,3209,koszaliński,3209042,Manowo,niskie ryzyko,4.981371569738226,4.981371569738226,0.0,0.0,4.981371569738226,4.981371569738226,0.0,100.0
32,ZACHODNIOPOMORSKIE,3209,koszaliński,3209042,Manowo,wysokie ryzyko,1.9560774134818537,1.9560774134818537,0.0,0.0,1.9560774134818537,1.9560774134818537,0.0,100.0
32,ZACHODNIOPOMORSKIE,3209,koszaliński,3209053,Mielno,niskie ryzyko,11.837948572647,9.934232418273533,0.9951277769948504,0.9391927428707698,10.842820795652148,8.995039675402762,8.41,91.59
32,ZACHODNIOPOMORSKIE,3209,koszaliński,3209063,Polanów,niskie ryzyko,10.173302558813525,10.550938700979668,4.670537910860968,5.048174053027113,5.502764647952556,5.502764647952556,45.91,54.09
32,ZACHODNIOPOMORSKIE,3209,koszaliński,3209073,Sianów,niskie ryzyko,182.83487736087952,165.79961909197192,181.04635313187396,164.4856051232268,1.7885242290055616,1.3140139687451136,99.02,0.98
32,ZACHODNIOPOMORSKIE,3209,koszaliński,3209073,Sianów,wysokie ryzyko,7.670281362000273,7.153859307306567,7.670281362000273,7.153859307306567,0.0,0.0,100.0,0.0
32,ZACHODNIOPOMORSKIE,3208,kołobrzeski,3208011,Kołobrzeg,niskie ryzyko,142.46693822280992,147.13320267005258,142.46693822280992,147.13320267005258,0.0,0.0,100.0,0.0
32,ZACHODNIOPOMORSKIE,3208,kołobrzeski,3208042,Kołobrzeg,niskie ryzyko,31.269623902357097,33.89885801787731,0.7438822145166892,10.040912425445088,30.52574168784041,23.85794559243222,2.38,97.62
32,ZACHODNIOPOMORSKIE,3208,kołobrzeski,3208042,Kołobrzeg,wysokie ryzyko,38.424294395276746,38.09651082751153,4.334793664824399,4.1802741841379865,34.08950073045234,33.916236643373544,11.28,88.72
32,ZACHODNIOPOMORSKIE,3208,kołobrzeski,3208011,Kołobrzeg,wysokie ryzyko,502.0253787091915,487.3427349489157,502.0253787091915,487.3427349489157,0.0,0.0,100.0,0.0
32,ZACHODNIOPOMORSKIE,3208,kołobrzeski,3208052,Rymań,niskie ryzyko,2.8768532605969703,2.87685326059697,0.0,0.0,2.8768532605969703,2.87685326059697,0.0,100.0
32,ZACHODNIOPOMORSKIE,3208,kołobrzeski,3208072,Ustronie Morskie,niskie ryzyko,28.513004111142383,23.48020171305219,28.513004111142383,23.48020171305219,0.0,0.0,100.0,0.0
32,ZACHODNIOPOMORSKIE,3210,myśliborski,3210022,Boleszkowice,niskie ryzyko,33.60956157737765,32.516968526420804,0.0,0.0,33.60956157737765,32.516968526420804,0.0,100.0
32,ZACHODNIOPOMORSKIE,3210,myśliborski,3210022,Boleszkowice,wysokie ryzyko,57.534375226744615,57.28511131517003,11.62432232711942,11.62432232711942,45.9100528996252,45.660788988050605,20.2,79.8
32,ZACHODNIOPOMORSKIE,3210,myśliborski,3210033,Dębno,niskie ryzyko,5.953347207453357,5.903518318681138,0.0,0.0,5.953347207453357,5.903518318681138,0.0,100.0
32,ZACHODNIOPOMORSKIE,3210,myśliborski,3210033,Dębno,wysokie ryzyko,2.1089068271499363,2.1089068271499363,0.0,0.0,2.1089068271499363,2.1089068271499363,0.0,100.0
32,ZACHODNIOPOMORSKIE,3210,myśliborski,3210043,Myślibórz,niskie ryzyko,172.5101031301495,137.98393170097648,167.00756371519205,132.58389225891648,5.50253941495746,5.400039442060018,96.81,3.19
32,ZACHODNIOPOMORSKIE,3210,myśliborski,3210043,Myślibórz,wysokie ryzyko,8.533778556687155,7.971054526307686,2.3360316545903976,2.108935134282909,6.197746902096758,5.862119392024778,27.37,72.63
32,ZACHODNIOPOMORSKIE,3211,policki,3211022,Kołbaskowo,niskie ryzyko,8.523112567720467,9.253228759660452,1.0542914921849338,3.6029711749808886,7.468821075535533,5.650257584679562,12.37,87.63
32,ZACHODNIOPOMORSKIE,3211,policki,3211022,Kołbaskowo,wysokie ryzyko,14.252552444767504,17.299393107973174,4.452047427944116,8.207315854105833,9.800505016823388,9.092077253867345,31.24,68.76
32,ZACHODNIOPOMORSKIE,3211,policki,3211033,Nowe Warpno,niskie ryzyko,136.06568723586898,149.40208244312822,61.12472531351504,81.51159430503935,74.94096192235394,67.89048813808888,44.92,55.08
32,ZACHODNIOPOMORSKIE,3211,policki,3211033,Nowe Warpno,wysokie ryzyko,60.30748818080122,63.40781744122541,23.538032266059375,30.786476514094872,36.76945591474185,32.62134092713054,39.03,60.97
32,ZACHODNIOPOMORSKIE,3211,policki,3211043,Police,niskie ryzyko,127.38265377832364,158.2883592054353,40.55093431972233,66.31459578355395,86.8317194586013,91.97376342188134,31.83,68.17
32,ZACHODNIOPOMORSKIE,3211,policki,3211043,Police,wysokie ryzyko,118.55464903253264,119.5507503989118,89.47686799973019,93.2734924855108,29.07778103280246,26.277257913401,75.47,24.53
32,ZACHODNIOPOMORSKIE,3212,pyrzycki,3212062,Warnice,niskie ryzyko,0.186723257173355,0.186723257173355,0.186723257173355,0.186723257173355,0.0,0.0,100.0,0.0
32,ZACHODNIOPOMORSKIE,3214,stargardzki,3214033,Dobrzany,niskie ryzyko,1.945601534952668,1.9254286339726432,0.0,0.0,1.945601534952668,1.9254286339726432,0.0,100.0
32,ZACHODNIOPOMORSKIE,3214,stargardzki,3214042,Dolice,niskie ryzyko,5.790274510058519,5.780064276214336,5.790274510058519,5.780064276214336,0.0,0.0,100.0,0.0
32,ZACHODNIOPOMORSKIE,3214,stargardzki,3214042,Dolice,wysokie ryzyko,28.671907456067864,28.55536754782974,28.671907456067864,28.55536754782974,0.0,0.0,100.0,0.0
32,ZACHODNIOPOMORSKIE,3214,stargardzki,3214062,Kobylanka,niskie ryzyko,11.011720453388598,10.618036597774324,0.0,0.0,11.011720453388598,10.618036597774324,0.0,100.0
32,ZACHODNIOPOMORSKIE,3214,stargardzki,3214082,Marianowo,niskie ryzyko,12.731172012297996,12.731172012297996,3.9114067723866337,3.911406772386633,8.819765239911362,8.819765239911362,30.72,69.28
32,ZACHODNIOPOMORSKIE,3214,stargardzki,3214092,Stara Dąbrowa,niskie ryzyko,0.3420481305224024,1.2963297287551898,0.0,0.0,0.3420481305224024,1.2963297287551898,0.0,100.0
32,ZACHODNIOPOMORSKIE,3214,stargardzki,3214011,Stargard,niskie ryzyko,210.401853353118,193.10835488374224,186.54381038774352,170.72230298294318,23.85804296537445,22.386051900799053,88.66,11.34
32,ZACHODNIOPOMORSKIE,3214,stargardzki,3214102,Stargard,niskie ryzyko,34.91640916813551,35.79605222668283,26.603189465781497,27.648695460935837,8.31321970235401,8.147356765746993,76.19,23.81
32,ZACHODNIOPOMORSKIE,3214,stargardzki,3214011,Stargard,wysokie ryzyko,567.1630598573505,550.6872871188762,566.2374191347876,549.8523495155017,0.9256407225628658,0.8349376033743937,99.84,0.16
32,ZACHODNIOPOMORSKIE,3215,szczecinecki,3215023,Barwice,niskie ryzyko,4.509128412322822,4.509128412322822,1.5943503501107188,1.594350350110719,2.914778062212103,2.914778062212103,35.36,64.64
32,ZACHODNIOPOMORSKIE,3215,szczecinecki,3215052,Grzmiąca,niskie ryzyko,1.2075144372421922,1.207514437242192,0.0,0.0,1.2075144372421922,1.207514437242192,0.0,100.0
32,ZACHODNIOPOMORSKIE,3215,szczecinecki,3215011,Szczecinek,niskie ryzyko,0.577401174151372,72.01218339784792,0.577401174151372,72.01218339784792,0.0,0.0,100.0,0.0
32,ZACHODNIOPOMORSKIE,3215,szczecinecki,3215062,Szczecinek,niskie ryzyko,5.0,5.0,0.0,0.0,5.0,5.0,0.0,100.0
32,ZACHODNIOPOMORSKIE,3215,szczecinecki,3215062,Szczecinek,wysokie ryzyko,4.086127914957463,3.919497124065008,4.086127914957463,3.919497124065008,0.0,0.0,100.0,0.0
32,ZACHODNIOPOMORSKIE,3213,sławieński,3213032,Darłowo,niskie ryzyko,222.74000364471115,220.02664656243877,32.928009239497094,32.928009239497094,189.81199440521405,187.09863732294167,14.78,85.22
32,ZACHODNIOPOMORSKIE,3213,sławieński,3213011,Darłowo,niskie ryzyko,312.5972858799312,332.4904810344789,263.03607776324486,285.1241157800089,49.561208116686345,47.36636525446998,84.15,15.85
32,ZACHODNIOPOMORSKIE,3213,sławieński,3213032,Darłowo,wysokie ryzyko,300.86312681859624,311.48652270943813,10.640738194733752,10.640738194733752,290.22238862386246,300.8457845147044,3.54,96.46
32,ZACHODNIOPOMORSKIE,3213,sławieński,3213011,Darłowo,wysokie ryzyko,1174.3255849878535,1148.0421380356358,1163.1430012822186,1131.5002749904024,11.182583705634917,16.54186304523352,99.05,0.95
32,ZACHODNIOPOMORSKIE,3213,sławieński,3213052,Postomino,niskie ryzyko,2.8601230247252576,2.775870177128493,0.0,0.0,2.8601230247252576,2.775870177128493,0.0,100.0
32,ZACHODNIOPOMORSKIE,3213,sławieński,3213052,Postomino,wysokie ryzyko,5.4658660771886325,5.175363980930024,0.0,0.0,5.4658660771886325,5.175363980930024,0.0,100.0
32,ZACHODNIOPOMORSKIE,3213,sławieński,3213021,Sławno,niskie ryzyko,104.94221807429264,91.60181474528017,101.18344422306656,88.08039840039,3.758773851226079,3.5214163448901705,96.42,3.58
32,ZACHODNIOPOMORSKIE,3213,sławieński,3213062,Sławno,niskie ryzyko,6.095099146090126,5.911431020596549,3.395099146090126,3.211431020596549,2.7,2.7,55.7,44.3
32,ZACHODNIOPOMORSKIE,3213,sławieński,3213021,Sławno,wysokie ryzyko,104.68117616394244,75.27899079486309,104.68117616394244,75.27899079486309,0.0,0.0,100.0,0.0
32,ZACHODNIOPOMORSKIE,3217,wałecki,3217052,Wałcz,niskie ryzyko,15.79549569895122,14.029933785561992,11.486977312220342,9.721415398831114,4.308518386730878,4.308518386730878,72.72,27.28
32,ZACHODNIOPOMORSKIE,3217,wałecki,3217052,Wałcz,wysokie ryzyko,4.574945181441819,2.1741230944733996,4.574945181441819,2.1741230944733996,0.0,0.0,100.0,0.0
32,ZACHODNIOPOMORSKIE,3218,łobeski,3218032,Radowo Małe,niskie ryzyko,1.3098023722890415,1.2778069397011669,0.0,0.0,1.3098023722890415,1.2778069397011669,0.0,100.0
32,ZACHODNIOPOMORSKIE,3218,łobeski,3218043,Resko,niskie ryzyko,16.850990969397735,15.66194621903636,16.850990969397735,15.66194621903636,0.0,0.0,100.0,0.0
32,ZACHODNIOPOMORSKIE,3218,łobeski,3218043,Resko,wysokie ryzyko,77.33212850229096,67.61676586719427,77.33212850229096,67.61676586719427,0.0,0.0,100.0,0.0
32,ZACHODNIOPOMORSKIE,3218,łobeski,3218053,Węgorzyno,niskie ryzyko,9.552523989499356,9.552523989499356,0.0,0.0,9.552523989499356,9.552523989499356,0.0,100.0
32,ZACHODNIOPOMORSKIE,3218,łobeski,3218023,Łobez,niskie ryzyko,58.233075416215776,141.348952681063,50.20797259557581,134.26577272204827,8.025102820639967,7.083179959014735,86.22,13.78
32,ZACHODNIOPOMORSKIE,3218,łobeski,3218023,Łobez,wysokie ryzyko,41.38712700312064,26.9835955754447,41.38712700312064,26.9835955754447,0.0,0.0,100.0,0.0
32,ZACHODNIOPOMORSKIE,3263,Świnoujście,3263011,Świnoujście,niskie ryzyko,1716.9260910984824,2241.99058661613,1498.82267773121,2024.8094844805337,218.1034133672725,217.1811021355963,87.3,12.7
32,ZACHODNIOPOMORSKIE,3263,Świnoujście,3263011,Świnoujście,wysokie ryzyko,4476.601108998485,4054.875925691464,4340.945247652725,3917.042240726498,135.65586134576023,137.83368496496558,96.97,3.03
32,ZACHODNIOPOMORSKIE,3216,świdwiński,3216033,Połczyn-Zdrój,niskie ryzyko,0.2685286645799448,0.2685286645799448,0.0,0.0,0.2685286645799448,0.2685286645799448,0.0,100.0
32,ZACHODNIOPOMORSKIE,3216,świdwiński,3216011,Świdwin,niskie ryzyko,20.10211418612528,13.4245283057982,20.10211418612528,13.4245283057982,0.0,0.0,100.0,0.0
32,ZACHODNIOPOMORSKIE,3216,świdwiński,3216062,Świdwin,niskie ryzyko,0.2389367659357841,0.2389367659357841,0.0,0.0,0.2389367659357841,0.2389367659357841,0.0,100.0
10,ŁÓDZKIE,1063,Skierniewice,1063011,Skierniewice,niskie ryzyko,25.352766620236764,19.96975911167138,21.94982859563961,16.566821087074224,3.4029380245971543,3.4029380245971543,86.58,13.42
10,ŁÓDZKIE,1063,Skierniewice,1063011,Skierniewice,wysokie ryzyko,14.327093393860192,13.673453353770949,14.327093393860192,13.673453353770949,0.0,0.0,100.0,0.0
10,ŁÓDZKIE,1001,bełchatowski,1001032,Drużbice,niskie ryzyko,8.770019604739606,8.770019604739606,8.770019604739606,8.770019604739606,0.0,0.0,100.0,0.0
10,ŁÓDZKIE,1001,bełchatowski,1001042,Kleszczów,niskie ryzyko,4.377895499564825,4.32672764241183,0.0,0.0,4.377895499564825,4.32672764241183,0.0,100.0
10,ŁÓDZKIE,1001,bełchatowski,1001052,Kluki,niskie ryzyko,28.529394344324757,28.529394344324757,14.582814435772535,14.582814435772534,13.946579908552224,13.946579908552224,51.12,48.88
10,ŁÓDZKIE,1001,bełchatowski,1001062,Rusiec,niskie ryzyko,73.13494240690612,72.1307557684581,71.96183337051005,70.95764673206205,1.173109036396068,1.173109036396068,98.4,1.6
10,ŁÓDZKIE,1001,bełchatowski,1001062,Rusiec,wysokie ryzyko,38.09619589729085,42.917716398421874,38.09619589729085,42.917716398421874,0.0,0.0,100.0,0.0
10,ŁÓDZKIE,1001,bełchatowski,1001072,Szczerców,niskie ryzyko,61.95021043227662,56.23624468183874,41.95828414522602,40.654024850437864,19.9919262870506,15.582219831400874,67.73,32.27
10,ŁÓDZKIE,1001,bełchatowski,1001072,Szczerców,wysokie ryzyko,23.835469556443417,14.550807599574243,23.835469556443417,14.550807599574243,0.0,0.0,100.0,0.0
10,ŁÓDZKIE,1001,bełchatowski,1001083,Zelów,niskie ryzyko,7.556116692167812,7.556116692167812,0.0,0.0,7.556116692167812,7.556116692167812,0.0,100.0
10,ŁÓDZKIE,1021,brzeziński,1021022,Brzeziny,niskie ryzyko,1.6532778233274263,1.40402447741262,0.0,0.0,1.6532778233274263,1.40402447741262,0.0,100.0
10,ŁÓDZKIE,1021,brzeziński,1021043,Jeżów,niskie ryzyko,1.5,1.5,0.0,0.0,1.5,1.5,0.0,100.0
10,ŁÓDZKIE,1002,kutnowski,1002052,Krzyżanów,niskie ryzyko,2.0,2.0,2.0,2.0,0.0,0.0,100.0,0.0
10,ŁÓDZKIE,1002,kutnowski,1002011,Kutno,niskie ryzyko,145.68480623010993,138.96437689262328,138.22089471496196,127.84612821197608,7.4639115151479665,11.118248680647213,94.88,5.12
10,ŁÓDZKIE,1002,kutnowski,1002062,Kutno,niskie ryzyko,3.4285714285714284,3.4285714285714284,3.4285714285714284,3.4285714285714284,0.0,0.0,100.0,0.0
10,ŁÓDZKIE,1002,kutnowski,1002011,Kutno,wysokie ryzyko,771.6774113372039,742.9825876291773,769.0015108153447,740.3874867789018,2.6759005218592593,2.59510085027538,99.65,0.35
10,ŁÓDZKIE,1002,kutnowski,1002082,Nowe Ostrowy,niskie ryzyko,6.002731290150989,6.002731290150989,1.25,1.25,4.752731290150989,4.752731290150989,20.82,79.18
10,ŁÓDZKIE,1007,opoczyński,1007013,Białaczów,niskie ryzyko,15.610953237320954,15.610953237320956,15.610953237320954,15.610953237320956,0.0,0.0,100.0,0.0
10,ŁÓDZKIE,1007,opoczyński,1007023,Drzewica,niskie ryzyko,23.064865868548445,48.60684289886767,14.06089742911459,39.60287445943382,9.003968439433855,9.003968439433855,60.96,39.04
10,ŁÓDZKIE,1007,opoczyński,1007023,Drzewica,wysokie ryzyko,53.762156358520926,53.76215635852092,53.762156358520926,53.76215635852092,0.0,0.0,100.0,0.0
10,ŁÓDZKIE,1007,opoczyński,1007043,Opoczno,niskie ryzyko,175.55538565901176,143.69956991154356,132.1173753487313,111.62054440355624,43.438010310280475,32.079025507987325,75.26,24.74
10,ŁÓDZKIE,1007,opoczyński,1007043,Opoczno,wysokie ryzyko,56.805741711870795,46.99142870634028,44.98047732913828,36.5548104168442,11.82526438273251,10.436618289496078,79.18,20.82
10,ŁÓDZKIE,1007,opoczyński,1007052,Paradyż,niskie ryzyko,1.247150960016025,1.247150960016025,1.247150960016025,1.247150960016025,0.0,0.0,100.0,0.0
10,ŁÓDZKIE,1007,opoczyński,1007062,Poświętne,niskie ryzyko,51.37846202180018,51.36067827670584,16.338224108261066,16.320440363166725,35.040237913539116,35.040237913539116,31.8,68.2
10,ŁÓDZKIE,1007,opoczyński,1007062,Poświętne,wysokie ryzyko,13.124475723988722,13.124475723988722,0.0,0.0,13.124475723988722,13.124475723988722,0.0,100.0
10,ŁÓDZKIE,1007,opoczyński,1007083,Żarnów,niskie ryzyko,9.409741924848412,9.396454779180518,6.3078585383419465,6.3078585383419465,3.101883386506465,3.0885962408385708,67.04,32.96
10,ŁÓDZKIE,1008,pabianicki,1008042,Dobroń,niskie ryzyko,1.4598427972434485,1.4598427972434482,1.4598427972434485,1.4598427972434482,0.0,0.0,100.0,0.0
10,ŁÓDZKIE,1008,pabianicki,1008032,Dłutów,niskie ryzyko,1.5061572615164711,1.5061572615164711,0.2406331751873364,0.2406331751873365,1.2655240863291348,1.2655240863291348,15.98,84.02
10,ŁÓDZKIE,1008,pabianicki,1008032,Dłutów,wysokie ryzyko,0.0435833361252293,0.0435833361252293,0.0,0.0,0.0435833361252293,0.0435833361252293,0.0,100.0
10,ŁÓDZKIE,1008,pabianicki,1008011,Konstantynów Łódzki,niskie ryzyko,78.48413546440365,77.71774567602846,78.48413546440365,77.71774567602846,0.0,0.0,100.0,0.0
10,ŁÓDZKIE,1008,pabianicki,1008011,Konstantynów Łódzki,wysokie ryzyko,44.8389484793654,38.0600782581514,44.8389484793654,38.0600782581514,0.0,0.0,100.0,0.0
10,ŁÓDZKIE,1008,pabianicki,1008063,Lutomiersk,niskie ryzyko,7.839976433360767,7.839976433360767,7.247546289947615,7.247546289947615,0.592430143413152,0.592430143413152,92.44,7.56
10,ŁÓDZKIE,1008,pabianicki,1008063,Lutomiersk,wysokie ryzyko,8.628213937407509,8.628213937407509,8.628213937407509,8.628213937407509,0.0,0.0,100.0,0.0
10,ŁÓDZKIE,1009,pajęczański,1009013,Działoszyn,niskie ryzyko,115.24045075611689,108.91647109425378,93.34668775718478,81.32121345355225,21.893762998932093,27.595257640701533,81.0,19.0
10,ŁÓDZKIE,1009,pajęczański,1009013,Działoszyn,wysokie ryzyko,137.24711348793358,175.40335169001676,131.7374636418936,169.89370184397683,5.509649846039945,5.509649846039945,95.99,4.01
10,ŁÓDZKIE,1009,pajęczański,1009022,Kiełczygłów,niskie ryzyko,13.481718439433548,13.34751854962101,12.107691397801853,11.973491507989314,1.3740270416316955,1.3740270416316955,89.81,10.19
10,ŁÓDZKIE,1009,pajęczański,1009032,Nowa Brzeźnica,niskie ryzyko,82.24672328752669,80.10273671453123,33.8874465734849,31.743460000489428,48.3592767140418,48.3592767140418,41.2,58.8
10,ŁÓDZKIE,1009,pajęczański,1009032,Nowa Brzeźnica,wysokie ryzyko,27.246695771895705,25.430230314213617,19.1894933207052,17.37302786302311,8.057202451190507,8.057202451190507,70.43,29.57
10,ŁÓDZKIE,1009,pajęczański,1009043,Pajęczno,niskie ryzyko,11.122661673507825,11.122661673507825,3.1929715922285005,3.1929715922285005,7.929690081279324,7.929690081279323,28.71,71.29
10,ŁÓDZKIE,1009,pajęczański,1009052,Rząśnia,niskie ryzyko,10.363772375170356,10.363772375170356,5.034051259632507,5.034051259632507,5.329721115537849,5.329721115537848,48.57,51.43
10,ŁÓDZKIE,1009,pajęczański,1009062,Siemkowice,niskie ryzyko,6.037817810818934,6.037817810818933,0.6821424028349059,0.6821424028349059,5.3556754079840285,5.355675407984028,11.3,88.7
10,ŁÓDZKIE,1009,pajęczański,1009062,Siemkowice,wysokie ryzyko,0.9971873823248268,0.9971873823248268,0.9971873823248268,0.9971873823248268,0.0,0.0,100.0,0.0
10,ŁÓDZKIE,1010,piotrkowski,1010012,Aleksandrów,niskie ryzyko,21.43902675243745,18.44533527467154,11.393684505080596,8.399993027314684,10.045342247356857,10.045342247356857,53.14,46.86
10,ŁÓDZKIE,1010,piotrkowski,1010012,Aleksandrów,wysokie ryzyko,2.9499759251281708,2.9499759251281708,2.9499759251281708,2.9499759251281708,0.0,0.0,100.0,0.0
10,ŁÓDZKIE,1010,piotrkowski,1010022,Czarnocin,niskie ryzyko,5.0,5.0,0.0,0.0,5.0,5.0,0.0,100.0
10,ŁÓDZKIE,1010,piotrkowski,1010032,Gorzkowice,niskie ryzyko,10.29537354565592,10.29537354565592,0.0,0.0,10.29537354565592,10.29537354565592,0.0,100.0
10,ŁÓDZKIE,1010,piotrkowski,1010083,Rozprza,niskie ryzyko,8.975061244937919,8.975061244937919,7.0,7.000000000000001,1.9750612449379183,1.9750612449379183,77.99,22.01
10,ŁÓDZKIE,1010,piotrkowski,1010072,Ręczno,niskie ryzyko,26.48386041337791,26.483860413377908,0.5315344223496264,0.5315344223496264,25.95232599102828,25.95232599102828,2.01,97.99
10,ŁÓDZKIE,1010,piotrkowski,1010072,Ręczno,wysokie ryzyko,7.965860252127756,7.965860252127755,0.0,0.0,7.965860252127756,7.965860252127755,0.0,100.0
10,ŁÓDZKIE,1010,piotrkowski,1010093,Sulejów,niskie ryzyko,375.8214134375078,314.3756511828147,367.1714802073906,305.738260212282,8.64993323011722,8.637390970532712,97.7,2.3
10,ŁÓDZKIE,1010,piotrkowski,1010093,Sulejów,wysokie ryzyko,308.61279789770913,296.2125721595853,287.30452491431845,274.9401497599272,21.30827298339073,21.272422399658176,93.1,6.9
10,ŁÓDZKIE,1010,piotrkowski,1010113,Wolbórz,niskie ryzyko,7.271448148396461,7.271448148396461,7.271448148396461,7.271448148396461,0.0,0.0,100.0,0.0
10,ŁÓDZKIE,1010,piotrkowski,1010052,Łęki Szlacheckie,niskie ryzyko,1.4548898031233986,1.4548898031233986,1.4548898031233986,1.4548898031233986,0.0,0.0,100.0,0.0
10,ŁÓDZKIE,1011,poddębicki,1011012,Dalików,niskie ryzyko,0.8296746373970992,0.8296746373970992,0.8296746373970992,0.8296746373970992,0.0,0.0,100.0,0.0
10,ŁÓDZKIE,1011,poddębicki,1011033,Poddębice,niskie ryzyko,110.9977519205166,110.634805707624,43.83906590231771,43.4761196894251,67.15868601819889,67.15868601819889,39.5,60.5
10,ŁÓDZKIE,1011,poddębicki,1011033,Poddębice,wysokie ryzyko,58.58340683673861,58.14745208014835,15.74036346561862,15.304408709028364,42.84304337111998,42.84304337111999,26.87,73.13
10,ŁÓDZKIE,1011,poddębicki,1011022,Pęczniew,niskie ryzyko,59.14722900944418,58.9843744042087,57.385780766979714,57.22292616174423,1.7614482424644666,1.7614482424644669,97.02,2.98
10,ŁÓDZKIE,1011,poddębicki,1011022,Pęczniew,wysokie ryzyko,22.87553762992024,22.85248132067148,19.683311341070493,19.660255031821738,3.1922262888497452,3.1922262888497452,86.05,13.95
10,ŁÓDZKIE,1011,poddębicki,1011043,Uniejów,niskie ryzyko,589.7521521240823,624.1290133632444,373.89093556905664,408.2677968082188,215.86121655502563,215.86121655502563,63.4,36.6
10,ŁÓDZKIE,1011,poddębicki,1011043,Uniejów,wysokie ryzyko,231.91994397996623,230.91431866367344,104.1942033409482,103.18857802465544,127.72574063901804,127.72574063901804,44.93,55.07
10,ŁÓDZKIE,1011,poddębicki,1011052,Wartkowice,niskie ryzyko,3.8401707451046416,3.8401707451046416,3.8401707451046416,3.8401707451046416,0.0,0.0,100.0,0.0
10,ŁÓDZKIE,1011,poddębicki,1011062,Zadzim,niskie ryzyko,23.531956603618205,23.53195660361821,23.531956603618205,23.53195660361821,0.0,0.0,100.0,0.0
10,ŁÓDZKIE,1011,poddębicki,1011062,Zadzim,wysokie ryzyko,16.98980175903993,16.98980175903993,16.98980175903993,16.98980175903993,0.0,0.0,100.0,0.0
10,ŁÓDZKIE,1012,radomszczański,1012022,Dobryszyce,niskie ryzyko,0.4843372784549256,0.4843372784549255,0.0,0.0,0.4843372784549256,0.4843372784549255,0.0,100.0
10,ŁÓDZKIE,1012,radomszczański,1012032,Gidle,niskie ryzyko,298.4463907110047,304.85757736533066,236.03168753365424,243.21909694330188,62.41470317735043,61.638480422028785,79.09,20.91
10,ŁÓDZKIE,1012,radomszczański,1012032,Gidle,wysokie ryzyko,318.0156646924831,306.31029001657714,306.9414318252465,295.2360571493406,11.07423286723656,11.07423286723656,96.52,3.48
10,ŁÓDZKIE,1012,radomszczański,1012102,Masłowice,niskie ryzyko,6.376796431983121,6.376796431983121,6.376796431983121,6.376796431983121,0.0,0.0,100.0,0.0
10,ŁÓDZKIE,1012,radomszczański,1012113,Przedbórz,niskie ryzyko,85.67451665632582,63.87774053453822,66.42210842642537,44.62533230463775,19.252408229900468,19.252408229900468,77.53,22.47
10,ŁÓDZKIE,1012,radomszczański,1012011,Radomsko,niskie ryzyko,16.415569801373678,17.276955056872353,16.415569801373678,17.276955056872353,0.0,0.0,100.0,0.0
10,ŁÓDZKIE,1012,radomszczański,1012122,Radomsko,niskie ryzyko,221.31085155149685,220.07477421261265,75.59997854922719,75.59997854922719,145.71087300226966,144.47479566338544,34.16,65.84
10,ŁÓDZKIE,1012,radomszczański,1012122,Radomsko,wysokie ryzyko,133.07659985423322,137.24890592161324,56.27153407349785,56.27153407349785,76.80506578073538,80.97737184811538,42.29,57.71
10,ŁÓDZKIE,1012,radomszczański,1012132,Wielgomłyny,niskie ryzyko,3.210263460402446,2.717896459522735,2.356404909186942,1.864037908307232,0.8538585512155032,0.8538585512155032,73.4,26.6
10,ŁÓDZKIE,1012,radomszczański,1012092,Ładzice,niskie ryzyko,8.267835753056037,8.076339262950645,7.510781031210663,7.488602487229591,0.7570547218453737,0.5877367757210546,90.84,9.16
10,ŁÓDZKIE,1012,radomszczański,1012142,Żytno,niskie ryzyko,18.95723642146809,18.546291976092,5.212507406256858,5.212507406256859,13.744729015211233,13.33378456983514,27.5,72.5
10,ŁÓDZKIE,1012,radomszczański,1012142,Żytno,wysokie ryzyko,4.263182792473455,4.263182792473456,4.263182792473455,4.263182792473456,0.0,0.0,100.0,0.0
10,ŁÓDZKIE,1013,rawski,1013011,Rawa Mazowiecka,niskie ryzyko,2.3262195814917965,1.4576789556942018,2.3262195814917965,1.4576789556942018,0.0,0.0,100.0,0.0
10,ŁÓDZKIE,1013,rawski,1013042,Rawa Mazowiecka,niskie ryzyko,17.560628309832932,16.785279906288686,16.076780697640903,15.362174335103871,1.483847612192029,1.4231055711848135,91.55,8.45
10,ŁÓDZKIE,1014,sieradzki,1014042,Brzeźnio,niskie ryzyko,6.397707725131575,6.397707725131575,3.9568736762865586,3.9568736762865586,2.440834048845016,2.440834048845016,61.85,38.15
10,ŁÓDZKIE,1014,sieradzki,1014052,Burzenin,niskie ryzyko,262.2969373317292,260.1606738978834,235.54430186763977,233.4137449221624,26.752635464089472,26.74692897572096,89.8,10.2
10,ŁÓDZKIE,1014,sieradzki,1014052,Burzenin,wysokie ryzyko,156.63174092808617,144.80444570026376,146.94557384665538,135.11827861883296,9.68616708143081,9.686167081430808,93.82,6.18
10,ŁÓDZKIE,1014,sieradzki,1014023,Błaszki,niskie ryzyko,18.661276359228367,18.661276359228367,18.661276359228367,18.661276359228367,0.0,0.0,100.0,0.0
10,ŁÓDZKIE,1014,sieradzki,1014062,Goszczanów,niskie ryzyko,13.181827545487677,11.185176483928286,13.181827545487677,11.185176483928286,0.0,0.0,100.0,0.0
10,ŁÓDZKIE,1014,sieradzki,1014011,Sieradz,niskie ryzyko,622.0163323021116,565.9234042558345,574.6277550098646,512.8369656658955,47.38857729224697,53.08643858993904,92.38,7.62
10,ŁÓDZKIE,1014,sieradzki,1014082,Sieradz,niskie ryzyko,405.2786500042345,399.4773316862179,344.3438984805144,338.9197817419257,60.93475152372018,60.557549944292326,84.96,15.04
10,ŁÓDZKIE,1014,sieradzki,1014082,Sieradz,wysokie ryzyko,153.6341462507799,150.51497597624623,145.447241595942,142.32807132140832,8.186904654837917,8.186904654837917,94.67,5.33
10,ŁÓDZKIE,1014,sieradzki,1014011,Sieradz,wysokie ryzyko,760.6441134449101,668.0525923659299,703.9116633655143,613.2097899085493,56.73245007939583,54.84280245738063,92.54,7.46
10,ŁÓDZKIE,1014,sieradzki,1014093,Warta,niskie ryzyko,98.77853045899832,93.96791830753726,57.2726672680632,52.30128723474985,41.50586319093511,41.6666310727874,57.98,42.02
10,ŁÓDZKIE,1014,sieradzki,1014093,Warta,wysokie ryzyko,78.73544873348695,78.73544873348695,35.45854870742932,35.45854870742932,43.276900026057625,43.276900026057625,45.04,54.96
10,ŁÓDZKIE,1014,sieradzki,1014113,Złoczew,niskie ryzyko,3.7894296551733793,3.78942965517338,3.7894296551733793,3.78942965517338,0.0,0.0,100.0,0.0
10,ŁÓDZKIE,1015,skierniewicki,1015013,Bolimów,niskie ryzyko,80.01058022896233,73.39046985539633,69.24521001548806,62.9405277908766,10.765370213474268,10.449942064519725,86.55,13.45
10,ŁÓDZKIE,1015,skierniewicki,1015022,Głuchów,niskie ryzyko,0.6427042136848687,0.6427042136848686,0.6427042136848687,0.6427042136848686,0.0,0.0,100.0,0.0
10,ŁÓDZKIE,1015,skierniewicki,1015072,Nowy Kawęczyn,niskie ryzyko,25.64652687405659,25.57197497830712,8.851103869344144,8.805900821605855,16.79542300471245,16.766074156701265,34.51,65.49
10,ŁÓDZKIE,1015,skierniewicki,1015082,Skierniewice,niskie ryzyko,53.21035845180948,53.14035731321725,35.69985096852444,35.69985096852443,17.510507483285046,17.440506344692817,67.09,32.91
10,ŁÓDZKIE,1015,skierniewicki,1015082,Skierniewice,wysokie ryzyko,9.5609431779287,9.5609431779287,8.937839458956466,8.937839458956466,0.6231037189722334,0.6231037189722335,93.48,6.52
10,ŁÓDZKIE,1016,tomaszowski,1016022,Będków,niskie ryzyko,10.156833845555768,12.022550790746148,10.156833845555768,12.022550790746148,0.0,0.0,100.0,0.0
10,ŁÓDZKIE,1016,tomaszowski,1016053,Inowłódz,niskie ryzyko,318.2793398342885,294.4643954741956,102.4789473154722,78.67893415808345,215.80039251881632,215.78546131611216,32.2,67.8
10,ŁÓDZKIE,1016,tomaszowski,1016053,Inowłódz,wysokie ryzyko,306.4669700915068,329.24623037870106,204.94029648060504,226.958880043816,101.52667361090178,102.28735033488503,66.87,33.13
10,ŁÓDZKIE,1016,tomaszowski,1016062,Lubochnia,niskie ryzyko,2.0,2.0,0.0,0.0,2.0,2.0,0.0,100.0
10,ŁÓDZKIE,1016,tomaszowski,1016072,Rokiciny,niskie ryzyko,4.0,4.0,4.0,4.0,0.0,0.0,100.0,0.0
10,ŁÓDZKIE,1016,tomaszowski,1016082,Rzeczyca,niskie ryzyko,161.51503317040692,160.47993677634818,46.37179351909593,46.37179351909593,115.143239651311,114.10814325725224,28.71,71.29
10,ŁÓDZKIE,1016,tomaszowski,1016082,Rzeczyca,wysokie ryzyko,126.74822635369912,126.74822635369912,30.65596825109567,30.65596825109567,96.09225810260344,96.09225810260344,24.19,75.81
10,ŁÓDZKIE,1016,tomaszowski,1016011,Tomaszów Mazowiecki,niskie ryzyko,1605.5523402040144,1563.3418029562802,1601.2306558536177,1559.0311407680124,4.321684350396746,4.310662188267691,99.73,0.27
10,ŁÓDZKIE,1016,tomaszowski,1016092,Tomaszów Mazowiecki,niskie ryzyko,299.2274197093968,277.8231013162809,279.2628932177615,258.0401440352482,19.96452649163533,19.782957281032687,93.33,6.67
10,ŁÓDZKIE,1016,tomaszowski,1016011,Tomaszów Mazowiecki,wysokie ryzyko,4234.504882778357,4281.178240466899,4234.259246289517,4280.93260397806,0.2456364888395696,0.2456364888395696,99.99,0.01
10,ŁÓDZKIE,1016,tomaszowski,1016092,Tomaszów Mazowiecki,wysokie ryzyko,217.0351803033848,262.62820873604636,186.76156158943212,234.3044826060633,30.27361871395265,28.323726129983097,86.05,13.95
10,ŁÓDZKIE,1016,tomaszowski,1016103,Ujazd,niskie ryzyko,112.21383034595982,99.86995468504526,92.9382940051276,87.58964298603593,19.275536340832225,12.280311699009324,82.82,17.18
10,ŁÓDZKIE,1016,tomaszowski,1016103,Ujazd,wysokie ryzyko,76.02467665303315,73.66142075445882,76.02467665303315,73.66142075445882,0.0,0.0,100.0,0.0
10,ŁÓDZKIE,1016,tomaszowski,1016112,Żelechlinek,niskie ryzyko,1.0,1.0000000000000002,1.0,1.0000000000000002,0.0,0.0,100.0,0.0
10,ŁÓDZKIE,1017,wieluński,1017032,Konopnica,niskie ryzyko,72.41245711080413,72.06378764613365,72.41245711080413,72.06378764613365,0.0,0.0,100.0,0.0
10,ŁÓDZKIE,1017,wieluński,1017032,Konopnica,wysokie ryzyko,17.228040419805616,19.509465968181267,17.228040419805616,19.509465968181267,0.0,0.0,100.0,0.0
10,ŁÓDZKIE,1017,wieluński,1017053,Osjaków,niskie ryzyko,29.40892322111923,27.794180829455502,7.390911946937628,5.7761695552739,22.018011274181603,22.018011274181607,25.13,74.87
10,ŁÓDZKIE,1017,wieluński,1017053,Osjaków,wysokie ryzyko,2.4176925527908923,2.417692552790893,0.0,0.0,2.4176925527908923,2.417692552790893,0.0,100.0
10,ŁÓDZKIE,1017,wieluński,1017062,Ostrówek,niskie ryzyko,3.49249686893129,3.49249686893129,1.527254685971412,1.527254685971412,1.965242182959878,1.965242182959878,43.73,56.27
10,ŁÓDZKIE,1017,wieluński,1017072,Pątnów,niskie ryzyko,28.003697328939342,28.003697328939342,17.837995587068693,17.837995587068693,10.165701741870649,10.165701741870649,63.7,36.3
10,ŁÓDZKIE,1017,wieluński,1017072,Pątnów,wysokie ryzyko,20.90888931155544,20.90888931155544,9.496976511386157,9.496976511386157,11.411912800169286,11.411912800169286,45.42,54.58
10,ŁÓDZKIE,1017,wieluński,1017093,Wieluń,niskie ryzyko,20.81020391064765,20.559890019186568,19.183933132497412,18.93361924103633,1.6262707781502388,1.6262707781502388,92.19,7.81
10,ŁÓDZKIE,1017,wieluński,1017102,Wierzchlas,niskie ryzyko,157.19446075999704,154.67338373861728,134.76773617579877,132.246659154419,22.426724584198254,22.426724584198254,85.73,14.27
10,ŁÓDZKIE,1017,wieluński,1017102,Wierzchlas,wysokie ryzyko,59.714039793602346,64.10214993337708,59.51887869709924,63.90698883687397,0.1951610965031091,0.1951610965031091,99.67,0.33
10,ŁÓDZKIE,1018,wieruszowski,1018013,Bolesławiec,niskie ryzyko,1.547703268718291,1.4373439461695152,0.920690569276784,0.810331246728008,0.627012699441507,0.6270126994415071,59.49,40.51
10,ŁÓDZKIE,1018,wieruszowski,1018032,Galewice,niskie ryzyko,40.49766781148204,40.49766781148204,27.188952705227344,27.188952705227344,13.308715106254695,13.308715106254695,67.14,32.86
10,ŁÓDZKIE,1018,wieruszowski,1018073,Wieruszów,niskie ryzyko,13.076066149603706,10.131228735796752,13.076066149603706,10.131228735796752,0.0,0.0,100.0,0.0
10,ŁÓDZKIE,1019,zduńskowolski,1019023,Szadek,niskie ryzyko,5.603478377109651,5.603478377109649,2.331303800125971,2.33130380012597,3.2721745769836796,3.2721745769836796,41.6,58.4
10,ŁÓDZKIE,1019,zduńskowolski,1019032,Zapolice,niskie ryzyko,134.42480894037303,133.84506080148623,119.32260097839593,118.74285283950906,15.10220796197717,15.10220796197717,88.77,11.23
10,ŁÓDZKIE,1019,zduńskowolski,1019032,Zapolice,wysokie ryzyko,70.54027063210717,70.48584519047449,70.54027063210717,70.48584519047449,0.0,0.0,100.0,0.0
10,ŁÓDZKIE,1019,zduńskowolski,1019011,Zduńska Wola,niskie ryzyko,10.917295166433725,10.917295166433728,10.917295166433725,10.917295166433728,0.0,0.0,100.0,0.0
10,ŁÓDZKIE,1019,zduńskowolski,1019042,Zduńska Wola,niskie ryzyko,29.46164273683165,28.895622273607813,16.245991178815984,16.245991178815984,13.215651558015663,12.649631094791827,55.14,44.86
10,ŁÓDZKIE,1020,zgierski,1020043,Aleksandrów Łódzki,niskie ryzyko,20.963733455005,23.51907632616243,3.501551984903686,2.233645846346852,17.462181470101317,21.28543047981558,16.7,83.3
10,ŁÓDZKIE,1020,zgierski,1020011,Głowno,niskie ryzyko,9.329895579711245,8.165501253542205,9.329895579711245,8.165501253542205,0.0,0.0,100.0,0.0
10,ŁÓDZKIE,1020,zgierski,1020052,Głowno,niskie ryzyko,4.669443142912153,4.669443142912152,0.819443142912152,0.8194431429121519,3.85,3.85,17.55,82.45
10,ŁÓDZKIE,1020,zgierski,1020021,Ozorków,niskie ryzyko,127.6116031800953,124.13563727148038,90.6786913969849,109.7700951940346,36.932911783110384,14.365542077445776,71.06,28.94
10,ŁÓDZKIE,1020,zgierski,1020062,Ozorków,niskie ryzyko,11.52536336719277,11.513932326219493,0.0,0.0,11.52536336719277,11.513932326219493,0.0,100.0
10,ŁÓDZKIE,1020,zgierski,1020021,Ozorków,wysokie ryzyko,87.16537094596721,72.11398314402686,87.16537094596721,72.11398314402686,0.0,0.0,100.0,0.0
10,ŁÓDZKIE,1020,zgierski,1020073,Parzęczew,niskie ryzyko,14.131520961175926,14.131520961175926,7.885806669650441,7.885806669650441,6.245714291525483,6.245714291525483,55.8,44.2
10,ŁÓDZKIE,1020,zgierski,1020083,Stryków,niskie ryzyko,3.0531823920205463,3.0531823920205463,2.5248805052280936,2.5248805052280936,0.5283018867924528,0.5283018867924528,82.7,17.3
10,ŁÓDZKIE,1020,zgierski,1020031,Zgierz,niskie ryzyko,82.80372063520807,70.17961586368428,82.80372063520807,70.17961586368428,0.0,0.0,100.0,0.0
10,ŁÓDZKIE,1020,zgierski,1020092,Zgierz,niskie ryzyko,13.274696790354362,12.892611895699986,4.221473870036171,4.0304314227089835,9.053222920318191,8.862180472991003,31.8,68.2
10,ŁÓDZKIE,1020,zgierski,1020031,Zgierz,wysokie ryzyko,12.913637629052891,31.2278708069489,12.913637629052891,31.2278708069489,0.0,0.0,100.0,0.0
10,ŁÓDZKIE,1061,Łódź,1061011,Łódź,niskie ryzyko,191.6909704559369,184.1297710803852,135.7671373292523,129.25103426256027,55.92383312668457,54.87873681782495,70.83,29.17
10,ŁÓDZKIE,1061,Łódź,1061011,Łódź,wysokie ryzyko,10.75348946603471,10.753489466034711,10.75348946603471,10.753489466034711,0.0,0.0,100.0,0.0
10,ŁÓDZKIE,1003,łaski,1003032,Sędziejowice,niskie ryzyko,33.76835962017918,33.76835962017918,27.730892491651577,27.730892491651577,6.037467128527608,6.037467128527608,82.12,17.88
10,ŁÓDZKIE,1003,łaski,1003032,Sędziejowice,wysokie ryzyko,12.060663289919448,11.898199854643112,6.781183459455176,6.618720024178841,5.279479830464271,5.279479830464271,56.23,43.77
10,ŁÓDZKIE,1003,łaski,1003042,Widawa,niskie ryzyko,113.51545179916764,108.5669965921573,74.22735676728948,69.83881290739804,39.28809503187815,38.72818368475925,65.39,34.61
10,ŁÓDZKIE,1003,łaski,1003042,Widawa,wysokie ryzyko,86.26947215384956,77.64253604638301,77.77690587157423,69.67695780744391,8.492566282275334,7.965578238939095,90.16,9.84
10,ŁÓDZKIE,1003,łaski,1003023,Łask,niskie ryzyko,73.13897990278767,68.29342533761283,57.245804507842145,52.84190060417183,15.893175394945525,15.451524733440989,78.27,21.73
10,ŁÓDZKIE,1003,łaski,1003023,Łask,wysokie ryzyko,1.9813143114080345,2.6058951054493824,1.9813143114080345,2.6058951054493824,0.0,0.0,100.0,0.0
10,ŁÓDZKIE,1005,łowicki,1005022,Bielawy,niskie ryzyko,81.79351630178118,76.67696953072111,50.98833119549816,46.23560215100859,30.80518510628302,30.44136737971251,62.34,37.66
10,ŁÓDZKIE,1005,łowicki,1005022,Bielawy,wysokie ryzyko,52.60144472695393,49.97718748774918,45.91632492039187,43.29206768118712,6.685119806562057,6.685119806562057,87.29,12.71
10,ŁÓDZKIE,1005,łowicki,1005092,Nieborów,niskie ryzyko,127.76497190403325,124.73299049546382,58.2226697055901,57.015280708692615,69.54230219844314,67.71770978677121,45.57,54.43
10,ŁÓDZKIE,1005,łowicki,1005092,Nieborów,wysokie ryzyko,118.95062425116328,114.6759684909866,43.111403292019325,42.584476416856674,75.83922095914396,72.09149207412992,36.24,63.76
10,ŁÓDZKIE,1005,łowicki,1005102,Zduny,niskie ryzyko,12.52769200471394,12.711037640324651,0.0,0.0,12.52769200471394,12.711037640324651,0.0,100.0
10,ŁÓDZKIE,1005,łowicki,1005102,Zduny,wysokie ryzyko,4.0,4.0,0.0,0.0,4.0,4.0,0.0,100.0
10,ŁÓDZKIE,1005,łowicki,1005011,Łowicz,niskie ryzyko,377.9367382037097,449.49686287546984,227.5421603991592,300.3435818524908,150.39457780455055,149.15328102297906,60.21,39.79
10,ŁÓDZKIE,1005,łowicki,1005072,Łowicz,niskie ryzyko,172.26930370737765,173.24627204798438,82.78305231645147,77.59642995855575,89.48625139092616,95.64984208942865,48.05,51.95
10,ŁÓDZKIE,1005,łowicki,1005011,Łowicz,wysokie ryzyko,1669.5980560002886,1716.2736036177794,844.8178197569559,881.0057497270448,824.7802362433326,835.2678538907345,50.6,49.4
10,ŁÓDZKIE,1005,łowicki,1005072,Łowicz,wysokie ryzyko,25.943447469076048,25.528208487705065,7.125874125874126,6.710635144503144,18.81757334320192,18.81757334320192,27.47,72.53
10,ŁÓDZKIE,1006,łódzki wschodni,1006073,Koluszki,niskie ryzyko,2.059262170712476,2.059262170712476,0.0,0.0,2.059262170712476,2.059262170712476,0.0,100.0
10,ŁÓDZKIE,1006,łódzki wschodni,1006082,Nowosolna,niskie ryzyko,11.336359477070005,11.336359477070005,5.951757244472477,5.951757244472477,5.384602232597528,5.384602232597528,52.5,47.5
10,ŁÓDZKIE,1006,łódzki wschodni,1006103,Rzgów,niskie ryzyko,4.32158034632221,3.2427042377685593,4.32158034632221,3.2427042377685593,0.0,0.0,100.0,0.0
10,ŁÓDZKIE,1004,łęczycki,1004032,Góra Świętej Małgorzaty,niskie ryzyko,24.58673258906562,24.441504083397568,2.507314936554872,2.4597463272722857,22.07941765251075,21.981757756125283,10.2,89.8
10,ŁÓDZKIE,1004,łęczycki,1004032,Góra Świętej Małgorzaty,wysokie ryzyko,31.53221288515406,31.532212885154063,0.0,0.0,31.53221288515406,31.532212885154063,0.0,100.0
10,ŁÓDZKIE,1004,łęczycki,1004063,Piątek,niskie ryzyko,47.286702302705365,35.457897612612186,31.82376605408288,20.072320006677177,15.462936248622484,15.385577605935014,67.3,32.7
10,ŁÓDZKIE,1004,łęczycki,1004063,Piątek,wysokie ryzyko,8.008289410348256,2.773196379266316,8.008289410348256,2.773196379266316,0.0,0.0,100.0,0.0
10,ŁÓDZKIE,1004,łęczycki,1004011,Łęczyca,niskie ryzyko,3.6463206572652007,3.2609011252256006,0.0,0.0,3.6463206572652007,3.2609011252256006,0.0,100.0
10,ŁÓDZKIE,1004,łęczycki,1004052,Łęczyca,niskie ryzyko,21.44593305287941,39.11685863965312,0.0,0.0,21.44593305287941,39.11685863965312,0.0,100.0
10,ŁÓDZKIE,1004,łęczycki,1004011,Łęczyca,wysokie ryzyko,7.884161131069253,4.014290700861594,0.0,0.0,7.884161131069253,4.014290700861594,0.0,100.0
10,ŁÓDZKIE,1004,łęczycki,1004052,Łęczyca,wysokie ryzyko,16.849911030382497,8.579281934390934,0.0,0.0,16.849911030382497,8.579281934390934,0.0,100.0
10,ŁÓDZKIE,1004,łęczycki,1004072,Świnice Warckie,niskie ryzyko,102.67673275298505,102.67673275298502,90.24882154924912,90.2488215492491,12.427911203735915,12.42791120373592,87.9,12.1
10,ŁÓDZKIE,1004,łęczycki,1004072,Świnice Warckie,wysokie ryzyko,2.5,2.5,2.5,2.5,0.0,0.0,100.0,0.0
24,ŚLĄSKIE,2461,Bielsko-Biała,2461011,Bielsko-Biała,niskie ryzyko,354.72522891201237,681.9763667198303,328.2033133375158,656.3195862951518,26.52191557449654,25.65678042467851,92.52,7.48
24,ŚLĄSKIE,2461,Bielsko-Biała,2461011,Bielsko-Biała,wysokie ryzyko,3442.804701921629,3899.006354132705,3440.605839916194,3897.9216068179394,2.1988620054356023,1.0847473147658624,99.94,0.06
24,ŚLĄSKIE,2464,Częstochowa,2464011,Częstochowa,niskie ryzyko,1710.3938665724158,1652.591248049387,1601.4827825358784,1563.5895315487055,108.91108403653745,89.00171650068165,93.63,6.37
24,ŚLĄSKIE,2464,Częstochowa,2464011,Częstochowa,wysokie ryzyko,7827.823562349834,8324.878868432808,7475.8629679225905,7993.19935018956,351.960594427244,331.6795182432485,95.5,4.5
24,ŚLĄSKIE,2465,Dąbrowa Górnicza,2465011,Dąbrowa Górnicza,niskie ryzyko,576.6136988727814,562.5245782301947,331.6627688173912,321.77753123150774,244.95093005539016,240.74704699868695,57.52,42.48
24,ŚLĄSKIE,2465,Dąbrowa Górnicza,2465011,Dąbrowa Górnicza,wysokie ryzyko,228.7585035398098,227.05057377479343,143.43553040951704,142.55005462875775,85.32297313029275,84.50051914603567,62.7,37.3
24,ŚLĄSKIE,2466,Gliwice,2466011,Gliwice,niskie ryzyko,335.3938062331816,310.4667719167428,332.82569991207737,307.7512054216749,2.5681063211041675,2.715566495067889,99.23,0.77
24,ŚLĄSKIE,2466,Gliwice,2466011,Gliwice,wysokie ryzyko,4564.381956405151,6377.2804342095405,4558.870586818532,6366.8514620662645,5.51136958661947,10.428972143276296,99.88,0.12
24,ŚLĄSKIE,2467,Jastrzębie-Zdrój,2467011,Jastrzębie-Zdrój,niskie ryzyko,75.73572500503187,73.71350198102117,75.73572500503187,73.71350198102117,0.0,0.0,100.0,0.0
24,ŚLĄSKIE,2467,Jastrzębie-Zdrój,2467011,Jastrzębie-Zdrój,wysokie ryzyko,59.92287903567725,57.3332002020103,59.92287903567725,57.3332002020103,0.0,0.0,100.0,0.0
24,ŚLĄSKIE,2468,Jaworzno,2468011,Jaworzno,niskie ryzyko,485.6528172110521,445.5167821797643,452.75199855152226,412.8099421979106,32.900818659529804,32.706839981853726,93.23,6.77
24,ŚLĄSKIE,2468,Jaworzno,2468011,Jaworzno,wysokie ryzyko,468.8109019841409,473.5735540199347,468.8109019841409,473.5735540199347,0.0,0.0,100.0,0.0
24,ŚLĄSKIE,2469,Katowice,2469011,Katowice,niskie ryzyko,393.64260512888063,258.2195416194966,361.7186049453272,239.6095247128871,31.924000183553396,18.610016906609538,91.89,8.11
24,ŚLĄSKIE,2469,Katowice,2469011,Katowice,wysokie ryzyko,663.302271464547,601.0696166642674,628.317084330898,569.1905046652441,34.98518713364901,31.879111999023277,94.73,5.27
24,ŚLĄSKIE,2470,Mysłowice,2470011,Mysłowice,niskie ryzyko,68.40632434337071,66.1958418177538,68.40632434337071,66.1958418177538,0.0,0.0,100.0,0.0
24,ŚLĄSKIE,2470,Mysłowice,2470011,Mysłowice,wysokie ryzyko,279.6711261931136,235.35586522311712,279.52570458440823,235.2113689956808,0.1454216087053755,0.1444962274363237,99.95,0.05
24,ŚLĄSKIE,2471,Piekary Śląskie,2471011,Piekary Śląskie,niskie ryzyko,89.74938148907722,79.80861460640142,89.74938148907722,79.80861460640142,0.0,0.0,100.0,0.0
24,ŚLĄSKIE,2471,Piekary Śląskie,2471011,Piekary Śląskie,wysokie ryzyko,229.4169872497679,200.22524912196383,229.4169872497679,200.22524912196383,0.0,0.0,100.0,0.0
24,ŚLĄSKIE,2472,Ruda Śląska,2472011,Ruda Śląska,niskie ryzyko,52.45691954562907,84.03759938638032,52.45691954562907,78.65265466705195,0.0,5.384944719328381,100.0,0.0
24,ŚLĄSKIE,2472,Ruda Śląska,2472011,Ruda Śląska,wysokie ryzyko,71.32128602070503,90.1311780105424,71.32128602070503,90.1311780105424,0.0,0.0,100.0,0.0
24,ŚLĄSKIE,2473,Rybnik,2473011,Rybnik,niskie ryzyko,168.87086253305097,110.17548106390684,70.36550088241808,43.532552464675405,98.50536165063284,66.64292859923144,41.67,58.33
24,ŚLĄSKIE,2473,Rybnik,2473011,Rybnik,wysokie ryzyko,493.26991960679584,476.1747269097742,419.1582567397993,403.3001569484639,74.11166286699657,72.87456996131036,84.98,15.02
24,ŚLĄSKIE,2474,Siemianowice Śląskie,2474011,Siemianowice Śląskie,niskie ryzyko,9.846932253227552,9.640056515195573,9.846932253227552,9.640056515195573,0.0,0.0,100.0,0.0
24,ŚLĄSKIE,2474,Siemianowice Śląskie,2474011,Siemianowice Śląskie,wysokie ryzyko,8.841018849356864,8.775781250732738,8.841018849356864,8.775781250732738,0.0,0.0,100.0,0.0
24,ŚLĄSKIE,2475,Sosnowiec,2475011,Sosnowiec,niskie ryzyko,754.7224237434391,581.0983875677003,697.8228969449558,533.9479692603487,56.899526798483464,47.150418307351615,92.46,7.54
24,ŚLĄSKIE,2475,Sosnowiec,2475011,Sosnowiec,wysokie ryzyko,4374.091245359986,5091.942659052556,4339.24867440641,4949.9937791555985,34.842570953576235,141.9488798969578,99.2,0.8
24,ŚLĄSKIE,2477,Tychy,2477011,Tychy,niskie ryzyko,109.77330170885732,121.8479300781555,109.77330170885732,121.8479300781555,0.0,0.0,100.0,0.0
24,ŚLĄSKIE,2478,Zabrze,2478011,Zabrze,niskie ryzyko,40.391052230942265,44.005375454052675,21.82145121730569,20.58874331779972,18.56960101363657,23.416632136252954,54.03,45.97
24,ŚLĄSKIE,2478,Zabrze,2478011,Zabrze,wysokie ryzyko,0.2440484809515274,0.2282275296703916,0.2440484809515274,0.2282275296703916,0.0,0.0,100.0,0.0
24,ŚLĄSKIE,2402,bielski,2402022,Bestwina,niskie ryzyko,835.4456260783367,817.6681730436769,437.811425044095,421.7895577601258,397.6342010342416,395.87861528355114,52.4,47.6
24,ŚLĄSKIE,2402,bielski,2402022,Bestwina,wysokie ryzyko,632.7122347784065,640.6713746438174,310.71488829394224,320.537781789595,321.99734648446423,320.13359285422246,49.11,50.89
24,ŚLĄSKIE,2402,bielski,2402032,Buczkowice,niskie ryzyko,14.319334834805709,14.319334834805709,14.319334834805709,14.319334834805709,0.0,0.0,100.0,0.0
24,ŚLĄSKIE,2402,bielski,2402043,Czechowice-Dziedzice,niskie ryzyko,2850.552038590182,2816.6882357482405,1256.7522009243949,1291.176727086286,1593.7998376657868,1525.5115086619544,44.09,55.91
24,ŚLĄSKIE,2402,bielski,2402043,Czechowice-Dziedzice,wysokie ryzyko,6874.053515738288,6293.9996894573305,4457.321974927231,4186.740340335653,2416.731540811057,2107.2593491216767,64.84,35.16
24,ŚLĄSKIE,2402,bielski,2402052,Jasienica,niskie ryzyko,461.2151857151283,463.49973573406425,338.59745257502556,337.0851751644423,122.61773314010276,126.41456056962194,73.41,26.59
24,ŚLĄSKIE,2402,bielski,2402052,Jasienica,wysokie ryzyko,405.7573971919686,401.23838467704786,277.42987945135536,275.5521584602557,128.32751774061325,125.68622621679216,68.37,31.63
24,ŚLĄSKIE,2402,bielski,2402072,Kozy,niskie ryzyko,58.85510768225431,58.58200345285773,7.571455612341473,7.571455612341474,51.28365206991283,51.01054784051625,12.86,87.14
24,ŚLĄSKIE,2402,bielski,2402072,Kozy,wysokie ryzyko,50.72102669143394,42.746288417347984,38.99886239175058,29.35848869016606,11.722164299683362,13.387799727181925,76.89,23.11
24,ŚLĄSKIE,2402,bielski,2402082,Porąbka,niskie ryzyko,1422.9068156389258,1376.208823766524,633.7515518911398,629.1605679199859,789.1552637477862,747.0482558465385,44.54,55.46
24,ŚLĄSKIE,2402,bielski,2402082,Porąbka,wysokie ryzyko,3800.3212202493255,3872.2524860445897,1825.69045722209,1864.0643363876452,1974.6307630272352,2008.1881496569445,48.04,51.96
24,ŚLĄSKIE,2402,bielski,2402093,Wilamowice,niskie ryzyko,509.8591668268113,520.418139140824,42.79832329236845,40.190765498174734,467.0608435344428,480.2273736426493,8.39,91.61
24,ŚLĄSKIE,2402,bielski,2402093,Wilamowice,wysokie ryzyko,705.1018349607671,665.252113543927,251.9028984785032,216.79870930178404,453.1989364822638,448.4534042421428,35.73,64.27
24,ŚLĄSKIE,2414,bieruńsko-lędziński,2414011,Bieruń,niskie ryzyko,1388.084143231182,1302.881666361964,1334.655155501148,1250.1136425240684,53.428987730034095,52.76802383789558,96.15,3.85
24,ŚLĄSKIE,2414,bieruńsko-lędziński,2414011,Bieruń,wysokie ryzyko,2009.7664130325404,2153.4557814970954,1963.3260224412709,2110.422328941658,46.44039059126975,43.03345255543654,97.69,2.31
24,ŚLĄSKIE,2414,bieruńsko-lędziński,2414042,Bojszowy,niskie ryzyko,1226.8899545945098,1243.4385657403814,721.7643389255041,739.6380054232204,505.1256156690058,503.8005603171611,58.83,41.17
24,ŚLĄSKIE,2414,bieruńsko-lędziński,2414042,Bojszowy,wysokie ryzyko,1531.7956772848613,1563.518893023146,1024.4869672316306,1053.3883590080577,507.3087100532307,510.1305340150885,66.88,33.12
24,ŚLĄSKIE,2414,bieruńsko-lędziński,2414052,Chełm Śląski,niskie ryzyko,196.9276084021048,196.9804116489252,158.30149390250835,155.9249894160637,38.62611449959646,41.055422232861474,80.39,19.61
24,ŚLĄSKIE,2414,bieruńsko-lędziński,2414052,Chełm Śląski,wysokie ryzyko,311.94031810605645,313.2782907658109,306.35422791585364,307.84353469735197,5.586090190202782,5.43475606845889,98.21,1.79
24,ŚLĄSKIE,2414,bieruńsko-lędziński,2414021,Imielin,niskie ryzyko,6.4840113657387555,6.459158103938042,0.0,0.0,6.4840113657387555,6.459158103938042,0.0,100.0
24,ŚLĄSKIE,2414,bieruńsko-lędziński,2414021,Imielin,wysokie ryzyko,27.289025363728143,27.289025363728143,24.02555086062439,24.02555086062439,3.263474503103753,3.263474503103753,88.04,11.96
24,ŚLĄSKIE,2414,bieruńsko-lędziński,2414031,Lędziny,niskie ryzyko,48.842639758570144,48.842639758570144,44.842639758570144,44.842639758570144,4.0,4.0,91.81,8.19
24,ŚLĄSKIE,2401,będziński,2401042,Bobrowniki,niskie ryzyko,27.64688845064679,29.07653595640968,27.64688845064679,29.07653595640968,0.0,0.0,100.0,0.0
24,ŚLĄSKIE,2401,będziński,2401042,Bobrowniki,wysokie ryzyko,7.62047198439719,7.156685428376073,7.62047198439719,7.156685428376073,0.0,0.0,100.0,0.0
24,ŚLĄSKIE,2401,będziński,2401011,Będzin,niskie ryzyko,551.2478573652743,643.9974113529598,490.06133571619034,580.2127608217085,61.186521649083915,63.78465053125137,88.9,11.1
24,ŚLĄSKIE,2401,będziński,2401011,Będzin,wysokie ryzyko,2352.1314799118645,2339.870012877159,2251.309171417808,2241.97282125267,100.82230849405651,97.89719162448849,95.71,4.29
24,ŚLĄSKIE,2401,będziński,2401021,Czeladź,niskie ryzyko,53.754414525758264,54.51352690392145,44.063047934213415,46.499127013369275,9.69136659154485,8.014399890552175,81.97,18.03
24,ŚLĄSKIE,2401,będziński,2401021,Czeladź,wysokie ryzyko,85.95841418669755,85.24287121716101,65.48415009827318,72.72119924309321,20.474264088424366,12.5216719740678,76.18,23.82
24,ŚLĄSKIE,2401,będziński,2401052,Mierzęcice,niskie ryzyko,59.55313723297314,65.48690600822367,59.55313723297314,65.48690600822367,0.0,0.0,100.0,0.0
24,ŚLĄSKIE,2401,będziński,2401052,Mierzęcice,wysokie ryzyko,57.91733918590232,57.7053481440023,57.91733918590232,57.7053481440023,0.0,0.0,100.0,0.0
24,ŚLĄSKIE,2401,będziński,2401062,Psary,niskie ryzyko,34.50732833753433,36.609330366726034,6.06482712011007,6.204562915000146,28.44250121742426,30.40476745172589,17.58,82.42
24,ŚLĄSKIE,2401,będziński,2401062,Psary,wysokie ryzyko,43.87683010707901,42.47548337822811,43.37652228929705,41.9784088028789,0.500307817781961,0.4970745753492074,98.86,1.14
24,ŚLĄSKIE,2401,będziński,2401073,Siewierz,niskie ryzyko,104.18401162921197,111.12255669350326,30.06808237429485,31.218483444599297,74.11592925491712,79.90407324890397,28.86,71.14
24,ŚLĄSKIE,2401,będziński,2401073,Siewierz,wysokie ryzyko,177.848487978169,171.26967769021732,42.80838566764184,40.0407981727359,135.04010231052715,131.22887951748143,24.07,75.93
24,ŚLĄSKIE,2401,będziński,2401081,Sławków,niskie ryzyko,3.7791231339522215,4.280594309127105,0.0,0.0,3.7791231339522215,4.280594309127105,0.0,100.0
24,ŚLĄSKIE,2401,będziński,2401081,Sławków,wysokie ryzyko,0.0,11.245418851021276,0.0,0.0,0.0,11.245418851021276,0.0,0.0
24,ŚLĄSKIE,2401,będziński,2401031,Wojkowice,niskie ryzyko,38.00630136159495,43.94452526089292,36.028712496416745,42.2698548155736,1.9775888651782016,1.6746704453193126,94.8,5.2
24,ŚLĄSKIE,2401,będziński,2401031,Wojkowice,wysokie ryzyko,126.94736478652425,115.00194810723286,65.08358817840349,63.6079434917356,61.86377660812076,51.39400461549726,51.27,48.73
24,ŚLĄSKIE,2403,cieszyński,2403042,Brenna,niskie ryzyko,244.8628811402508,300.90541997809464,87.27876450553597,147.406394251095,157.58411663471486,153.4990257269996,35.64,64.36
24,ŚLĄSKIE,2403,cieszyński,2403042,Brenna,wysokie ryzyko,266.7306130128436,267.4242473037197,116.54375747594466,117.83965504605604,150.18685553689892,149.58459225766367,43.69,56.31
24,ŚLĄSKIE,2403,cieszyński,2403052,Chybie,niskie ryzyko,71.9187892429627,71.9187892429627,30.70313340911187,30.70313340911187,41.21565583385083,41.21565583385083,42.69,57.31
24,ŚLĄSKIE,2403,cieszyński,2403052,Chybie,wysokie ryzyko,16.031080557237154,16.031080557237154,13.728953973052278,13.728953973052278,2.3021265841848777,2.3021265841848777,85.64,14.36
24,ŚLĄSKIE,2403,cieszyński,2403011,Cieszyn,niskie ryzyko,124.53603540182353,110.6357440198468,115.78145704914228,92.83249510784842,8.75457835268124,17.80324891199839,92.97,7.03
24,ŚLĄSKIE,2403,cieszyński,2403011,Cieszyn,wysokie ryzyko,441.7999549017347,352.09768509061894,428.07248814322065,339.57943626858133,13.727466758514014,12.518248822037595,96.89,3.11
24,ŚLĄSKIE,2403,cieszyński,2403062,Dębowiec,niskie ryzyko,30.4946060065289,30.4946060065289,4.413773650113846,4.413773650113846,26.080832356415055,26.080832356415055,14.47,85.53
24,ŚLĄSKIE,2403,cieszyński,2403062,Dębowiec,wysokie ryzyko,5.629575146842366,4.887856718696505,1.7548406769324594,1.0131222487865987,3.874734469909906,3.874734469909906,31.17,68.83
24,ŚLĄSKIE,2403,cieszyński,2403072,Goleszów,niskie ryzyko,68.78005608195488,60.71489232798236,52.40496794358117,47.22885846523762,16.375088138373705,13.486033862744742,76.19,23.81
24,ŚLĄSKIE,2403,cieszyński,2403072,Goleszów,wysokie ryzyko,23.28996453006439,19.028274512850256,18.460234450780973,18.812029597347248,4.829730079283415,0.2162449155030095,79.26,20.74
24,ŚLĄSKIE,2403,cieszyński,2403082,Hażlach,niskie ryzyko,15.35070460116398,13.141165636960912,13.68378274393189,11.474243779728823,1.66692185723209,1.66692185723209,89.14,10.86
24,ŚLĄSKIE,2403,cieszyński,2403092,Istebna,niskie ryzyko,12.6729343979243,14.606636878685125,5.962846714309666,5.962846714309666,6.710087683614633,8.643790164375456,47.05,52.95
24,ŚLĄSKIE,2403,cieszyński,2403092,Istebna,wysokie ryzyko,18.62586167530568,18.62586167530568,18.62586167530568,18.62586167530568,0.0,0.0,100.0,0.0
24,ŚLĄSKIE,2403,cieszyński,2403103,Skoczów,niskie ryzyko,659.9278919391047,883.3910997172729,330.9607559195231,424.23406117252006,328.9671360195815,459.15703854475294,50.15,49.85
24,ŚLĄSKIE,2403,cieszyński,2403103,Skoczów,wysokie ryzyko,1936.7385227614257,2174.5317344482382,1450.979258259625,1279.426447329054,485.7592645018004,895.1052871191838,74.92,25.08
24,ŚLĄSKIE,2403,cieszyński,2403113,Strumień,niskie ryzyko,817.3284286372976,832.4359626935806,631.0233499609826,651.1097854742915,186.30507867631505,181.32617721928912,77.21,22.79
24,ŚLĄSKIE,2403,cieszyński,2403113,Strumień,wysokie ryzyko,1183.7112481093757,1098.7947885635842,1117.375580855204,1032.4591213094125,66.33566725417157,66.33566725417157,94.4,5.6
24,ŚLĄSKIE,2403,cieszyński,2403021,Ustroń,niskie ryzyko,34.35516347373897,38.55212838451921,29.091609360794504,33.64002622063846,5.263554112944467,4.91210216388075,84.68,15.32
24,ŚLĄSKIE,2403,cieszyński,2403021,Ustroń,wysokie ryzyko,94.4611942875734,60.79109891715627,94.4611942875734,60.79109891715627,0.0,0.0,100.0,0.0
24,ŚLĄSKIE,2403,cieszyński,2403031,Wisła,niskie ryzyko,35.9076610572429,23.23746245199846,26.908306120216963,14.91772209285458,8.999354937025936,8.319740359143879,74.94,25.06
24,ŚLĄSKIE,2403,cieszyński,2403031,Wisła,wysokie ryzyko,6.710231413191872,9.37165913249484,6.710231413191872,9.37165913249484,0.0,0.0,100.0,0.0
24,ŚLĄSKIE,2403,cieszyński,2403122,Zebrzydowice,niskie ryzyko,163.94487693064485,166.986011923496,151.54955829496967,154.64791275223328,12.3953186356752,12.338099171262725,92.44,7.56
24,ŚLĄSKIE,2403,cieszyński,2403122,Zebrzydowice,wysokie ryzyko,71.57764880129879,70.7076698133272,64.16867422857739,63.29869524060579,7.408974572721411,7.40897457272141,89.65,10.35
24,ŚLĄSKIE,2404,częstochowski,2404013,Blachownia,niskie ryzyko,8.479520792379198,8.4795207923792,0.0,0.0,8.479520792379198,8.4795207923792,0.0,100.0
24,ŚLĄSKIE,2404,częstochowski,2404013,Blachownia,wysokie ryzyko,11.253877036268891,11.253877036268891,0.0,0.0,11.253877036268891,11.253877036268891,0.0,100.0
24,ŚLĄSKIE,2404,częstochowski,2404022,Dąbrowa Zielona,niskie ryzyko,21.667745873952363,21.667745873952363,20.66029401428473,20.66029401428473,1.0074518596676338,1.0074518596676338,95.35,4.65
24,ŚLĄSKIE,2404,częstochowski,2404022,Dąbrowa Zielona,wysokie ryzyko,2.6488248182461023,2.6488248182461027,2.6488248182461023,2.6488248182461027,0.0,0.0,100.0,0.0
24,ŚLĄSKIE,2404,częstochowski,2404042,Kamienica Polska,niskie ryzyko,261.6246564325654,260.5662242980242,140.7142668874714,139.75877762925867,120.91038954509403,120.80744666876556,53.78,46.22
24,ŚLĄSKIE,2404,częstochowski,2404042,Kamienica Polska,wysokie ryzyko,463.7085258169338,463.0032821036539,133.28866112877552,132.78313541433158,330.41986468815827,330.2201466893223,28.74,71.26
24,ŚLĄSKIE,2404,częstochowski,2404063,Koniecpol,niskie ryzyko,66.46414225224981,63.89612496879204,39.354439971713745,37.08601163980234,27.109702280536077,26.8101133289897,59.21,40.79
24,ŚLĄSKIE,2404,częstochowski,2404063,Koniecpol,wysokie ryzyko,31.465074084086424,32.754222732791625,11.01068993097684,10.631111531101704,20.454384153109583,22.123111201689923,34.99,65.01
24,ŚLĄSKIE,2404,częstochowski,2404082,Kruszyna,niskie ryzyko,27.467446010000515,27.467446010000515,27.356937909694512,27.356937909694512,0.110508100306002,0.110508100306002,99.6,0.4
24,ŚLĄSKIE,2404,częstochowski,2404082,Kruszyna,wysokie ryzyko,21.91529239084895,21.91529239084895,21.91529239084895,21.91529239084895,0.0,0.0,100.0,0.0
24,ŚLĄSKIE,2404,częstochowski,2404052,Kłomnice,niskie ryzyko,363.8569578767681,365.12952086874026,221.3985929613412,226.94395529402817,142.4583649154269,138.18556557471211,60.85,39.15
24,ŚLĄSKIE,2404,częstochowski,2404052,Kłomnice,wysokie ryzyko,489.08788463668105,465.3633874160844,314.14674565507795,303.56043565763406,174.9411389816031,161.8029517584503,64.23,35.77
24,ŚLĄSKIE,2404,częstochowski,2404102,Mstów,niskie ryzyko,110.7997947966328,107.84286872651144,84.8683837664875,81.91145769636614,25.93141103014529,25.93141103014529,76.6,23.4
24,ŚLĄSKIE,2404,częstochowski,2404102,Mstów,wysokie ryzyko,130.02254612720216,135.70281818655107,109.0848458520447,114.76511791139362,20.93770027515746,20.93770027515746,83.9,16.1
24,ŚLĄSKIE,2404,częstochowski,2404112,Mykanów,niskie ryzyko,18.07526454781061,18.07052142138325,15.168141432866356,15.163398306438996,2.907123114944256,2.907123114944256,83.92,16.08
24,ŚLĄSKIE,2404,częstochowski,2404112,Mykanów,wysokie ryzyko,4.357329120792723,4.357329120792723,0.0,0.0,4.357329120792723,4.357329120792723,0.0,100.0
24,ŚLĄSKIE,2404,częstochowski,2404132,Poczesna,niskie ryzyko,623.3337765651908,623.3144805167324,350.10223330368126,350.0971979007355,273.23154326150956,273.2172826159969,56.17,43.83
24,ŚLĄSKIE,2404,częstochowski,2404132,Poczesna,wysokie ryzyko,1149.6193026144174,1149.717512040208,511.7150155907666,511.4961324785559,637.9042870236508,638.2213795616522,44.51,55.49
24,ŚLĄSKIE,2404,częstochowski,2404143,Przyrów,niskie ryzyko,23.35434003815436,22.952061946891344,16.051917157125214,16.051917157125214,7.302422881029147,6.900144789766131,68.73,31.27
24,ŚLĄSKIE,2404,częstochowski,2404143,Przyrów,wysokie ryzyko,16.64599726805455,16.64599726805455,16.64599726805455,16.64599726805455,0.0,0.0,100.0,0.0
24,ŚLĄSKIE,2405,gliwicki,2405032,Gierałtowice,niskie ryzyko,263.0558312613795,263.09337940490263,252.27149350577375,252.7268813027716,10.784337755605756,10.366498102131011,95.9,4.1
24,ŚLĄSKIE,2405,gliwicki,2405032,Gierałtowice,wysokie ryzyko,674.9317118742526,676.3398761907537,667.0104429438605,667.2213816800031,7.921268930392192,9.118494510750574,98.83,1.17
24,ŚLĄSKIE,2405,gliwicki,2405011,Knurów,niskie ryzyko,9.78979400488446,9.78979400488446,9.78979400488446,9.78979400488446,0.0,0.0,100.0,0.0
24,ŚLĄSKIE,2405,gliwicki,2405042,Pilchowice,wysokie ryzyko,0.8930186184403179,0.893018618440318,0.8930186184403179,0.893018618440318,0.0,0.0,100.0,0.0
24,ŚLĄSKIE,2405,gliwicki,2405021,Pyskowice,niskie ryzyko,22.205790344325766,16.453720646662124,18.666035915345084,12.91396621768144,3.5397544289806833,3.5397544289806833,84.06,15.94
24,ŚLĄSKIE,2405,gliwicki,2405021,Pyskowice,wysokie ryzyko,84.17703979016036,78.67092579241718,77.42005268074325,71.91393868300008,6.756987109417097,6.756987109417097,91.97,8.03
24,ŚLĄSKIE,2405,gliwicki,2405063,Sośnicowice,niskie ryzyko,36.509500499471145,36.509500499471145,36.509500499471145,36.509500499471145,0.0,0.0,100.0,0.0
24,ŚLĄSKIE,2405,gliwicki,2405063,Sośnicowice,wysokie ryzyko,57.44038750875309,57.44038750875309,57.44038750875309,57.44038750875309,0.0,0.0,100.0,0.0
24,ŚLĄSKIE,2406,kłobucki,2406023,Krzepice,niskie ryzyko,219.75263274164053,229.58429876578305,212.60509825154773,222.30825134334617,7.147534490092795,7.276047422436855,96.75,3.25
24,ŚLĄSKIE,2406,kłobucki,2406023,Krzepice,wysokie ryzyko,97.67692124071752,129.12381455160644,97.67692124071752,129.12381455160644,0.0,0.0,100.0,0.0
24,ŚLĄSKIE,2406,kłobucki,2406013,Kłobuck,niskie ryzyko,103.79494194436955,93.7337808059728,82.98544464748073,72.92428350908396,20.809497296888836,20.809497296888836,79.95,20.05
24,ŚLĄSKIE,2406,kłobucki,2406032,Lipie,niskie ryzyko,70.84575157249874,70.81593829714592,65.32350535756737,65.29369208221455,5.522246214931371,5.522246214931372,92.21,7.79
24,ŚLĄSKIE,2406,kłobucki,2406042,Miedźno,niskie ryzyko,104.51146695684416,83.90452594393528,87.1937048773902,66.58676386448131,17.31776207945397,17.31776207945397,83.43,16.57
24,ŚLĄSKIE,2406,kłobucki,2406042,Miedźno,wysokie ryzyko,9.338240106298342,3.9320102778373807,9.338240106298342,3.9320102778373807,0.0,0.0,100.0,0.0
24,ŚLĄSKIE,2406,kłobucki,2406052,Opatów,niskie ryzyko,6.998788334769543,6.998788334769543,0.0,0.0,6.998788334769543,6.998788334769543,0.0,100.0
24,ŚLĄSKIE,2406,kłobucki,2406062,Panki,niskie ryzyko,63.79555737343962,76.47084979415465,63.79555737343962,76.47084979415465,0.0,0.0,100.0,0.0
24,ŚLĄSKIE,2406,kłobucki,2406062,Panki,wysokie ryzyko,10.318598620341012,10.033888673419568,10.318598620341012,10.033888673419568,0.0,0.0,100.0,0.0
24,ŚLĄSKIE,2406,kłobucki,2406072,Popów,niskie ryzyko,38.55908747779645,40.00982124824632,15.306644279913888,17.417073851523508,23.252443197882563,22.592747396722817,39.7,60.3
24,ŚLĄSKIE,2406,kłobucki,2406072,Popów,wysokie ryzyko,4.621174920621092,3.7236685542186776,4.621174920621092,3.7236685542186776,0.0,0.0,100.0,0.0
24,ŚLĄSKIE,2406,kłobucki,2406082,Przystajń,niskie ryzyko,67.4444603264293,67.04611814109987,66.61906590895356,66.22072372362413,0.8253944174757282,0.8253944174757281,98.78,1.22
24,ŚLĄSKIE,2406,kłobucki,2406082,Przystajń,wysokie ryzyko,17.84196659992485,17.84196659992485,17.84196659992485,17.84196659992485,0.0,0.0,100.0,0.0
24,ŚLĄSKIE,2406,kłobucki,2406092,Wręczyca Wielka,niskie ryzyko,7.665513206901041,7.664608944464685,7.665513206901041,7.664608944464685,0.0,0.0,100.0,0.0
24,ŚLĄSKIE,2407,lubliniecki,2407032,Ciasna,niskie ryzyko,4.786352213625959,4.786352213625959,4.076245403518791,4.076245403518791,0.7101068101071677,0.7101068101071677,85.16,14.84
24,ŚLĄSKIE,2407,lubliniecki,2407042,Herby,niskie ryzyko,24.90718636717627,24.590240483465852,18.018565703605535,17.701619819895114,6.888620663570734,6.888620663570734,72.34,27.66
24,ŚLĄSKIE,2407,lubliniecki,2407062,Koszęcin,niskie ryzyko,0.3128938492943995,0.3128938492943995,0.0,0.0,0.3128938492943995,0.3128938492943995,0.0,100.0
24,ŚLĄSKIE,2407,lubliniecki,2407011,Lubliniec,niskie ryzyko,51.17563474086623,50.74511297406596,0.0,0.0,51.17563474086623,50.74511297406596,0.0,100.0
24,ŚLĄSKIE,2407,lubliniecki,2407011,Lubliniec,wysokie ryzyko,3.338791077880468,3.221113696458504,0.0,0.0,3.338791077880468,3.221113696458504,0.0,100.0
24,ŚLĄSKIE,2408,mikołowski,2408031,Orzesze,niskie ryzyko,3.5745728350340307,7.872417870435817,3.5745728350340307,7.872417870435817,0.0,0.0,100.0,0.0
24,ŚLĄSKIE,2409,myszkowski,2409023,Koziegłowy,niskie ryzyko,22.196335453854132,22.13176879378143,5.181359509799824,5.11679284972712,17.01497594405431,17.01497594405431,23.34,76.66
24,ŚLĄSKIE,2409,myszkowski,2409011,Myszków,niskie ryzyko,133.32370784163464,119.7969467314392,106.83807599162176,93.32933871819108,26.485631850012908,26.46760801324811,80.13,19.87
24,ŚLĄSKIE,2409,myszkowski,2409011,Myszków,wysokie ryzyko,45.19094466401479,35.91479661539646,26.55756415941731,17.281416110798986,18.633380504597476,18.633380504597476,58.77,41.23
24,ŚLĄSKIE,2409,myszkowski,2409042,Poraj,niskie ryzyko,365.12971350024054,382.9606197272384,183.8725969905543,203.35375566598037,181.25711650968623,179.60686406125802,50.36,49.64
24,ŚLĄSKIE,2409,myszkowski,2409042,Poraj,wysokie ryzyko,757.703130539531,697.1935377523403,540.6718815248404,482.7485623605645,217.03124901469067,214.4449753917758,71.36,28.64
24,ŚLĄSKIE,2409,myszkowski,2409053,Żarki,niskie ryzyko,12.01508872333447,12.014861861869989,0.0,0.0,12.01508872333447,12.014861861869989,0.0,100.0
24,ŚLĄSKIE,2409,myszkowski,2409053,Żarki,wysokie ryzyko,7.09598719435792,7.09230533676929,0.0,0.0,7.09598719435792,7.09230533676929,0.0,100.0
24,ŚLĄSKIE,2410,pszczyński,2410012,Goczałkowice-Zdrój,niskie ryzyko,326.9682730947337,296.18088885800876,241.9609255440272,220.506866348406,85.0073475507065,75.67402250960272,74.0,26.0
24,ŚLĄSKIE,2410,pszczyński,2410012,Goczałkowice-Zdrój,wysokie ryzyko,436.3256782384534,467.0853295246481,380.3943993020199,404.4776107341238,55.9312789364335,62.60771879052432,87.18,12.82
24,ŚLĄSKIE,2410,pszczyński,2410032,Miedźna,niskie ryzyko,1187.064350586038,1150.0227859609306,898.5053126455992,864.2556529710662,288.5590379404388,285.7671329898645,75.69,24.31
24,ŚLĄSKIE,2410,pszczyński,2410032,Miedźna,wysokie ryzyko,3725.1668619430393,3178.6655371637444,3017.7906184377075,2518.174628802739,707.3762435053318,660.4909083610053,81.01,18.99
24,ŚLĄSKIE,2410,pszczyński,2410042,Pawłowice,niskie ryzyko,12.792891634771586,19.78297824082674,11.834886444922931,11.834886444922931,0.9580051898486532,7.948091795903808,92.51,7.49
24,ŚLĄSKIE,2410,pszczyński,2410042,Pawłowice,wysokie ryzyko,1.900307874240509,1.9003078742405095,1.900307874240509,1.9003078742405095,0.0,0.0,100.0,0.0
24,ŚLĄSKIE,2410,pszczyński,2410053,Pszczyna,niskie ryzyko,104.5002146052994,116.50268565776165,49.29662120859042,61.32457712212695,55.20359339670897,55.17810853563469,47.17,52.83
24,ŚLĄSKIE,2410,pszczyński,2410053,Pszczyna,wysokie ryzyko,84.5017693431186,83.0885934327129,15.816800648777148,15.25153028461487,68.68496869434145,67.83706314809803,18.72,81.28
24,ŚLĄSKIE,2410,pszczyński,2410062,Suszec,niskie ryzyko,3.637650903387737,3.637650903387737,0.0,0.0,3.637650903387737,3.637650903387737,0.0,100.0
24,ŚLĄSKIE,2411,raciborski,2411033,Krzanowice,niskie ryzyko,1.3227625667969172,1.3227625667969172,1.3227625667969172,1.3227625667969172,0.0,0.0,100.0,0.0
24,ŚLĄSKIE,2411,raciborski,2411042,Krzyżanowice,niskie ryzyko,95.44931889880324,128.53272419106264,87.59225302827889,125.34913821994752,7.857065870524361,3.1835859711151056,91.77,8.23
24,ŚLĄSKIE,2411,raciborski,2411042,Krzyżanowice,wysokie ryzyko,262.77124870654563,240.97051651879823,262.3637662240324,240.8337183024546,0.4074824825132091,0.1367982163436896,99.84,0.16
24,ŚLĄSKIE,2411,raciborski,2411053,Kuźnia Raciborska,niskie ryzyko,526.3597960429945,500.1846508250915,505.50184535995993,479.66901581745736,20.857950683034655,20.515635007634177,96.04,3.96
24,ŚLĄSKIE,2411,raciborski,2411053,Kuźnia Raciborska,wysokie ryzyko,1073.1035894488984,1030.0754741976702,1041.4301231720965,999.213677537716,31.67346627680176,30.861796659954088,97.05,2.95
24,ŚLĄSKIE,2411,raciborski,2411062,Nędza,niskie ryzyko,816.6906793290045,730.8670475393383,816.6906793290045,730.8670475393383,0.0,0.0,100.0,0.0
24,ŚLĄSKIE,2411,raciborski,2411062,Nędza,wysokie ryzyko,1103.5475882192509,1151.12812185491,1103.5475882192509,1151.12812185491,0.0,0.0,100.0,0.0
24,ŚLĄSKIE,2411,raciborski,2411072,Pietrowice Wielkie,niskie ryzyko,37.90110801936682,34.88992234425678,37.90110801936682,34.88992234425678,0.0,0.0,100.0,0.0
24,ŚLĄSKIE,2411,raciborski,2411011,Racibórz,niskie ryzyko,1215.6972649988284,1207.4036922306705,1149.4030294154682,1123.0634211651168,66.29423558336012,84.34027106555365,94.55,5.45
24,ŚLĄSKIE,2411,raciborski,2411011,Racibórz,wysokie ryzyko,6184.049094490605,6627.644816780009,6101.700641008316,6553.1882925946875,82.34845348228941,74.45652418532174,98.67,1.33
24,ŚLĄSKIE,2411,raciborski,2411082,Rudnik,niskie ryzyko,218.2287810877612,218.2287810877612,193.91338085899503,193.91338085899503,24.31540022876613,24.315400228766133,88.86,11.14
24,ŚLĄSKIE,2411,raciborski,2411082,Rudnik,wysokie ryzyko,149.61022502223815,149.61022502223815,134.19189742150013,134.19189742150013,15.41832760073802,15.418327600738024,89.69,10.31
24,ŚLĄSKIE,2412,rybnicki,2412013,Czerwionka-Leszczyny,niskie ryzyko,145.46420102755016,197.27554938182865,143.70555170612317,195.51690006040164,1.7586493214270082,1.7586493214270085,98.79,1.21
24,ŚLĄSKIE,2412,rybnicki,2412013,Czerwionka-Leszczyny,wysokie ryzyko,11.893692098496626,11.893692098496626,0.0,0.0,11.893692098496626,11.893692098496626,0.0,100.0
24,ŚLĄSKIE,2412,rybnicki,2412042,Lyski,niskie ryzyko,18.88235772012625,14.052244075024907,0.0,0.0,18.88235772012625,14.052244075024907,0.0,100.0
24,ŚLĄSKIE,2412,rybnicki,2412042,Lyski,wysokie ryzyko,13.49615020937458,13.1545538021541,0.0,0.0,13.49615020937458,13.1545538021541,0.0,100.0
24,ŚLĄSKIE,2413,tarnogórski,2413011,Kalety,niskie ryzyko,26.62551194427576,31.30734569765473,23.975372345612023,23.975372345612023,2.6501395986637335,7.331973352042705,90.05,9.95
24,ŚLĄSKIE,2413,tarnogórski,2413011,Kalety,wysokie ryzyko,0.2480665426361763,0.2480665426361763,0.2480665426361763,0.2480665426361763,0.0,0.0,100.0,0.0
24,ŚLĄSKIE,2413,tarnogórski,2413052,Krupski Młyn,niskie ryzyko,153.16342395073167,115.92891219738569,132.7638611072774,99.47447440855886,20.399562843454284,16.454437788826812,86.68,13.32
24,ŚLĄSKIE,2413,tarnogórski,2413052,Krupski Młyn,wysokie ryzyko,54.2817291264278,83.04453984726234,54.2817291264278,83.04453984726234,0.0,0.0,100.0,0.0
24,ŚLĄSKIE,2413,tarnogórski,2413041,Tarnowskie Góry,niskie ryzyko,51.76519646368554,50.62844307442517,46.53649442745372,45.39974103819334,5.2287020362318275,5.228702036231827,89.9,10.1
24,ŚLĄSKIE,2413,tarnogórski,2413082,Tworóg,niskie ryzyko,34.67129687399801,32.494874973481004,28.913911132608973,27.700337954178508,5.757385741389034,4.7945370193024965,83.39,16.61
24,ŚLĄSKIE,2413,tarnogórski,2413082,Tworóg,wysokie ryzyko,43.2865696648814,40.96271444871475,43.2865696648814,40.96271444871475,0.0,0.0,100.0,0.0
24,ŚLĄSKIE,2413,tarnogórski,2413092,Zbrosławice,niskie ryzyko,52.6588261535986,53.24056803428555,4.547885906668366,3.8365972588989057,48.110940246930234,49.40397077538665,8.64,91.36
24,ŚLĄSKIE,2413,tarnogórski,2413092,Zbrosławice,wysokie ryzyko,56.27828303167277,41.692627846207984,22.217462373923883,8.65624240105775,34.06082065774888,33.03638544515024,39.48,60.52
24,ŚLĄSKIE,2415,wodzisławski,2415052,Godów,niskie ryzyko,163.64714777511634,171.32246778060588,133.89211613505805,141.61050724491312,29.7550316400583,29.711960535692747,81.82,18.18
24,ŚLĄSKIE,2415,wodzisławski,2415052,Godów,wysokie ryzyko,201.97587436402597,190.23266663497603,201.97587436402597,190.23266663497603,0.0,0.0,100.0,0.0
24,ŚLĄSKIE,2415,wodzisławski,2415062,Gorzyce,niskie ryzyko,887.7386811919789,868.0293222468872,415.0862050048645,397.0082150065856,472.6524761871144,471.02110724030155,46.76,53.24
24,ŚLĄSKIE,2415,wodzisławski,2415062,Gorzyce,wysokie ryzyko,977.4876202275694,1028.526943721595,668.7357771572499,728.6855926709662,308.7518430703195,299.84135105062876,68.41,31.59
24,ŚLĄSKIE,2415,wodzisławski,2415092,Mszana,niskie ryzyko,14.689396558168342,14.689396558168344,0.7343533555555718,0.7343533555555717,13.955043202612767,13.95504320261277,5.0,95.0
24,ŚLĄSKIE,2415,wodzisławski,2415092,Mszana,wysokie ryzyko,2.5974447637136966,2.597444763713696,2.5974447637136966,2.597444763713696,0.0,0.0,100.0,0.0
24,ŚLĄSKIE,2415,wodzisławski,2415031,Rydułtowy,niskie ryzyko,1.513155337207003,1.513155337207003,0.919905280793264,0.919905280793264,0.593250056413739,0.593250056413739,60.79,39.21
24,ŚLĄSKIE,2415,wodzisławski,2415041,Wodzisław Śląski,niskie ryzyko,253.0329384518335,328.80758595248335,168.09580189268394,126.4629341772956,84.93713655914956,202.3446517751877,66.43,33.57
24,ŚLĄSKIE,2415,wodzisławski,2415041,Wodzisław Śląski,wysokie ryzyko,508.2526811789742,346.3422930932212,446.0317977085517,298.3196003266107,62.22088347042247,48.02269276661048,87.76,12.24
24,ŚLĄSKIE,2416,zawierciański,2416032,Irządze,niskie ryzyko,1.469852754780739,1.469852754780739,1.469852754780739,1.469852754780739,0.0,0.0,100.0,0.0
24,ŚLĄSKIE,2416,zawierciański,2416042,Kroczyce,niskie ryzyko,6.142840068185351,6.008749031250337,6.142840068185351,6.008749031250337,0.0,0.0,100.0,0.0
24,ŚLĄSKIE,2416,zawierciański,2416073,Pilica,niskie ryzyko,35.07534993327924,34.49511084811344,35.07534993327924,34.49511084811344,0.0,0.0,100.0,0.0
24,ŚLĄSKIE,2416,zawierciański,2416073,Pilica,wysokie ryzyko,6.346501356473008,6.3465013564730075,6.346501356473008,6.3465013564730075,0.0,0.0,100.0,0.0
24,ŚLĄSKIE,2416,zawierciański,2416083,Szczekociny,niskie ryzyko,60.46353267075119,46.957864485030726,56.734946978370466,43.22927879265,3.728585692380723,3.7285856923807223,93.83,6.17
24,ŚLĄSKIE,2416,zawierciański,2416083,Szczekociny,wysokie ryzyko,24.319336941774573,15.05830917284593,21.123708467968832,11.86268069904019,3.1956284738057414,3.1956284738057414,86.86,13.14
24,ŚLĄSKIE,2416,zawierciański,2416021,Zawiercie,niskie ryzyko,30.432758869095377,25.80897731921786,19.53820870180137,17.362517713860598,10.894550167294003,8.446459605357262,64.2,35.8
24,ŚLĄSKIE,2416,zawierciański,2416021,Zawiercie,wysokie ryzyko,19.27485330268325,18.855740903593464,19.27485330268325,18.855740903593464,0.0,0.0,100.0,0.0
24,ŚLĄSKIE,2416,zawierciański,2416102,Żarnowiec,niskie ryzyko,23.40393120926325,27.815994370044407,23.40393120926325,27.815994370044407,0.0,0.0,100.0,0.0
24,ŚLĄSKIE,2416,zawierciański,2416102,Żarnowiec,wysokie ryzyko,7.322544451993198,7.322544451993197,7.322544451993198,7.322544451993197,0.0,0.0,100.0,0.0
24,ŚLĄSKIE,2479,Żory,2479011,Żory,niskie ryzyko,2.840432547060755,2.609461630197558,2.840432547060755,2.609461630197558,0.0,0.0,100.0,0.0
24,ŚLĄSKIE,2417,żywiecki,2417022,Czernichów,niskie ryzyko,305.02762773081326,325.86166724917655,232.61500599748993,247.30328371403183,72.41262173332332,78.55838353514474,76.26,23.74
24,ŚLĄSKIE,2417,żywiecki,2417022,Czernichów,wysokie ryzyko,619.847053378991,625.2263404715599,534.8594523198562,540.3023208368752,84.98760105913465,84.92401963468478,86.29,13.71
24,ŚLĄSKIE,2417,żywiecki,2417032,Gilowice,niskie ryzyko,74.16707006177452,93.34192433443675,37.469089927469504,60.28701563245524,36.69798013430502,33.054908701981525,50.52,49.48
24,ŚLĄSKIE,2417,żywiecki,2417032,Gilowice,wysokie ryzyko,80.34770855343086,72.20033067687436,27.33112107402192,26.32351173946944,53.01658747940893,45.87681893740492,34.02,65.98
24,ŚLĄSKIE,2417,żywiecki,2417042,Jeleśnia,niskie ryzyko,181.00180430403572,168.56264902307362,90.4815699945778,79.75046029558509,90.52023430945792,88.81218872748855,49.99,50.01
24,ŚLĄSKIE,2417,żywiecki,2417042,Jeleśnia,wysokie ryzyko,162.27812424943212,160.27956325779877,127.39165040894764,126.5098044650816,34.88647384048446,33.769758792717184,78.5,21.5
24,ŚLĄSKIE,2417,żywiecki,2417052,Koszarawa,niskie ryzyko,51.09603187530187,58.4235935956623,27.052509947703733,21.928280266497044,24.043521927598135,36.49531332916525,52.94,47.06
24,ŚLĄSKIE,2417,żywiecki,2417062,Lipowa,niskie ryzyko,28.96703454488766,28.60808760041641,21.71004524817304,21.71004524817304,7.256989296714617,6.898042352243371,74.95,25.05
24,ŚLĄSKIE,2417,żywiecki,2417062,Lipowa,wysokie ryzyko,13.006279380661253,2.8229274508839057,13.006279380661253,2.8229274508839057,0.0,0.0,100.0,0.0
24,ŚLĄSKIE,2417,żywiecki,2417092,Milówka,niskie ryzyko,95.15197804246024,89.4275498503051,46.62138470531552,42.91016470755645,48.53059333714471,46.51738514274864,49.0,51.0
24,ŚLĄSKIE,2417,żywiecki,2417092,Milówka,wysokie ryzyko,151.94055889025256,130.66028255009977,112.76029848240232,91.48002214224954,39.18026040785023,39.18026040785023,74.21,25.79
24,ŚLĄSKIE,2417,żywiecki,2417102,Radziechowy-Wieprz,niskie ryzyko,258.1260067698389,228.40926516621465,181.2669452154892,158.10768370153403,76.8590615543497,70.30158146468064,70.22,29.78
24,ŚLĄSKIE,2417,żywiecki,2417102,Radziechowy-Wieprz,wysokie ryzyko,501.2003034810934,416.51453463456613,468.9706550203044,384.2848861737772,32.22964846078896,32.22964846078896,93.57,6.43
24,ŚLĄSKIE,2417,żywiecki,2417112,Rajcza,niskie ryzyko,210.73642046838177,230.47699946063352,80.98259865761855,100.8930904611365,129.75382181076318,129.58390899949703,38.43,61.57
24,ŚLĄSKIE,2417,żywiecki,2417112,Rajcza,wysokie ryzyko,151.58439292563244,144.9895326787778,67.27597338474204,60.95531835941781,84.30841954089038,84.03421431935999,44.38,55.62
24,ŚLĄSKIE,2417,żywiecki,2417142,Ujsoły,niskie ryzyko,78.75537442426202,77.72516506783028,21.88005109003369,20.84984173360195,56.87532333422832,56.87532333422832,27.78,72.22
24,ŚLĄSKIE,2417,żywiecki,2417142,Ujsoły,wysokie ryzyko,96.18342273132627,96.18342273132627,3.78514115802069,3.78514115802069,92.3982815733056,92.3982815733056,3.94,96.06
24,ŚLĄSKIE,2417,żywiecki,2417152,Węgierska Górka,niskie ryzyko,814.926102376841,784.3891738372655,610.7351076170711,586.1782097766602,204.19099475976984,198.21096406060528,74.94,25.06
24,ŚLĄSKIE,2417,żywiecki,2417152,Węgierska Górka,wysokie ryzyko,1210.253348610031,1243.6140693327736,960.3500563993472,947.2246298215036,249.9032922106838,296.38943951127004,79.35,20.65
24,ŚLĄSKIE,2417,żywiecki,2417082,Łodygowice,niskie ryzyko,58.24429936486831,106.74104289684428,42.777544527640224,91.2742880596162,15.466754837228088,15.466754837228088,73.45,26.55
24,ŚLĄSKIE,2417,żywiecki,2417082,Łodygowice,wysokie ryzyko,19.27501372066266,18.09224251023233,14.291151745339963,13.108380534909632,4.983861975322697,4.983861975322697,74.14,25.86
24,ŚLĄSKIE,2417,żywiecki,2417072,Łękawica,niskie ryzyko,244.05049909837916,440.5667364313,169.96189864456258,374.861042353502,74.08860045381655,65.705694077798,69.64,30.36
24,ŚLĄSKIE,2417,żywiecki,2417072,Łękawica,wysokie ryzyko,322.1588424759966,300.4089599731241,289.17270169353657,244.6179044618841,32.986140782460026,55.79105551123996,89.76,10.24
24,ŚLĄSKIE,2417,żywiecki,2417122,Ślemień,niskie ryzyko,79.81199543748498,66.35723849913684,46.43783827179429,33.59358705162494,33.3741571656907,32.763651447511904,58.18,41.82
24,ŚLĄSKIE,2417,żywiecki,2417122,Ślemień,wysokie ryzyko,9.104699519548848,6.14397611795818,9.104699519548848,6.14397611795818,0.0,0.0,100.0,0.0
24,ŚLĄSKIE,2417,żywiecki,2417132,Świnna,niskie ryzyko,219.60573250042603,209.41600414110917,144.35056454417509,134.35382540997924,75.25516795625094,75.06217873112992,65.73,34.27
24,ŚLĄSKIE,2417,żywiecki,2417132,Świnna,wysokie ryzyko,279.41759394110113,234.70341022247487,278.4833887576848,233.76920503905853,0.934205183416346,0.9342051834163458,99.67,0.33
24,ŚLĄSKIE,2417,żywiecki,2417011,Żywiec,niskie ryzyko,207.72551594231763,209.53055147569808,205.92446644681152,204.82437527670857,1.8010494955061127,4.706176198989505,99.13,0.87
24,ŚLĄSKIE,2417,żywiecki,2417011,Żywiec,wysokie ryzyko,907.4193896749716,658.6812652790608,903.7400232541214,658.3396850588883,3.6793664208503145,0.3415802201723788,99.59,0.41
26,ŚWIĘTOKRZYSKIE,2661,Kielce,2661011,Kielce,niskie ryzyko,107.96877522347116,75.78409709112492,91.0163227807533,62.628878658094905,16.952452442717856,13.15521843303002,84.3,15.7
26,ŚWIĘTOKRZYSKIE,2661,Kielce,2661011,Kielce,wysokie ryzyko,158.46077543408524,125.5955575100628,40.830505032067265,30.299019068801258,117.63027040201796,95.29653844126152,25.77,74.23
26,ŚWIĘTOKRZYSKIE,2601,buski,2601033,Nowy Korczyn,niskie ryzyko,1463.1921727727367,1511.6616334639912,1050.4948878024595,1098.9643484937144,412.6972849702769,412.6972849702769,71.79,28.21
26,ŚWIĘTOKRZYSKIE,2601,buski,2601033,Nowy Korczyn,wysokie ryzyko,2151.634658160695,2096.858834631104,1657.907280852067,1603.1314573224763,493.72737730862775,493.7273773086278,77.05,22.95
26,ŚWIĘTOKRZYSKIE,2601,buski,2601043,Pacanów,niskie ryzyko,2232.126666704425,2229.2245795054705,1520.9375256022809,1521.5495394109817,711.1891411021442,707.6750400944886,68.14,31.86
26,ŚWIĘTOKRZYSKIE,2601,buski,2601043,Pacanów,wysokie ryzyko,1543.348595130432,1545.6347052653778,1042.064516767715,1040.599893692113,501.2840783627168,505.03481157326473,67.52,32.48
26,ŚWIĘTOKRZYSKIE,2601,buski,2601052,Solec-Zdrój,niskie ryzyko,297.72242184011856,284.7806517506522,186.0728482675059,168.35344442650506,111.64957357261264,116.42720732414716,62.5,37.5
26,ŚWIĘTOKRZYSKIE,2601,buski,2601052,Solec-Zdrój,wysokie ryzyko,300.1799585516485,320.98338220658786,154.60399667978123,169.37951917967652,145.57596187186726,151.60386302691134,51.5,48.5
26,ŚWIĘTOKRZYSKIE,2601,buski,2601083,Wiślica,niskie ryzyko,431.90543857951167,416.7708604239782,386.29466846608074,371.16818099975967,45.61077011343093,45.60267942421851,89.44,10.56
26,ŚWIĘTOKRZYSKIE,2601,buski,2601083,Wiślica,wysokie ryzyko,392.49320640109806,441.47792354821945,335.92012071968395,381.5831035222158,56.57308568141414,59.89482002600363,85.59,14.41
26,ŚWIĘTOKRZYSKIE,2602,jędrzejowski,2602012,Imielno,niskie ryzyko,40.39597401765502,40.09230894528559,34.139165598340526,33.83550052597109,6.256808419314495,6.256808419314495,84.51,15.49
26,ŚWIĘTOKRZYSKIE,2602,jędrzejowski,2602012,Imielno,wysokie ryzyko,33.595948162065035,33.595948162065035,28.715482424592665,28.715482424592665,4.880465737472368,4.880465737472369,85.47,14.53
26,ŚWIĘTOKRZYSKIE,2602,jędrzejowski,2602033,Małogoszcz,niskie ryzyko,7.588069768162883,7.5880697681628835,6.326109482636418,6.326109482636418,1.261960285526465,1.261960285526465,83.37,16.63
26,ŚWIĘTOKRZYSKIE,2602,jędrzejowski,2602033,Małogoszcz,wysokie ryzyko,7.395014077179142,7.395014077179142,0.0,0.0,7.395014077179142,7.395014077179142,0.0,100.0
26,ŚWIĘTOKRZYSKIE,2602,jędrzejowski,2602083,Sobków,niskie ryzyko,120.29586554101388,118.46417353706202,102.25218943366916,100.42049742971732,18.04367610734471,18.043676107344705,85.0,15.0
26,ŚWIĘTOKRZYSKIE,2602,jędrzejowski,2602083,Sobków,wysokie ryzyko,42.06914666487699,42.069146664877,41.06914666487699,41.069146664877,1.0,1.0,97.62,2.38
26,ŚWIĘTOKRZYSKIE,2602,jędrzejowski,2602072,Słupia,niskie ryzyko,7.865324268636008,7.865324268636007,7.865324268636008,7.865324268636007,0.0,0.0,100.0,0.0
26,ŚWIĘTOKRZYSKIE,2603,kazimierski,2603012,Bejsce,niskie ryzyko,89.91879709398154,89.91879709398154,79.06763260659983,79.06763260659983,10.85116448738172,10.85116448738172,87.93,12.07
26,ŚWIĘTOKRZYSKIE,2603,kazimierski,2603012,Bejsce,wysokie ryzyko,84.35343553433498,84.35343553433498,70.8480549993777,70.8480549993777,13.505380534957276,13.505380534957276,83.99,16.01
26,ŚWIĘTOKRZYSKIE,2603,kazimierski,2603043,Opatowiec,niskie ryzyko,68.6694169522107,84.67999578655814,48.574135636268736,64.66603320255719,20.09528131594196,20.01396258400095,70.74,29.26
26,ŚWIĘTOKRZYSKIE,2603,kazimierski,2603043,Opatowiec,wysokie ryzyko,29.86179532933059,29.86179532933059,20.36864046158058,20.368640461580583,9.49315486775001,9.49315486775001,68.21,31.79
26,ŚWIĘTOKRZYSKIE,2604,kielecki,2604033,Chęciny,niskie ryzyko,36.82505580045143,36.82505580045143,30.34923752494676,30.34923752494676,6.475818275504674,6.475818275504674,82.41,17.59
26,ŚWIĘTOKRZYSKIE,2604,kielecki,2604033,Chęciny,wysokie ryzyko,36.09555094906869,36.095550949068695,36.09555094906869,36.095550949068695,0.0,0.0,100.0,0.0
26,ŚWIĘTOKRZYSKIE,2604,kielecki,2604053,Daleszyce,niskie ryzyko,141.09781938399271,150.47207998460632,36.859102157050295,46.32435865601243,104.23871722694244,104.14772132859387,26.12,73.88
26,ŚWIĘTOKRZYSKIE,2604,kielecki,2604053,Daleszyce,wysokie ryzyko,119.43491063750756,115.30843785337316,74.950814829824,70.96570944272129,44.48409580768356,44.34272841065186,62.75,37.25
26,ŚWIĘTOKRZYSKIE,2604,kielecki,2604123,Morawica,niskie ryzyko,158.4952910577217,127.35684273027584,83.58554669706143,73.24415403591868,74.90974436066024,54.11268869435716,52.74,47.26
26,ŚWIĘTOKRZYSKIE,2604,kielecki,2604123,Morawica,wysokie ryzyko,220.7322653141621,259.2642040957034,170.5391258908728,146.41258542431788,50.19313942328934,112.85161867138552,77.26,22.74
26,ŚWIĘTOKRZYSKIE,2604,kielecki,2604133,Nowa Słupia,niskie ryzyko,50.94149994253766,50.083193191637775,50.023583226289,49.254381158207714,0.9179167162486612,0.8288120334300614,98.2,1.8
26,ŚWIĘTOKRZYSKIE,2604,kielecki,2604133,Nowa Słupia,wysokie ryzyko,5.839432344433056,5.839432344433057,5.839432344433056,5.839432344433057,0.0,0.0,100.0,0.0
26,ŚWIĘTOKRZYSKIE,2604,kielecki,2604172,Nowiny,niskie ryzyko,201.87995887597785,194.91586622426777,39.82529442796642,37.85142679272772,162.05466444801144,157.06443943154002,19.73,80.27
26,ŚWIĘTOKRZYSKIE,2604,kielecki,2604172,Nowiny,wysokie ryzyko,8.448147419698925,8.402520974993282,7.706854587970937,7.661228143265293,0.7412928317279879,0.7412928317279879,91.23,8.77
26,ŚWIĘTOKRZYSKIE,2604,kielecki,2604162,Raków,niskie ryzyko,9.304599938012966,9.304599938012968,1.4002772069014962,1.4002772069014964,7.9043227311114705,7.904322731111471,15.05,84.95
26,ŚWIĘTOKRZYSKIE,2605,konecki,2605023,Gowarczów,niskie ryzyko,15.32231486341401,14.251661539834748,15.32231486341401,14.251661539834748,0.0,0.0,100.0,0.0
26,ŚWIĘTOKRZYSKIE,2605,konecki,2605043,Radoszyce,niskie ryzyko,3.2183706100833867,3.2183706100833867,0.7631045753531225,0.7631045753531226,2.455266034730264,2.455266034730264,23.71,76.29
26,ŚWIĘTOKRZYSKIE,2605,konecki,2605052,Ruda Maleniecka,niskie ryzyko,1.1061683804298394,1.1061683804298394,1.1061683804298394,1.1061683804298394,0.0,0.0,100.0,0.0
26,ŚWIĘTOKRZYSKIE,2605,konecki,2605052,Ruda Maleniecka,wysokie ryzyko,2.8455524719615473,2.8455524719615477,2.8455524719615473,2.8455524719615477,0.0,0.0,100.0,0.0
26,ŚWIĘTOKRZYSKIE,2605,konecki,2605083,Stąporków,niskie ryzyko,22.19804764204993,23.388889354236053,10.256395662861337,11.622182287650723,11.941651979188594,11.766707066585328,46.2,53.8
26,ŚWIĘTOKRZYSKIE,2605,konecki,2605083,Stąporków,wysokie ryzyko,8.254773279197394,8.254773279197396,0.0,0.0,8.254773279197394,8.254773279197396,0.0,100.0
26,ŚWIĘTOKRZYSKIE,2605,konecki,2605062,Słupia Konecka,niskie ryzyko,9.415742472105029,8.764649339328493,9.415742472105029,8.764649339328493,0.0,0.0,100.0,0.0
26,ŚWIĘTOKRZYSKIE,2605,konecki,2605062,Słupia Konecka,wysokie ryzyko,2.094072527957373,2.0940725279573726,2.094072527957373,2.0940725279573726,0.0,0.0,100.0,0.0
26,ŚWIĘTOKRZYSKIE,2606,opatowski,2606053,Ożarów,niskie ryzyko,183.63661557418612,180.77819200810217,118.11755806814227,115.56348852551686,65.51905750604385,65.21470348258528,64.32,35.68
26,ŚWIĘTOKRZYSKIE,2606,opatowski,2606053,Ożarów,wysokie ryzyko,169.83298468655514,172.89784943947717,112.86354188076824,116.96681301609831,56.96944280578688,55.931036423378856,66.46,33.54
26,ŚWIĘTOKRZYSKIE,2606,opatowski,2606072,Tarłów,niskie ryzyko,264.96909142571485,265.9239382792388,187.6896054138931,188.64445226741705,77.27948601182176,77.27948601182176,70.83,29.17
26,ŚWIĘTOKRZYSKIE,2606,opatowski,2606072,Tarłów,wysokie ryzyko,319.788879016377,318.4793178783466,251.26388218847632,249.9543210504459,68.52499682790068,68.52499682790068,78.57,21.43
26,ŚWIĘTOKRZYSKIE,2607,ostrowiecki,2607022,Bałtów,niskie ryzyko,126.74928055134336,118.57124873871452,49.28894708523701,41.4135739345684,77.46033346610635,77.15767480414611,38.89,61.11
26,ŚWIĘTOKRZYSKIE,2607,ostrowiecki,2607022,Bałtów,wysokie ryzyko,111.24610320581914,108.9953108659385,48.11021945816446,27.628411349767667,63.135883747654674,81.36689951617083,43.25,56.75
26,ŚWIĘTOKRZYSKIE,2607,ostrowiecki,2607032,Bodzechów,niskie ryzyko,391.89900293778794,378.2896450155227,237.27763708752408,223.66827916525884,154.6213658502639,154.6213658502639,60.55,39.45
26,ŚWIĘTOKRZYSKIE,2607,ostrowiecki,2607032,Bodzechów,wysokie ryzyko,635.9083383270182,679.0840574725999,576.9762988325651,620.1520179781468,58.93203949445315,58.93203949445315,90.73,9.27
26,ŚWIĘTOKRZYSKIE,2607,ostrowiecki,2607053,Kunów,niskie ryzyko,145.71503440620188,144.2737477009188,140.16199389806152,138.7207071927784,5.5530405081403815,5.5530405081403815,96.19,3.81
26,ŚWIĘTOKRZYSKIE,2607,ostrowiecki,2607053,Kunów,wysokie ryzyko,57.28509290598217,57.28509290598217,57.28509290598217,57.28509290598217,0.0,0.0,100.0,0.0
26,ŚWIĘTOKRZYSKIE,2607,ostrowiecki,2607011,Ostrowiec Świętokrzyski,niskie ryzyko,114.4084820574394,53.44164372017976,106.45739703196864,44.049880823728074,7.951085025470781,9.39176289645169,93.05,6.95
26,ŚWIĘTOKRZYSKIE,2607,ostrowiecki,2607011,Ostrowiec Świętokrzyski,wysokie ryzyko,245.93255923633205,319.7870179946953,232.3848767144887,309.9692910470541,13.547682521843324,9.817726947641212,94.49,5.51
26,ŚWIĘTOKRZYSKIE,2607,ostrowiecki,2607043,Ćmielów,niskie ryzyko,385.6123262517429,380.8183764974075,364.1359983825416,359.39967944675743,21.476327869201263,21.4186970506501,94.43,5.57
26,ŚWIĘTOKRZYSKIE,2607,ostrowiecki,2607043,Ćmielów,wysokie ryzyko,489.11978195915816,486.9558676597695,456.40465736976415,454.4995700288901,32.71512458939401,32.456297630879455,93.31,6.69
26,ŚWIĘTOKRZYSKIE,2608,pińczowski,2608022,Kije,niskie ryzyko,57.91303601334071,57.88103770363778,57.10614806350641,57.07414975380348,0.8068879498342951,0.806887949834295,98.61,1.39
26,ŚWIĘTOKRZYSKIE,2608,pińczowski,2608022,Kije,wysokie ryzyko,21.026411875564225,21.026411875564225,21.026411875564225,21.026411875564225,0.0,0.0,100.0,0.0
26,ŚWIĘTOKRZYSKIE,2608,pińczowski,2608032,Michałów,niskie ryzyko,55.90534989168964,55.8274492196938,54.06217170583883,53.98427103384299,1.8431781858508107,1.8431781858508107,96.7,3.3
26,ŚWIĘTOKRZYSKIE,2608,pińczowski,2608043,Pińczów,niskie ryzyko,230.3331759736221,189.65426374315192,171.11600376347334,134.4510971782607,59.21717221014876,55.20316656489123,74.29,25.71
26,ŚWIĘTOKRZYSKIE,2608,pińczowski,2608043,Pińczów,wysokie ryzyko,66.68493405367471,64.59040367273417,20.201061452193393,18.106531071252867,46.48387260148131,46.48387260148131,30.29,69.71
26,ŚWIĘTOKRZYSKIE,2608,pińczowski,2608052,Złota,niskie ryzyko,11.32049197796796,11.32049197796796,11.32049197796796,11.32049197796796,0.0,0.0,100.0,0.0
26,ŚWIĘTOKRZYSKIE,2609,sandomierski,2609022,Dwikozy,niskie ryzyko,2122.2381411830015,2091.1465732725105,1750.6683556806754,1723.6261136306466,371.56978550232634,367.52045964186425,82.49,17.51
26,ŚWIĘTOKRZYSKIE,2609,sandomierski,2609022,Dwikozy,wysokie ryzyko,1757.3760810582964,1721.8281997744182,1416.624447318683,1386.6532166261586,340.75163373961345,335.17498314825946,80.61,19.39
26,ŚWIĘTOKRZYSKIE,2609,sandomierski,2609043,Koprzywnica,niskie ryzyko,1059.9324998299069,1054.1848894582731,635.4628617782873,633.132486208053,424.4696380516193,421.05240325022027,59.95,40.05
26,ŚWIĘTOKRZYSKIE,2609,sandomierski,2609043,Koprzywnica,wysokie ryzyko,1344.6074589571435,1340.8846170055915,859.7128941572701,855.2866066617855,484.89456479987354,485.5980103438059,63.94,36.06
26,ŚWIĘTOKRZYSKIE,2609,sandomierski,2609072,Samborzec,niskie ryzyko,1702.4950078175527,1699.0027705701516,919.0574536693453,916.334581566892,783.4375541482075,782.6681890032595,53.98,46.02
26,ŚWIĘTOKRZYSKIE,2609,sandomierski,2609072,Samborzec,wysokie ryzyko,1667.4444475986795,1668.8804594967814,900.8792080081528,902.3152199062548,766.5652395905269,766.5652395905269,54.03,45.97
26,ŚWIĘTOKRZYSKIE,2609,sandomierski,2609011,Sandomierz,niskie ryzyko,1790.1159603329431,1344.52913537252,1702.6293173712902,1281.1101148587145,87.48664296165276,63.4190205138054,95.11,4.89
26,ŚWIĘTOKRZYSKIE,2609,sandomierski,2609011,Sandomierz,wysokie ryzyko,2633.054711090053,3082.2669403012196,2435.9431792197306,2794.8709772693937,197.11153187032167,287.3959630318258,92.51,7.49
26,ŚWIĘTOKRZYSKIE,2609,sandomierski,2609082,Wilczyce,niskie ryzyko,31.94767698591857,31.94767698591857,16.526439307530335,16.526439307530335,15.421237678388236,15.421237678388234,51.73,48.27
26,ŚWIĘTOKRZYSKIE,2609,sandomierski,2609082,Wilczyce,wysokie ryzyko,33.886057820139925,33.886057820139925,8.00427354021851,8.00427354021851,25.881784279921416,25.881784279921416,23.62,76.38
26,ŚWIĘTOKRZYSKIE,2609,sandomierski,2609093,Zawichost,niskie ryzyko,269.90216804490973,247.300072724149,98.54813390350256,76.77868802780316,171.3540341414072,170.52138469634585,36.51,63.49
26,ŚWIĘTOKRZYSKIE,2609,sandomierski,2609093,Zawichost,wysokie ryzyko,139.27104300993105,135.74247795651954,79.92203474363039,76.39346969021886,59.34900826630066,59.34900826630066,57.39,42.61
26,ŚWIĘTOKRZYSKIE,2609,sandomierski,2609052,Łoniów,niskie ryzyko,982.9723442495168,975.284131555788,368.1639829121609,363.8492292371275,614.8083613373558,611.4349023186604,37.45,62.55
26,ŚWIĘTOKRZYSKIE,2609,sandomierski,2609052,Łoniów,wysokie ryzyko,1088.5746305608914,1096.2628432546203,540.7649801094549,533.6595770368253,547.8096504514366,562.6032662177948,49.68,50.32
26,ŚWIĘTOKRZYSKIE,2610,skarżyski,2610022,Bliżyn,niskie ryzyko,11.696706627072636,11.260639090437444,5.4414491037115,5.005381567076308,6.255257523361137,6.255257523361137,46.52,53.48
26,ŚWIĘTOKRZYSKIE,2610,skarżyski,2610042,Skarżysko Kościelne,niskie ryzyko,14.0,14.0,0.0,0.0,14.0,14.0,0.0,100.0
26,ŚWIĘTOKRZYSKIE,2610,skarżyski,2610011,Skarżysko-Kamienna,niskie ryzyko,42.410783288402136,41.95358542527613,17.558755568495904,17.766178378602813,24.852027719906232,24.18740704667331,41.4,58.6
26,ŚWIĘTOKRZYSKIE,2610,skarżyski,2610011,Skarżysko-Kamienna,wysokie ryzyko,86.77480276890657,91.72505851366604,3.7515037185696025,4.645228204999028,83.02329905033697,87.07983030866703,4.32,95.68
26,ŚWIĘTOKRZYSKIE,2610,skarżyski,2610053,Suchedniów,niskie ryzyko,9.791407193824885,6.637736372871546,2.26904644445637,1.886894529890218,7.522360749368514,4.750841842981329,23.17,76.83
26,ŚWIĘTOKRZYSKIE,2610,skarżyski,2610032,Łączna,niskie ryzyko,13.510558573638326,13.510558573638326,0.0,0.0,13.510558573638326,13.510558573638326,0.0,100.0
26,ŚWIĘTOKRZYSKIE,2611,starachowicki,2611022,Brody,niskie ryzyko,157.17906639881076,151.48718694646044,90.9201404412973,88.49232402120482,66.25892595751344,62.9948629252556,57.84,42.16
26,ŚWIĘTOKRZYSKIE,2611,starachowicki,2611022,Brody,wysokie ryzyko,133.83713949693606,128.68417984046576,74.23010102892283,70.87129022302753,59.60703846801323,57.81288961743822,55.46,44.54
26,ŚWIĘTOKRZYSKIE,2611,starachowicki,2611042,Pawłów,niskie ryzyko,58.341846926821006,50.64011919418447,4.09108330529818,4.09108330529818,54.25076362152282,46.54903588888629,7.01,92.99
26,ŚWIĘTOKRZYSKIE,2611,starachowicki,2611011,Starachowice,niskie ryzyko,125.09791577664296,101.13839763419828,115.79805742501706,96.09337908084204,9.299858351625884,5.045018553356254,92.57,7.43
26,ŚWIĘTOKRZYSKIE,2611,starachowicki,2611011,Starachowice,wysokie ryzyko,353.13122755558254,452.7288056813479,238.04285952285633,330.7955033279491,115.0883680327262,121.9333023533988,67.41,32.59
26,ŚWIĘTOKRZYSKIE,2611,starachowicki,2611053,Wąchock,niskie ryzyko,113.559618761897,108.05940765108716,50.98065010106053,45.785181309933165,62.57896866083646,62.27422634115399,44.89,55.11
26,ŚWIĘTOKRZYSKIE,2611,starachowicki,2611053,Wąchock,wysokie ryzyko,110.85186501566638,86.00466997330278,101.92193212976034,77.07473708739674,8.929932885906037,8.929932885906037,91.94,8.06
26,ŚWIĘTOKRZYSKIE,2612,staszowski,2612043,Osiek,niskie ryzyko,1119.2812960366218,1115.613542802295,549.6470808448878,545.9793276105607,569.6342151917339,569.6342151917339,49.11,50.89
26,ŚWIĘTOKRZYSKIE,2612,staszowski,2612043,Osiek,wysokie ryzyko,1150.982037614746,1154.6045416320717,619.370998121286,622.9935021386119,531.6110394934598,531.6110394934598,53.81,46.19
26,ŚWIĘTOKRZYSKIE,2612,staszowski,2612053,Połaniec,niskie ryzyko,1436.969289103631,1434.8673610885508,1215.2520801519638,1214.5788046682378,221.7172089516669,220.2885564203129,84.57,15.43
26,ŚWIĘTOKRZYSKIE,2612,staszowski,2612053,Połaniec,wysokie ryzyko,1723.4055199686584,1723.007227498866,1496.6295045093198,1495.3847162630254,226.77601545933857,227.6225112358408,86.84,13.16
26,ŚWIĘTOKRZYSKIE,2612,staszowski,2612062,Rytwiany,niskie ryzyko,1115.8041799638356,1112.1892211160562,861.9156180938393,859.5725151201027,253.88856186999604,252.61670599595348,77.25,22.75
26,ŚWIĘTOKRZYSKIE,2612,staszowski,2612062,Rytwiany,wysokie ryzyko,1193.6756471084084,1194.964366429116,1016.8499475070322,1018.415311264513,176.82569960137627,176.54905516460292,85.19,14.81
26,ŚWIĘTOKRZYSKIE,2612,staszowski,2612073,Staszów,niskie ryzyko,761.4271960674974,698.9403655135287,484.9088552117825,424.13064703628385,276.518340855715,274.8097184772449,63.68,36.32
26,ŚWIĘTOKRZYSKIE,2612,staszowski,2612073,Staszów,wysokie ryzyko,1367.36289232019,1861.0759941968672,1168.7574395711506,1673.292217523467,198.60545274903953,187.783776673401,85.48,14.52
26,ŚWIĘTOKRZYSKIE,2612,staszowski,2612083,Szydłów,niskie ryzyko,18.203669268958425,18.09431843948453,10.165148342496543,10.055797513022648,8.038520926461885,8.038520926461885,55.84,44.16
26,ŚWIĘTOKRZYSKIE,2612,staszowski,2612083,Szydłów,wysokie ryzyko,15.926128354177816,15.68750285499583,7.458598365466357,7.2199728662843725,8.467529988711458,8.467529988711458,46.83,53.17
26,ŚWIĘTOKRZYSKIE,2612,staszowski,2612022,Łubnice,niskie ryzyko,1455.311896013974,1464.0417642786315,764.9391052510952,759.2325134592703,690.3727907628792,704.8092508193613,52.56,47.44
26,ŚWIĘTOKRZYSKIE,2612,staszowski,2612022,Łubnice,wysokie ryzyko,880.410222305554,872.4143335240323,444.6565035219986,444.493267007948,435.75371878355537,427.9210665160841,50.51,49.49
26,ŚWIĘTOKRZYSKIE,2613,włoszczowski,2613012,Kluczewsko,niskie ryzyko,64.75444600384378,64.72326521863593,47.76555260371454,47.73437181850669,16.988893400129246,16.988893400129246,73.76,26.24
26,ŚWIĘTOKRZYSKIE,2613,włoszczowski,2613022,Krasocin,niskie ryzyko,1.198093554106959,1.198093554106959,0.0,0.0,1.198093554106959,1.198093554106959,0.0,100.0
26,ŚWIĘTOKRZYSKIE,2613,włoszczowski,2613063,Włoszczowa,niskie ryzyko,6.719057703493436,6.719057703493436,0.0,0.0,6.719057703493436,6.719057703493436,0.0,100.0
