risk_class,pop_night_total,pop_day_total,pop_night_ge65,pop_day_ge65,pop_night_outside,pop_day_outside,poziom,teryt_woj,wojewodztwo,teryt_pow,powiat,teryt_gmi,gmina
niskie ryzyko,839719.0475258187,833364.4749727844,618376.5225135694,612954.2441681115,221342.5250122493,220410.230804673,kraj,,,,,,
wysokie ryzyko,1527797.1801663074,1534402.4630833226,1301546.909189568,1305737.1796650167,226250.27097673964,228665.2834183058,kraj,,,,,,
niskie ryzyko,114632.86852971104,114749.29025027502,85852.09399548631,85957.82299254872,28780.77453422475,28791.4672577263,wojewodztwo,02,DOLNOŚLĄSKIE,,,,
wysokie ryzyko,272911.3918880924,271998.5476613706,233384.5080302575,231765.9241263838,39526.88385783477,40232.62353498686,wojewodztwo,02,DOLNOŚLĄSKIE,,,,
niskie ryzyko,27976.53782709309,27980.373317458485,14444.500606915051,14199.208853011993,13532.037220178034,13781.164464446494,wojewodztwo,04,KUJAWSKO-POMORSKIE,,,,
wysokie ryzyko,34591.85037390843,35628.91729418983,21995.845667937705,23711.187971075964,12596.004705970729,11917.729323113865,wojewodztwo,04,KUJAWSKO-POMORSKIE,,,,
niskie ryzyko,18930.03861033929,18786.73670700517,14394.003490523572,14295.729787076194,4536.035119815713,4491.006919928969,wojewodztwo,06,LUBELSKIE,,,,
wysokie ryzyko,22193.18933814219,22920.63349618733,18891.22984740308,19606.221985599732,3301.9594907391115,3314.4115105876012,wojewodztwo,06,LUBELSKIE,,,,
niskie ryzyko,19699.775567743178,19449.667235785422,11947.568078944409,11737.401457195583,7752.207488798771,7712.265778589836,wojewodztwo,08,LUBUSKIE,,,,
wysokie ryzyko,24538.667397252153,24684.76148099448,19000.36920239712,19130.29093743163,5538.298194855037,5554.470543562848,wojewodztwo,08,LUBUSKIE,,,,
niskie ryzyko,193837.1503722664,191797.37302391385,151247.36596754496,149381.7557295939,42589.7844047214,42415.61729431997,wojewodztwo,14,MAZOWIECKIE,,,,
wysokie ryzyko,443448.113225425,441762.7498033144,402530.177960247,401189.4957517296,40917.93526517809,40573.25405158489,wojewodztwo,14,MAZOWIECKIE,,,,
niskie ryzyko,169070.1120794331,166898.41307490258,126519.38010088938,125044.93697615234,42550.731978543685,41853.476098750216,wojewodztwo,12,MAŁOPOLSKIE,,,,
wysokie ryzyko,267310.42698398116,269628.0518255499,224003.3129005225,225395.03263521267,43307.114083458735,44233.0191903372,wojewodztwo,12,MAŁOPOLSKIE,,,,
niskie ryzyko,32101.352612708728,31893.52131518069,22190.123267833424,22027.12372364923,9911.229344875304,9866.397591531451,wojewodztwo,16,OPOLSKIE,,,,
wysokie ryzyko,82186.55322522158,82558.43690862045,67222.31429501537,67441.39722985528,14964.23893020621,15117.0396787652,wojewodztwo,16,OPOLSKIE,,,,
niskie ryzyko,113909.34024156052,113469.75921722873,84761.69553576273,84351.37982255715,29147.644705797786,29118.379394671563,wojewodztwo,18,PODKARPACKIE,,,,
wysokie ryzyko,158189.89681312605,158544.88009264803,130801.3350124012,130878.52070066886,27388.56180072485,27666.359391979226,wojewodztwo,18,PODKARPACKIE,,,,
niskie ryzyko,3022.4662139496713,2882.5511820231945,1890.78232244329,1759.5623811372666,1131.6838915063806,1122.9888008859275,wojewodztwo,20,PODLASKIE,,,,
wysokie ryzyko,1193.1631038005603,1149.528622647247,676.2410956486628,624.8954382031802,516.9220081518972,524.6331844440671,wojewodztwo,20,PODLASKIE,,,,
niskie ryzyko,47609.14937453789,46725.87194281151,35026.1507825312,34095.91044923468,12582.998592006688,12629.96149357682,wojewodztwo,22,POMORSKIE,,,,
wysokie ryzyko,77932.05168517589,79182.94281295426,65368.39873730391,65670.98225761691,12563.652947871968,13511.96055533737,wojewodztwo,22,POMORSKIE,,,,
niskie ryzyko,7900.675810300023,7858.105959626323,4194.394296550904,4236.927849454851,3706.281513749118,3621.178110171472,wojewodztwo,28,WARMIŃSKO-MAZURSKIE,,,,
wysokie ryzyko,6374.24427478705,6673.233800086659,4304.408354954177,4545.431464341427,2069.8359198328726,2127.8023357452316,wojewodztwo,28,WARMIŃSKO-MAZURSKIE,,,,
niskie ryzyko,21768.58329778947,21231.00829469338,16491.76916581986,16009.56343612845,5276.814131969609,5221.444858564927,wojewodztwo,30,WIELKOPOLSKIE,,,,
wysokie ryzyko,22326.66605684276,22161.33470248762,18652.430154919955,18558.98284773634,3674.2359019228015,3602.3518547512795,wojewodztwo,30,WIELKOPOLSKIE,,,,
niskie ryzyko,8077.846622125737,9275.017375902622,6236.269542227047,7474.688940622632,1841.577079898691,1800.328435279991,wojewodztwo,32,ZACHODNIOPOMORSKIE,,,,
wysokie ryzyko,11377.66878622703,10892.953587122614,10329.529813377174,9751.411256034662,1048.1389728498566,1141.542331087952,wojewodztwo,32,ZACHODNIOPOMORSKIE,,,,
niskie ryzyko,9237.6965293491,9004.639081924981,7055.462924807362,6836.506348639072,2182.2336045417396,2168.132733285907,wojewodztwo,10,ŁÓDZKIE,,,,
wysokie ryzyko,10735.690414119752,10729.070811586484,9042.7109352373,9042.43078527436,1692.9794788824554,1686.6400263121334,wojewodztwo,10,ŁÓDZKIE,,,,
niskie ryzyko,29974.677332415144,30180.37922017764,21123.571738160394,21255.896206551355,8851.105594254752,8924.48301362628,wojewodztwo,24,ŚLĄSKIE,,,,
wysokie ryzyko,69543.07236394542,71830.74029061708,58461.66158597008,60589.10828225124,11081.41077797533,11241.632008365852,wojewodztwo,24,ŚLĄSKIE,,,,
niskie ryzyko,21970.77650449656,21181.767773874853,15001.390697129673,14289.829214557984,6969.385807366884,6891.938559316866,wojewodztwo,26,ŚWIĘTOKRZYSKIE,,,,
wysokie ryzyko,22944.534236260173,24055.67989294495,16882.4355959753,17835.86599560071,6062.098640284873,6219.813897344241,wojewodztwo,26,ŚWIĘTOKRZYSKIE,,,,
niskie ryzyko,1775.9071035162196,1604.9595010242915,1677.51456005255,1524.779515997224,98.39254346366958,80.17998502706746,powiat,02,DOLNOŚLĄSKIE,0261,Jelenia Góra,,
wysokie ryzyko,3658.870354895245,3731.061215866116,3532.82381587457,3553.3187966373616,126.0465390206746,177.74241922875427,powiat,02,DOLNOŚLĄSKIE,0261,Jelenia Góra,,
niskie ryzyko,8684.302512418015,8596.863679944187,8537.15816893081,8443.382305382655,147.14434348720485,153.4813745615314,powiat,02,DOLNOŚLĄSKIE,0262,Legnica,,
wysokie ryzyko,75371.72646954069,75622.87690109551,73025.38396767237,73193.6324524389,2346.3425018683156,2429.2444486566205,powiat,02,DOLNOŚLĄSKIE,0262,Legnica,,
niskie ryzyko,68.57406026220728,68.4888278605923,30.210481085886915,30.56916804060076,38.36357917632037,37.919659819991544,powiat,02,DOLNOŚLĄSKIE,0265,Wałbrzych,,
wysokie ryzyko,648.0604012851704,681.7957793822618,529.3227043676902,566.8991161762699,118.73769691748016,114.89666320599194,powiat,02,DOLNOŚLĄSKIE,0265,Wałbrzych,,
niskie ryzyko,52221.57158685453,52118.57455562795,47986.32761477588,47586.89022934786,4235.243972078648,4531.684326280081,powiat,02,DOLNOŚLĄSKIE,0264,Wrocław,,
wysokie ryzyko,100166.60111698035,98516.77039340218,95224.4590290759,93279.05564681016,4942.1420879044845,5237.714746592023,powiat,02,DOLNOŚLĄSKIE,0264,Wrocław,,
niskie ryzyko,793.2729166761703,818.0016260036966,295.9124212120386,297.8833737248393,497.36049546413176,520.1182522788574,powiat,02,DOLNOŚLĄSKIE,0201,bolesławiecki,,
wysokie ryzyko,393.38605905511065,396.70523411090016,99.34568743189048,96.9789516764651,294.04037162322015,299.7262824344351,powiat,02,DOLNOŚLĄSKIE,0201,bolesławiecki,,
niskie ryzyko,1216.3807927120456,1156.7090530283665,878.6767669558552,828.6651858154312,337.70402575619056,328.04386721293497,powiat,02,DOLNOŚLĄSKIE,0202,dzierżoniowski,,
wysokie ryzyko,1946.2496078308416,1866.3303335599355,1732.9548545696384,1653.4259357956753,213.2947532612033,212.90439776426024,powiat,02,DOLNOŚLĄSKIE,0202,dzierżoniowski,,
niskie ryzyko,1428.8388968101312,1412.9083690391694,574.7484331236067,582.0952399945387,854.0904636865243,830.8131290446308,powiat,02,DOLNOŚLĄSKIE,0204,górowski,,
wysokie ryzyko,2067.609200031885,2083.1798930706013,1149.625024844432,1149.180439873854,917.9841751874524,933.9994531967473,powiat,02,DOLNOŚLĄSKIE,0204,górowski,,
niskie ryzyko,3344.480607533673,3306.1205968696327,1907.7115942385085,1815.3589708679197,1436.769013295165,1490.7616260017126,powiat,02,DOLNOŚLĄSKIE,0203,głogowski,,
wysokie ryzyko,4743.134378455354,4784.191695479358,2261.836719756988,2393.795794593776,2481.297658698366,2390.395900885581,powiat,02,DOLNOŚLĄSKIE,0203,głogowski,,
niskie ryzyko,604.2052989224803,596.9492749301446,391.2311059511248,384.1841367873212,212.9741929713556,212.76513814282345,powiat,02,DOLNOŚLĄSKIE,0205,jaworski,,
wysokie ryzyko,4326.707129435417,3957.4936188784495,4024.7620987030487,3678.874825723088,301.94503073236905,278.61879315536163,powiat,02,DOLNOŚLĄSKIE,0205,jaworski,,
niskie ryzyko,1958.100005414372,1870.0577359159577,1221.9295817847403,1142.8993198996625,736.1704236296312,727.158416016295,powiat,02,DOLNOŚLĄSKIE,0207,kamiennogórski,,
wysokie ryzyko,8847.386607406705,8585.076443351654,8249.614751326017,7994.724937829336,597.7718560806879,590.3515055223165,powiat,02,DOLNOŚLĄSKIE,0207,kamiennogórski,,
niskie ryzyko,1074.2562013841816,1155.5939637989022,540.2193347946569,622.2439918870159,534.0368665895247,533.3499719118862,powiat,02,DOLNOŚLĄSKIE,0206,karkonoski,,
wysokie ryzyko,1174.7273522234152,1395.854699565941,736.294692298008,875.0278523394203,438.4326599254072,520.8268472265206,powiat,02,DOLNOŚLĄSKIE,0206,karkonoski,,
niskie ryzyko,6490.671726376191,7310.359555708803,4297.179952880081,5103.700209986646,2193.4917734961095,2206.659345722157,powiat,02,DOLNOŚLĄSKIE,0208,kłodzki,,
wysokie ryzyko,11570.29351215729,11038.75061657439,9289.564687342172,8922.302106269957,2280.7288248151176,2116.4485103044335,powiat,02,DOLNOŚLĄSKIE,0208,kłodzki,,
niskie ryzyko,4851.206127396603,5009.174671927473,2086.219024407727,2260.199991164724,2764.987102988876,2748.974680762749,powiat,02,DOLNOŚLĄSKIE,0209,legnicki,,
wysokie ryzyko,9302.068503674933,9164.460433019243,4846.081675837656,4674.763803811556,4455.986827837279,4489.69662920769,powiat,02,DOLNOŚLĄSKIE,0209,legnicki,,
niskie ryzyko,1956.8019407090776,1958.5487778728104,940.9438507305211,952.3842695371028,1015.8580899785562,1006.1645083357076,powiat,02,DOLNOŚLĄSKIE,0210,lubański,,
wysokie ryzyko,3035.115916389054,3288.1351205573383,2047.925662242793,2307.7758509368005,987.1902541462614,980.3592696205376,powiat,02,DOLNOŚLĄSKIE,0210,lubański,,
niskie ryzyko,433.0443955698902,424.22587017664296,198.992571566818,190.96510492255743,234.05182400307228,233.26076525408547,powiat,02,DOLNOŚLĄSKIE,0211,lubiński,,
wysokie ryzyko,618.7109521331375,617.7870703883297,414.54903948170295,412.1461823980452,204.16191265143456,205.64088799028448,powiat,02,DOLNOŚLĄSKIE,0211,lubiński,,
niskie ryzyko,753.03050624393,930.1862703092828,522.2687226659316,697.3341950241862,230.76178357799833,232.85207528509645,powiat,02,DOLNOŚLĄSKIE,0212,lwówecki,,
wysokie ryzyko,2087.9926258517944,1921.970121714103,1935.2646794003103,1769.801490294894,152.7279464514844,152.16863141920885,powiat,02,DOLNOŚLĄSKIE,0212,lwówecki,,
niskie ryzyko,329.9496563002822,313.8638249019512,204.2992261647729,188.990869039016,125.65043013550934,124.87295586293524,powiat,02,DOLNOŚLĄSKIE,0213,milicki,,
wysokie ryzyko,456.29464997926215,447.4731219359592,402.2423708212545,393.4208427779516,54.05227915800764,54.05227915800764,powiat,02,DOLNOŚLĄSKIE,0213,milicki,,
niskie ryzyko,66.79042502251414,65.5503961330966,47.575525227939835,46.33549633852229,19.214899794574315,19.21489979457431,powiat,02,DOLNOŚLĄSKIE,0214,oleśnicki,,
wysokie ryzyko,49.24867253663875,42.39888665820309,42.70584074332223,35.856054864886566,6.54283179331652,6.542831793316519,powiat,02,DOLNOŚLĄSKIE,0214,oleśnicki,,
niskie ryzyko,3336.963128134539,3382.3429715506736,2254.3302441505843,2363.6442524781623,1082.6328839839546,1018.6987190725106,powiat,02,DOLNOŚLĄSKIE,0215,oławski,,
wysokie ryzyko,6861.689664784935,7644.243292224716,5494.673823223112,6368.670487659246,1367.0158415618223,1275.572804565471,powiat,02,DOLNOŚLĄSKIE,0215,oławski,,
niskie ryzyko,111.77974412865709,113.0153715247188,105.10741598644393,106.34304338250564,6.672328142213159,6.672328142213159,powiat,02,DOLNOŚLĄSKIE,0216,polkowicki,,
wysokie ryzyko,81.1149195916349,77.3835525545601,81.1149195916349,77.3835525545601,0.0,0.0,powiat,02,DOLNOŚLĄSKIE,0216,polkowicki,,
niskie ryzyko,497.0512433129289,455.81264788368264,375.6168755003974,334.5053956230514,121.43436781253152,121.3072522606312,powiat,02,DOLNOŚLĄSKIE,0217,strzeliński,,
wysokie ryzyko,429.2580709957125,380.1185290157,399.75461917565895,350.6150771956465,29.50345182005352,29.503451820053517,powiat,02,DOLNOŚLĄSKIE,0217,strzeliński,,
niskie ryzyko,1910.492829306648,1847.3570716718264,1032.5828512831215,982.3093562996152,877.9099780235263,865.0477153722111,powiat,02,DOLNOŚLĄSKIE,0220,trzebnicki,,
wysokie ryzyko,3090.61054223896,3026.379780114497,2134.397495944919,2084.290175308084,956.2130462940416,942.0896048064128,powiat,02,DOLNOŚLĄSKIE,0220,trzebnicki,,
niskie ryzyko,402.59194242909587,397.42473227100606,310.36574346617573,286.6232565465479,92.22619896292014,110.80147572445811,powiat,02,DOLNOŚLĄSKIE,0221,wałbrzyski,,
wysokie ryzyko,213.77554885146728,201.38628823674853,168.82440805063266,158.04655186760692,44.95114080083464,43.339736369141605,powiat,02,DOLNOŚLĄSKIE,0221,wałbrzyski,,
niskie ryzyko,1265.817484029523,1259.7622532009946,632.546311781315,640.5995224038245,633.2711722482081,619.1627307971702,powiat,02,DOLNOŚLĄSKIE,0222,wołowski,,
wysokie ryzyko,1989.1263540263983,1989.7386755009993,1360.561792550718,1356.5873770145076,628.5645614756808,633.1512984864917,powiat,02,DOLNOŚLĄSKIE,0222,wołowski,,
niskie ryzyko,10950.78694429478,10731.577165547576,5424.457587105575,5267.684960131197,5526.329357189207,5463.892205416378,powiat,02,DOLNOŚLĄSKIE,0223,wrocławski,,
wysokie ryzyko,14721.340427700892,14997.15491318355,7788.886937623353,7863.326176840472,6932.453490077541,7133.828736343079,powiat,02,DOLNOŚLĄSKIE,0223,wrocławski,,
niskie ryzyko,977.8187212754992,953.5509771610292,707.0987042103962,695.3128150534394,270.72001706510287,258.2381621075899,powiat,02,DOLNOŚLĄSKIE,0225,zgorzelecki,,
wysokie ryzyko,1672.6952498376631,1830.1110725147205,1436.9255933199477,1588.1478873720507,235.76965651771584,241.96318514266991,powiat,02,DOLNOŚLĄSKIE,0225,zgorzelecki,,
niskie ryzyko,721.3682554450459,691.7078852516681,622.5921144411546,574.8501067563482,98.77614100389115,116.85777849531996,powiat,02,DOLNOŚLĄSKIE,0224,ząbkowicki,,
wysokie ryzyko,1580.0247792761256,1891.5636322547452,1481.202909326709,1807.5387501341731,98.82186994941652,84.02488212057222,powiat,02,DOLNOŚLĄSKIE,0224,ząbkowicki,,
niskie ryzyko,739.3776846891726,715.2882225981358,373.9058123113835,355.7430509505555,365.47187237778905,359.54517164758033,powiat,02,DOLNOŚLĄSKIE,0226,złotoryjski,,
wysokie ryzyko,1098.1206348061733,824.2137461681225,593.9829855659348,332.74896936650686,504.13764924023855,491.4647768016157,powiat,02,DOLNOŚLĄSKIE,0226,złotoryjski,,
niskie ryzyko,2194.9487239818045,2184.4741996350717,405.5384767034196,413.4184131066839,1789.4102472783843,1771.0557865283877,powiat,02,DOLNOŚLĄSKIE,0218,średzki,,
wysokie ryzyko,2141.748470647955,2147.1430962952754,484.8409972243731,485.9095238137092,1656.907473423582,1661.2335724815662,powiat,02,DOLNOŚLĄSKIE,0218,średzki,,
niskie ryzyko,3472.4870685608676,3299.8402009056977,1268.8329219969114,1237.9272460589614,2203.654146563956,2061.9129548467367,powiat,02,DOLNOŚLĄSKIE,0219,świdnicki,,
wysokie ryzyko,8567.703715472107,8846.799504696555,2414.5842468708206,2341.678516008862,6153.119468601287,6505.120988687694,powiat,02,DOLNOŚLĄSKIE,0219,świdnicki,,
niskie ryzyko,2435.7366260685344,2248.363273485287,1652.209954805233,1492.569168615688,783.5266712633011,755.7941048695991,powiat,04,KUJAWSKO-POMORSKIE,0461,Bydgoszcz,,
wysokie ryzyko,5358.448028164148,5850.374253279776,4230.975151400939,4693.345524303285,1127.47287676321,1157.0287289764904,powiat,04,KUJAWSKO-POMORSKIE,0461,Bydgoszcz,,
niskie ryzyko,265.60930215888527,246.41376495460625,100.33792209516504,83.14081917742755,165.27138006372024,163.27294577717868,powiat,04,KUJAWSKO-POMORSKIE,0462,Grudziądz,,
wysokie ryzyko,361.02228559872583,855.0794436749985,243.2728403807483,740.3951791386853,117.74944521797752,114.68426453631324,powiat,04,KUJAWSKO-POMORSKIE,0462,Grudziądz,,
niskie ryzyko,1101.1342189470824,1201.4474646915646,607.7809794451006,752.2513530982708,493.353239501982,449.1961115932937,powiat,04,KUJAWSKO-POMORSKIE,0463,Toruń,,
wysokie ryzyko,1400.0825874502416,1841.2623018145105,567.4941338437934,1007.4477347660992,832.5884536064483,833.8145670484112,powiat,04,KUJAWSKO-POMORSKIE,0463,Toruń,,
niskie ryzyko,977.5187792771844,1311.1914790117744,126.17640512422842,118.85900696381088,851.3423741529559,1192.3324720479636,powiat,04,KUJAWSKO-POMORSKIE,0464,Włocławek,,
wysokie ryzyko,3652.9027850341786,3128.752041901136,62.68202538492806,52.77872657907432,3590.220759649251,3075.973315322062,powiat,04,KUJAWSKO-POMORSKIE,0464,Włocławek,,
niskie ryzyko,2967.9528245430283,3004.568034702823,2653.164726015805,2703.343931840298,314.7880985272234,301.2241028625248,powiat,04,KUJAWSKO-POMORSKIE,0401,aleksandrowski,,
wysokie ryzyko,5861.409137330588,5455.97321412123,5789.412194913784,5385.992939342165,71.9969424168036,69.98027477906408,powiat,04,KUJAWSKO-POMORSKIE,0401,aleksandrowski,,
niskie ryzyko,198.7442187966055,182.12021074145892,190.72282161456516,175.15786206836543,8.02139718204037,6.962348673093489,powiat,04,KUJAWSKO-POMORSKIE,0402,brodnicki,,
wysokie ryzyko,555.9255782939249,694.9236364285304,463.2844332727578,645.2944762148524,92.64114502116718,49.62916021367799,powiat,04,KUJAWSKO-POMORSKIE,0402,brodnicki,,
niskie ryzyko,2976.1038101495483,2967.031586203116,1280.288990347317,1275.8606618165786,1695.8148198022309,1691.1709243865373,powiat,04,KUJAWSKO-POMORSKIE,0403,bydgoski,,
wysokie ryzyko,5368.798664959412,5266.23500929974,4221.465351574097,4090.168724157393,1147.3333133853153,1176.0662851423472,powiat,04,KUJAWSKO-POMORSKIE,0403,bydgoski,,
niskie ryzyko,3616.78204222108,3501.8282344529775,869.7254011378164,871.8132991643997,2747.0566410832635,2630.014935288578,powiat,04,KUJAWSKO-POMORSKIE,0404,chełmiński,,
wysokie ryzyko,1794.7938646398616,1635.9965316901455,210.08803766147764,199.42091805902996,1584.705826978384,1436.575613631116,powiat,04,KUJAWSKO-POMORSKIE,0404,chełmiński,,
niskie ryzyko,199.3528742976774,315.56294631437754,24.879039769719743,22.89701287678629,174.47383452795765,292.6659334375912,powiat,04,KUJAWSKO-POMORSKIE,0405,golubsko-dobrzyński,,
wysokie ryzyko,30.680344422248098,32.084157748007534,0.0,0.0,30.680344422248098,32.084157748007534,powiat,04,KUJAWSKO-POMORSKIE,0405,golubsko-dobrzyński,,
niskie ryzyko,1292.185239145638,1288.1300209628723,762.4492299862933,761.085913835216,529.7360091593447,527.0441071276566,powiat,04,KUJAWSKO-POMORSKIE,0406,grudziądzki,,
wysokie ryzyko,484.6688351337287,478.68979665721486,245.69266004729815,241.46597718516975,238.9761750864306,237.22381947204508,powiat,04,KUJAWSKO-POMORSKIE,0406,grudziądzki,,
niskie ryzyko,822.5102534544372,814.8996040328699,631.0700962115328,629.6912879655509,191.4401572429045,185.208316067319,powiat,04,KUJAWSKO-POMORSKIE,0407,inowrocławski,,
wysokie ryzyko,1032.9448717675757,1078.660408510043,981.25964691255,1026.9751836550176,51.685224855025346,51.685224855025346,powiat,04,KUJAWSKO-POMORSKIE,0407,inowrocławski,,
niskie ryzyko,190.06179963461688,188.15322661881825,158.49352252104222,157.3071679987434,31.568277113574656,30.8460586200748,powiat,04,KUJAWSKO-POMORSKIE,0408,lipnowski,,
wysokie ryzyko,228.36070160386632,220.5205098835131,220.48570160386632,212.6455098835131,7.875,7.875,powiat,04,KUJAWSKO-POMORSKIE,0408,lipnowski,,
niskie ryzyko,26.50632953590999,26.49730858039971,1.9757379689617292,1.9757379689617292,24.530591566948264,24.52157061143798,powiat,04,KUJAWSKO-POMORSKIE,0409,mogileński,,
wysokie ryzyko,3.0,3.0,3.0,3.0,0.0,0.0,powiat,04,KUJAWSKO-POMORSKIE,0409,mogileński,,
niskie ryzyko,575.160082822106,634.296653170732,415.8093148577693,476.032082595826,159.35076796433668,158.2645705749061,powiat,04,KUJAWSKO-POMORSKIE,0410,nakielski,,
wysokie ryzyko,510.43010831982895,548.9737849755506,391.5818675712064,431.76064704439193,118.84824074862252,117.21313793115868,powiat,04,KUJAWSKO-POMORSKIE,0410,nakielski,,
niskie ryzyko,35.3958785277988,33.41265161783055,10.566155917465062,8.60748021325437,24.82972261033374,24.80517140457618,powiat,04,KUJAWSKO-POMORSKIE,0411,radziejowski,,
wysokie ryzyko,2.549328877870577,2.638387199681795,2.4517026297253968,2.451702629725397,0.0976262481451803,0.1866845699563976,powiat,04,KUJAWSKO-POMORSKIE,0411,radziejowski,,
niskie ryzyko,41.8227395911316,39.56820873663943,27.06204816799991,24.82094611701106,14.760691423131684,14.747262619628364,powiat,04,KUJAWSKO-POMORSKIE,0412,rypiński,,
wysokie ryzyko,7.10220048263627,7.30530312227323,7.10220048263627,7.30530312227323,0.0,0.0,powiat,04,KUJAWSKO-POMORSKIE,0412,rypiński,,
niskie ryzyko,5.320812658782193,4.512541918423927,5.320812658782193,4.512541918423927,0.0,0.0,powiat,04,KUJAWSKO-POMORSKIE,0413,sępoleński,,
niskie ryzyko,4704.40344733381,4745.4217495262355,1736.9717888275536,1707.9093698198851,2967.431658506256,3037.5123797063493,powiat,04,KUJAWSKO-POMORSKIE,0415,toruński,,
wysokie ryzyko,3804.234186351027,3730.649906817806,1521.0717530777397,1511.9856177925276,2283.1624332732868,2218.6642890252783,powiat,04,KUJAWSKO-POMORSKIE,0415,toruński,,
niskie ryzyko,10.090029776404798,9.821418106525286,4.787795961325137,4.787795961325137,5.302233815079661,5.03362214520015,powiat,04,KUJAWSKO-POMORSKIE,0416,tucholski,,
wysokie ryzyko,1.5661668799753328,1.1739435883420064,0.0,0.0,1.5661668799753328,1.1739435883420064,powiat,04,KUJAWSKO-POMORSKIE,0416,tucholski,,
niskie ryzyko,590.376606746585,576.6491730154133,104.33712658725908,93.26362441007386,486.03948015932593,483.3855486053396,powiat,04,KUJAWSKO-POMORSKIE,0418,włocławski,,
wysokie ryzyko,390.5165402696869,380.30339083985126,32.3023841392857,21.9023020081815,358.2141561304012,358.40108883166977,powiat,04,KUJAWSKO-POMORSKIE,0418,włocławski,,
niskie ryzyko,3741.423745183116,3654.558615576824,2307.421997899332,2232.917644738081,1434.001747283784,1421.6409708387428,powiat,04,KUJAWSKO-POMORSKIE,0414,świecki,,
wysokie ryzyko,2896.240918511338,2954.745977472803,2177.338070793787,2187.640307879093,718.9028477175503,767.1056695937104,powiat,04,KUJAWSKO-POMORSKIE,0414,świecki,,
niskie ryzyko,1202.3461662231284,985.9251510369174,772.9487389947882,600.4041438480155,429.3974272283402,385.521007188902,powiat,04,KUJAWSKO-POMORSKIE,0419,żniński,,
wysokie ryzyko,846.1732398175699,1461.5752951646782,624.8855122470825,1249.211197315488,221.28772757048733,212.36409784919024,powiat,04,KUJAWSKO-POMORSKIE,0419,żniński,,
niskie ryzyko,148.91344226346237,131.24551781337507,49.6808247591151,42.13113954529677,99.23261750434726,89.1143782680783,powiat,06,LUBELSKIE,0661,Biała Podlaska,,
wysokie ryzyko,30.567783787368864,39.944274926808774,30.567783787368864,39.944274926808774,0.0,0.0,powiat,06,LUBELSKIE,0661,Biała Podlaska,,
niskie ryzyko,11.14964463154393,11.136507860809315,11.14964463154393,11.136507860809315,0.0,0.0,powiat,06,LUBELSKIE,0662,Chełm,,
niskie ryzyko,1158.8151882899188,1033.3532579265575,1101.8153361794527,975.8312569275232,56.99985211046603,57.52200099903425,powiat,06,LUBELSKIE,0663,Lublin,,
wysokie ryzyko,969.1529763926052,1887.5030480350545,961.7322158739544,1880.092158799606,7.420760518650757,7.410889235448461,powiat,06,LUBELSKIE,0663,Lublin,,
niskie ryzyko,73.59409255854221,72.27847915300458,7.412924372427723,6.541850234313207,66.18116818611449,65.73662891869138,powiat,06,LUBELSKIE,0664,Zamość,,
wysokie ryzyko,58.96270348951584,55.832787691426695,3.973328956397604,3.821824770352083,54.98937453311824,52.01096292107461,powiat,06,LUBELSKIE,0664,Zamość,,
niskie ryzyko,2039.516373912528,2062.650656309345,1487.526174473839,1510.6462582135252,551.9901994386885,552.0043980958202,powiat,06,LUBELSKIE,0601,bialski,,
wysokie ryzyko,2865.597177008165,2955.021190415718,2530.766207751122,2607.0596890338925,334.83096925704297,347.9615013818252,powiat,06,LUBELSKIE,0601,bialski,,
niskie ryzyko,1150.1757655721467,1097.226022644111,941.616277887834,898.2336136934056,208.5594876843125,198.99240895070537,powiat,06,LUBELSKIE,0602,biłgorajski,,
wysokie ryzyko,357.5495757447901,287.3597149945889,246.70772161112075,176.55268640684585,110.84185413366944,110.8070285877431,powiat,06,LUBELSKIE,0602,biłgorajski,,
niskie ryzyko,139.52765799521845,137.659584841119,87.68065631372303,88.84666371419546,51.847001681495385,48.81292112692351,powiat,06,LUBELSKIE,0603,chełmski,,
wysokie ryzyko,16.468911346852607,16.38294127175803,14.115303172600871,14.029333097506294,2.353608174251736,2.353608174251736,powiat,06,LUBELSKIE,0603,chełmski,,
niskie ryzyko,495.07018007453127,453.92888867926376,376.2578212516353,340.0025167836524,118.81235882289596,113.92637189561134,powiat,06,LUBELSKIE,0604,hrubieszowski,,
wysokie ryzyko,157.16450695804264,146.1333086120828,151.06465439727913,140.0334560513193,6.099852560763505,6.099852560763505,powiat,06,LUBELSKIE,0604,hrubieszowski,,
niskie ryzyko,269.5570116896499,318.3957662530382,219.51433284804423,270.10786933883577,50.04267884160568,48.28789691420236,powiat,06,LUBELSKIE,0605,janowski,,
wysokie ryzyko,106.7662502819324,98.53467340001892,106.7662502819324,98.53467340001892,0.0,0.0,powiat,06,LUBELSKIE,0605,janowski,,
niskie ryzyko,520.9011123168818,471.20187657209254,413.9340935006344,371.100821410392,106.96701881624752,100.10105516170054,powiat,06,LUBELSKIE,0606,krasnostawski,,
wysokie ryzyko,431.3128959643872,450.0391411135973,402.8249536724762,421.5511988216863,28.48794229191095,28.48794229191095,powiat,06,LUBELSKIE,0606,krasnostawski,,
niskie ryzyko,822.2478798063634,803.1024794811493,648.7328792921412,630.9924126003382,173.51500051422215,172.11006688081122,powiat,06,LUBELSKIE,0607,kraśnicki,,
wysokie ryzyko,677.7715355016558,660.9556488140493,585.2142124543507,568.4536032052062,92.55732304730512,92.50204560884316,powiat,06,LUBELSKIE,0607,kraśnicki,,
niskie ryzyko,813.002587168202,785.5448641470433,650.9234929189424,631.5035325805081,162.07909424925958,154.04133156653504,powiat,06,LUBELSKIE,0608,lubartowski,,
wysokie ryzyko,200.16522085126417,193.81374027484793,169.86824716710234,163.51676659068613,30.296973684161784,30.296973684161784,powiat,06,LUBELSKIE,0608,lubartowski,,
niskie ryzyko,184.15930196195427,170.0909858062077,153.57800829324617,142.78672893417863,30.581293668708117,27.304256872029093,powiat,06,LUBELSKIE,0609,lubelski,,
wysokie ryzyko,70.68565115149968,68.12947952161828,57.849537711844505,55.293366081963114,12.836113439655174,12.836113439655174,powiat,06,LUBELSKIE,0609,lubelski,,
niskie ryzyko,3027.8322879864504,3037.415220603574,1528.5327157747467,1535.4870507362634,1499.299572211704,1501.928169867311,powiat,06,LUBELSKIE,0612,opolski,,
wysokie ryzyko,3100.2131670176777,3083.8777827972126,1978.2725388740844,1966.5655598453711,1121.9406281435936,1117.3122229518412,powiat,06,LUBELSKIE,0612,opolski,,
niskie ryzyko,48.93900314438353,41.76151813338782,48.37099311099471,41.45684457275748,0.5680100333888138,0.3046735606303332,powiat,06,LUBELSKIE,0613,parczewski,,
wysokie ryzyko,14.640566717740017,12.90717870392128,14.640566717740017,12.90717870392128,0.0,0.0,powiat,06,LUBELSKIE,0613,parczewski,,
niskie ryzyko,3653.454683639823,3676.146980571672,3038.303972921073,3042.5407410131106,615.1507107187497,633.6062395585612,powiat,06,LUBELSKIE,0614,puławski,,
wysokie ryzyko,5656.742483668542,5602.161152688263,4949.6013284259625,4892.226074378988,707.1411552425797,709.9350783092741,powiat,06,LUBELSKIE,0614,puławski,,
niskie ryzyko,23.290679146010724,23.37105438644722,16.879834286843035,16.96020952727953,6.410844859167689,6.410844859167689,powiat,06,LUBELSKIE,0615,radzyński,,
niskie ryzyko,2947.232279940146,3109.133849414414,2794.0171414137303,2960.0725232110117,153.21513852641533,149.06132620340202,powiat,06,LUBELSKIE,0616,rycki,,
wysokie ryzyko,6667.167456466084,6528.304429456791,6155.81965940806,6051.545766160481,511.34779705802384,476.7586632963086,powiat,06,LUBELSKIE,0616,rycki,,
niskie ryzyko,120.7035401657112,117.31546031591976,82.98827772466973,81.65131077984617,37.71526244104147,35.664149536073566,powiat,06,LUBELSKIE,0618,tomaszowski,,
wysokie ryzyko,33.593976350714414,67.62106045049903,22.406734093254528,19.86370249036112,11.18724225745989,47.75735796013791,powiat,06,LUBELSKIE,0618,tomaszowski,,
niskie ryzyko,451.60217316012665,442.5964262854294,154.78709676456458,146.77494917746162,296.8150763955621,295.8214771079678,powiat,06,LUBELSKIE,0619,włodawski,,
wysokie ryzyko,448.7716669376583,443.9726924898315,242.26200283185972,237.91657943330023,206.5096641057986,206.05611305653127,powiat,06,LUBELSKIE,0619,włodawski,,
niskie ryzyko,218.82288555542215,200.7644713482763,120.90137218272416,111.70416321460192,97.92151337269804,89.06030813367437,powiat,06,LUBELSKIE,0620,zamojski,,
wysokie ryzyko,73.50395587921307,78.4260960571599,44.2675128553022,46.482728196545295,29.23644302391087,31.94336786061459,powiat,06,LUBELSKIE,0620,zamojski,,
niskie ryzyko,161.55262341677917,144.87167145748802,120.9950861420534,104.32366065276086,40.557537274725775,40.54801080472717,powiat,06,LUBELSKIE,0611,łukowski,,
wysokie ryzyko,156.27541427094738,144.42305159798673,127.89473668066653,116.04237400770587,28.380677590280847,28.38067759028085,powiat,06,LUBELSKIE,0611,łukowski,,
niskie ryzyko,228.99827412291063,228.7528226787696,128.97201948603714,129.65224585848208,100.02625463687352,99.10057682028749,powiat,06,LUBELSKIE,0610,łęczyński,,
wysokie ryzyko,5.5011116769347,5.501111676934699,0.0,0.0,5.5011116769347,5.501111676934699,powiat,06,LUBELSKIE,0610,łęczyński,,
niskie ryzyko,220.9799418205816,216.79234432266824,209.43251399355813,205.2449164956448,11.547427827023414,11.547427827023414,powiat,06,LUBELSKIE,0617,świdnicki,,
wysokie ryzyko,94.61435067860046,93.78899119716424,94.61435067860046,93.78899119716424,0.0,0.0,powiat,06,LUBELSKIE,0617,świdnicki,,
niskie ryzyko,2172.296264171675,2044.905307326098,1922.8202359292711,1792.921436358966,249.4760282424034,251.9838709671317,powiat,08,LUBUSKIE,0861,Gorzów Wielkopolski,,
wysokie ryzyko,2709.3038129062634,2982.888054065744,2593.1202428645056,2873.1358638229285,116.18357004175772,109.75219024281574,powiat,08,LUBUSKIE,0861,Gorzów Wielkopolski,,
niskie ryzyko,91.536693438865,100.5933512710761,55.549912549616565,56.46130296334315,35.986780889248415,44.13204830773295,powiat,08,LUBUSKIE,0862,Zielona Góra,,
wysokie ryzyko,89.08735705282999,80.47887311979929,20.78878078087476,20.27005483028493,68.29857627195523,60.208818289514355,powiat,08,LUBUSKIE,0862,Zielona Góra,,
niskie ryzyko,4037.0086468353416,4042.924806251269,2184.9925031807898,2247.3665366763107,1852.016143654552,1795.5582695749572,powiat,08,LUBUSKIE,0801,gorzowski,,
wysokie ryzyko,1782.817842919912,1888.618704099846,1270.4927756854622,1327.826148188628,512.3250672344498,560.792555911218,powiat,08,LUBUSKIE,0801,gorzowski,,
niskie ryzyko,2002.853690936579,2142.364898711173,1186.3302598497914,1325.8074209237711,816.5234310867876,816.5574777874015,powiat,08,LUBUSKIE,0802,krośnieński,,
wysokie ryzyko,4484.45382421666,4335.672819745779,3813.703569733362,3665.631251528744,670.7502544832975,670.041568217035,powiat,08,LUBUSKIE,0802,krośnieński,,
niskie ryzyko,762.8846929983171,705.0939264359323,463.517375536608,410.454945249331,299.3673174617091,294.6389811866013,powiat,08,LUBUSKIE,0803,międzyrzecki,,
wysokie ryzyko,582.9803559142356,598.0832422365368,439.30445106925265,450.18508200583653,143.67590484498297,147.89816023070023,powiat,08,LUBUSKIE,0803,międzyrzecki,,
niskie ryzyko,1183.1967747859044,1139.0705093373856,849.1820161162535,802.9009455108134,334.0147586696507,336.1695638265722,powiat,08,LUBUSKIE,0804,nowosolski,,
wysokie ryzyko,1991.1787862573296,2164.0278112895876,1605.9988831108826,1781.9513880769284,385.1799031464469,382.0764232126593,powiat,08,LUBUSKIE,0804,nowosolski,,
niskie ryzyko,1085.3612888826656,1071.6165410956887,739.6970327756429,726.6882096866862,345.66425610702265,344.9283314090025,powiat,08,LUBUSKIE,0806,strzelecko-drezdenecki,,
wysokie ryzyko,998.065301944608,947.3807593575434,927.0444439269702,876.3599013399058,71.02085801763764,71.02085801763764,powiat,08,LUBUSKIE,0806,strzelecko-drezdenecki,,
niskie ryzyko,1147.1536062087353,1155.6531665434711,279.03962300367004,276.3796007101222,868.1139832050653,879.2735658333489,powiat,08,LUBUSKIE,0807,sulęciński,,
wysokie ryzyko,874.8814516396171,859.1763935607821,205.0250755857644,203.88925695682565,669.8563760538527,655.2871366039565,powiat,08,LUBUSKIE,0807,sulęciński,,
niskie ryzyko,909.1601661967824,888.4706248857094,169.14951092466072,165.97111745521946,740.0106552721215,722.49950743049,powiat,08,LUBUSKIE,0805,słubicki,,
wysokie ryzyko,811.7119462849915,862.1288554524153,220.06294855780925,237.19574340365307,591.6489977271824,624.9331120487623,powiat,08,LUBUSKIE,0805,słubicki,,
niskie ryzyko,38.46680855690269,33.896874896949555,22.73827954088903,20.585823914657105,15.72852901601366,13.311050982292452,powiat,08,LUBUSKIE,0812,wschowski,,
wysokie ryzyko,25.529267923602063,25.529267923602063,8.833283042631432,8.833283042631432,16.69598488097063,16.69598488097063,powiat,08,LUBUSKIE,0812,wschowski,,
niskie ryzyko,2704.199959645824,2749.637832107427,1242.174650008183,1260.768538849707,1462.025309637641,1488.86929325772,powiat,08,LUBUSKIE,0809,zielonogórski,,
wysokie ryzyko,4196.265895354717,4102.731640958305,2318.246816947591,2272.708336735711,1878.0190784071256,1830.023304222594,powiat,08,LUBUSKIE,0809,zielonogórski,,
niskie ryzyko,3.292905913216197,3.0235277183702056,0.3826381642326015,0.1132599693866102,2.9102677489835953,2.9102677489835953,powiat,08,LUBUSKIE,0808,świebodziński,,
niskie ryzyko,3005.4924596425676,2813.98938221374,2608.519529466873,2433.379734954668,396.9729301756946,380.6096472590719,powiat,08,LUBUSKIE,0810,żagański,,
wysokie ryzyko,5383.624740064309,5235.878730787982,5134.120122088303,5001.902470926,249.504617976005,233.97625986198184,powiat,08,LUBUSKIE,0810,żagański,,
niskie ryzyko,556.8716095298033,558.426486991134,223.4745118979262,217.60258397260267,333.39709763187705,340.8239030185312,powiat,08,LUBUSKIE,0811,żarski,,
wysokie ryzyko,608.7668147730799,602.166328396557,443.6278090037078,410.4021565735531,165.13900576937206,191.76417182300384,powiat,08,LUBUSKIE,0811,żarski,,
niskie ryzyko,1033.8970469142096,1156.3820898674,889.6077787327811,995.5419666727508,144.28926818142844,160.84012319464932,powiat,14,MAZOWIECKIE,1461,Ostrołęka,,
wysokie ryzyko,4601.530757349791,4487.942322339255,4342.289271427642,4229.222440217038,259.24148592214766,258.7198821222179,powiat,14,MAZOWIECKIE,1461,Ostrołęka,,
niskie ryzyko,423.3996051585443,438.7729220131233,239.6832843160716,255.61773355148352,183.7163208424727,183.15518846163977,powiat,14,MAZOWIECKIE,1462,Płock,,
wysokie ryzyko,875.5143198418293,821.6794390737894,737.2038226934062,683.3689419253662,138.31049714842305,138.31049714842305,powiat,14,MAZOWIECKIE,1462,Płock,,
niskie ryzyko,165.29999640801114,161.9832033704197,103.30651398969488,100.03873685858451,61.99348241831627,61.94446651183516,powiat,14,MAZOWIECKIE,1463,Radom,,
wysokie ryzyko,37.55587815022407,36.46327344473089,0.0,0.0,37.55587815022407,36.46327344473089,powiat,14,MAZOWIECKIE,1463,Radom,,
niskie ryzyko,100609.02001852888,99116.40242339592,97728.26874284126,96290.01364634876,2880.7512756876367,2826.388777047161,powiat,14,MAZOWIECKIE,1465,Warszawa,,
wysokie ryzyko,311591.58370751794,310511.00563066977,309241.67661395954,308164.3999454881,2349.9070935584477,2346.6056851816493,powiat,14,MAZOWIECKIE,1465,Warszawa,,
niskie ryzyko,530.4492736635248,522.9396752967888,363.9908054869202,357.4213358225233,166.45846817660467,165.5183394742655,powiat,14,MAZOWIECKIE,1401,białobrzeski,,
wysokie ryzyko,2233.8339866892065,2211.776813021265,2037.7322412375129,2014.3574924303307,196.10174545169392,197.4193205909341,powiat,14,MAZOWIECKIE,1401,białobrzeski,,
niskie ryzyko,247.4570648598228,286.56814697227463,211.6902559150409,250.80133802749268,35.76680894478195,35.76680894478195,powiat,14,MAZOWIECKIE,1402,ciechanowski,,
wysokie ryzyko,198.48986782823263,177.12679376032278,198.48986782823263,177.12679376032278,0.0,0.0,powiat,14,MAZOWIECKIE,1402,ciechanowski,,
niskie ryzyko,4313.184846212362,4252.426911570243,1805.7966453491924,1768.3706922607844,2507.388200863169,2484.056219309458,powiat,14,MAZOWIECKIE,1403,garwoliński,,
wysokie ryzyko,3272.834094608012,3289.230045832574,1590.462707183273,1566.7696361155597,1682.3713874247387,1722.4604097170145,powiat,14,MAZOWIECKIE,1403,garwoliński,,
niskie ryzyko,130.1963266815,123.48441838884482,126.63501695958638,119.92310866693116,3.5613097219136343,3.561309721913634,powiat,14,MAZOWIECKIE,1404,gostyniński,,
wysokie ryzyko,38.17215074773547,22.821420213599964,38.17215074773547,22.821420213599964,0.0,0.0,powiat,14,MAZOWIECKIE,1404,gostyniński,,
niskie ryzyko,91.30122675707725,90.79604468073548,8.165401509413986,8.089304154417759,83.13582524766325,82.70674052631772,powiat,14,MAZOWIECKIE,1405,grodziski,,
niskie ryzyko,748.2225061013711,724.7025258933032,601.2354382551888,576.8776147124431,146.98706784618224,147.82491118086006,powiat,14,MAZOWIECKIE,1406,grójecki,,
wysokie ryzyko,995.8179574674404,960.2516152288554,855.9084042883635,820.661200115419,139.90955317907685,139.5904151134365,powiat,14,MAZOWIECKIE,1406,grójecki,,
niskie ryzyko,6881.026138077946,6734.8034096073425,3463.57685742122,3358.42125600764,3417.4492806567255,3376.382153599703,powiat,14,MAZOWIECKIE,1407,kozienicki,,
wysokie ryzyko,6372.999914776831,6476.690913704264,3876.370452521039,3957.1980979981167,2496.629462255793,2519.4928157061477,powiat,14,MAZOWIECKIE,1407,kozienicki,,
niskie ryzyko,24007.158561116583,23555.258544025663,15511.558571109654,15154.954400649738,8495.599990006933,8400.304143375928,powiat,14,MAZOWIECKIE,1408,legionowski,,
wysokie ryzyko,41324.84573076164,41499.800099207794,31659.29230409782,32020.96236547325,9665.55342666382,9478.83773373455,powiat,14,MAZOWIECKIE,1408,legionowski,,
niskie ryzyko,1067.1186725238224,1056.904354178498,630.3691950651023,618.7984748437118,436.7494774587203,438.10587933478615,powiat,14,MAZOWIECKIE,1409,lipski,,
wysokie ryzyko,602.3632736325684,587.9817270671695,381.4948938174411,370.3543947233151,220.86837981512727,217.6273323438543,powiat,14,MAZOWIECKIE,1409,lipski,,
niskie ryzyko,970.7979878930012,954.2405903832444,527.611697517815,513.7981480422364,443.18629037518633,440.442442341008,powiat,14,MAZOWIECKIE,1411,makowski,,
wysokie ryzyko,569.6866641530506,555.5790772791995,327.73100395067405,314.54532553332206,241.95566020237655,241.03375174587748,powiat,14,MAZOWIECKIE,1411,makowski,,
niskie ryzyko,253.1574571179139,244.1638206981515,167.5325099988991,158.73425618552417,85.62494711901482,85.42956451262738,powiat,14,MAZOWIECKIE,1412,miński,,
wysokie ryzyko,24.18174055999904,23.91548460803109,6.671097383050924,6.671097383050924,17.510643176948115,17.244387224980162,powiat,14,MAZOWIECKIE,1412,miński,,
niskie ryzyko,120.38938017858568,119.10790691486665,77.23001699863124,76.07825659930955,43.159363179954426,43.02965031555708,powiat,14,MAZOWIECKIE,1413,mławski,,
wysokie ryzyko,17.663325035682625,17.508618853178096,14.156505815989837,14.001799633485303,3.5068192196927894,3.5068192196927894,powiat,14,MAZOWIECKIE,1413,mławski,,
niskie ryzyko,12705.28594852759,12857.551996371336,6658.499374004967,7107.373164189341,6046.786574522625,5750.178832181997,powiat,14,MAZOWIECKIE,1414,nowodworski,,
wysokie ryzyko,24362.357159578187,24027.507115262793,17026.967336382928,16956.641137939063,7335.389823195261,7070.865977323727,powiat,14,MAZOWIECKIE,1414,nowodworski,,
niskie ryzyko,1612.7606023752337,1597.6754172801652,616.4994618671697,608.9051748164608,996.261140508064,988.7702424637046,powiat,14,MAZOWIECKIE,1416,ostrowski,,
wysokie ryzyko,1310.0406820542053,1309.826992987817,481.517053287565,473.5186168623881,828.5236287666404,836.3083761254289,powiat,14,MAZOWIECKIE,1416,ostrowski,,
niskie ryzyko,3040.757576141632,2940.571635813,1584.440923449073,1499.61044880983,1456.3166526925593,1440.96118700317,powiat,14,MAZOWIECKIE,1415,ostrołęcki,,
wysokie ryzyko,2682.0539606658986,2717.162780025273,1769.9310618572,1808.4333700730629,912.122898808698,908.7294099522104,powiat,14,MAZOWIECKIE,1415,ostrołęcki,,
niskie ryzyko,5182.259944748092,5704.267218730847,2641.1428488306897,2731.4461201857084,2541.1170959174015,2972.8210985451387,powiat,14,MAZOWIECKIE,1417,otwocki,,
wysokie ryzyko,5649.685219746035,5555.253008718773,2822.855294327642,2742.13206707857,2826.8299254183935,2813.1209416402044,powiat,14,MAZOWIECKIE,1417,otwocki,,
niskie ryzyko,3410.308287479139,3155.11857539161,2454.1235978694804,2187.564299659064,956.1846896096588,967.554275732546,powiat,14,MAZOWIECKIE,1418,piaseczyński,,
wysokie ryzyko,3294.98201610151,3546.0924926455823,2380.973176434133,2650.3202336209133,914.0088396673766,895.7722590246685,powiat,14,MAZOWIECKIE,1418,piaseczyński,,
niskie ryzyko,750.8497863869528,676.8824956906241,470.314427176854,398.9004510033824,280.5353592100988,277.98204468724157,powiat,14,MAZOWIECKIE,1421,pruszkowski,,
wysokie ryzyko,633.4983467696266,574.9399731129954,518.4716855490467,459.91331189241544,115.02666122057992,115.0266612205799,powiat,14,MAZOWIECKIE,1421,pruszkowski,,
niskie ryzyko,78.10971240121536,75.51849485148331,58.38071843804682,55.78950088831478,19.728993963168545,19.728993963168545,powiat,14,MAZOWIECKIE,1422,przasnyski,,
wysokie ryzyko,16.811048060987993,15.542790104530331,16.811048060987993,15.542790104530331,0.0,0.0,powiat,14,MAZOWIECKIE,1422,przasnyski,,
niskie ryzyko,128.56485017252612,127.29191248672812,51.82144004065901,52.358134473366434,76.74341013186711,74.93377801336169,powiat,14,MAZOWIECKIE,1423,przysuski,,
wysokie ryzyko,156.87248822699542,162.83847022479077,88.74040005228636,83.70804366699177,68.13208817470904,79.13042655779901,powiat,14,MAZOWIECKIE,1423,przysuski,,
niskie ryzyko,1872.388255972094,1738.9073302283423,1441.7745559058624,1369.4805709770685,430.6137000662312,369.4267592512739,powiat,14,MAZOWIECKIE,1424,pułtuski,,
wysokie ryzyko,3465.4688116783027,3229.249454211819,3023.627428205627,2782.9220811894693,441.8413834726754,446.3273730223494,powiat,14,MAZOWIECKIE,1424,pułtuski,,
niskie ryzyko,3983.5465485764194,3997.428152415346,2266.0901996402376,2268.9550377807036,1717.4563489361817,1728.4731146346423,powiat,14,MAZOWIECKIE,1419,płocki,,
wysokie ryzyko,2203.5024587378384,2224.847169477525,1478.1949702202182,1505.5524189002592,725.3074885176203,719.2947505772657,powiat,14,MAZOWIECKIE,1419,płocki,,
niskie ryzyko,1115.3725141884272,1256.1685179167555,816.1883455575597,958.2581323787516,299.18416863086725,297.9103855380038,powiat,14,MAZOWIECKIE,1420,płoński,,
wysokie ryzyko,675.528491419938,613.8541614114882,574.4078956769674,512.9069125742627,101.12059574297058,100.94724883722547,powiat,14,MAZOWIECKIE,1420,płoński,,
niskie ryzyko,249.11373641700337,243.2424953908501,128.21041774742616,122.77549165526496,120.90331866957716,120.46700373558514,powiat,14,MAZOWIECKIE,1425,radomski,,
wysokie ryzyko,43.29618936760469,42.13186885945219,27.607118892259976,26.442798384107476,15.689070475344714,15.689070475344714,powiat,14,MAZOWIECKIE,1425,radomski,,
niskie ryzyko,257.0774716267537,257.60913913178234,54.65770686821981,55.172061956416115,202.41976475853392,202.43707717536623,powiat,14,MAZOWIECKIE,1426,siedlecki,,
wysokie ryzyko,171.9993158585499,170.82097333681114,89.90622969885169,88.80067812135368,82.09308615969823,82.0202952154575,powiat,14,MAZOWIECKIE,1426,siedlecki,,
niskie ryzyko,138.85548830431725,108.099072238597,91.22378713160052,59.87896914712492,47.63170117271672,48.22010309147208,powiat,14,MAZOWIECKIE,1427,sierpecki,,
wysokie ryzyko,50.26358806952385,31.19835961219727,44.96511312399008,25.8998846666635,5.298474945533769,5.298474945533769,powiat,14,MAZOWIECKIE,1427,sierpecki,,
niskie ryzyko,2200.817187376221,2209.247043054507,1393.9001282571446,1408.6014756828909,806.9170591190768,800.6455673716159,powiat,14,MAZOWIECKIE,1428,sochaczewski,,
wysokie ryzyko,1945.256002303471,1913.5690640004505,1404.9641362931357,1378.053737116967,540.2918660103354,535.5153268834832,powiat,14,MAZOWIECKIE,1428,sochaczewski,,
niskie ryzyko,564.0473444148204,545.7709228540244,501.5639758280023,483.2875542672064,62.48336858681804,62.483368586818045,powiat,14,MAZOWIECKIE,1429,sokołowski,,
wysokie ryzyko,417.12587629091337,417.3886591178292,398.9957708125537,399.25855363946954,18.13010547835964,18.13010547835964,powiat,14,MAZOWIECKIE,1429,sokołowski,,
niskie ryzyko,7895.071165322112,7789.142636003353,4547.604756604167,4414.8025865680465,3347.4664087179453,3374.3400494353064,powiat,14,MAZOWIECKIE,1432,warszawski zachodni,,
wysokie ryzyko,18233.057565539555,18173.23619028581,12761.102787110663,12674.781751456809,5471.954778428891,5498.454438829001,powiat,14,MAZOWIECKIE,1432,warszawski zachodni,,
niskie ryzyko,2009.571726230152,1924.370646006071,1008.0965244066902,950.2901224646685,1001.4752018234618,974.080523541403,powiat,14,MAZOWIECKIE,1434,wołomiński,,
wysokie ryzyko,1722.8749967925205,1705.8029289254823,646.7690090674328,620.5811084976234,1076.105987725088,1085.2218204278588,powiat,14,MAZOWIECKIE,1434,wołomiński,,
niskie ryzyko,3280.097180677674,3280.911823220189,1213.8973104848142,1254.79292422869,2066.1998701928596,2026.1188989914997,powiat,14,MAZOWIECKIE,1435,wyszkowski,,
wysokie ryzyko,2744.6138931474557,2746.374072252836,1351.1631095001949,1311.4269006041638,1393.4507836472608,1434.9471716486717,powiat,14,MAZOWIECKIE,1435,wyszkowski,,
niskie ryzyko,1340.314473510304,1325.0466534254224,531.7854217160567,510.86938828511654,808.5290517942474,814.1772651403057,powiat,14,MAZOWIECKIE,1433,węgrowski,,
wysokie ryzyko,648.1850604393471,642.1289699014609,266.9001357610005,262.89819227104385,381.28492467834656,379.230777630417,powiat,14,MAZOWIECKIE,1433,węgrowski,,
niskie ryzyko,82.37776826530529,111.18268491867406,32.25616437125623,58.257372414929534,50.121603894049066,52.92531250374452,powiat,14,MAZOWIECKIE,1436,zwoleński,,
wysokie ryzyko,194.40965327786995,194.40965327786995,0.0,0.0,194.40965327786995,194.40965327786995,powiat,14,MAZOWIECKIE,1436,zwoleński,,
niskie ryzyko,69.89219942041339,67.64054473445998,48.9787668787262,46.72711219277278,20.9134325416872,20.9134325416872,powiat,14,MAZOWIECKIE,1410,łosicki,,
wysokie ryzyko,8.916068545186233,8.581251534779051,1.2645629033609924,0.9297458929538096,7.651505641825241,7.651505641825242,powiat,14,MAZOWIECKIE,1410,łosicki,,
niskie ryzyko,164.61895991259604,180.25284568415935,91.8714645864346,107.34773893188726,72.74749532616146,72.90510675227212,powiat,14,MAZOWIECKIE,1437,żuromiński,,
wysokie ryzyko,55.461504203784926,55.461504203784926,41.61184064768694,41.61184064768694,13.849663556097989,13.849663556097983,powiat,14,MAZOWIECKIE,1437,żuromiński,,
niskie ryzyko,113.01553562620116,88.53778281867933,87.78491841735264,66.83162723252306,25.23061720884851,21.70615558615627,powiat,14,MAZOWIECKIE,1438,żyrardowski,,
wysokie ryzyko,4.7794594295605695,4.758625518579354,4.7794594295605695,4.758625518579354,0.0,0.0,powiat,14,MAZOWIECKIE,1438,żyrardowski,,
niskie ryzyko,38454.67405739983,37007.19469773259,32724.526262727744,31682.337905914897,5730.147794672081,5324.856791817702,powiat,12,MAŁOPOLSKIE,1261,Kraków,,
wysokie ryzyko,107624.5736674678,107788.88246947785,100874.21522663946,100644.27568985424,6750.358440828353,7144.606779623587,powiat,12,MAŁOPOLSKIE,1261,Kraków,,
niskie ryzyko,3592.3994040483185,3223.1429080449316,3086.0152050815977,2720.9771359555543,506.384198966721,502.16577208937736,powiat,12,MAŁOPOLSKIE,1262,Nowy Sącz,,
wysokie ryzyko,10109.046440254497,11157.999807040182,9792.865677494565,10653.052365104868,316.1807627599283,504.9474419353139,powiat,12,MAŁOPOLSKIE,1262,Nowy Sącz,,
niskie ryzyko,1201.1905415764545,1179.1515363325043,854.691961523213,906.9385329910142,346.4985800532414,272.2130033414899,powiat,12,MAŁOPOLSKIE,1263,Tarnów,,
wysokie ryzyko,2643.8568173234135,2892.5125380901723,1596.540702487765,1611.0814387450478,1047.316114835648,1281.4310993451245,powiat,12,MAŁOPOLSKIE,1263,Tarnów,,
niskie ryzyko,11278.523861048126,11349.53580403102,9792.531142809225,9831.99896029182,1485.9927182389029,1517.5368437392003,powiat,12,MAŁOPOLSKIE,1201,bocheński,,
wysokie ryzyko,11462.61865717369,11379.055814011535,10369.2566178556,10274.249114132412,1093.3620393180895,1104.8066998791246,powiat,12,MAŁOPOLSKIE,1201,bocheński,,
niskie ryzyko,4960.8863597239215,4885.2768520736545,3909.2915533479345,3847.545100163936,1051.5948063759874,1037.7317519097187,powiat,12,MAŁOPOLSKIE,1202,brzeski,,
wysokie ryzyko,4932.01472215453,4980.730472121233,4029.734986007952,4095.4470171105736,902.2797361465782,885.2834550106604,powiat,12,MAŁOPOLSKIE,1202,brzeski,,
niskie ryzyko,1201.0031744107505,1173.3806433828308,731.7081949077924,705.914137152124,469.294979502958,467.46650623070695,powiat,12,MAŁOPOLSKIE,1203,chrzanowski,,
wysokie ryzyko,1670.3981928775572,1672.5815785908558,1216.6383638677723,1208.8491091405033,453.759829009785,463.7324694503522,powiat,12,MAŁOPOLSKIE,1203,chrzanowski,,
niskie ryzyko,15590.386301436709,15305.950060510508,9374.258076446258,9156.6335399226,6216.128224990451,6149.316520587908,powiat,12,MAŁOPOLSKIE,1204,dąbrowski,,
wysokie ryzyko,12952.828772237024,13199.279490735633,8510.124460570518,8661.236068648383,4442.704311666507,4538.04342208725,powiat,12,MAŁOPOLSKIE,1204,dąbrowski,,
niskie ryzyko,1221.8494559104877,1336.1532449807178,1001.9389853146782,1083.0009554804658,219.9104705958094,253.15228950025192,powiat,12,MAŁOPOLSKIE,1205,gorlicki,,
wysokie ryzyko,1377.8580441968788,1464.4386685666436,1157.2464215155037,1266.596295053144,220.61162268137517,197.84237351349955,powiat,12,MAŁOPOLSKIE,1205,gorlicki,,
niskie ryzyko,6504.687236949449,6420.478187302193,4944.35464794457,4913.127200466621,1560.3325890048786,1507.350986835571,powiat,12,MAŁOPOLSKIE,1206,krakowski,,
wysokie ryzyko,5212.335353302216,5233.131621220357,3994.1484417191423,4068.102264204815,1218.1869115830746,1165.0293570155422,powiat,12,MAŁOPOLSKIE,1206,krakowski,,
niskie ryzyko,1443.5205974982048,1342.6457035014053,880.0022839794062,769.868703383469,563.5183135187985,572.7770001179363,powiat,12,MAŁOPOLSKIE,1207,limanowski,,
wysokie ryzyko,413.342576426788,425.0115212339117,188.6201289119228,203.52356207808776,224.72244751486517,221.48795915582392,powiat,12,MAŁOPOLSKIE,1207,limanowski,,
niskie ryzyko,2184.2171575567686,2170.069370165802,1857.9570672739208,1863.8199734547616,326.2600902828474,306.2493967110394,powiat,12,MAŁOPOLSKIE,1209,myślenicki,,
wysokie ryzyko,3310.035955257434,3252.549305773822,3207.986261039932,3156.0354792210705,102.0496942175024,96.51382655275168,powiat,12,MAŁOPOLSKIE,1209,myślenicki,,
niskie ryzyko,11328.76210614152,11496.57412738636,7760.954146203484,7912.963297353886,3567.8079599380335,3583.610830032472,powiat,12,MAŁOPOLSKIE,1210,nowosądecki,,
wysokie ryzyko,11989.008543978962,12197.302944751442,8589.18758272378,8695.540192353077,3399.820961255181,3501.7627523983656,powiat,12,MAŁOPOLSKIE,1210,nowosądecki,,
niskie ryzyko,6876.848074856894,7249.62150246988,5223.212740417765,5622.508553216023,1653.6353344391289,1627.1129492538566,powiat,12,MAŁOPOLSKIE,1211,nowotarski,,
wysokie ryzyko,8548.040824547781,8903.052582348098,6873.191420985731,7192.178957578574,1674.849403562049,1710.8736247695233,powiat,12,MAŁOPOLSKIE,1211,nowotarski,,
niskie ryzyko,116.99178993070409,171.35006110598033,75.17235091671294,129.42887627650182,41.81943901399114,41.92118482947849,powiat,12,MAŁOPOLSKIE,1212,olkuski,,
wysokie ryzyko,59.05415148819886,56.08199170412574,0.0,0.0,59.05415148819886,56.08199170412574,powiat,12,MAŁOPOLSKIE,1212,olkuski,,
niskie ryzyko,22250.24387096012,22325.626413710313,15785.883198647902,15766.630727931051,6464.360672312214,6558.9956857792595,powiat,12,MAŁOPOLSKIE,1213,oświęcimski,,
wysokie ryzyko,37188.82727507634,36885.75240199603,27748.483839480687,27698.184941358435,9440.343435595669,9187.567460637598,powiat,12,MAŁOPOLSKIE,1213,oświęcimski,,
niskie ryzyko,413.3595953199515,412.4182603660533,366.81726193851017,363.428055697327,46.5423333814414,48.99020466872631,powiat,12,MAŁOPOLSKIE,1214,proszowicki,,
wysokie ryzyko,326.1191568016017,323.5702348241825,293.1994620234492,290.65054004602996,32.91969477815253,32.91969477815254,powiat,12,MAŁOPOLSKIE,1214,proszowicki,,
niskie ryzyko,1289.6836300979658,1259.8554289421818,778.1742982664488,740.1473064279172,511.509331831517,519.7081225142646,powiat,12,MAŁOPOLSKIE,1215,suski,,
wysokie ryzyko,865.8876970968819,774.8645092326542,611.1853308462681,526.5024699964033,254.70236625061375,248.36203923625084,powiat,12,MAŁOPOLSKIE,1215,suski,,
niskie ryzyko,19308.782838029765,18987.181122913367,15403.651085217416,15150.876463325616,3905.1317528123473,3836.304659587749,powiat,12,MAŁOPOLSKIE,1216,tarnowski,,
wysokie ryzyko,21859.94272621966,21923.727512341586,17850.776738613455,18002.6746407959,4009.1659876062063,3921.0528715456826,powiat,12,MAŁOPOLSKIE,1216,tarnowski,,
niskie ryzyko,467.41938465846135,442.2835085751333,254.11542355339768,240.4415656508416,213.30396110506368,201.8419429242917,powiat,12,MAŁOPOLSKIE,1217,tatrzański,,
wysokie ryzyko,517.1211977453725,547.4461378069421,246.5219787798137,268.83742201233315,270.59921896555875,278.608715794609,powiat,12,MAŁOPOLSKIE,1217,tatrzański,,
niskie ryzyko,7958.193874279659,7911.433925443884,5500.219300270895,5535.320188035824,2457.974574008765,2376.11373740806,powiat,12,MAŁOPOLSKIE,1218,wadowicki,,
wysokie ryzyko,12530.678064036749,12741.97526782335,10562.19487685992,10524.717686409514,1968.4831871768265,2217.257581413837,powiat,12,MAŁOPOLSKIE,1218,wadowicki,,
niskie ryzyko,11426.488767599,11249.089715931255,6213.904914100499,6101.029797060097,5212.5838534985,5148.0599188711585,powiat,12,MAŁOPOLSKIE,1219,wielicki,,
wysokie ryzyko,11716.838148317836,11828.104955859291,6291.194382099251,6353.297381369275,5425.6437662185845,5474.807574490016,powiat,12,MAŁOPOLSKIE,1219,wielicki,,
niskie ryzyko,5006.756262038075,4750.803143571121,4498.3692034303995,4251.208804675694,508.387058607675,499.5943388954259,powiat,16,OPOLSKIE,1661,Opole,,
wysokie ryzyko,13281.533438056964,13426.95409347737,12950.489031898958,13091.06595705243,331.04440615800553,335.88813642493915,powiat,16,OPOLSKIE,1661,Opole,,
niskie ryzyko,6189.502526974476,6150.061683141412,2748.6496209954216,2716.1634115690867,3440.8529059790544,3433.8982715723264,powiat,16,OPOLSKIE,1601,brzeski,,
wysokie ryzyko,13250.962059047606,13253.84652550786,7500.909182354924,7491.078049048338,5750.052876692682,5762.7684764595215,powiat,16,OPOLSKIE,1601,brzeski,,
niskie ryzyko,542.7672125258915,507.70237622085415,452.0970499689128,419.52369674470015,90.67016255697874,88.17867947615399,powiat,16,OPOLSKIE,1602,głubczycki,,
wysokie ryzyko,544.9593389478061,520.8880120840407,481.53916306604054,458.1719199475217,63.420175881765545,62.716092136519066,powiat,16,OPOLSKIE,1602,głubczycki,,
niskie ryzyko,206.34395090430175,187.16113748160024,189.1177694744113,169.99416316402687,17.226181429890495,17.16697431757337,powiat,16,OPOLSKIE,1604,kluczborski,,
wysokie ryzyko,54.1505805590747,43.451960087639854,54.0145823250054,43.31596185357056,0.1359982340692965,0.1359982340692965,powiat,16,OPOLSKIE,1604,kluczborski,,
niskie ryzyko,628.5041231062776,632.941748468647,535.3465283640647,536.2384300256113,93.15759474221286,96.7033184430358,powiat,16,OPOLSKIE,1605,krapkowicki,,
wysokie ryzyko,617.2221751716378,604.2303305400945,589.7808006472783,577.380853837687,27.44137452435947,26.84947670240756,powiat,16,OPOLSKIE,1605,krapkowicki,,
niskie ryzyko,2996.86765341514,2912.3824299421817,2597.29527972688,2518.2072632369027,399.5723736882602,394.1751667052793,powiat,16,OPOLSKIE,1603,kędzierzyńsko-kozielski,,
wysokie ryzyko,2585.635074540554,2657.918644458811,2290.7569191960342,2348.3138774806725,294.87815534451954,309.604766978138,powiat,16,OPOLSKIE,1603,kędzierzyńsko-kozielski,,
niskie ryzyko,84.03296426678284,84.63293354442254,29.250609497190617,29.249589611481547,54.78235476959223,55.38334393294099,powiat,16,OPOLSKIE,1606,namysłowski,,
wysokie ryzyko,23.543343293262375,23.543343293262375,19.543343293262375,19.543343293262375,4.0,4.0,powiat,16,OPOLSKIE,1606,namysłowski,,
niskie ryzyko,7655.259717390607,7913.771753145104,6553.802253877975,6820.302508629082,1101.4574635126337,1093.4692445160229,powiat,16,OPOLSKIE,1607,nyski,,
wysokie ryzyko,36594.37535119244,36864.69855496876,34551.48890721098,34702.01645591816,2042.8864439814597,2162.6820990506035,powiat,16,OPOLSKIE,1607,nyski,,
niskie ryzyko,82.5094323283544,75.10182026091618,57.36891333891397,49.96130127147575,25.140518989440437,25.140518989440437,powiat,16,OPOLSKIE,1608,oleski,,
wysokie ryzyko,28.476796300352536,21.51090171716065,28.476796300352536,21.51090171716065,0.0,0.0,powiat,16,OPOLSKIE,1608,oleski,,
niskie ryzyko,7500.388551563074,7502.718273923589,3540.2484055444106,3559.751208070964,3960.140146018664,3942.967065852625,powiat,16,OPOLSKIE,1609,opolski,,
wysokie ryzyko,13328.71142016029,13296.764192516515,7019.425425436124,7040.291901416464,6309.285994724166,6256.472291100052,powiat,16,OPOLSKIE,1609,opolski,,
niskie ryzyko,839.6816544655569,811.0828442385204,700.2532559043398,672.9234615183925,139.42839856121714,138.15938272012778,powiat,16,OPOLSKIE,1610,prudnicki,,
wysokie ryzyko,1756.1122390899814,1722.9212266991117,1629.6768279356645,1541.5572124134042,126.43541115431692,181.3640142857073,powiat,16,OPOLSKIE,1610,prudnicki,,
niskie ryzyko,368.7385637301884,365.161171242314,288.3243777105051,283.59988513181213,80.41418601968329,81.56128611050187,powiat,16,OPOLSKIE,1611,strzelecki,,
wysokie ryzyko,120.87140886161518,121.70912326985814,106.21331535074825,107.15079587661828,14.65809351086694,14.558327393239871,powiat,16,OPOLSKIE,1611,strzelecki,,
niskie ryzyko,1245.541173240851,1157.536943399003,1210.0506869080964,1122.5501283608378,35.4904863327548,34.986815038165034,powiat,18,PODKARPACKIE,1861,Krosno,,
wysokie ryzyko,1333.7687358935948,1398.2859018672166,1311.9032364646118,1376.4204024382334,21.865499428983043,21.865499428983043,powiat,18,PODKARPACKIE,1861,Krosno,,
niskie ryzyko,6479.673606981646,6918.518487292223,5846.49616563086,6266.719575656184,633.1774413507871,651.7989116360393,powiat,18,PODKARPACKIE,1862,Przemyśl,,
wysokie ryzyko,21556.582036878244,21641.981754016113,21284.768746082544,21379.930256537784,271.81329079570077,262.0514974783276,powiat,18,PODKARPACKIE,1862,Przemyśl,,
niskie ryzyko,496.1025128366402,514.6663292967555,485.5340772506588,509.38118190487,10.568435585981272,5.2851473918854115,powiat,18,PODKARPACKIE,1863,Rzeszów,,
wysokie ryzyko,153.78269698689283,196.5489249556768,153.31238898592073,196.14021116874335,0.470308000972107,0.4087137869334366,powiat,18,PODKARPACKIE,1863,Rzeszów,,
niskie ryzyko,4146.303105685971,4136.470237637997,2443.2560113058134,2446.9241318189515,1703.0470943801563,1689.5461058190458,powiat,18,PODKARPACKIE,1864,Tarnobrzeg,,
wysokie ryzyko,5385.312377246947,5258.392889197215,4161.61055490921,4010.062556298233,1223.7018223377377,1248.33033289898,powiat,18,PODKARPACKIE,1864,Tarnobrzeg,,
niskie ryzyko,64.64547016261814,63.06560911638469,57.43798347277912,55.85812242654568,7.207486689839012,7.207486689839012,powiat,18,PODKARPACKIE,1801,bieszczadzki,,
wysokie ryzyko,5.886344589959947,5.886344589959947,5.886344589959947,5.886344589959947,0.0,0.0,powiat,18,PODKARPACKIE,1801,bieszczadzki,,
niskie ryzyko,2074.7215525788974,2032.5918163213132,1637.2394200838337,1576.1052683602834,437.482132495064,456.4865479610298,powiat,18,PODKARPACKIE,1802,brzozowski,,
wysokie ryzyko,1444.2998602366497,1506.1668465603636,1299.5490476048026,1360.995047838744,144.7508126318469,145.17179872161967,powiat,18,PODKARPACKIE,1802,brzozowski,,
niskie ryzyko,3292.4190460727577,3500.576813741084,2912.7557248210587,3132.6870719632843,379.6633212516988,367.88974177780057,powiat,18,PODKARPACKIE,1803,dębicki,,
wysokie ryzyko,2994.953541208559,3262.747345213062,2876.023681039649,3120.280623217007,118.92986016890912,142.4667219960547,powiat,18,PODKARPACKIE,1803,dębicki,,
niskie ryzyko,10649.514579050683,10377.068841551572,7447.576840814131,7194.236376766457,3201.937738236554,3182.832464785115,powiat,18,PODKARPACKIE,1804,jarosławski,,
wysokie ryzyko,12380.321269502754,12323.732060611634,8855.423865030061,8783.269322132628,3524.8974044726906,3540.462738479005,powiat,18,PODKARPACKIE,1804,jarosławski,,
niskie ryzyko,3913.521178848251,4003.776839531428,3510.9636571391466,3608.149695266939,402.55752170910546,395.6271442644889,powiat,18,PODKARPACKIE,1805,jasielski,,
wysokie ryzyko,6433.771377198492,6191.305186386093,6153.064880901974,5918.737208559338,280.70649629651786,272.5679778267562,powiat,18,PODKARPACKIE,1805,jasielski,,
niskie ryzyko,1641.6217024664593,1595.8477852697326,1331.1336748790302,1294.1399352608405,310.48802758742903,301.7078500088924,powiat,18,PODKARPACKIE,1807,krośnieński,,
wysokie ryzyko,733.3033075627555,682.8181082478358,609.480150324029,561.4345731661753,123.8231572387266,121.38353508166048,powiat,18,PODKARPACKIE,1807,krośnieński,,
niskie ryzyko,1870.8139797568049,1775.3577158414269,1487.071677409019,1406.7694419437985,383.7423023477859,368.5882738976284,powiat,18,PODKARPACKIE,1821,leski,,
wysokie ryzyko,2852.1842120733554,2993.420284490327,2556.736114352016,2704.7321455744695,295.448097721339,288.6881389158577,powiat,18,PODKARPACKIE,1821,leski,,
niskie ryzyko,3579.720447236516,3684.972106407628,2727.1785048768957,2829.151231872661,852.5419423596206,855.8208745349664,powiat,18,PODKARPACKIE,1808,leżajski,,
wysokie ryzyko,5068.76896758414,4983.924807836911,3888.006114951947,3796.6252836557233,1180.7628526321928,1187.299524181188,powiat,18,PODKARPACKIE,1808,leżajski,,
niskie ryzyko,193.46660739547573,200.8970400401756,116.8279993820579,139.45116195841553,76.63860801341782,61.44587808176007,powiat,18,PODKARPACKIE,1809,lubaczowski,,
wysokie ryzyko,57.59135020489942,38.07908286346588,57.59135020489942,38.07908286346588,0.0,0.0,powiat,18,PODKARPACKIE,1809,lubaczowski,,
niskie ryzyko,18713.80513375498,18712.03530823813,15607.768077448389,15580.595157671543,3106.037056306589,3131.440150566584,powiat,18,PODKARPACKIE,1811,mielecki,,
wysokie ryzyko,21821.010623550457,21782.1685834246,19191.19107896492,19157.60041153608,2629.81954458554,2624.568171888515,powiat,18,PODKARPACKIE,1811,mielecki,,
niskie ryzyko,3744.04524474295,3677.495634387199,2419.6893259291023,2338.5532410266014,1324.3559188138486,1338.9423933605976,powiat,18,PODKARPACKIE,1812,niżański,,
wysokie ryzyko,4506.599575935088,4264.066356661981,3130.968971459358,2915.400884643808,1375.6306044757305,1348.6654720181723,powiat,18,PODKARPACKIE,1812,niżański,,
niskie ryzyko,7542.131098550643,7527.271859663179,4757.77265197683,4669.499719844388,2784.3584465738127,2857.77213981879,powiat,18,PODKARPACKIE,1813,przemyski,,
wysokie ryzyko,7447.116976478333,7413.843264572003,5070.40382750493,5028.96428929597,2376.7131489734015,2384.878975276033,powiat,18,PODKARPACKIE,1813,przemyski,,
niskie ryzyko,3295.847648078216,3059.3529379228253,1572.947979903845,1393.9587071043186,1722.8996681743715,1665.394230818507,powiat,18,PODKARPACKIE,1814,przeworski,,
wysokie ryzyko,3242.86228265261,3389.246293476954,1859.3123170613271,1891.8778747188308,1383.5499655912824,1497.3684187581237,powiat,18,PODKARPACKIE,1814,przeworski,,
niskie ryzyko,1286.179940354476,1265.8882774464591,1276.0389955019666,1255.877181519022,10.14094485250947,10.011095927437482,powiat,18,PODKARPACKIE,1815,ropczycko-sędziszowski,,
wysokie ryzyko,975.9642332745416,1021.6027753786428,975.9642332745416,1013.891026490488,0.0,7.711748888154919,powiat,18,PODKARPACKIE,1815,ropczycko-sędziszowski,,
niskie ryzyko,2992.14232559264,2914.590417786662,2578.8195660775873,2487.5437535552787,413.3227595150527,427.0466642313828,powiat,18,PODKARPACKIE,1816,rzeszowski,,
wysokie ryzyko,2034.4122592267493,1991.6629588319877,1899.459738238642,1863.4846980663683,134.9525209881071,128.17826076561897,powiat,18,PODKARPACKIE,1816,rzeszowski,,
niskie ryzyko,9136.356242447771,9094.949601748393,8393.488399139549,8351.223696854438,742.8678433082218,743.7259048939537,powiat,18,PODKARPACKIE,1817,sanocki,,
wysokie ryzyko,21102.040116311862,21453.80633845827,20647.86636889294,21002.96121669647,454.1737474189203,450.8451217618041,powiat,18,PODKARPACKIE,1817,sanocki,,
niskie ryzyko,10677.743683202856,10384.099844525344,6953.541263670385,6682.210160162565,3724.202419532472,3701.8896843627745,powiat,18,PODKARPACKIE,1818,stalowowolski,,
wysokie ryzyko,15530.981089159366,15906.448824571424,11190.517377432385,11417.688411650894,4340.463711726986,4488.76041292053,powiat,18,PODKARPACKIE,1818,stalowowolski,,
niskie ryzyko,2165.6451375168554,2070.382487941422,1983.078504482092,1895.939106699199,182.56663303476307,174.44338124222264,powiat,18,PODKARPACKIE,1819,strzyżowski,,
wysokie ryzyko,1304.5036184980297,1306.1913017492795,1177.6834914914307,1184.7363823329988,126.8201270065989,121.45491941628082,powiat,18,PODKARPACKIE,1819,strzyżowski,,
niskie ryzyko,12674.401066892353,12842.712610158922,6688.462303850725,6869.77857748581,5985.938763041628,5972.9340326731135,powiat,18,PODKARPACKIE,1820,tarnobrzeski,,
wysokie ryzyko,18604.539302977377,18283.95031893325,11716.242759761844,11389.08458392392,6888.296543215532,6894.865735009331,powiat,18,PODKARPACKIE,1820,tarnobrzeski,,
niskie ryzyko,2032.977758113207,1959.6336719634528,1316.566043808889,1244.077197073912,716.4117143043179,715.5564748895405,powiat,18,PODKARPACKIE,1810,łańcucki,,
wysokie ryzyko,1219.3406578943775,1248.6035397538164,728.3683728772418,760.237863272525,490.97228501713573,488.36567648129136,powiat,18,PODKARPACKIE,1810,łańcucki,,
niskie ryzyko,19.119488825074463,4.813694768718825,19.119488825074463,4.813694768718825,0.0,0.0,powiat,20,PODLASKIE,2063,Suwałki,,
niskie ryzyko,83.45647353615955,80.34507212739815,47.653365151758706,46.06137702746671,35.80310838440085,34.283695099931435,powiat,20,PODLASKIE,2001,augustowski,,
wysokie ryzyko,3.618428587209493,3.618428587209493,3.618428587209493,3.618428587209493,0.0,0.0,powiat,20,PODLASKIE,2001,augustowski,,
niskie ryzyko,601.3842419396585,579.4554576169071,477.0452097344344,453.924953591781,124.33903220522429,125.5305040251262,powiat,20,PODLASKIE,2002,białostocki,,
wysokie ryzyko,244.58611319854344,237.64795951121732,202.0036369607037,185.688397818719,42.58247623783974,51.95956169249829,powiat,20,PODLASKIE,2002,białostocki,,
niskie ryzyko,114.4311188092602,109.1723407618364,66.60126265870977,61.34248461128598,47.82985615055043,47.82985615055043,powiat,20,PODLASKIE,2003,bielski,,
wysokie ryzyko,15.622117114744754,14.594089273073592,7.148003588807777,6.1199757471366185,8.474113525936975,8.474113525936975,powiat,20,PODLASKIE,2003,bielski,,
niskie ryzyko,96.22709995491496,87.63244874851515,50.45197100248339,41.85731979608359,45.775128952431565,45.775128952431565,powiat,20,PODLASKIE,2004,grajewski,,
wysokie ryzyko,22.18778890015055,22.88199965629339,4.763278586302218,4.472359317848775,17.424510313848334,18.409640338444618,powiat,20,PODLASKIE,2004,grajewski,,
niskie ryzyko,40.61173049961245,37.05107384698979,17.588108961159392,13.67376258398934,23.023621538453053,23.37731126300045,powiat,20,PODLASKIE,2005,hajnowski,,
wysokie ryzyko,5.371248899753361,5.1251425567445565,4.331148799054451,4.085042456045646,1.04010010069891,1.04010010069891,powiat,20,PODLASKIE,2005,hajnowski,,
niskie ryzyko,50.10109288457164,50.10109288457165,26.8864024199443,26.886402419944304,23.214690464627346,23.214690464627346,powiat,20,PODLASKIE,2006,kolneński,,
wysokie ryzyko,3.878601275725021,3.878601275725021,0.4669390578707016,0.4669390578707016,3.4116622178543192,3.4116622178543192,powiat,20,PODLASKIE,2006,kolneński,,
niskie ryzyko,284.50750422747825,284.4540145169444,85.11118817195943,86.10361744453976,199.3963160555189,198.35039707240472,powiat,20,PODLASKIE,2008,moniecki,,
wysokie ryzyko,151.1158815243147,150.6739728837075,13.25285170599555,13.251194503751268,137.86302981831915,137.42277837995624,powiat,20,PODLASKIE,2008,moniecki,,
niskie ryzyko,45.13134514146593,43.76236020781439,30.857409454174817,29.48842452052328,14.273935687291113,14.273935687291113,powiat,20,PODLASKIE,2009,sejneński,,
niskie ryzyko,234.1205244432269,227.68763195719583,98.21111953301792,96.2980556739783,135.90940491020902,131.38957628321754,powiat,20,PODLASKIE,2010,siemiatycki,,
wysokie ryzyko,115.3496756692025,114.941562999272,58.77132588633549,58.41478319640266,56.578349782867,56.52677980286934,powiat,20,PODLASKIE,2010,siemiatycki,,
niskie ryzyko,4.7727272727272725,4.7727272727272725,4.7727272727272725,4.7727272727272725,0.0,0.0,powiat,20,PODLASKIE,2011,sokólski,,
niskie ryzyko,43.77176454920716,39.92090614957274,32.66530900976154,28.21929460624736,11.10645553944562,11.701611543325376,powiat,20,PODLASKIE,2012,suwalski,,
niskie ryzyko,417.9001488530941,381.78666053071953,286.2047579711459,252.78165305615025,131.69539088194816,129.00500747456925,powiat,20,PODLASKIE,2013,wysokomazowiecki,,
wysokie ryzyko,129.55621340009523,102.8563905543025,88.7024374316208,64.05445888050615,40.85377596847442,38.80193167379636,powiat,20,PODLASKIE,2013,wysokomazowiecki,,
niskie ryzyko,1.2902326552247865,1.2902326552247865,1.2902326552247865,1.2902326552247865,0.0,0.0,powiat,20,PODLASKIE,2014,zambrowski,,
niskie ryzyko,200.96802006666917,172.6835907310853,200.96802006666917,172.6835907310853,0.0,0.0,powiat,20,PODLASKIE,2062,Łomża,,
wysokie ryzyko,30.004335754594507,28.06839448237207,30.004335754594507,28.06839448237207,0.0,0.0,powiat,20,PODLASKIE,2062,Łomża,,
niskie ryzyko,784.672700291325,777.6218772469722,445.3557495550446,439.3647903775203,339.31695073628043,338.2570868694518,powiat,20,PODLASKIE,2007,łomżyński,,
wysokie ryzyko,471.8726994762266,465.2420808673298,263.1787092901683,256.6554641553178,208.6939901860584,208.58661671201196,powiat,20,PODLASKIE,2007,łomżyński,,
niskie ryzyko,10111.303097660955,9893.289341664566,8762.263535883914,8453.230763614027,1349.039561777042,1440.058578050539,powiat,22,POMORSKIE,2261,Gdańsk,,
wysokie ryzyko,24831.086526227176,25133.721316431463,22543.196887471557,21963.913408155564,2287.889638755617,3169.8079082758977,powiat,22,POMORSKIE,2261,Gdańsk,,
niskie ryzyko,110.3251413619068,94.9725842991784,108.97785036597988,93.64197967611062,1.347290995926923,1.3306046230677815,powiat,22,POMORSKIE,2262,Gdynia,,
wysokie ryzyko,722.8679391259061,739.6882074998715,722.8679391259061,739.6882074998715,0.0,0.0,powiat,22,POMORSKIE,2262,Gdynia,,
niskie ryzyko,46.60994780796423,112.16438548056988,46.60994780796423,112.16438548056988,0.0,0.0,powiat,22,POMORSKIE,2264,Sopot,,
wysokie ryzyko,167.24197669045006,263.55836957497206,167.24197669045006,263.55836957497206,0.0,0.0,powiat,22,POMORSKIE,2264,Sopot,,
niskie ryzyko,312.2331327599652,371.06192046502935,312.2331327599652,371.06192046502935,0.0,0.0,powiat,22,POMORSKIE,2263,Słupsk,,
wysokie ryzyko,398.0759700895314,525.158801515893,398.0759700895314,525.158801515893,0.0,0.0,powiat,22,POMORSKIE,2263,Słupsk,,
niskie ryzyko,37.216075023317806,37.98636381848384,14.153932238717866,15.58670420716191,23.062142784599946,22.39965961132193,powiat,22,POMORSKIE,2201,bytowski,,
niskie ryzyko,55.42502800639792,48.47068365139677,32.3789772423656,26.86239841897003,23.04605076403233,21.608285232426734,powiat,22,POMORSKIE,2202,chojnicki,,
wysokie ryzyko,11.282065824024752,11.282065824024752,8.704063347397273,8.704063347397273,2.5780024766274794,2.5780024766274794,powiat,22,POMORSKIE,2202,chojnicki,,
niskie ryzyko,17.559637032279905,15.91156173344643,0.0,0.0,17.559637032279905,15.91156173344643,powiat,22,POMORSKIE,2203,człuchowski,,
niskie ryzyko,10555.299686105898,10473.657520455026,8608.16944036976,8515.932220257777,1947.1302457361385,1957.725300197249,powiat,22,POMORSKIE,2204,gdański,,
wysokie ryzyko,13550.094305769591,13718.556273094537,11383.09969799975,11605.46558770166,2166.994607769838,2113.0906853928745,powiat,22,POMORSKIE,2204,gdański,,
niskie ryzyko,53.26084158083587,73.40604061271561,30.774254138812186,52.10914817048141,22.486587442023687,21.296892442234206,powiat,22,POMORSKIE,2205,kartuski,,
wysokie ryzyko,5.572284109382013,5.460164930152938,1.5884691840640182,1.476350004834943,3.9838149253179944,3.9838149253179944,powiat,22,POMORSKIE,2205,kartuski,,
niskie ryzyko,32.096255866899305,30.449446041298664,3.9437572286181353,2.3109312719059676,28.152498638281173,28.138514769392696,powiat,22,POMORSKIE,2206,kościerski,,
wysokie ryzyko,0.4492657313203733,0.4492657313203733,0.0,0.0,0.4492657313203733,0.4492657313203733,powiat,22,POMORSKIE,2206,kościerski,,
niskie ryzyko,5065.025593888893,4908.974777182799,2652.7952700367027,2555.364001900478,2412.230323852191,2353.610775282321,powiat,22,POMORSKIE,2207,kwidzyński,,
wysokie ryzyko,3858.222593735998,3987.7309678587094,2134.92445065657,2176.646847248893,1723.2981430794284,1811.084120609816,powiat,22,POMORSKIE,2207,kwidzyński,,
niskie ryzyko,127.63797118247469,89.71615905786308,77.72065814725536,44.41887391520699,49.9173130352193,45.2972851426561,powiat,22,POMORSKIE,2208,lęborski,,
wysokie ryzyko,373.4982379441825,466.5989616830402,365.4734018881303,454.9624403301318,8.024836056052083,11.636521352908408,powiat,22,POMORSKIE,2208,lęborski,,
niskie ryzyko,5925.513092199829,5585.813299003075,4039.011587411721,3694.399748227572,1886.5015047881084,1891.4135507755032,powiat,22,POMORSKIE,2209,malborski,,
wysokie ryzyko,5820.011907027749,6071.174128462808,4264.740500411923,4503.905330240951,1555.271406615826,1567.2687982218563,powiat,22,POMORSKIE,2209,malborski,,
niskie ryzyko,9692.781903355695,9815.051127987392,6358.4022307993455,6418.099424739694,3334.3796725563516,3396.951703247697,powiat,22,POMORSKIE,2210,nowodworski,,
wysokie ryzyko,17194.414636940484,17236.957735168864,13821.15544180836,13943.417868351897,3373.259195132122,3293.539866816972,powiat,22,POMORSKIE,2210,nowodworski,,
niskie ryzyko,1822.4544180959367,1748.179657414562,1264.851092471605,1200.3718876818732,557.6033256243318,547.8077697326889,powiat,22,POMORSKIE,2211,pucki,,
wysokie ryzyko,5053.54226175471,5290.72757025144,4256.768878190787,4469.396433855529,796.7733835639228,821.331136395911,powiat,22,POMORSKIE,2211,pucki,,
niskie ryzyko,71.26998805517185,53.88620625350435,50.18044179028645,33.163366814715424,21.08954626488541,20.722839438788924,powiat,22,POMORSKIE,2213,starogardzki,,
niskie ryzyko,109.1358961069664,120.45195211289024,73.39024278784713,72.67536487414156,35.74565331911928,47.77658723874866,powiat,22,POMORSKIE,2216,sztumski,,
wysokie ryzyko,50.94146735267353,50.94146735267353,12.496191701843426,12.496191701843424,38.445275650830105,38.445275650830105,powiat,22,POMORSKIE,2216,sztumski,,
niskie ryzyko,215.6707532033917,189.92454881720928,129.28694174097666,107.51523873194708,86.38381146241505,82.40931008526218,powiat,22,POMORSKIE,2212,słupski,,
wysokie ryzyko,707.1341505182945,647.2901629184358,655.3315733183904,601.108786917915,51.8025771999042,46.181376000520785,powiat,22,POMORSKIE,2212,słupski,,
niskie ryzyko,2744.0273461063557,2617.4612936486005,2116.5459434461645,2014.3179844916003,627.481402660192,603.1433091570001,powiat,22,POMORSKIE,2214,tczewski,,
wysokie ryzyko,4566.0736125359945,4461.863703179176,4044.3980514942223,3878.574110286914,521.6755610417721,583.2895928922621,powiat,22,POMORSKIE,2214,tczewski,,
niskie ryzyko,504.3035691367488,445.04307311189245,344.4615458631986,312.6841062954153,159.8420232735502,132.35896681647714,powiat,22,POMORSKIE,2215,wejherowski,,
wysokie ryzyko,621.5424837984173,571.783651476891,588.3352439250273,522.5094608826377,33.207239873389945,49.27419059425338,powiat,22,POMORSKIE,2215,wejherowski,,
niskie ryzyko,472.1160059356662,475.6368514885279,350.2464592736255,349.5059904125692,121.86954666204068,126.13086107595872,powiat,28,WARMIŃSKO-MAZURSKIE,2861,Elbląg,,
wysokie ryzyko,1626.126653429288,1738.937071429267,1577.0807517016217,1672.5731719701644,49.04590172766647,66.36389945910251,powiat,28,WARMIŃSKO-MAZURSKIE,2861,Elbląg,,
niskie ryzyko,8.935262778542455,8.935262778542455,8.935262778542455,8.935262778542455,0.0,0.0,powiat,28,WARMIŃSKO-MAZURSKIE,2862,Olsztyn,,
niskie ryzyko,165.48916140706353,153.34001914984756,146.40445183559856,136.42857779457088,19.084709571464952,16.91144135527668,powiat,28,WARMIŃSKO-MAZURSKIE,2801,bartoszycki,,
wysokie ryzyko,116.74614220692688,201.08360503164488,98.71492542575116,184.30856562188495,18.031216781175736,16.775039409759913,powiat,28,WARMIŃSKO-MAZURSKIE,2801,bartoszycki,,
niskie ryzyko,216.59981099911153,218.97494615027583,176.72246259188066,178.32855831944792,39.87734840723088,40.64638783082792,powiat,28,WARMIŃSKO-MAZURSKIE,2802,braniewski,,
wysokie ryzyko,372.4230995469075,360.8401771880155,250.4270522474988,239.44659858659296,121.99604729940872,121.39357860142258,powiat,28,WARMIŃSKO-MAZURSKIE,2802,braniewski,,
niskie ryzyko,45.49984305049456,44.93120234304604,38.665774120437746,38.14440545198498,6.834068930056822,6.786796891061066,powiat,28,WARMIŃSKO-MAZURSKIE,2803,działdowski,,
wysokie ryzyko,30.552855643695768,30.313882443021992,30.552855643695768,30.313882443021992,0.0,0.0,powiat,28,WARMIŃSKO-MAZURSKIE,2803,działdowski,,
niskie ryzyko,5321.883299749621,5364.840484340973,2282.5721479780073,2362.949605554956,3039.311151771614,3001.8908787860164,powiat,28,WARMIŃSKO-MAZURSKIE,2804,elbląski,,
wysokie ryzyko,3636.8582091463177,3749.3623838600224,1839.9244116429704,1913.3939619090056,1796.9337975033477,1835.968421951017,powiat,28,WARMIŃSKO-MAZURSKIE,2804,elbląski,,
niskie ryzyko,408.02510434703447,368.4281129304825,177.91627626523834,157.9068031469024,230.1088280817961,210.52130978358016,powiat,28,WARMIŃSKO-MAZURSKIE,2805,ełcki,,
wysokie ryzyko,12.754264042579871,12.516338677418256,0.5779421552310886,0.3495891055248347,12.176321887348784,12.16674957189342,powiat,28,WARMIŃSKO-MAZURSKIE,2805,ełcki,,
niskie ryzyko,25.816975954604388,25.42966432751738,4.492626128743231,4.16731741339102,21.324349825861155,21.26234691412636,powiat,28,WARMIŃSKO-MAZURSKIE,2818,gołdapski,,
niskie ryzyko,54.344019930000414,49.84773485353901,24.36641126150487,22.921083378632098,29.97760866849554,26.92665147490692,powiat,28,WARMIŃSKO-MAZURSKIE,2807,iławski,,
niskie ryzyko,33.25875753310289,32.91799534506032,2.0489403656826415,2.048940365682642,31.209817167420244,30.86905497937768,powiat,28,WARMIŃSKO-MAZURSKIE,2808,kętrzyński,,
wysokie ryzyko,2.25,2.25,0.0,0.0,2.25,2.25,powiat,28,WARMIŃSKO-MAZURSKIE,2808,kętrzyński,,
niskie ryzyko,180.54252193054452,141.91957225198382,155.56870716945974,117.63665191801032,24.973814761084743,24.282920333973507,powiat,28,WARMIŃSKO-MAZURSKIE,2809,lidzbarski,,
wysokie ryzyko,120.2374207707635,119.4622771447754,82.77778681964105,78.05559083957127,37.45963395112244,41.40668630520413,powiat,28,WARMIŃSKO-MAZURSKIE,2809,lidzbarski,,
niskie ryzyko,132.39104733587686,59.29902287119216,124.7893274706842,52.20315468119096,7.601719865192684,7.095868190001199,powiat,28,WARMIŃSKO-MAZURSKIE,2811,nidzicki,,
wysokie ryzyko,1.6720545862269445,1.6041165070059398,0.0,0.0,1.6720545862269445,1.6041165070059398,powiat,28,WARMIŃSKO-MAZURSKIE,2811,nidzicki,,
niskie ryzyko,185.06813770962955,160.23817570089773,176.35907955932865,150.6907765106934,8.709058150300896,9.54739919020432,powiat,28,WARMIŃSKO-MAZURSKIE,2812,nowomiejski,,
wysokie ryzyko,269.882321384208,225.83069361364497,269.882321384208,225.83069361364497,0.0,0.0,powiat,28,WARMIŃSKO-MAZURSKIE,2812,nowomiejski,,
niskie ryzyko,446.5684223213834,411.97375535827746,413.0988920056956,378.77426292371393,33.46953031568786,33.19949243456349,powiat,28,WARMIŃSKO-MAZURSKIE,2813,olecki,,
wysokie ryzyko,91.18027794061928,65.58597024047566,86.96597861351155,61.37167091336793,4.214299327107737,4.214299327107737,powiat,28,WARMIŃSKO-MAZURSKIE,2813,olecki,,
niskie ryzyko,50.762869848379225,55.820462457517856,46.644991275882695,51.70688715763177,4.117878572496527,4.113575299886088,powiat,28,WARMIŃSKO-MAZURSKIE,2814,olsztyński,,
wysokie ryzyko,1.1363636363636365,1.1363636363636365,0.0,0.0,1.1363636363636365,1.1363636363636365,powiat,28,WARMIŃSKO-MAZURSKIE,2814,olsztyński,,
niskie ryzyko,114.7917487250915,248.2807260420216,47.0869077477962,206.9691061827805,67.70484097729529,41.31161985924111,powiat,28,WARMIŃSKO-MAZURSKIE,2815,ostródzki,,
wysokie ryzyko,70.95168556013212,67.97146255108066,53.340311107438566,50.757190255137466,17.611374452693543,17.214272295943182,powiat,28,WARMIŃSKO-MAZURSKIE,2815,ostródzki,,
niskie ryzyko,2.7671541300865146,2.2139675247056383,2.7671541300865146,2.2139675247056383,0.0,0.0,powiat,28,WARMIŃSKO-MAZURSKIE,2816,piski,,
wysokie ryzyko,0.0,74.86653087090112,0.0,74.86653087090112,0.0,0.0,powiat,28,WARMIŃSKO-MAZURSKIE,2816,piski,,
niskie ryzyko,24.097657758215792,23.785731104951115,15.708424592709887,15.396497939445212,8.389233165505903,8.389233165505903,powiat,28,WARMIŃSKO-MAZURSKIE,2817,szczycieński,,
wysokie ryzyko,20.352459757745052,20.352459757745052,14.16401821260959,14.164018212609593,6.1884415451354595,6.1884415451354595,powiat,28,WARMIŃSKO-MAZURSKIE,2817,szczycieński,,
niskie ryzyko,11.71800885557365,11.292272606964476,0.0,0.0,11.71800885557365,11.292272606964476,powiat,28,WARMIŃSKO-MAZURSKIE,2819,węgorzewski,,
wysokie ryzyko,1.120467135276045,1.120467135276045,0.0,0.0,1.120467135276045,1.120467135276045,powiat,28,WARMIŃSKO-MAZURSKIE,2819,węgorzewski,,
niskie ryzyko,1694.749703063752,1476.6736047304728,1590.1669348969892,1392.1037255974434,104.5827681667629,84.56987913302933,powiat,30,WIELKOPOLSKIE,3061,Kalisz,,
wysokie ryzyko,4749.255870463479,4857.691460568966,4297.900785812623,4402.749260044333,451.355084650856,454.9422005246324,powiat,30,WIELKOPOLSKIE,3061,Kalisz,,
niskie ryzyko,932.0086964062288,951.698338458865,873.9384596181982,894.0508122619315,58.0702367880305,57.64752619693365,powiat,30,WIELKOPOLSKIE,3062,Konin,,
wysokie ryzyko,4012.306324489713,4253.361721260824,3894.774574100502,4137.546575405639,117.53175038921069,115.8151458551858,powiat,30,WIELKOPOLSKIE,3062,Konin,,
niskie ryzyko,888.2328618050742,730.2435480544916,879.1175134030948,722.643148638736,9.115348401979512,7.600399415755588,powiat,30,WIELKOPOLSKIE,3064,Poznań,,
wysokie ryzyko,124.8989301576672,110.7516921488739,88.92992809891572,74.7826900901224,35.969002058751485,35.969002058751485,powiat,30,WIELKOPOLSKIE,3064,Poznań,,
niskie ryzyko,3.679853351030132,3.679853351030133,3.679853351030132,3.679853351030133,0.0,0.0,powiat,30,WIELKOPOLSKIE,3001,chodzieski,,
niskie ryzyko,393.0767738119273,512.3283504954701,262.91928454188,382.1524248470658,130.15748927004734,130.17592564840436,powiat,30,WIELKOPOLSKIE,3002,czarnkowsko-trzcianecki,,
wysokie ryzyko,107.22366006639128,105.79449675480964,99.22366006639128,97.79449675480964,8.0,8.0,powiat,30,WIELKOPOLSKIE,3002,czarnkowsko-trzcianecki,,
niskie ryzyko,56.98706166180816,55.51512923926092,56.55568798672586,55.08375556417862,0.4313736750823066,0.4313736750823066,powiat,30,WIELKOPOLSKIE,3003,gnieźnieński,,
niskie ryzyko,41.91514467732394,35.933037222974974,37.99122973615979,32.00912228181083,3.923914941164146,3.9239149411641456,powiat,30,WIELKOPOLSKIE,3004,gostyński,,
wysokie ryzyko,48.1089877914945,45.25482267574493,0.0,0.0,48.1089877914945,45.25482267574493,powiat,30,WIELKOPOLSKIE,3004,gostyński,,
niskie ryzyko,323.165069516002,328.99270728040926,300.7085758830693,306.53621364747653,22.456493632932713,22.456493632932713,powiat,30,WIELKOPOLSKIE,3006,jarociński,,
wysokie ryzyko,112.0540295393876,112.0540295393876,108.45198763188128,108.45198763188128,3.6020419075063175,3.6020419075063175,powiat,30,WIELKOPOLSKIE,3006,jarociński,,
niskie ryzyko,98.26868508032582,97.36765725420354,93.09858706394893,92.19755923782664,5.170098016376899,5.170098016376899,powiat,30,WIELKOPOLSKIE,3007,kaliski,,
wysokie ryzyko,48.7583033021635,47.321769104204506,48.7583033021635,47.321769104204506,0.0,0.0,powiat,30,WIELKOPOLSKIE,3007,kaliski,,
niskie ryzyko,3768.446844265436,3730.4317991741623,3080.120850257813,3041.5024475650066,688.3259940076234,688.9293516091554,powiat,30,WIELKOPOLSKIE,3009,kolski,,
wysokie ryzyko,4138.1542969312595,3865.6672752260665,3692.625102097644,3435.936048259566,445.5291948336158,429.73122696649943,powiat,30,WIELKOPOLSKIE,3009,kolski,,
niskie ryzyko,3099.3973776514813,3065.583978415288,2144.6278283323236,2116.1781280982023,954.7695493191572,949.405850317086,powiat,30,WIELKOPOLSKIE,3010,koniński,,
wysokie ryzyko,1398.0559404495289,1404.5287683855083,992.1405440733452,1002.2027115280512,405.9153963761838,402.3260568574572,powiat,30,WIELKOPOLSKIE,3010,koniński,,
niskie ryzyko,213.6508328191029,191.03842000987353,202.72727616313344,180.37797639273415,10.923556655969472,10.660443617139364,powiat,30,WIELKOPOLSKIE,3011,kościański,,
wysokie ryzyko,402.8631517425463,378.6279156097967,402.8631517425463,378.6279156097967,0.0,0.0,powiat,30,WIELKOPOLSKIE,3011,kościański,,
niskie ryzyko,41.287856490744126,39.98265661319652,30.720217516948814,30.72021751694882,10.567638973795306,9.262439096247698,powiat,30,WIELKOPOLSKIE,3012,krotoszyński,,
niskie ryzyko,1.5028713952324426,1.5028713952324426,0.0,0.0,1.5028713952324426,1.5028713952324426,powiat,30,WIELKOPOLSKIE,3008,kępiński,,
niskie ryzyko,147.88468095798115,147.19836261814524,109.7857904305292,109.09947209069328,38.09889052745196,38.09889052745196,powiat,30,WIELKOPOLSKIE,3013,leszczyński,,
wysokie ryzyko,86.40431441259675,84.94594992472062,63.47274466198624,63.47274466198625,22.931569750610503,21.473205262734375,powiat,30,WIELKOPOLSKIE,3013,leszczyński,,
niskie ryzyko,362.926662136277,345.5205503173417,271.6600255512809,257.7455142111166,91.26663658499602,87.77503610622509,powiat,30,WIELKOPOLSKIE,3014,międzychodzki,,
wysokie ryzyko,426.9498591755224,364.3239963340296,257.4809097654454,196.0332646538172,169.46894941007702,168.2907316802124,powiat,30,WIELKOPOLSKIE,3014,międzychodzki,,
niskie ryzyko,372.9878156979413,301.633200365806,354.3981618170504,283.04354648491505,18.589653880890904,18.589653880890904,powiat,30,WIELKOPOLSKIE,3015,nowotomyski,,
wysokie ryzyko,37.05759874042213,21.865079428541723,37.05759874042213,21.865079428541723,0.0,0.0,powiat,30,WIELKOPOLSKIE,3015,nowotomyski,,
niskie ryzyko,530.0884011967852,672.7341427232253,418.3889125793213,562.995479085436,111.69948861746389,109.7386636377892,powiat,30,WIELKOPOLSKIE,3016,obornicki,,
wysokie ryzyko,518.6042609476254,409.29967726608487,490.9707262481621,381.66614256662155,27.63353469946331,27.63353469946331,powiat,30,WIELKOPOLSKIE,3016,obornicki,,
niskie ryzyko,550.6305790487495,541.8901977116515,529.8925245028838,496.2814371960414,20.738054545865687,45.60876051561013,powiat,30,WIELKOPOLSKIE,3017,ostrowski,,
wysokie ryzyko,968.4778741739262,1015.2515339521424,941.3574491573654,988.1311089355814,27.120425016560848,27.120425016560848,powiat,30,WIELKOPOLSKIE,3017,ostrowski,,
niskie ryzyko,61.78933617526515,67.96019238950466,61.77264184796941,67.9434980622089,0.0166943272957454,0.0166943272957454,powiat,30,WIELKOPOLSKIE,3018,ostrzeszowski,,
wysokie ryzyko,4.73672618575898,4.736726185758981,4.73672618575898,4.736726185758981,0.0,0.0,powiat,30,WIELKOPOLSKIE,3018,ostrzeszowski,,
niskie ryzyko,331.306963556363,329.8227930521333,311.54149028633736,291.9861556269637,19.765473270025563,37.83663742516963,powiat,30,WIELKOPOLSKIE,3019,pilski,,
wysokie ryzyko,39.37636551789683,39.34740017135298,36.37636551789683,36.34740017135298,3.0,3.0000000000000004,powiat,30,WIELKOPOLSKIE,3019,pilski,,
niskie ryzyko,292.677371433953,285.28773693542547,292.677371433953,285.28773693542547,0.0,0.0,powiat,30,WIELKOPOLSKIE,3020,pleszewski,,
wysokie ryzyko,47.718852318777415,51.79338513444922,47.718852318777415,51.79338513444922,0.0,0.0,powiat,30,WIELKOPOLSKIE,3020,pleszewski,,
niskie ryzyko,1259.9258438275035,1168.3995433631253,346.2389101941569,276.3862185649232,913.6869336333466,892.0133247982019,powiat,30,WIELKOPOLSKIE,3021,poznański,,
wysokie ryzyko,1115.234552175718,1063.6315561883473,292.0014090541113,286.3839425780404,823.2331431216064,777.247613610307,powiat,30,WIELKOPOLSKIE,3021,poznański,,
niskie ryzyko,188.2692711413692,190.7016811366296,141.3812821260816,143.90892592782487,46.88798901528758,46.792755208804714,powiat,30,WIELKOPOLSKIE,3022,rawicki,,
wysokie ryzyko,6.8317632269584365,6.8317632269584365,6.8317632269584365,6.8317632269584365,0.0,0.0,powiat,30,WIELKOPOLSKIE,3022,rawicki,,
niskie ryzyko,308.8447579573792,432.275978488588,218.89009250641223,342.90958153520745,89.95466545096694,89.36639695338057,powiat,30,WIELKOPOLSKIE,3024,szamotulski,,
wysokie ryzyko,157.77362124918338,120.73729511627226,145.29657444357062,108.2602483106595,12.47704680561276,12.47704680561276,powiat,30,WIELKOPOLSKIE,3024,szamotulski,,
niskie ryzyko,269.9320088337728,261.51394541495733,259.5283827537346,251.11031933491913,10.403626080038183,10.403626080038183,powiat,30,WIELKOPOLSKIE,3023,słupecki,,
wysokie ryzyko,203.87360556606976,201.99268996348528,191.87360556606976,189.99268996348528,12.0,12.0,powiat,30,WIELKOPOLSKIE,3023,słupecki,,
niskie ryzyko,1021.953287171814,1008.9789561368364,625.1808851779529,612.2065541429754,396.7724019938611,396.7724019938611,powiat,30,WIELKOPOLSKIE,3027,turecki,,
wysokie ryzyko,547.3875764141405,555.8353411391342,359.14587832831984,372.9718070572629,188.24169808582073,182.8635340818714,powiat,30,WIELKOPOLSKIE,3027,turecki,,
niskie ryzyko,121.67795942423066,120.8838782180882,116.27123266736186,115.47789839248982,5.4067267568688,5.405979825598358,powiat,30,WIELKOPOLSKIE,3029,wolsztyński,,
wysokie ryzyko,106.40032789054668,105.57274744476771,106.40032789054668,105.57274744476771,0.0,0.0,powiat,30,WIELKOPOLSKIE,3029,wolsztyński,,
niskie ryzyko,1387.939404605794,1299.1724219387236,879.4554265348543,810.3500095790046,508.48397807093954,488.82241235971907,powiat,30,WIELKOPOLSKIE,3030,wrzesiński,,
wysokie ryzyko,1008.6393348287228,1030.952854276347,833.1524821499727,856.3735272668799,175.48685267875027,174.5793270094668,powiat,30,WIELKOPOLSKIE,3030,wrzesiński,,
niskie ryzyko,148.44013048752248,164.69721216066125,143.40510778675934,155.34370217264663,5.035022700763127,9.353509988014627,powiat,30,WIELKOPOLSKIE,3028,wągrowiecki,,
wysokie ryzyko,57.623714203516656,44.29220145223468,47.69284756427759,34.36133481299562,9.93086663923906,9.930866639239058,powiat,30,WIELKOPOLSKIE,3028,wągrowiecki,,
niskie ryzyko,3.2222227782527346,3.159917695645729,0.0,0.0,3.2222227782527346,3.159917695645729,powiat,30,WIELKOPOLSKIE,3031,złotowski,,
niskie ryzyko,1358.5605206917492,1343.763905028459,894.9862288705929,889.7612470318749,463.57429182115607,454.00265799658416,powiat,30,WIELKOPOLSKIE,3025,średzki,,
wysokie ryzyko,919.4234153776516,909.2126411413276,493.0976338342253,479.2255319568606,426.3257815434262,429.9871091844667,powiat,30,WIELKOPOLSKIE,3025,średzki,,
niskie ryzyko,1493.156448671299,1324.4417273035,959.9424000013136,808.4907547533929,533.214048669985,515.950972550107,powiat,30,WIELKOPOLSKIE,3026,śremski,,
wysokie ryzyko,932.4727995040917,949.6579128674832,672.098223340076,689.5499489519169,260.3745761640156,260.10796391556636,powiat,30,WIELKOPOLSKIE,3026,śremski,,
niskie ryzyko,569.9894854229295,551.3353953100853,549.6749940259833,527.2437586760688,20.31449139694625,24.091636634016616,powiat,32,ZACHODNIOPOMORSKIE,3262,Szczecin,,
wysokie ryzyko,445.8839414318816,707.6967479368807,381.9122835415099,554.3441352990645,63.97165789037172,153.35261263781626,powiat,32,ZACHODNIOPOMORSKIE,3262,Szczecin,,
niskie ryzyko,976.7254947140092,885.5978516569608,942.5636284155844,851.5105885922898,34.161866298424854,34.08726306467092,powiat,32,ZACHODNIOPOMORSKIE,3201,białogardzki,,
wysokie ryzyko,550.3862120181515,491.7854896261541,548.8990119469211,490.29828955492377,1.4872000712303903,1.4872000712303903,powiat,32,ZACHODNIOPOMORSKIE,3201,białogardzki,,
niskie ryzyko,47.34434865070658,46.40662498666422,45.56632210751988,44.62859844347752,1.7780265431866946,1.7780265431866946,powiat,32,ZACHODNIOPOMORSKIE,3202,choszczeński,,
niskie ryzyko,10.5962704326805,175.38368109079667,4.405340253082288,169.1927509111985,6.190930179598212,6.190930179598212,powiat,32,ZACHODNIOPOMORSKIE,3203,drawski,,
wysokie ryzyko,0.4351566838929523,0.4351566838929523,0.4351566838929523,0.4351566838929523,0.0,0.0,powiat,32,ZACHODNIOPOMORSKIE,3203,drawski,,
niskie ryzyko,1244.7071151930734,1442.5730459031483,793.7138983256056,993.1008009298076,450.9932168674679,449.4722449733407,powiat,32,ZACHODNIOPOMORSKIE,3204,goleniowski,,
wysokie ryzyko,1347.2148086648697,1187.579143734361,1194.002542115956,1031.7190390359824,153.21226654891362,155.86010469837842,powiat,32,ZACHODNIOPOMORSKIE,3204,goleniowski,,
niskie ryzyko,467.2665592359545,648.7912149386675,439.70129481285954,635.6695929436959,27.56526442309498,13.1216219949716,powiat,32,ZACHODNIOPOMORSKIE,3205,gryficki,,
wysokie ryzyko,388.2423413799266,344.17600089266017,388.2423413799266,344.17600089266017,0.0,0.0,powiat,32,ZACHODNIOPOMORSKIE,3205,gryficki,,
niskie ryzyko,496.5171922888309,598.7200765719288,242.91810826517093,333.12477632784964,253.59908402366003,265.595300244079,powiat,32,ZACHODNIOPOMORSKIE,3206,gryfiński,,
wysokie ryzyko,703.3603381438576,741.6059269003031,520.1241900970815,563.8443720128785,183.23614804677595,177.76155488742464,powiat,32,ZACHODNIOPOMORSKIE,3206,gryfiński,,
niskie ryzyko,437.0475444918513,458.2565885026522,313.3272963940563,343.2097260892026,123.72024809779498,115.04686241344965,powiat,32,ZACHODNIOPOMORSKIE,3207,kamieński,,
wysokie ryzyko,313.01316717152883,310.3255508437577,289.42141713871945,291.81136255273924,23.591750032809415,18.51418829101845,powiat,32,ZACHODNIOPOMORSKIE,3207,kamieński,,
niskie ryzyko,361.34959132731217,332.44471695458395,239.7168011542687,223.2581493136497,121.63279017304347,109.1865676409342,powiat,32,ZACHODNIOPOMORSKIE,3209,koszaliński,,
wysokie ryzyko,42.239238398475585,41.49171357122593,27.005577937421137,23.69540512334737,15.233660461054452,17.796308447878552,powiat,32,ZACHODNIOPOMORSKIE,3209,koszaliński,,
niskie ryzyko,205.1264194969064,207.389115661579,171.723824548469,180.65431680854988,33.402594948437375,26.73479885302919,powiat,32,ZACHODNIOPOMORSKIE,3208,kołobrzeski,,
wysokie ryzyko,540.4496731044683,525.4392457764272,506.360172374016,491.52300913305373,34.08950073045234,33.916236643373544,powiat,32,ZACHODNIOPOMORSKIE,3208,kołobrzeski,,
niskie ryzyko,212.0730119149805,176.40441854607843,167.00756371519205,132.58389225891648,45.06544819978846,43.82052628716196,powiat,32,ZACHODNIOPOMORSKIE,3210,myśliborski,,
wysokie ryzyko,68.1770606105817,67.36507266862765,13.960353981709815,13.733257461402328,54.21670662887189,53.63181520722531,powiat,32,ZACHODNIOPOMORSKIE,3210,myśliborski,,
niskie ryzyko,271.97145358191307,316.94367040822397,102.7299511254223,151.4291612635742,169.2415024564908,165.5145091446498,powiat,32,ZACHODNIOPOMORSKIE,3211,policki,,
wysokie ryzyko,193.11468965810136,200.25796094811037,117.46694769373369,132.2672848537115,75.6477419643677,67.99067609439888,powiat,32,ZACHODNIOPOMORSKIE,3211,policki,,
niskie ryzyko,0.186723257173355,0.186723257173355,0.186723257173355,0.186723257173355,0.0,0.0,powiat,32,ZACHODNIOPOMORSKIE,3212,pyrzycki,,
niskie ryzyko,277.13907916247365,261.25543835943955,222.84868113597017,208.06246949248,54.290398026503496,53.19296886695957,powiat,32,ZACHODNIOPOMORSKIE,3214,stargardzki,,
wysokie ryzyko,595.8349673134184,579.2426546667059,594.9093265908555,578.4077170633315,0.9256407225628658,0.8349376033743937,powiat,32,ZACHODNIOPOMORSKIE,3214,stargardzki,,
niskie ryzyko,11.294044023716388,82.72882624741293,2.171751524262091,73.60653374795864,9.122292499454296,9.122292499454296,powiat,32,ZACHODNIOPOMORSKIE,3215,szczecinecki,,
wysokie ryzyko,4.086127914957463,3.919497124065008,4.086127914957463,3.919497124065008,0.0,0.0,powiat,32,ZACHODNIOPOMORSKIE,3215,szczecinecki,,
niskie ryzyko,649.2347297697504,652.8062435399229,400.54263037189867,409.3439544404925,248.6920993978517,243.4622890994303,powiat,32,ZACHODNIOPOMORSKIE,3213,sławieński,,
wysokie ryzyko,1585.3357540475808,1539.9830155208672,1278.4649156408948,1217.4200039799994,306.870838406686,322.56301154086793,powiat,32,ZACHODNIOPOMORSKIE,3213,sławieński,,
niskie ryzyko,15.79549569895122,14.029933785561992,11.486977312220342,9.721415398831114,4.308518386730878,4.308518386730878,powiat,32,ZACHODNIOPOMORSKIE,3217,wałecki,,
wysokie ryzyko,4.574945181441819,2.1741230944733996,4.574945181441819,2.1741230944733996,0.0,0.0,powiat,32,ZACHODNIOPOMORSKIE,3217,wałecki,,
niskie ryzyko,85.94639274740192,167.8412298292999,67.05896356497355,149.92771894108463,18.887429182428367,17.913510888215257,powiat,32,ZACHODNIOPOMORSKIE,3218,łobeski,,
wysokie ryzyko,118.7192555054116,94.60036144263896,118.7192555054116,94.60036144263896,0.0,0.0,powiat,32,ZACHODNIOPOMORSKIE,3218,łobeski,,
niskie ryzyko,1716.9260910984824,2241.99058661613,1498.82267773121,2024.8094844805337,218.1034133672725,217.1811021355963,powiat,32,ZACHODNIOPOMORSKIE,3263,Świnoujście,,
wysokie ryzyko,4476.601108998485,4054.875925691464,4340.945247652725,3917.042240726498,135.65586134576023,137.83368496496558,powiat,32,ZACHODNIOPOMORSKIE,3263,Świnoujście,,
niskie ryzyko,20.60957961664101,13.931993736313933,20.10211418612528,13.4245283057982,0.507465430515729,0.507465430515729,powiat,32,ZACHODNIOPOMORSKIE,3216,świdwiński,,
niskie ryzyko,25.352766620236764,19.96975911167138,21.94982859563961,16.566821087074224,3.4029380245971543,3.4029380245971543,powiat,10,ŁÓDZKIE,1063,Skierniewice,,
wysokie ryzyko,14.327093393860192,13.673453353770949,14.327093393860192,13.673453353770949,0.0,0.0,powiat,10,ŁÓDZKIE,1063,Skierniewice,,
niskie ryzyko,184.31857897997975,177.54925873394086,137.2729515562482,134.96450562301206,47.04562742373152,42.5847531109288,powiat,10,ŁÓDZKIE,1001,bełchatowski,,
wysokie ryzyko,61.93166545373426,57.468523997996115,61.93166545373426,57.468523997996115,0.0,0.0,powiat,10,ŁÓDZKIE,1001,bełchatowski,,
niskie ryzyko,3.1532778233274263,2.9040244774126203,0.0,0.0,3.1532778233274263,2.9040244774126203,powiat,10,ŁÓDZKIE,1021,brzeziński,,
niskie ryzyko,157.11610894883233,150.39567961134568,144.89946614353337,134.52469964054748,12.216642805298957,15.870979970798205,powiat,10,ŁÓDZKIE,1002,kutnowski,,
wysokie ryzyko,771.6774113372039,742.9825876291773,769.0015108153447,740.3874867789018,2.6759005218592593,2.59510085027538,powiat,10,ŁÓDZKIE,1002,kutnowski,,
niskie ryzyko,276.26655967154574,269.92165006363456,185.68245962178585,190.7098219618357,90.58410004975993,79.21182810179887,powiat,10,ŁÓDZKIE,1007,opoczyński,,
wysokie ryzyko,123.69237379438044,113.87806078884992,98.7426336876592,90.31696677536512,24.94974010672123,23.5610940134848,powiat,10,ŁÓDZKIE,1007,opoczyński,,
niskie ryzyko,89.29011195652433,88.52372216814913,87.43215772678205,86.66576793840686,1.8579542297422869,1.8579542297422869,powiat,10,ŁÓDZKIE,1008,pabianicki,,
wysokie ryzyko,53.51074575289814,46.73187553168414,53.46716241677291,46.68829219555891,0.0435833361252293,0.0435833361252293,powiat,10,ŁÓDZKIE,1008,pabianicki,,
niskie ryzyko,238.49314434257423,229.89097821790313,148.25099098316744,133.9473302167269,90.2421533594068,95.94364800117624,powiat,10,ŁÓDZKIE,1009,pajęczański,,
wysokie ryzyko,165.4909966421541,201.8307693865552,151.92414434492366,188.26391708932476,13.566852297230453,13.566852297230453,powiat,10,ŁÓDZKIE,1009,pajęczański,,
niskie ryzyko,456.7410733454368,392.30161961297785,394.8230370863406,330.39612561346615,61.9180362590962,61.90549399951169,powiat,10,ŁÓDZKIE,1010,piotrkowski,,
wysokie ryzyko,319.5286340749651,307.12840833684123,290.2545008394466,277.89012568505535,29.274133235518487,29.238282651785937,powiat,10,ŁÓDZKIE,1010,piotrkowski,,
niskie ryzyko,788.098935040163,821.9499954611971,503.317584224474,537.1686446455082,284.781350815689,284.781350815689,powiat,10,ŁÓDZKIE,1011,poddębicki,,
wysokie ryzyko,330.368690205665,328.9040538235332,156.60767990667725,155.14304352454548,173.76101029898777,173.76101029898774,powiat,10,ŁÓDZKIE,1011,poddębicki,,
niskie ryzyko,659.1437980655658,642.2887085783573,415.9258340893182,401.663307087816,243.2179639762476,240.62540149054132,powiat,10,ŁÓDZKIE,1012,radomszczański,,
wysokie ryzyko,455.35544733918977,447.8223787306639,367.4761486912178,355.77077401531193,87.87929864797194,92.05160471535194,powiat,10,ŁÓDZKIE,1012,radomszczański,,
niskie ryzyko,19.886847891324727,18.242958861982885,18.403000279132694,16.819853290798072,1.483847612192029,1.4231055711848135,powiat,10,ŁÓDZKIE,1013,rawski,,
niskie ryzyko,1430.4006913820947,1359.5629183709343,1251.378029862258,1175.0645357393498,179.02266151983676,184.49838263158475,powiat,10,ŁÓDZKIE,1014,sieradzki,,
wysokie ryzyko,1149.6454493572633,1042.1074627759267,1031.7630275155411,926.11468855622,117.8824218417222,115.99277421970696,powiat,10,ŁÓDZKIE,1014,sieradzki,,
niskie ryzyko,159.51016976851326,152.7455063606056,114.43886906704152,108.08898379469176,45.07130070147176,44.65652256591381,powiat,10,ŁÓDZKIE,1015,skierniewicki,,
wysokie ryzyko,9.5609431779287,9.5609431779287,8.937839458956466,8.937839458956466,0.6231037189722334,0.6231037189722335,powiat,10,ŁÓDZKIE,1015,skierniewicki,,
niskie ryzyko,2513.944797109622,2415.0017419988963,2137.4394177566305,2046.734206257222,376.5053793529915,368.26753574167407,powiat,10,ŁÓDZKIE,1016,tomaszowski,,
wysokie ryzyko,4960.77993617998,5073.462326689804,4732.641749263684,4846.513355633495,228.13818691629743,226.9489710563111,powiat,10,ŁÓDZKIE,1016,tomaszowski,,
niskie ryzyko,311.3222392004387,306.58743643126365,253.12028863907807,248.385485869903,58.20195056136063,58.20195056136063,powiat,10,ŁÓDZKIE,1017,wieluński,,
wysokie ryzyko,100.26866207775431,106.93819776590468,86.24389562829103,92.9134313164414,14.024766449463288,14.024766449463288,powiat,10,ŁÓDZKIE,1017,wieluński,,
niskie ryzyko,55.121437229804044,52.066240493448305,41.18570942410784,38.13051268775211,13.9357278056962,13.9357278056962,powiat,10,ŁÓDZKIE,1018,wieruszowski,,
niskie ryzyko,180.40722522074807,179.2614566186374,148.81719112377158,148.23744298488472,31.590034096976517,31.024013633752677,powiat,10,ŁÓDZKIE,1019,zduńskowolski,,
wysokie ryzyko,70.54027063210717,70.48584519047449,70.54027063210717,70.48584519047449,0.0,0.0,powiat,10,ŁÓDZKIE,1019,zduńskowolski,,
niskie ryzyko,287.3631595036754,272.26052143289746,201.76546378463476,205.6094198981076,85.59769571904062,66.65110153478979,powiat,10,ŁÓDZKIE,1020,zgierski,,
wysokie ryzyko,100.07900857502013,103.34185395097576,100.07900857502013,103.34185395097576,0.0,0.0,powiat,10,ŁÓDZKIE,1020,zgierski,,
niskie ryzyko,191.6909704559369,184.1297710803852,135.7671373292523,129.25103426256027,55.92383312668457,54.87873681782495,powiat,10,ŁÓDZKIE,1061,Łódź,,
wysokie ryzyko,10.75348946603471,10.753489466034711,10.75348946603471,10.753489466034711,0.0,0.0,powiat,10,ŁÓDZKIE,1061,Łódź,,
niskie ryzyko,220.4227913221345,210.62878154994928,159.2040537667832,150.41160600322144,61.21873755535128,60.21717554672784,powiat,10,ŁÓDZKIE,1003,łaski,,
wysokie ryzyko,100.31144975517702,92.1466310064755,86.53940364243742,78.90157293707213,13.772046112739606,13.245058069403369,powiat,10,ŁÓDZKIE,1003,łaski,,
niskie ryzyko,772.2922221216157,836.8641325899638,419.5362136166989,481.1908946707477,352.7560085049168,355.67323791921604,powiat,10,ŁÓDZKIE,1005,łowicki,,
wysokie ryzyko,1871.0935724474812,1910.45496808422,940.9714220952412,973.5929289695916,930.1221503522404,936.8620391146284,powiat,10,ŁÓDZKIE,1005,łowicki,,
niskie ryzyko,17.71720199410469,16.63832588555104,10.273337590794688,9.194461482241037,7.443864403310004,7.443864403310005,powiat,10,ŁÓDZKIE,1006,łódzki wschodni,,
niskie ryzyko,199.64242135490065,204.9538942138735,124.57990253988687,112.78088788319856,75.06251881501376,92.17300633067494,powiat,10,ŁÓDZKIE,1004,łęczycki,,
wysokie ryzyko,66.77457445695407,49.398981899672904,10.508289410348256,5.273196379266317,56.26628504660581,44.12578552040659,powiat,10,ŁÓDZKIE,1004,łęczycki,,
niskie ryzyko,354.72522891201237,681.9763667198303,328.2033133375158,656.3195862951518,26.52191557449654,25.65678042467851,powiat,24,ŚLĄSKIE,2461,Bielsko-Biała,,
wysokie ryzyko,3442.804701921629,3899.006354132705,3440.605839916194,3897.9216068179394,2.1988620054356023,1.0847473147658624,powiat,24,ŚLĄSKIE,2461,Bielsko-Biała,,
niskie ryzyko,1710.3938665724158,1652.591248049387,1601.4827825358784,1563.5895315487055,108.91108403653745,89.00171650068165,powiat,24,ŚLĄSKIE,2464,Częstochowa,,
wysokie ryzyko,7827.823562349834,8324.878868432808,7475.8629679225905,7993.19935018956,351.960594427244,331.6795182432485,powiat,24,ŚLĄSKIE,2464,Częstochowa,,
niskie ryzyko,576.6136988727814,562.5245782301947,331.6627688173912,321.77753123150774,244.95093005539016,240.74704699868695,powiat,24,ŚLĄSKIE,2465,Dąbrowa Górnicza,,
wysokie ryzyko,228.7585035398098,227.05057377479343,143.43553040951704,142.55005462875775,85.32297313029275,84.50051914603567,powiat,24,ŚLĄSKIE,2465,Dąbrowa Górnicza,,
niskie ryzyko,335.3938062331816,310.4667719167428,332.82569991207737,307.7512054216749,2.5681063211041675,2.715566495067889,powiat,24,ŚLĄSKIE,2466,Gliwice,,
wysokie ryzyko,4564.381956405151,6377.2804342095405,4558.870586818532,6366.8514620662645,5.51136958661947,10.428972143276296,powiat,24,ŚLĄSKIE,2466,Gliwice,,
niskie ryzyko,75.73572500503187,73.71350198102117,75.73572500503187,73.71350198102117,0.0,0.0,powiat,24,ŚLĄSKIE,2467,Jastrzębie-Zdrój,,
wysokie ryzyko,59.92287903567725,57.3332002020103,59.92287903567725,57.3332002020103,0.0,0.0,powiat,24,ŚLĄSKIE,2467,Jastrzębie-Zdrój,,
niskie ryzyko,485.6528172110521,445.5167821797643,452.75199855152226,412.8099421979106,32.900818659529804,32.706839981853726,powiat,24,ŚLĄSKIE,2468,Jaworzno,,
wysokie ryzyko,468.8109019841409,473.5735540199347,468.8109019841409,473.5735540199347,0.0,0.0,powiat,24,ŚLĄSKIE,2468,Jaworzno,,
niskie ryzyko,393.64260512888063,258.2195416194966,361.7186049453272,239.6095247128871,31.924000183553396,18.610016906609538,powiat,24,ŚLĄSKIE,2469,Katowice,,
wysokie ryzyko,663.302271464547,601.0696166642674,628.317084330898,569.1905046652441,34.98518713364901,31.879111999023277,powiat,24,ŚLĄSKIE,2469,Katowice,,
niskie ryzyko,68.40632434337071,66.1958418177538,68.40632434337071,66.1958418177538,0.0,0.0,powiat,24,ŚLĄSKIE,2470,Mysłowice,,
wysokie ryzyko,279.6711261931136,235.35586522311712,279.52570458440823,235.2113689956808,0.1454216087053755,0.1444962274363237,powiat,24,ŚLĄSKIE,2470,Mysłowice,,
niskie ryzyko,89.74938148907722,79.80861460640142,89.74938148907722,79.80861460640142,0.0,0.0,powiat,24,ŚLĄSKIE,2471,Piekary Śląskie,,
wysokie ryzyko,229.4169872497679,200.22524912196383,229.4169872497679,200.22524912196383,0.0,0.0,powiat,24,ŚLĄSKIE,2471,Piekary Śląskie,,
niskie ryzyko,52.45691954562907,84.03759938638032,52.45691954562907,78.65265466705195,0.0,5.384944719328381,powiat,24,ŚLĄSKIE,2472,Ruda Śląska,,
wysokie ryzyko,71.32128602070503,90.1311780105424,71.32128602070503,90.1311780105424,0.0,0.0,powiat,24,ŚLĄSKIE,2472,Ruda Śląska,,
niskie ryzyko,168.87086253305097,110.17548106390684,70.36550088241808,43.532552464675405,98.50536165063284,66.64292859923144,powiat,24,ŚLĄSKIE,2473,Rybnik,,
wysokie ryzyko,493.26991960679584,476.1747269097742,419.1582567397993,403.3001569484639,74.11166286699657,72.87456996131036,powiat,24,ŚLĄSKIE,2473,Rybnik,,
niskie ryzyko,9.846932253227552,9.640056515195573,9.846932253227552,9.640056515195573,0.0,0.0,powiat,24,ŚLĄSKIE,2474,Siemianowice Śląskie,,
wysokie ryzyko,8.841018849356864,8.775781250732738,8.841018849356864,8.775781250732738,0.0,0.0,powiat,24,ŚLĄSKIE,2474,Siemianowice Śląskie,,
niskie ryzyko,754.7224237434391,581.0983875677003,697.8228969449558,533.9479692603487,56.899526798483464,47.150418307351615,powiat,24,ŚLĄSKIE,2475,Sosnowiec,,
wysokie ryzyko,4374.091245359986,5091.942659052556,4339.24867440641,4949.9937791555985,34.842570953576235,141.9488798969578,powiat,24,ŚLĄSKIE,2475,Sosnowiec,,
niskie ryzyko,109.77330170885732,121.8479300781555,109.77330170885732,121.8479300781555,0.0,0.0,powiat,24,ŚLĄSKIE,2477,Tychy,,
niskie ryzyko,40.391052230942265,44.005375454052675,21.82145121730569,20.58874331779972,18.56960101363657,23.416632136252954,powiat,24,ŚLĄSKIE,2478,Zabrze,,
wysokie ryzyko,0.2440484809515274,0.2282275296703916,0.2440484809515274,0.2282275296703916,0.0,0.0,powiat,24,ŚLĄSKIE,2478,Zabrze,,
niskie ryzyko,6153.153275366444,6067.384445720993,2731.6017441741706,2741.293583876162,3421.551531192273,3326.0908618448316,powiat,24,ŚLĄSKIE,2402,bielski,,
wysokie ryzyko,12468.667229610188,11916.160336784062,7162.0589607648735,6893.0518149651,5306.608268845317,5023.108521818961,powiat,24,ŚLĄSKIE,2402,bielski,,
niskie ryzyko,2867.228357352106,2798.602441613779,2259.56362808773,2190.519277121922,607.6647292643752,608.0831644918562,powiat,24,ŚLĄSKIE,2414,bieruńsko-lędziński,,
wysokie ryzyko,3880.791433787186,4057.541990649781,3318.1927684493794,3495.679773507693,562.598665337807,561.8622171420877,powiat,24,ŚLĄSKIE,2414,bieruńsko-lędziński,,
niskie ryzyko,872.6790620369459,989.0313868517636,693.4860313248453,800.968230974884,179.19303071210055,188.06315587687985,powiat,24,ŚLĄSKIE,2401,będziński,,
wysokie ryzyko,2852.300388140635,2829.967445693398,2533.599628821724,2525.183204535492,318.70075931891074,304.78424115790546,powiat,24,ŚLĄSKIE,2401,będziński,,
niskie ryzyko,2280.080028910638,2547.0199192619284,1479.7623056722134,1618.571253089983,800.3177232384246,928.4486661719455,powiat,24,ŚLĄSKIE,2403,cieszyński,,
wysokie ryzyko,4065.3058951968937,4092.291956733229,3330.8810754394085,2954.9460807378528,734.4248197574846,1137.3458759953758,powiat,24,ŚLĄSKIE,2403,cieszyński,,
niskie ryzyko,1525.1236451857042,1519.386515423407,915.675207404666,915.0299475477344,609.4484377810381,604.3565678756728,powiat,24,ŚLĄSKIE,2404,częstochowski,,
wysokie ryzyko,2320.7246539135317,2303.3625431135,1120.456072634791,1114.4460474701664,1200.268581278741,1188.9164956433335,powiat,24,ŚLĄSKIE,2404,częstochowski,,
niskie ryzyko,331.5609161100609,325.84639455592037,317.2368239254744,311.94014202480867,14.32409218458644,13.906252531111695,powiat,24,ŚLĄSKIE,2405,gliwicki,,
wysokie ryzyko,817.4421577916064,813.3442081103641,802.7639017517971,797.4687264901966,14.678256039809291,15.875481620167673,powiat,24,ŚLĄSKIE,2405,gliwicki,,
niskie ryzyko,683.368199934689,676.2287302755722,601.4945339031942,594.886247112893,81.8736660314948,81.34248316267912,powiat,24,ŚLĄSKIE,2406,kłobucki,,
wysokie ryzyko,139.7969014879028,164.6553486570069,139.7969014879028,164.6553486570069,0.0,0.0,powiat,24,ŚLĄSKIE,2406,kłobucki,,
niskie ryzyko,81.18206717096287,80.43459952045217,22.094811107124325,21.777865223413908,59.08725606383854,58.65673429703826,powiat,24,ŚLĄSKIE,2407,lubliniecki,,
wysokie ryzyko,3.338791077880468,3.221113696458504,0.0,0.0,3.338791077880468,3.221113696458504,powiat,24,ŚLĄSKIE,2407,lubliniecki,,
niskie ryzyko,3.5745728350340307,7.872417870435817,3.5745728350340307,7.872417870435817,0.0,0.0,powiat,24,ŚLĄSKIE,2408,mikołowski,,
niskie ryzyko,532.6648455190638,536.904197114329,295.8920324919759,301.7998872338986,236.772813027088,235.10430988043043,powiat,24,ŚLĄSKIE,2409,myszkowski,,
wysokie ryzyko,809.9900623979038,740.2006397045059,567.2294456842577,500.0299784713635,242.76061671364607,240.17066123314257,powiat,24,ŚLĄSKIE,2409,myszkowski,,
niskie ryzyko,1634.9633808242304,1586.1269896209155,1201.5977458431396,1157.921982886522,433.3656349810907,428.20500673439346,powiat,24,ŚLĄSKIE,2410,pszczyński,,
wysokie ryzyko,4247.894617398852,3730.7397679953456,3415.902126262745,2939.804077695718,831.9924911361068,790.9356902996276,powiat,24,ŚLĄSKIE,2410,pszczyński,,
niskie ryzyko,2911.649710943556,2821.429580784978,2792.3250585778705,2689.074688511909,119.32465236568528,132.35489227306908,powiat,24,ŚLĄSKIE,2411,raciborski,,
wysokie ryzyko,8773.081745887537,9199.429154373627,8643.234016045195,9078.55570771127,129.8477298423424,120.87344666235754,powiat,24,ŚLĄSKIE,2411,raciborski,,
niskie ryzyko,164.34655874767645,211.32779345685356,143.70555170612317,195.51690006040164,20.64100704155326,15.810893396451917,powiat,24,ŚLĄSKIE,2412,rybnicki,,
wysokie ryzyko,25.38984230787121,25.048245900650727,0.0,0.0,25.38984230787121,25.048245900650727,powiat,24,ŚLĄSKIE,2412,rybnicki,,
niskie ryzyko,318.8842553862896,283.6001439772321,236.7375249196205,200.3865230054417,82.14673046666911,83.2136209717905,powiat,24,ŚLĄSKIE,2413,tarnogórski,,
wysokie ryzyko,154.09464836561813,165.94794868482126,120.03382770786926,132.911563239671,34.06082065774888,33.03638544515024,powiat,24,ŚLĄSKIE,2413,tarnogórski,,
niskie ryzyko,1320.6213193143042,1384.361927875352,718.7283816689552,666.7359150651431,601.8929376453489,717.6260128102085,powiat,24,ŚLĄSKIE,2415,wodzisławski,,
wysokie ryzyko,1690.3136205342832,1567.6993482135058,1319.3408939935412,1219.8353043962666,370.972726540742,347.86404381723924,powiat,24,ŚLĄSKIE,2415,wodzisławski,,
niskie ryzyko,156.98826550535514,142.55654880843753,142.3651296456804,130.38150351069953,14.623135859674727,12.175045297737984,powiat,24,ŚLĄSKIE,2416,zawierciański,,
wysokie ryzyko,57.26323605292403,47.5830958849056,54.06760757911829,44.38746741109986,3.1956284738057414,3.1956284738057414,powiat,24,ŚLĄSKIE,2416,zawierciański,,
niskie ryzyko,2.840432547060755,2.609461630197558,2.840432547060755,2.609461630197558,0.0,0.0,powiat,24,ŚLĄSKIE,2479,Żory,,
niskie ryzyko,2907.393492942073,3117.837648629103,1960.2666208359256,2178.8251936886622,947.1268721061472,939.0124549404408,powiat,24,ŚLĄSKIE,2417,żywiecki,,
wysokie ryzyko,4524.016731533132,4110.520857887511,3810.522592598535,3339.667713359978,713.4941389345964,770.853144527533,powiat,24,ŚLĄSKIE,2417,żywiecki,,
niskie ryzyko,107.96877522347116,75.78409709112492,91.0163227807533,62.628878658094905,16.952452442717856,13.15521843303002,powiat,26,ŚWIĘTOKRZYSKIE,2661,Kielce,,
wysokie ryzyko,158.46077543408524,125.5955575100628,40.830505032067265,30.299019068801258,117.63027040201796,95.29653844126152,powiat,26,ŚWIĘTOKRZYSKIE,2661,Kielce,,
niskie ryzyko,4424.946699896792,4442.437725144092,3143.799930138327,3160.0355133309604,1281.1467697584646,1282.402211813131,powiat,26,ŚWIĘTOKRZYSKIE,2601,buski,,
wysokie ryzyko,4387.656418243872,4404.954845651288,3190.4959150192476,3194.6939737164817,1197.160503224626,1210.2608719348077,powiat,26,ŚWIĘTOKRZYSKIE,2601,buski,,
niskie ryzyko,176.14523359546777,174.00987651914647,150.58278878328213,148.44743170696083,25.56244481218567,25.562444812185667,powiat,26,ŚWIĘTOKRZYSKIE,2602,jędrzejowski,,
wysokie ryzyko,83.06010890412117,83.06010890412117,69.78462908946966,69.78462908946966,13.27547981465151,13.27547981465151,powiat,26,ŚWIĘTOKRZYSKIE,2602,jędrzejowski,,
niskie ryzyko,158.58821404619223,174.59879288053966,127.64176824286857,143.733665809157,30.946445803323677,30.865127071382673,powiat,26,ŚWIĘTOKRZYSKIE,2603,kazimierski,,
wysokie ryzyko,114.21523086366555,114.21523086366555,91.21669546095828,91.21669546095828,22.998535402707287,22.998535402707287,powiat,26,ŚWIĘTOKRZYSKIE,2603,kazimierski,,
niskie ryzyko,598.5442249986944,568.957637869252,242.04304124021544,238.4238353747148,356.5011837584789,330.5338024945373,powiat,26,ŚWIĘTOKRZYSKIE,2604,kielecki,,
wysokie ryzyko,390.55030666487033,424.9101462175716,295.1317786021695,266.9745063038062,95.41852806270089,157.93563991376536,powiat,26,ŚWIĘTOKRZYSKIE,2604,kielecki,,
niskie ryzyko,51.26064396808219,50.72973922391252,36.86372595416333,36.50776612259693,14.396918013918857,14.22197310131559,powiat,26,ŚWIĘTOKRZYSKIE,2605,konecki,,
wysokie ryzyko,13.194398279116314,13.194398279116315,4.93962499991892,4.93962499991892,8.254773279197394,8.254773279197396,powiat,26,ŚWIĘTOKRZYSKIE,2605,konecki,,
niskie ryzyko,448.60570699990103,446.7021302873409,305.8071634820354,304.20794079293387,142.7985435178656,142.49418949440704,powiat,26,ŚWIĘTOKRZYSKIE,2606,opatowski,,
wysokie ryzyko,489.62186370293216,491.3771673178238,364.12742406924457,366.9211340665443,125.49443963368756,124.45603325127954,powiat,26,ŚWIĘTOKRZYSKIE,2606,opatowski,,
niskie ryzyko,1164.3841262045155,1075.3946616727433,897.3219734853329,807.2521205630912,267.0621527191827,268.1425411096522,powiat,26,ŚWIĘTOKRZYSKIE,2607,ostrowiecki,,
wysokie ryzyko,1539.4918756343095,1652.1073468989853,1371.1611452809648,1469.534383309841,168.3307303533452,182.57296358914465,powiat,26,ŚWIĘTOKRZYSKIE,2607,ostrowiecki,,
niskie ryzyko,355.4720538566204,314.68324264445147,293.6048155107866,256.83000994387515,61.86723834583386,57.853232700576335,powiat,26,ŚWIĘTOKRZYSKIE,2608,pińczowski,,
wysokie ryzyko,87.71134592923892,85.6168155482984,41.227473327757615,39.13294294681709,46.48387260148131,46.48387260148131,powiat,26,ŚWIĘTOKRZYSKIE,2608,pińczowski,,
niskie ryzyko,7959.603798443749,7443.395249939311,5491.056544622791,5011.357652836767,2468.547253820957,2432.037597102544,powiat,26,ŚWIĘTOKRZYSKIE,2609,sandomierski,,
wysokie ryzyko,8664.214430095135,9079.75159560929,6241.851017097139,6557.183340730855,2422.363412997994,2522.568254878435,powiat,26,ŚWIĘTOKRZYSKIE,2609,sandomierski,,
niskie ryzyko,91.409455682938,87.36251946222345,25.269251116663774,24.65845447556934,66.1402045662742,62.7040649866541,powiat,26,ŚWIĘTOKRZYSKIE,2610,skarżyski,,
wysokie ryzyko,86.77480276890657,91.72505851366604,3.7515037185696025,4.645228204999028,83.02329905033697,87.07983030866703,powiat,26,ŚWIĘTOKRZYSKIE,2610,skarżyski,,
niskie ryzyko,454.1784478641717,411.3251114259304,261.7899312726731,234.4619677172782,192.3885165914986,176.86314370865216,powiat,26,ŚWIĘTOKRZYSKIE,2611,starachowicki,,
wysokie ryzyko,597.820232068185,667.4176554951163,414.1948926815395,478.7415306383733,183.62533938664544,188.67612485674303,powiat,26,ŚWIĘTOKRZYSKIE,2611,starachowicki,,
niskie ryzyko,5906.997526454517,5843.746573238545,3886.8278878960655,3813.5496054074783,2020.1696385584528,2030.1969678310684,powiat,26,ŚWIĘTOKRZYSKIE,2612,staszowski,,
wysokie ryzyko,6331.762447671735,6821.753966135948,4753.722991596253,5261.7989870638485,1578.0394560754812,1559.9549790721,powiat,26,ŚWIĘTOKRZYSKIE,2612,staszowski,,
niskie ryzyko,72.67159726144419,72.64041647623633,47.76555260371454,47.73437181850669,24.906044657729637,24.906044657729637,powiat,26,ŚWIĘTOKRZYSKIE,2613,włoszczowski,,
niskie ryzyko,1775.9071035162196,1604.9595010242915,1677.51456005255,1524.779515997224,98.39254346366958,80.17998502706746,gmina,02,DOLNOŚLĄSKIE,0261,Jelenia Góra,0261011,Jelenia Góra
wysokie ryzyko,3658.870354895245,3731.061215866116,3532.82381587457,3553.3187966373616,126.0465390206746,177.74241922875427,gmina,02,DOLNOŚLĄSKIE,0261,Jelenia Góra,0261011,Jelenia Góra
niskie ryzyko,8684.302512418015,8596.863679944187,8537.15816893081,8443.382305382655,147.14434348720485,153.4813745615314,gmina,02,DOLNOŚLĄSKIE,0262,Legnica,0262011,Legnica
wysokie ryzyko,75371.72646954069,75622.87690109551,73025.38396767237,73193.6324524389,2346.3425018683156,2429.2444486566205,gmina,02,DOLNOŚLĄSKIE,0262,Legnica,0262011,Legnica
niskie ryzyko,68.57406026220728,68.4888278605923,30.210481085886915,30.56916804060076,38.36357917632037,37.919659819991544,gmina,02,DOLNOŚLĄSKIE,0265,Wałbrzych,0265011,Wałbrzych
wysokie ryzyko,648.0604012851704,681.7957793822618,529.3227043676902,566.8991161762699,118.73769691748016,114.89666320599194,gmina,02,DOLNOŚLĄSKIE,0265,Wałbrzych,0265011,Wałbrzych
niskie ryzyko,52221.57158685453,52118.57455562795,47986.32761477588,47586.89022934786,4235.243972078648,4531.684326280081,gmina,02,DOLNOŚLĄSKIE,0264,Wrocław,0264011,Wrocław
wysokie ryzyko,100166.60111698035,98516.77039340218,95224.4590290759,93279.05564681016,4942.1420879044845,5237.714746592023,gmina,02,DOLNOŚLĄSKIE,0264,Wrocław,0264011,Wrocław
niskie ryzyko,297.90217102148074,318.2908612194361,31.953798754802865,27.92242293530532,265.9483722666779,290.36843828413083,gmina,02,DOLNOŚLĄSKIE,0201,bolesławiecki,0201022,Bolesławiec
niskie ryzyko,178.82981680154265,173.0707485792385,104.42870109511598,98.3382258247871,74.40111570642667,74.73252275445142,gmina,02,DOLNOŚLĄSKIE,0201,bolesławiecki,0201011,Bolesławiec
wysokie ryzyko,235.70887115855243,237.63783299229257,0.0,0.0,235.70887115855243,237.63783299229257,gmina,02,DOLNOŚLĄSKIE,0201,bolesławiecki,0201022,Bolesławiec
wysokie ryzyko,12.05252641115213,12.483416311933308,7.762144801606174,7.7621448016061745,4.290381609545957,4.721271510327133,gmina,02,DOLNOŚLĄSKIE,0201,bolesławiecki,0201011,Bolesławiec
niskie ryzyko,131.4046387032992,145.19649153034328,61.92040595242663,68.95840405405468,69.4842327508726,76.2380874762886,gmina,02,DOLNOŚLĄSKIE,0201,bolesławiecki,0201043,Nowogrodziec
wysokie ryzyko,64.06475725482473,69.43082996974765,44.00128038314119,49.148949144886295,20.063476871683537,20.28188082486135,gmina,02,DOLNOŚLĄSKIE,0201,bolesławiecki,0201043,Nowogrodziec
niskie ryzyko,185.13629014984775,181.44352467467877,97.60951540969316,102.66432091069224,87.5267747401546,78.77920376398653,gmina,02,DOLNOŚLĄSKIE,0201,bolesławiecki,0201052,Osiecznica
wysokie ryzyko,81.55990423058132,77.15315483692672,47.582262247143106,40.06785772997263,33.97764198343822,37.08529710695409,gmina,02,DOLNOŚLĄSKIE,0201,bolesławiecki,0201052,Osiecznica
niskie ryzyko,319.140361848887,270.28285531409176,294.78236418612954,246.2781933642584,24.35799766275741,24.00466194983339,gmina,02,DOLNOŚLĄSKIE,0202,dzierżoniowski,0202021,Dzierżoniów
niskie ryzyko,693.8898811679244,680.2762524379817,468.3584062141466,462.8050450158332,225.53147495377775,217.47120742214852,gmina,02,DOLNOŚLĄSKIE,0202,dzierżoniowski,0202052,Dzierżoniów
wysokie ryzyko,1482.46289588138,1422.7911196431282,1383.9627771181272,1324.3560394304827,98.5001187632532,98.43508021264554,gmina,02,DOLNOŚLĄSKIE,0202,dzierżoniowski,0202021,Dzierżoniów
wysokie ryzyko,342.8647528882084,325.5528959700339,228.0701183902583,211.08357841841917,114.7946344979501,114.4693175516147,gmina,02,DOLNOŚLĄSKIE,0202,dzierżoniowski,0202052,Dzierżoniów
niskie ryzyko,59.26139894870842,68.2069591070372,1.4723158136940224,11.611013465263223,57.789083135014394,56.59594564177398,gmina,02,DOLNOŚLĄSKIE,0202,dzierżoniowski,0202073,Niemcza
niskie ryzyko,137.69676335982854,131.6177517971736,107.67129335518756,101.6456995979945,30.025470004640976,29.97205219917911,gmina,02,DOLNOŚLĄSKIE,0202,dzierżoniowski,0202041,Piława Górna
wysokie ryzyko,120.92195906125303,117.98631794677364,120.92195906125303,117.98631794677364,0.0,0.0,gmina,02,DOLNOŚLĄSKIE,0202,dzierżoniowski,0202041,Piława Górna
niskie ryzyko,6.3923873866973775,6.325234372081993,6.3923873866973775,6.325234372081993,0.0,0.0,gmina,02,DOLNOŚLĄSKIE,0202,dzierżoniowski,0202062,Łagiewniki
niskie ryzyko,158.82612570602896,152.74001983765763,71.53619718255746,70.93494479586937,87.2899285234715,81.80507504178826,gmina,02,DOLNOŚLĄSKIE,0204,górowski,0204013,Góra
wysokie ryzyko,97.24256125702225,96.19287214022071,39.85744497636766,39.85744497636766,57.385116280654586,56.335427163853055,gmina,02,DOLNOŚLĄSKIE,0204,górowski,0204013,Góra
niskie ryzyko,555.1467476033306,542.9072843570093,256.0889425696821,261.0238093988622,299.05780503364844,281.8834749581471,gmina,02,DOLNOŚLĄSKIE,0204,górowski,0204022,Jemielno
wysokie ryzyko,774.7123339899465,784.4430034901201,243.00945975277483,235.5657991774471,531.7028742371716,548.8772043126729,gmina,02,DOLNOŚLĄSKIE,0204,górowski,0204022,Jemielno
niskie ryzyko,523.1370445813482,521.5608381653171,97.39455529518376,97.2472566000218,425.7424892861644,424.31358156529535,gmina,02,DOLNOŚLĄSKIE,0204,górowski,0204032,Niechlów
wysokie ryzyko,900.6237352822058,900.2777147063902,594.8670399347924,594.1923997471617,305.7566953474134,306.08531495922836,gmina,02,DOLNOŚLĄSKIE,0204,górowski,0204032,Niechlów
niskie ryzyko,191.72897891942335,195.7002266791854,149.72873807618333,152.88922919978532,42.00024084324004,42.810997479400086,gmina,02,DOLNOŚLĄSKIE,0204,górowski,0204043,Wąsosz
wysokie ryzyko,295.03056950271014,302.26630273387013,271.89108018049734,279.5647959728773,23.139489322212793,22.70150676099285,gmina,02,DOLNOŚLĄSKIE,0204,górowski,0204043,Wąsosz
niskie ryzyko,200.64783099310227,252.27439103722875,42.7069139873321,41.80252168065537,157.9409170057702,210.47186935657336,gmina,02,DOLNOŚLĄSKIE,0203,głogowski,0203011,Głogów
niskie ryzyko,1540.0550034351756,1431.7056136873064,1178.8438968729463,1068.1502952747428,361.21110656222896,363.5553184125635,gmina,02,DOLNOŚLĄSKIE,0203,głogowski,0203022,Głogów
wysokie ryzyko,341.53463097106044,267.79270939226643,13.48200534623999,12.896347495710437,328.05262562482045,254.896361896556,gmina,02,DOLNOŚLĄSKIE,0203,głogowski,0203011,Głogów
wysokie ryzyko,2287.2452725339263,2401.832568925999,1497.349934411281,1629.0824969822834,789.8953381226454,772.750071943716,gmina,02,DOLNOŚLĄSKIE,0203,głogowski,0203022,Głogów
niskie ryzyko,787.4833717297937,807.2259118373747,228.9271506368712,249.39569701892623,558.5562210929224,557.8302148184484,gmina,02,DOLNOŚLĄSKIE,0203,głogowski,0203042,Kotla
wysokie ryzyko,850.7988107650924,850.2894024162551,164.29384811007725,164.29384811007725,686.5049626550151,685.9955543061781,gmina,02,DOLNOŚLĄSKIE,0203,głogowski,0203042,Kotla
niskie ryzyko,780.7826469545978,779.5901173810369,429.8269905126867,428.789454107477,350.9556564419112,350.80066327355985,gmina,02,DOLNOŚLĄSKIE,0203,głogowski,0203052,Pęcław
wysokie ryzyko,1155.313518925963,1154.428317318958,478.4687866300785,477.674404579827,676.8447322958845,676.7539127391307,gmina,02,DOLNOŚLĄSKIE,0203,głogowski,0203052,Pęcław
niskie ryzyko,35.51175442100373,35.32456292668577,27.40664222867147,27.221002786118195,8.105112192332259,8.103560140567577,gmina,02,DOLNOŚLĄSKIE,0203,głogowski,0203062,Żukowice
wysokie ryzyko,108.24214525931082,109.848697425878,108.24214525931082,109.848697425878,0.0,0.0,gmina,02,DOLNOŚLĄSKIE,0203,głogowski,0203062,Żukowice
niskie ryzyko,195.94282822801748,184.7890742882831,133.00036549832342,119.82806843461074,62.94246272969408,64.96100585367239,gmina,02,DOLNOŚLĄSKIE,0205,jaworski,0205023,Bolków
wysokie ryzyko,184.10016483629573,154.9142890040469,68.27953873507657,67.71995955930808,115.82062610121916,87.19432944473883,gmina,02,DOLNOŚLĄSKIE,0205,jaworski,0205023,Bolków
niskie ryzyko,218.45650874610348,224.99798695678487,218.45650874610348,224.99798695678487,0.0,0.0,gmina,02,DOLNOŚLĄSKIE,0205,jaworski,0205011,Jawor
wysokie ryzyko,3600.006495630951,3256.5074387823415,3571.117431843656,3228.7398842564153,28.88906378729495,27.76755452592614,gmina,02,DOLNOŚLĄSKIE,0205,jaworski,0205011,Jawor
niskie ryzyko,131.30867600747848,129.0801889342467,0.623903020547015,0.6230138998256701,130.68477298693145,128.45717503442103,gmina,02,DOLNOŚLĄSKIE,0205,jaworski,0205032,Męcinka
wysokie ryzyko,140.4445882973116,147.22388161026322,10.909014081125417,10.889522995571165,129.5355742161862,136.33435861469206,gmina,02,DOLNOŚLĄSKIE,0205,jaworski,0205032,Męcinka
niskie ryzyko,4.027642643657671,3.9963861116959034,3.28657416454954,3.255317632587772,0.7410684791081311,0.7410684791081312,gmina,02,DOLNOŚLĄSKIE,0205,jaworski,0205042,Mściwojów
wysokie ryzyko,27.914207709783593,26.92889275279768,15.262732728760117,14.654633829438287,12.651474981023478,12.27425892335939,gmina,02,DOLNOŚLĄSKIE,0205,jaworski,0205042,Mściwojów
niskie ryzyko,12.60772567845966,12.607725678459657,0.0,0.0,12.60772567845966,12.607725678459657,gmina,02,DOLNOŚLĄSKIE,0205,jaworski,0205052,Paszowice
wysokie ryzyko,15.048291646645255,15.048291646645255,0.0,0.0,15.048291646645255,15.048291646645255,gmina,02,DOLNOŚLĄSKIE,0205,jaworski,0205052,Paszowice
niskie ryzyko,41.86191761876366,41.47791296067435,35.86375452160141,35.4797498635121,5.998163097162254,5.998163097162255,gmina,02,DOLNOŚLĄSKIE,0205,jaworski,0205062,Wądroże Wielkie
wysokie ryzyko,359.1933813144301,356.8708250823551,359.1933813144301,356.8708250823551,0.0,0.0,gmina,02,DOLNOŚLĄSKIE,0205,jaworski,0205062,Wądroże Wielkie
niskie ryzyko,627.1284643337482,574.5855485933022,574.8152299094796,522.5825002959139,52.31323442426865,52.003048297388375,gmina,02,DOLNOŚLĄSKIE,0207,kamiennogórski,0207011,Kamienna Góra
niskie ryzyko,494.85039268351375,494.29960004548934,223.85762346810608,223.69863654492,270.99276921540763,270.60096350056926,gmina,02,DOLNOŚLĄSKIE,0207,kamiennogórski,0207022,Kamienna Góra
wysokie ryzyko,6995.794801001014,6879.609461213882,6951.311482053056,6835.749835648491,44.48331894795774,43.85962556539118,gmina,02,DOLNOŚLĄSKIE,0207,kamiennogórski,0207011,Kamienna Góra
wysokie ryzyko,318.63846262207926,307.96921735354135,100.69798902116668,92.65557025709384,217.94047360091264,215.31364709644748,gmina,02,DOLNOŚLĄSKIE,0207,kamiennogórski,0207022,Kamienna Góra
niskie ryzyko,384.84851435381097,379.59206173898446,137.26187519230336,133.0676909924101,247.5866391615076,246.52437074657436,gmina,02,DOLNOŚLĄSKIE,0207,kamiennogórski,0207033,Lubawka
wysokie ryzyko,1016.39639713885,884.7359180558005,869.426131747282,736.1087872600712,146.97026539156812,148.62713079572933,gmina,02,DOLNOŚLĄSKIE,0207,kamiennogórski,0207033,Lubawka
niskie ryzyko,451.2726340432987,421.5805255381813,285.99485321485133,263.55049206641826,165.2777808284474,158.03003347176298,gmina,02,DOLNOŚLĄSKIE,0207,kamiennogórski,0207042,Marciszów
wysokie ryzyko,516.5569466447613,512.7618467284275,328.1791485045119,330.21074466367884,188.3777981402494,182.5511020647486,gmina,02,DOLNOŚLĄSKIE,0207,kamiennogórski,0207042,Marciszów
niskie ryzyko,250.27490128993537,247.9584296292064,109.50664925878849,109.12444967094056,140.7682520311469,138.8339799582658,gmina,02,DOLNOŚLĄSKIE,0206,karkonoski,0206052,Janowice Wielkie
wysokie ryzyko,156.8508739428382,273.90779452626106,85.18359657071188,203.1074674333357,71.66727737212634,70.80032709292537,gmina,02,DOLNOŚLĄSKIE,0206,karkonoski,0206052,Janowice Wielkie
niskie ryzyko,54.86334465076658,73.70693189175013,27.551703473101195,56.18913422221912,27.311641177665383,17.51779766953101,gmina,02,DOLNOŚLĄSKIE,0206,karkonoski,0206062,Jeżów Sudecki
wysokie ryzyko,28.640920323655315,26.902988700568937,28.640920323655315,26.902988700568937,0.0,0.0,gmina,02,DOLNOŚLĄSKIE,0206,karkonoski,0206062,Jeżów Sudecki
niskie ryzyko,1.708859250625803,1.708859250625803,0.0,0.0,1.708859250625803,1.708859250625803,gmina,02,DOLNOŚLĄSKIE,0206,karkonoski,0206011,Karpacz
niskie ryzyko,32.48614028118327,26.191973491616125,0.0,0.0,32.48614028118327,26.191973491616125,gmina,02,DOLNOŚLĄSKIE,0206,karkonoski,0206021,Kowary
wysokie ryzyko,35.29239384003956,80.59673957696621,29.675155696039937,29.32414215039697,5.61723814399962,51.27259742656925,gmina,02,DOLNOŚLĄSKIE,0206,karkonoski,0206021,Kowary
niskie ryzyko,658.4157826523223,731.2607305429017,354.8142206388103,409.4625658719211,303.601562013512,321.79816467098067,gmina,02,DOLNOŚLĄSKIE,0206,karkonoski,0206072,Mysłakowice
wysokie ryzyko,852.8398000594576,905.796355597596,496.2811037315649,508.99075347918426,356.5586963278927,396.80560211841174,gmina,02,DOLNOŚLĄSKIE,0206,karkonoski,0206072,Mysłakowice
niskie ryzyko,42.66035242820467,41.97539562665793,42.66035242820467,41.97539562665793,0.0,0.0,gmina,02,DOLNOŚLĄSKIE,0206,karkonoski,0206031,Piechowice
wysokie ryzyko,53.54557247365648,52.87321695557262,53.54557247365648,52.87321695557262,0.0,0.0,gmina,02,DOLNOŚLĄSKIE,0206,karkonoski,0206031,Piechowice
niskie ryzyko,4.8139583974781965,4.260967742568684,0.0,0.0,4.8139583974781965,4.260967742568684,gmina,02,DOLNOŚLĄSKIE,0206,karkonoski,0206082,Podgórzyn
wysokie ryzyko,42.96834350237954,53.82928362036179,42.96834350237954,53.82928362036179,0.0,0.0,gmina,02,DOLNOŚLĄSKIE,0206,karkonoski,0206082,Podgórzyn
niskie ryzyko,29.032862433665443,28.53067562357531,5.686408995752243,5.492446495277226,23.3464534379132,23.038229128298084,gmina,02,DOLNOŚLĄSKIE,0206,karkonoski,0206092,Stara Kamienica
wysokie ryzyko,4.589448081388527,1.9483205886143031,0.0,0.0,4.589448081388527,1.9483205886143031,gmina,02,DOLNOŚLĄSKIE,0206,karkonoski,0206092,Stara Kamienica
niskie ryzyko,743.8412557626607,701.9887452144876,393.9712210450747,384.1166993367122,349.87003471758607,317.8720458777754,gmina,02,DOLNOŚLĄSKIE,0208,kłodzki,0208063,Bystrzyca Kłodzka
wysokie ryzyko,652.1512245229508,580.3305243832381,422.15698425913655,362.5455356624721,229.9942402638142,217.784988720766,gmina,02,DOLNOŚLĄSKIE,0208,kłodzki,0208063,Bystrzyca Kłodzka
niskie ryzyko,142.8672540192808,1177.9569967989453,141.13257335219285,1176.2256483933395,1.734680667087949,1.7313484056056037,gmina,02,DOLNOŚLĄSKIE,0208,kłodzki,0208011,Duszniki-Zdrój
wysokie ryzyko,282.3357300096054,539.0115939286841,281.54638105623536,507.9164951874512,0.7893489533700517,31.095098741232817,gmina,02,DOLNOŚLĄSKIE,0208,kłodzki,0208011,Duszniki-Zdrój
niskie ryzyko,437.7254484606385,407.0899804239683,422.8059622871018,394.29370694121394,14.919486173536733,12.796273482754383,gmina,02,DOLNOŚLĄSKIE,0208,kłodzki,0208031,Kudowa-Zdrój
wysokie ryzyko,574.1655250973004,462.1455321780766,415.9379145175035,331.9899759947477,158.22761057979687,130.15555618332894,gmina,02,DOLNOŚLĄSKIE,0208,kłodzki,0208031,Kudowa-Zdrój
niskie ryzyko,436.41224684769145,415.2401339933458,345.3535291141873,334.0217290021112,91.05871773350412,81.2184049912346,gmina,02,DOLNOŚLĄSKIE,0208,kłodzki,0208021,Kłodzko
niskie ryzyko,1417.600767806733,1400.7102380986926,772.8254967238852,733.3742041886023,644.7752710828478,667.3360339100902,gmina,02,DOLNOŚLĄSKIE,0208,kłodzki,0208072,Kłodzko
wysokie ryzyko,2471.496048306589,2662.412471578203,2411.0601462782374,2602.0781169854113,60.43590202835129,60.33435459279168,gmina,02,DOLNOŚLĄSKIE,0208,kłodzki,0208021,Kłodzko
wysokie ryzyko,2731.7009896196464,2740.7511259250996,2045.5276411781535,2077.7556252275604,686.1733484414925,662.9955006975391,gmina,02,DOLNOŚLĄSKIE,0208,kłodzki,0208072,Kłodzko
niskie ryzyko,49.23892341437997,65.14847135535815,0.5677597055881567,0.5677597055881567,48.67116370879181,64.58071164977,gmina,02,DOLNOŚLĄSKIE,0208,kłodzki,0208092,Lewin Kłodzki
wysokie ryzyko,103.31573906695655,93.01753508638214,18.248435174702628,15.45123461882832,85.06730389225392,77.56630046755382,gmina,02,DOLNOŚLĄSKIE,0208,kłodzki,0208092,Lewin Kłodzki
niskie ryzyko,672.6405262001862,680.6194499214885,495.8648128696564,487.8421866940456,176.77571333052975,192.7772632274429,gmina,02,DOLNOŚLĄSKIE,0208,kłodzki,0208083,Lądek-Zdrój
wysokie ryzyko,840.2322795489154,856.3598664868848,709.6770809660986,731.5555686214183,130.55519858281676,124.8042978654666,gmina,02,DOLNOŚLĄSKIE,0208,kłodzki,0208083,Lądek-Zdrój
niskie ryzyko,373.5582924780159,341.28295656335035,284.4284151135653,258.9531026896824,89.1298773644506,82.32985387366794,gmina,02,DOLNOŚLĄSKIE,0208,kłodzki,0208103,Międzylesie
wysokie ryzyko,168.7237800034186,164.36727388301546,136.34474486458703,134.68045093493183,32.37903513883156,29.686822948083645,gmina,02,DOLNOŚLĄSKIE,0208,kłodzki,0208103,Międzylesie
niskie ryzyko,134.63399052270734,123.1816307860992,125.27781544451544,113.82545570790728,9.35617507819192,9.35617507819192,gmina,02,DOLNOŚLĄSKIE,0208,kłodzki,0208041,Nowa Ruda
niskie ryzyko,115.23555179682668,113.35952035488098,33.014041760444066,31.1380103184984,82.2215100363826,82.22151003638258,gmina,02,DOLNOŚLĄSKIE,0208,kłodzki,0208112,Nowa Ruda
wysokie ryzyko,953.7961886218573,659.8464972421074,925.048480566876,631.0987891871263,28.74770805498105,28.74770805498105,gmina,02,DOLNOŚLĄSKIE,0208,kłodzki,0208041,Nowa Ruda
wysokie ryzyko,44.74116452582176,43.13438802102067,0.0,0.0,44.74116452582176,43.13438802102067,gmina,02,DOLNOŚLĄSKIE,0208,kłodzki,0208112,Nowa Ruda
niskie ryzyko,260.24805797494946,182.91995845503448,207.12624970133845,144.18863274504977,53.12180827361099,38.7313257099847,gmina,02,DOLNOŚLĄSKIE,0208,kłodzki,0208051,Polanica-Zdrój
wysokie ryzyko,723.4713366072338,510.9787135659813,533.6808917767582,414.5487683589146,189.79044483047556,96.42994520706674,gmina,02,DOLNOŚLĄSKIE,0208,kłodzki,0208051,Polanica-Zdrój
niskie ryzyko,889.7597841964758,907.2880394759952,532.6093163403334,543.2890751999748,357.15046785614254,363.9989642760205,gmina,02,DOLNOŚLĄSKIE,0208,kłodzki,0208123,Radków
wysokie ryzyko,788.5292265249923,785.1177094504411,361.1239477389737,374.68315578720967,427.4052787860185,410.43455366323144,gmina,02,DOLNOŚLĄSKIE,0208,kłodzki,0208123,Radków
niskie ryzyko,636.6492264460096,613.5342567322296,451.2364907950017,426.46560621674894,185.41273565100795,187.06865051548056,gmina,02,DOLNOŚLĄSKIE,0208,kłodzki,0208133,Stronie Śląskie
wysokie ryzyko,882.5705850996952,682.9773937209399,743.8726570810034,543.0425910128454,138.6979280186919,139.93480270809448,gmina,02,DOLNOŚLĄSKIE,0208,kłodzki,0208133,Stronie Śląskie
niskie ryzyko,180.2604004496355,180.03917753492692,90.9662686271965,75.39839284717124,89.29413182243906,104.64078468775568,gmina,02,DOLNOŚLĄSKIE,0208,kłodzki,0208143,Szczytna
wysokie ryzyko,353.0636946023075,258.29999112431796,285.33938188390584,194.9557986910412,67.72431271840168,63.34419243327676,gmina,02,DOLNOŚLĄSKIE,0208,kłodzki,0208143,Szczytna
niskie ryzyko,301.91067288210036,421.6445511842469,288.78125916089385,410.72609930482145,13.129413721206507,10.918451879425474,gmina,02,DOLNOŚLĄSKIE,0209,legnicki,0209011,Chojnów
niskie ryzyko,367.59741686815585,392.9049963449128,151.29554019723935,180.66418852351225,216.30187667091647,212.24080782140055,gmina,02,DOLNOŚLĄSKIE,0209,legnicki,0209022,Chojnów
wysokie ryzyko,827.8247542970709,707.4126992553263,476.6180996711075,391.5888392058594,351.2066546259634,315.8238600494668,gmina,02,DOLNOŚLĄSKIE,0209,legnicki,0209011,Chojnów
wysokie ryzyko,223.99178804522015,216.68518177808392,116.85100890757496,109.54440264043868,107.14077913764524,107.14077913764524,gmina,02,DOLNOŚLĄSKIE,0209,legnicki,0209022,Chojnów
niskie ryzyko,401.26608372331367,401.2476707961822,216.0551345285464,216.0551345285464,185.2109491947673,185.19253626763583,gmina,02,DOLNOŚLĄSKIE,0209,legnicki,0209032,Krotoszyce
wysokie ryzyko,552.0983550823639,551.9938197793973,368.84901882468864,368.7654893013405,183.24933625767537,183.22833047805688,gmina,02,DOLNOŚLĄSKIE,0209,legnicki,0209032,Krotoszyce
niskie ryzyko,1511.9263324124513,1561.0523446472666,267.7417177614272,333.87002382870105,1244.184614651024,1227.1823208185656,gmina,02,DOLNOŚLĄSKIE,0209,legnicki,0209042,Kunice
wysokie ryzyko,2783.9252789049538,2744.9045757210374,789.9553304247315,678.4857505165877,1993.9699484802225,2066.4188252044496,gmina,02,DOLNOŚLĄSKIE,0209,legnicki,0209042,Kunice
niskie ryzyko,387.6584481569939,392.2404231750038,37.423672817279595,34.45903932240679,350.2347753397143,357.781383852597,gmina,02,DOLNOŚLĄSKIE,0209,legnicki,0209052,Legnickie Pole
wysokie ryzyko,882.0420569789842,883.2958112709457,60.330241304661534,65.49473971598171,821.7118156743226,817.801071554964,gmina,02,DOLNOŚLĄSKIE,0209,legnicki,0209052,Legnickie Pole
niskie ryzyko,208.84348617811025,207.88621982740696,195.7623413078354,194.8050749571321,13.081144870274857,13.081144870274857,gmina,02,DOLNOŚLĄSKIE,0209,legnicki,0209062,Miłkowice
wysokie ryzyko,107.45934047318258,107.45934047318258,96.38102766730366,96.38102766730366,11.078312805878925,11.078312805878925,gmina,02,DOLNOŚLĄSKIE,0209,legnicki,0209062,Miłkowice
niskie ryzyko,1457.6905967884304,1434.046351308397,832.4655567436054,808.1376842361228,625.2250400448249,625.9086670722743,gmina,02,DOLNOŚLĄSKIE,0209,legnicki,0209073,Prochowice
wysokie ryzyko,3749.969402782626,3755.5283304644,2922.6858670537517,2931.078695696709,827.2835357288742,824.4496347676915,gmina,02,DOLNOŚLĄSKIE,0209,legnicki,0209073,Prochowice
niskie ryzyko,214.3130903870474,198.15211464405655,96.69380189089992,81.48274646348115,117.6192884961475,116.66936818057536,gmina,02,DOLNOŚLĄSKIE,0209,legnicki,0209082,Ruja
wysokie ryzyko,174.75752711053295,197.18067427687225,14.411081983836754,33.424859067334836,160.34644512669618,163.7558152095374,gmina,02,DOLNOŚLĄSKIE,0209,legnicki,0209082,Ruja
niskie ryzyko,660.2973478346173,693.8536972782761,352.56994569096486,393.1361401718329,307.72740214365245,300.7175571064431,gmina,02,DOLNOŚLĄSKIE,0210,lubański,0210033,Leśna
wysokie ryzyko,1607.6689269343383,1925.0306426302004,1315.1740411833057,1617.8311497682678,292.49488575103317,307.19949286193275,gmina,02,DOLNOŚLĄSKIE,0210,lubański,0210033,Leśna
niskie ryzyko,580.9667902035764,561.108425022108,514.6515931102117,499.3020886651958,66.31519709336466,61.806336356912226,gmina,02,DOLNOŚLĄSKIE,0210,lubański,0210011,Lubań
niskie ryzyko,483.2480159721597,484.9732942659875,0.960148647062181,0.9161281561931744,482.2878673250975,484.0571661097943,gmina,02,DOLNOŚLĄSKIE,0210,lubański,0210042,Lubań
wysokie ryzyko,768.6813796971996,732.0070940204031,566.456153235155,545.2173920103569,202.2252264620446,186.78970201004623,gmina,02,DOLNOŚLĄSKIE,0210,lubański,0210011,Lubań
wysokie ryzyko,401.5660354160527,395.5125002927765,0.0,0.0,401.5660354160527,395.5125002927765,gmina,02,DOLNOŚLĄSKIE,0210,lubański,0210042,Lubań
niskie ryzyko,222.02468294653517,208.3482575542498,72.76216328228247,59.0299125438809,149.2625196642527,149.31834501036892,gmina,02,DOLNOŚLĄSKIE,0210,lubański,0210053,Olszyna
wysokie ryzyko,239.64576968458516,218.03107895708013,148.7416631674542,127.17350450129793,90.90410651713098,90.8575744557822,gmina,02,DOLNOŚLĄSKIE,0210,lubański,0210053,Olszyna
niskie ryzyko,10.265103752188937,10.265103752188931,0.0,0.0,10.265103752188937,10.265103752188931,gmina,02,DOLNOŚLĄSKIE,0210,lubański,0210021,Świeradów-Zdrój
wysokie ryzyko,17.55380465687794,17.55380465687794,17.55380465687794,17.55380465687794,0.0,0.0,gmina,02,DOLNOŚLĄSKIE,0210,lubański,0210021,Świeradów-Zdrój
niskie ryzyko,120.08152093725876,114.56047804197767,70.48873598421098,64.99362886453264,49.5927849530478,49.56684917744507,gmina,02,DOLNOŚLĄSKIE,0211,lubiński,0211032,Rudna
wysokie ryzyko,30.422659231077887,31.30570960522175,25.715458451452825,26.598508825596692,4.707200779625061,4.707200779625061,gmina,02,DOLNOŚLĄSKIE,0211,lubiński,0211032,Rudna
niskie ryzyko,312.9628746326315,309.66539213466524,128.503835582607,125.97147605802483,184.4590390500245,183.6939160766404,gmina,02,DOLNOŚLĄSKIE,0211,lubiński,0211043,Ścinawa
wysokie ryzyko,588.2882929020597,586.4813607831079,388.8335810302501,385.5476735724485,199.4547118718095,200.93368721065943,gmina,02,DOLNOŚLĄSKIE,0211,lubiński,0211043,Ścinawa
niskie ryzyko,114.44928436106102,115.38525119627846,89.7854952432878,90.72146207850524,24.66378911777322,24.66378911777322,gmina,02,DOLNOŚLĄSKIE,0212,lwówecki,0212013,Gryfów Śląski
wysokie ryzyko,381.7884720003655,356.51915272284174,374.878190853143,347.92156522484237,6.910281147222534,8.597587497999347,gmina,02,DOLNOŚLĄSKIE,0212,lwówecki,0212013,Gryfów Śląski
niskie ryzyko,156.1807636156189,154.73131640370525,58.66994911926985,58.3145986702119,97.51081449634904,96.41671773349334,gmina,02,DOLNOŚLĄSKIE,0212,lwówecki,0212023,Lubomierz
wysokie ryzyko,26.98742964255071,26.98742964255071,7.344741312268108,7.344741312268108,19.6426883302826,19.6426883302826,gmina,02,DOLNOŚLĄSKIE,0212,lwówecki,0212023,Lubomierz
niskie ryzyko,97.44326092149171,98.4637286997628,66.95356896549332,63.881344747225064,30.489691955998406,34.58238395253772,gmina,02,DOLNOŚLĄSKIE,0212,lwówecki,0212033,Lwówek Śląski
wysokie ryzyko,243.64630070219985,236.1589796562316,213.4657198491472,207.99777807621192,30.180580853052632,28.16120158001968,gmina,02,DOLNOŚLĄSKIE,0212,lwówecki,0212033,Lwówek Śląski
niskie ryzyko,158.77859226834673,152.20952827373625,132.99432939673883,126.4729812143578,25.784262871607897,25.736547059378456,gmina,02,DOLNOŚLĄSKIE,0212,lwówecki,0212043,Mirsk
wysokie ryzyko,185.76921736489572,185.22429220062955,113.2792872004772,112.96160414623048,72.48993016441851,72.26268805439908,gmina,02,DOLNOŚLĄSKIE,0212,lwówecki,0212043,Mirsk
niskie ryzyko,226.1786050774116,409.3964457358,173.86537994114184,357.94380831388634,52.31322513626975,51.45263742191368,gmina,02,DOLNOŚLĄSKIE,0212,lwówecki,0212053,Wleń
wysokie ryzyko,1249.8012061417828,1117.0802674918489,1226.2967401852748,1093.5758015353408,23.504465956508135,23.504465956508135,gmina,02,DOLNOŚLĄSKIE,0212,lwówecki,0212053,Wleń
niskie ryzyko,4.799718873608832,4.799718873608832,0.0,0.0,4.799718873608832,4.799718873608832,gmina,02,DOLNOŚLĄSKIE,0213,milicki,0213022,Krośnice
niskie ryzyko,325.1499374266734,309.0641060283424,204.2992261647729,188.990869039016,120.8507112619005,120.0732369893264,gmina,02,DOLNOŚLĄSKIE,0213,milicki,0213033,Milicz
wysokie ryzyko,456.29464997926215,447.4731219359592,402.2423708212545,393.4208427779516,54.05227915800764,54.05227915800764,gmina,02,DOLNOŚLĄSKIE,0213,milicki,0213033,Milicz
niskie ryzyko,60.25846726221539,59.018438372797846,47.575525227939835,46.33549633852229,12.682942034275548,12.682942034275548,gmina,02,DOLNOŚLĄSKIE,0214,oleśnicki,0214023,Bierutów
wysokie ryzyko,43.19340965075007,36.34362377231441,42.70584074332223,35.856054864886566,0.4875689074278412,0.4875689074278412,gmina,02,DOLNOŚLĄSKIE,0214,oleśnicki,0214023,Bierutów
niskie ryzyko,0.9991531265089088,0.9991531265089088,0.0,0.0,0.9991531265089088,0.9991531265089088,gmina,02,DOLNOŚLĄSKIE,0214,oleśnicki,0214053,Międzybórz
niskie ryzyko,5.532804633789857,5.532804633789856,0.0,0.0,5.532804633789857,5.532804633789856,gmina,02,DOLNOŚLĄSKIE,0214,oleśnicki,0214073,Syców
wysokie ryzyko,6.055262885888679,6.055262885888678,0.0,0.0,6.055262885888679,6.055262885888678,gmina,02,DOLNOŚLĄSKIE,0214,oleśnicki,0214073,Syców
niskie ryzyko,209.9464128770836,200.8882480810329,16.574149548729743,13.51938880373032,193.37226332835388,187.3688592773026,gmina,02,DOLNOŚLĄSKIE,0215,oławski,0215033,Jelcz-Laskowice
wysokie ryzyko,321.3699620701741,292.3650421970928,16.190898211794796,11.219409838883388,305.1790638583793,281.1456323582094,gmina,02,DOLNOŚLĄSKIE,0215,oławski,0215033,Jelcz-Laskowice
niskie ryzyko,2193.545252162316,2242.8699785302024,1837.697955876136,1944.8340836467432,355.84729628618027,298.0358948834595,gmina,02,DOLNOŚLĄSKIE,0215,oławski,0215011,Oława
niskie ryzyko,933.4714630951396,938.5847449394377,400.05813872571906,405.2907800276889,533.4133243694205,533.2939649117485,gmina,02,DOLNOŚLĄSKIE,0215,oławski,0215042,Oława
wysokie ryzyko,5720.393022710439,6538.882348444073,5249.99392985036,6132.9238838590345,470.3990928600786,405.9584645850384,gmina,02,DOLNOŚLĄSKIE,0215,oławski,0215011,Oława
wysokie ryzyko,819.9266800043216,812.9959015835508,228.48899516095696,224.52719396132755,591.4376848433647,588.4687076222232,gmina,02,DOLNOŚLĄSKIE,0215,oławski,0215042,Oława
niskie ryzyko,111.7509352963329,111.7509352963329,105.07860715411974,105.07860715411974,6.672328142213159,6.672328142213159,gmina,02,DOLNOŚLĄSKIE,0216,polkowicki,0216032,Grębocice
wysokie ryzyko,62.92962052984758,62.92962052984758,62.92962052984758,62.92962052984758,0.0,0.0,gmina,02,DOLNOŚLĄSKIE,0216,polkowicki,0216032,Grębocice
niskie ryzyko,0.0288088323241891,1.264436228385887,0.0288088323241891,1.264436228385887,0.0,0.0,gmina,02,DOLNOŚLĄSKIE,0216,polkowicki,0216062,Radwanice
wysokie ryzyko,18.185299061787315,14.45393202471251,18.185299061787315,14.45393202471251,0.0,0.0,gmina,02,DOLNOŚLĄSKIE,0216,polkowicki,0216062,Radwanice
niskie ryzyko,78.80752548177539,73.16624706122502,75.01502255300817,69.3737441324578,3.792502928767226,3.792502928767226,gmina,02,DOLNOŚLĄSKIE,0217,strzeliński,0217012,Borów
wysokie ryzyko,46.073444056550386,47.215291993582085,46.073444056550386,47.215291993582085,0.0,0.0,gmina,02,DOLNOŚLĄSKIE,0217,strzeliński,0217012,Borów
niskie ryzyko,74.27800964803033,67.05120092293272,57.05321190196528,49.82640317686767,17.22479774606505,17.22479774606505,gmina,02,DOLNOŚLĄSKIE,0217,strzeliński,0217022,Kondratowice
wysokie ryzyko,102.70716010407472,90.64723354600486,102.70716010407472,90.64723354600486,0.0,0.0,gmina,02,DOLNOŚLĄSKIE,0217,strzeliński,0217022,Kondratowice
niskie ryzyko,34.86147385474398,32.95081540379372,18.072863856804993,16.162205405854735,16.788609997938984,16.788609997938984,gmina,02,DOLNOŚLĄSKIE,0217,strzeliński,0217032,Przeworno
niskie ryzyko,83.29385668884294,73.40943311405319,33.621895515380345,23.86458749249093,49.67196117346259,49.54484562156226,gmina,02,DOLNOŚLĄSKIE,0217,strzeliński,0217043,Strzelin
wysokie ryzyko,142.2536951279651,125.69195298407423,112.7502433079116,96.18850116402072,29.50345182005352,29.503451820053517,gmina,02,DOLNOŚLĄSKIE,0217,strzeliński,0217043,Strzelin
niskie ryzyko,225.81037763953623,209.234951381678,191.85388167323856,175.2784554153803,33.956495966297666,33.956495966297666,gmina,02,DOLNOŚLĄSKIE,0217,strzeliński,0217053,Wiązów
wysokie ryzyko,138.22377170712224,116.56405049203885,138.22377170712224,116.56405049203885,0.0,0.0,gmina,02,DOLNOŚLĄSKIE,0217,strzeliński,0217053,Wiązów
niskie ryzyko,322.01982193923493,322.82919899160436,77.83237988214684,76.151582236441,244.1874420570881,246.67761675516337,gmina,02,DOLNOŚLĄSKIE,0220,trzebnicki,0220013,Oborniki Śląskie
wysokie ryzyko,743.6880308723206,750.9098022313137,337.96155934718826,345.9615798397298,405.7264715251323,404.9482223915839,gmina,02,DOLNOŚLĄSKIE,0220,trzebnicki,0220013,Oborniki Śląskie
niskie ryzyko,292.6886540271808,277.3108306974156,0.4201059886879861,0.3482310134390589,292.2685480384928,276.9625996839766,gmina,02,DOLNOŚLĄSKIE,0220,trzebnicki,0220042,Wisznia Mała
wysokie ryzyko,278.8229399659598,270.6298249092562,0.0,0.0,278.8229399659598,270.6298249092562,gmina,02,DOLNOŚLĄSKIE,0220,trzebnicki,0220042,Wisznia Mała
niskie ryzyko,1295.7843533402324,1247.2170419828064,954.330365412287,905.8095430497352,341.4539879279454,341.4074989330712,gmina,02,DOLNOŚLĄSKIE,0220,trzebnicki,0220063,Żmigród
wysokie ryzyko,2068.09957140068,2004.8401529739272,1796.4359365977305,1738.3285954683545,271.66363480294956,266.5115575055726,gmina,02,DOLNOŚLĄSKIE,0220,trzebnicki,0220063,Żmigród
niskie ryzyko,25.411679883378007,25.411679883378003,16.824531149211417,16.824531149211413,8.58714873416659,8.58714873416659,gmina,02,DOLNOŚLĄSKIE,0221,wałbrzyski,0221011,Boguszów-Gorce
wysokie ryzyko,11.415856552480289,11.41585655248029,11.415856552480289,11.41585655248029,0.0,0.0,gmina,02,DOLNOŚLĄSKIE,0221,wałbrzyski,0221011,Boguszów-Gorce
niskie ryzyko,180.05451004054822,159.99003816031694,180.05451004054822,159.99003816031694,0.0,0.0,gmina,02,DOLNOŚLĄSKIE,0221,wałbrzyski,0221042,Czarny Bór
wysokie ryzyko,139.84592931619437,127.35663154251696,133.9844671940425,121.49516942036507,5.861462122151872,5.861462122151871,gmina,02,DOLNOŚLĄSKIE,0221,wałbrzyski,0221042,Czarny Bór
niskie ryzyko,20.45562989564666,20.891674655030307,12.26743408377203,12.26743408377203,8.188195811874628,8.624240571258277,gmina,02,DOLNOŚLĄSKIE,0221,wałbrzyski,0221053,Głuszyca
wysokie ryzyko,35.350388490273396,33.73898405858036,8.474020891815458,8.474020891815456,26.87636759845794,25.264963166764904,gmina,02,DOLNOŚLĄSKIE,0221,wałbrzyski,0221053,Głuszyca
niskie ryzyko,67.75829803201621,66.69653458532082,47.040642706977195,46.8427211843011,20.71765532503902,19.85381340101971,gmina,02,DOLNOŚLĄSKIE,0221,wałbrzyski,0221021,Jedlina-Zdrój
wysokie ryzyko,14.9500634122944,16.661505002946093,14.9500634122944,16.661505002946093,0.0,0.0,gmina,02,DOLNOŚLĄSKIE,0221,wałbrzyski,0221021,Jedlina-Zdrój
niskie ryzyko,60.46371525773946,56.98362174101902,20.042413882580753,16.562320365860305,40.421301375158706,40.42130137515871,gmina,02,DOLNOŚLĄSKIE,0221,wałbrzyski,0221072,Stare Bogaczowice
wysokie ryzyko,5.703778056614697,5.703778056614697,0.0,0.0,5.703778056614697,5.703778056614697,gmina,02,DOLNOŚLĄSKIE,0221,wałbrzyski,0221072,Stare Bogaczowice
niskie ryzyko,48.44810931976728,67.45118324594097,34.1362116030861,34.1362116030861,14.311897716681182,33.31497164285485,gmina,02,DOLNOŚLĄSKIE,0221,wałbrzyski,0221082,Walim
wysokie ryzyko,6.509533023610132,6.509533023610133,0.0,0.0,6.509533023610132,6.509533023610133,gmina,02,DOLNOŚLĄSKIE,0221,wałbrzyski,0221082,Walim
niskie ryzyko,445.49766771259,458.7719818947656,346.22686397569566,358.95625044584557,99.27080373689436,99.81573144892,gmina,02,DOLNOŚLĄSKIE,0222,wołowski,0222013,Brzeg Dolny
wysokie ryzyko,1296.2546951990344,1296.5921567027376,1158.7409350151916,1158.7829698825833,137.51376018384292,137.80918682015434,gmina,02,DOLNOŚLĄSKIE,0222,wołowski,0222013,Brzeg Dolny
niskie ryzyko,568.9844953044114,557.4174755371567,196.4671154944298,202.42726444735248,372.5173798099817,354.9902110898043,gmina,02,DOLNOŚLĄSKIE,0222,wołowski,0222022,Wińsko
wysokie ryzyko,518.4650306609478,520.3335506707176,196.1688629142803,193.1760265609279,322.2961677466675,327.1575241097896,gmina,02,DOLNOŚLĄSKIE,0222,wołowski,0222022,Wińsko
niskie ryzyko,251.33532101252152,243.57279576907237,89.85233231118951,79.2160075106265,161.482988701332,164.35678825844587,gmina,02,DOLNOŚLĄSKIE,0222,wołowski,0222033,Wołów
wysokie ryzyko,174.40662816641645,172.8129681275439,5.651994621246078,4.628380570996308,168.75463354517038,168.18458755654763,gmina,02,DOLNOŚLĄSKIE,0222,wołowski,0222033,Wołów
niskie ryzyko,4425.596672041808,4452.624370714241,1616.2124749267657,1618.5840800799756,2809.384197115043,2834.040290634266,gmina,02,DOLNOŚLĄSKIE,0223,wrocławski,0223012,Czernica
wysokie ryzyko,5233.545318615151,5206.09406495111,2639.4699382370477,2737.3146550220104,2594.075380378102,2468.7794099291,gmina,02,DOLNOŚLĄSKIE,0223,wrocławski,0223012,Czernica
niskie ryzyko,317.5906633526457,311.2235456447553,56.97227303350262,56.24120352330505,260.6183903191431,254.98234212145024,gmina,02,DOLNOŚLĄSKIE,0223,wrocławski,0223022,Długołęka
wysokie ryzyko,137.6687628660875,143.90041365946104,18.112571022679504,27.674497480952738,119.55619184340796,116.22591617850831,gmina,02,DOLNOŚLĄSKIE,0223,wrocławski,0223022,Długołęka
niskie ryzyko,105.23368128534024,105.2099102029468,103.09941230778584,103.0756412253924,2.1342689775544055,2.1342689775544055,gmina,02,DOLNOŚLĄSKIE,0223,wrocławski,0223032,Jordanów Śląski
wysokie ryzyko,59.33693608901311,59.33693608901311,46.36436078513682,46.36436078513682,12.972575303876289,12.972575303876289,gmina,02,DOLNOŚLĄSKIE,0223,wrocławski,0223032,Jordanów Śląski
niskie ryzyko,28.022917743795492,27.648512633377912,28.022917743795492,27.648512633377912,0.0,0.0,gmina,02,DOLNOŚLĄSKIE,0223,wrocławski,0223052,Kobierzyce
wysokie ryzyko,26.21294685028784,25.791174901784498,26.21294685028784,25.791174901784498,0.0,0.0,gmina,02,DOLNOŚLĄSKIE,0223,wrocławski,0223052,Kobierzyce
niskie ryzyko,2332.293941533306,2399.8222848949163,1367.4966664348606,1461.0393716581364,964.7972750984457,938.78291323678,gmina,02,DOLNOŚLĄSKIE,0223,wrocławski,0223043,Kąty Wrocławskie
wysokie ryzyko,5117.419238880441,5137.07372066162,2831.658485365359,2826.899244661742,2285.7607535150833,2310.1744759998783,gmina,02,DOLNOŚLĄSKIE,0223,wrocławski,0223043,Kąty Wrocławskie
niskie ryzyko,668.9280660869972,657.9251555848301,388.8622394704603,378.67019639004695,280.0658266165369,279.2549591947832,gmina,02,DOLNOŚLĄSKIE,0223,wrocławski,0223062,Mietków
wysokie ryzyko,479.7020747035592,487.634390019096,263.56823988327824,271.6487553168864,216.13383482028095,215.9856347022097,gmina,02,DOLNOŚLĄSKIE,0223,wrocławski,0223062,Mietków
niskie ryzyko,2668.695878254867,2374.84951704581,1715.1826128838827,1474.5043826125452,953.5132653709836,900.3451344332647,gmina,02,DOLNOŚLĄSKIE,0223,wrocławski,0223083,Siechnice
wysokie ryzyko,3291.917067025132,3563.420278222458,1771.95706225738,1736.9055529799464,1519.9600047677525,1826.514725242512,gmina,02,DOLNOŚLĄSKIE,0223,wrocławski,0223083,Siechnice
niskie ryzyko,336.8599001647942,334.6651629968854,148.1615446738344,147.4741263777303,188.69835549095984,187.19103661915508,gmina,02,DOLNOŚLĄSKIE,0223,wrocławski,0223073,Sobótka
wysokie ryzyko,306.54205558919386,305.42320061892593,191.5433332221838,190.72793569201264,114.99872236701005,114.69526492691324,gmina,02,DOLNOŚLĄSKIE,0223,wrocławski,0223073,Sobótka
niskie ryzyko,67.56522383122694,67.60870582981133,0.4474456306869527,0.4474456306869527,67.11777820054,67.16126019912437,gmina,02,DOLNOŚLĄSKIE,0223,wrocławski,0223092,Żórawina
wysokie ryzyko,68.9960270820269,68.48073406008123,0.0,0.0,68.9960270820269,68.48073406008123,gmina,02,DOLNOŚLĄSKIE,0223,wrocławski,0223092,Żórawina
niskie ryzyko,348.88424606326464,343.3711089562248,296.6868286063089,297.7666135612304,52.19741745695576,45.60449539499445,gmina,02,DOLNOŚLĄSKIE,0225,zgorzelecki,0225033,Bogatynia
wysokie ryzyko,942.676216767438,1132.2165256865085,842.9441640063675,1019.3650671672837,99.73205276107052,112.85145851922488,gmina,02,DOLNOŚLĄSKIE,0225,zgorzelecki,0225033,Bogatynia
niskie ryzyko,71.65782835259596,77.44688172775984,5.643909059001222,12.166628696539709,66.01391929359474,65.28025303122014,gmina,02,DOLNOŚLĄSKIE,0225,zgorzelecki,0225043,Pieńsk
wysokie ryzyko,119.72177403407728,112.20943351122628,15.552281534578391,8.935443723713572,104.16949249949889,103.27398978751268,gmina,02,DOLNOŚLĄSKIE,0225,zgorzelecki,0225043,Pieńsk
niskie ryzyko,118.06111074756323,110.751118002632,80.2763614801996,74.1756049199308,37.784749267363665,36.57551308270122,gmina,02,DOLNOŚLĄSKIE,0225,zgorzelecki,0225052,Sulików
wysokie ryzyko,38.806815371659496,30.581583237241375,21.14897492765602,20.10197760175552,17.657840444003472,10.47960563548586,gmina,02,DOLNOŚLĄSKIE,0225,zgorzelecki,0225052,Sulików
niskie ryzyko,99.76027490075022,77.12675489412052,76.76451054449657,54.73769633667231,22.99576435625364,22.38905855744822,gmina,02,DOLNOŚLĄSKIE,0225,zgorzelecki,0225011,Zawidów
wysokie ryzyko,150.12887830461707,105.25188324663291,146.9191641531245,100.89430870783676,3.20971415149256,4.35757453879616,gmina,02,DOLNOŚLĄSKIE,0225,zgorzelecki,0225011,Zawidów
niskie ryzyko,153.37014301363007,145.67990456878957,153.37014301363007,145.67990456878957,0.0,0.0,gmina,02,DOLNOŚLĄSKIE,0225,zgorzelecki,0225021,Zgorzelec
niskie ryzyko,186.08511819769495,199.17520901150252,94.35695150675988,110.7863669702766,91.7281666909351,88.3888420412259,gmina,02,DOLNOŚLĄSKIE,0225,zgorzelecki,0225072,Zgorzelec
wysokie ryzyko,241.2921929372724,286.26556583908246,241.2921929372724,286.26556583908246,0.0,0.0,gmina,02,DOLNOŚLĄSKIE,0225,zgorzelecki,0225021,Zgorzelec
wysokie ryzyko,180.06937242259923,163.586080994029,169.0688157609489,152.58552433237864,11.00055666165036,11.00055666165036,gmina,02,DOLNOŚLĄSKIE,0225,zgorzelecki,0225072,Zgorzelec
niskie ryzyko,243.35049817721344,268.63250808259545,212.60944526104473,215.3008829667264,30.74105291616871,53.33162511586901,gmina,02,DOLNOŚLĄSKIE,0224,ząbkowicki,0224013,Bardo
wysokie ryzyko,622.8001838570851,946.3663941361727,540.2551410174204,878.1877009764185,82.5450428396647,68.17869315975437,gmina,02,DOLNOŚLĄSKIE,0224,ząbkowicki,0224013,Bardo
niskie ryzyko,254.42525965277432,244.390452706684,248.0540162093102,239.4502338063855,6.371243443464145,4.9402189002984835,gmina,02,DOLNOŚLĄSKIE,0224,ząbkowicki,0224033,Kamieniec Ząbkowicki
wysokie ryzyko,872.654120988042,868.890618366722,871.763128509698,868.2855189016584,0.89099247834395,0.6050994650636169,gmina,02,DOLNOŚLĄSKIE,0224,ząbkowicki,0224033,Kamieniec Ząbkowicki
niskie ryzyko,173.4477243483177,128.773569126422,160.94873466555327,119.35248960876336,12.498989682764469,9.421079517658615,gmina,02,DOLNOŚLĄSKIE,0224,ząbkowicki,0224063,Ziębice
wysokie ryzyko,84.57047443099835,76.30661975185049,69.1846397995905,61.065530256096274,15.385834631407846,15.24108949575422,gmina,02,DOLNOŚLĄSKIE,0224,ząbkowicki,0224063,Ziębice
niskie ryzyko,50.14477326674025,49.91135533596669,0.9799183052464228,0.7465003744728558,49.16485496149383,49.16485496149383,gmina,02,DOLNOŚLĄSKIE,0224,ząbkowicki,0224053,Ząbkowice Śląskie
niskie ryzyko,68.29490568774207,65.50191432721736,58.42340006046463,55.63040869993992,9.871505627277443,9.871505627277443,gmina,02,DOLNOŚLĄSKIE,0226,złotoryjski,0226032,Pielgrzymka
wysokie ryzyko,19.76532882636216,19.364297899920633,3.366493783174359,2.9654628567328354,16.398835043187802,16.3988350431878,gmina,02,DOLNOŚLĄSKIE,0226,złotoryjski,0226032,Pielgrzymka
niskie ryzyko,22.93210572796267,22.460883675647203,19.74013828735342,19.740138287353425,3.191967440609252,2.7207453882937784,gmina,02,DOLNOŚLĄSKIE,0226,złotoryjski,0226011,Wojcieszów
wysokie ryzyko,95.6884685607612,132.78431725640897,12.345585477698872,11.934674442232067,83.34288308306233,120.84964281417692,gmina,02,DOLNOŚLĄSKIE,0226,złotoryjski,0226011,Wojcieszów
niskie ryzyko,130.9874869906607,130.7305227948566,72.40586853564034,72.40586853564032,58.58161845502037,58.32465425921626,gmina,02,DOLNOŚLĄSKIE,0226,złotoryjski,0226052,Zagrodno
wysokie ryzyko,18.708472293741167,18.708472293741167,11.171111921715184,11.171111921715184,7.537360372025985,7.537360372025985,gmina,02,DOLNOŚLĄSKIE,0226,złotoryjski,0226052,Zagrodno
niskie ryzyko,69.08243440300998,68.67251074713424,13.91861125295011,13.23532720541134,55.16382315005987,55.437183541722895,gmina,02,DOLNOŚLĄSKIE,0226,złotoryjski,0226062,Złotoryja
niskie ryzyko,71.98559934420983,71.95946322313131,34.69875658544375,36.14684545021037,37.28684275876608,35.812617772920945,gmina,02,DOLNOŚLĄSKIE,0226,złotoryjski,0226021,Złotoryja
wysokie ryzyko,179.80039836864393,138.6416264869666,63.19124686705736,61.79595240125803,116.60915150158658,76.84567408570858,gmina,02,DOLNOŚLĄSKIE,0226,złotoryjski,0226021,Złotoryja
wysokie ryzyko,84.87769341796894,81.65669306426258,43.280117779715326,41.83899369118975,41.597575638253616,39.81769937307284,gmina,02,DOLNOŚLĄSKIE,0226,złotoryjski,0226062,Złotoryja
niskie ryzyko,376.0951525355874,355.9629278301492,174.71903758953127,158.58446277200017,201.37611494605608,197.378465058149,gmina,02,DOLNOŚLĄSKIE,0226,złotoryjski,0226043,Świerzawa
wysokie ryzyko,699.2802733386959,433.0583391668226,460.6284297365737,203.04277405337905,238.65184360212223,230.01556511344353,gmina,02,DOLNOŚLĄSKIE,0226,złotoryjski,0226043,Świerzawa
niskie ryzyko,70.77962400235312,70.47383932045992,24.71216990706286,24.64908756367692,46.06745409529026,45.82475175678299,gmina,02,DOLNOŚLĄSKIE,0218,średzki,0218012,Kostomłoty
wysokie ryzyko,99.5272540366178,99.44998362554864,24.14570210978392,24.06843169871476,75.38155192683388,75.38155192683388,gmina,02,DOLNOŚLĄSKIE,0218,średzki,0218012,Kostomłoty
niskie ryzyko,47.16369939048791,53.14492539977777,46.2258383661415,52.20706437543136,0.9378610243464124,0.9378610243464124,gmina,02,DOLNOŚLĄSKIE,0218,średzki,0218022,Malczyce
wysokie ryzyko,14.323005539879016,13.886553921116349,11.654987483313183,11.21853586455052,2.66801805656583,2.66801805656583,gmina,02,DOLNOŚLĄSKIE,0218,średzki,0218022,Malczyce
niskie ryzyko,1608.3895254347087,1596.911893923785,237.8453448070615,248.404340254108,1370.5441806276472,1348.5075536696772,gmina,02,DOLNOŚLĄSKIE,0218,średzki,0218033,Miękinia
wysokie ryzyko,1657.6021549048205,1659.7823900257747,347.564901277662,342.53166626407636,1310.0372536271589,1317.2507237616985,gmina,02,DOLNOŚLĄSKIE,0218,średzki,0218033,Miękinia
niskie ryzyko,468.6158751542545,463.94354099104874,96.75512362315376,88.15792091346765,371.86075153110073,375.78562007758103,gmina,02,DOLNOŚLĄSKIE,0218,średzki,0218043,Środa Śląska
wysokie ryzyko,370.2960561666374,374.0241687228357,101.47540635361406,108.0908899863676,268.82064981302335,265.9332787364681,gmina,02,DOLNOŚLĄSKIE,0218,średzki,0218043,Środa Śląska
niskie ryzyko,533.3940701312908,529.1683874957265,404.6096073888733,400.8527976271243,128.7844627424176,128.3155898686022,gmina,02,DOLNOŚLĄSKIE,0219,świdnicki,0219032,Dobromierz
wysokie ryzyko,870.6661162858647,870.8430819338353,751.7704346982556,752.5907910817293,118.89568158760922,118.25229085210589,gmina,02,DOLNOŚLĄSKIE,0219,świdnicki,0219032,Dobromierz
niskie ryzyko,47.058888228132254,47.05888822813226,47.058888228132254,47.05888822813226,0.0,0.0,gmina,02,DOLNOŚLĄSKIE,0219,świdnicki,0219043,Jaworzyna Śląska
niskie ryzyko,110.842430884256,110.0747350443882,89.43962491523602,88.86827488427022,21.40280596901999,21.206460160117985,gmina,02,DOLNOŚLĄSKIE,0219,świdnicki,0219052,Marcinowice
wysokie ryzyko,193.8913779389831,205.78391354621783,188.2771478233548,187.23149574279273,5.614230115628359,18.552417803425083,gmina,02,DOLNOŚLĄSKIE,0219,świdnicki,0219052,Marcinowice
niskie ryzyko,968.3274935529612,933.254205239104,399.54242727880705,391.2724149592424,568.7850662741541,541.9817902798613,gmina,02,DOLNOŚLĄSKIE,0219,świdnicki,0219063,Strzegom
wysokie ryzyko,2231.3100235274073,2162.9887901908487,956.247410879782,929.4415342974866,1275.0626126476254,1233.5472558933625,gmina,02,DOLNOŚLĄSKIE,0219,świdnicki,0219063,Strzegom
niskie ryzyko,988.171896075474,883.402286559188,56.24820485884791,53.22452880513625,931.923691216626,830.1777577540518,gmina,02,DOLNOŚLĄSKIE,0219,świdnicki,0219011,Świdnica
niskie ryzyko,474.238515735851,462.1405311157743,152.13775121816315,146.70784669433203,322.1007645176879,315.4326844214423,gmina,02,DOLNOŚLĄSKIE,0219,świdnicki,0219072,Świdnica
wysokie ryzyko,3990.536004205,4357.108712580395,183.08290186387063,174.28596055223585,3807.4531023411287,4182.82275202816,gmina,02,DOLNOŚLĄSKIE,0219,świdnicki,0219011,Świdnica
wysokie ryzyko,713.8484144417598,703.4605706562985,143.37570599995323,137.24666078333595,570.4727084418065,566.2139098729625,gmina,02,DOLNOŚLĄSKIE,0219,świdnicki,0219072,Świdnica
niskie ryzyko,192.06444440062575,178.8090163330481,48.431327344589306,39.16929544985492,143.63311705603644,139.63972088319323,gmina,02,DOLNOŚLĄSKIE,0219,świdnicki,0219021,Świebodzice
wysokie ryzyko,408.2139973918328,394.781697430196,88.930804347028,65.23111846870316,319.28319304480476,329.5505789614928,gmina,02,DOLNOŚLĄSKIE,0219,świdnicki,0219021,Świebodzice
niskie ryzyko,158.3893295522769,155.93215089033674,71.36509076426253,70.77319941086897,87.02423878801436,85.15895147946779,gmina,02,DOLNOŚLĄSKIE,0219,świdnicki,0219083,Żarów
wysokie ryzyko,159.23778168126032,151.83273835876477,102.89984125857588,95.65095508257832,56.33794042268442,56.181783276186465,gmina,02,DOLNOŚLĄSKIE,0219,świdnicki,0219083,Żarów
niskie ryzyko,2435.7366260685344,2248.363273485287,1652.209954805233,1492.569168615688,783.5266712633011,755.7941048695991,gmina,04,KUJAWSKO-POMORSKIE,0461,Bydgoszcz,0461011,Bydgoszcz
wysokie ryzyko,5358.448028164148,5850.374253279776,4230.975151400939,4693.345524303285,1127.47287676321,1157.0287289764904,gmina,04,KUJAWSKO-POMORSKIE,0461,Bydgoszcz,0461011,Bydgoszcz
niskie ryzyko,265.60930215888527,246.41376495460625,100.33792209516504,83.14081917742755,165.27138006372024,163.27294577717868,gmina,04,KUJAWSKO-POMORSKIE,0462,Grudziądz,0462011,Grudziądz
wysokie ryzyko,361.02228559872583,855.0794436749985,243.2728403807483,740.3951791386853,117.74944521797752,114.68426453631324,gmina,04,KUJAWSKO-POMORSKIE,0462,Grudziądz,0462011,Grudziądz
niskie ryzyko,1101.1342189470824,1201.4474646915646,607.7809794451006,752.2513530982708,493.353239501982,449.1961115932937,gmina,04,KUJAWSKO-POMORSKIE,0463,Toruń,0463011,Toruń
wysokie ryzyko,1400.0825874502416,1841.2623018145105,567.4941338437934,1007.4477347660992,832.5884536064483,833.8145670484112,gmina,04,KUJAWSKO-POMORSKIE,0463,Toruń,0463011,Toruń
niskie ryzyko,977.5187792771844,1311.1914790117744,126.17640512422842,118.85900696381088,851.3423741529559,1192.3324720479636,gmina,04,KUJAWSKO-POMORSKIE,0464,Włocławek,0464011,Włocławek
wysokie ryzyko,3652.9027850341786,3128.752041901136,62.68202538492806,52.77872657907432,3590.220759649251,3075.973315322062,gmina,04,KUJAWSKO-POMORSKIE,0464,Włocławek,0464011,Włocławek
niskie ryzyko,554.4628658037092,539.8458064816823,448.4863923063437,446.8827593554389,105.97647349736545,92.9630471262434,gmina,04,KUJAWSKO-POMORSKIE,0401,aleksandrowski,0401042,Aleksandrów Kujawski
niskie ryzyko,6.076882958265963,6.076882958265964,0.0,0.0,6.076882958265963,6.076882958265964,gmina,04,KUJAWSKO-POMORSKIE,0401,aleksandrowski,0401011,Aleksandrów Kujawski
wysokie ryzyko,117.32740428466636,113.11750831058932,101.02642114969149,100.6594568290512,16.300983134974878,12.458051481538122,gmina,04,KUJAWSKO-POMORSKIE,0401,aleksandrowski,0401042,Aleksandrów Kujawski
niskie ryzyko,1887.052946925616,1934.1185521850475,1797.8427624399417,1845.45893699295,89.2101844856743,88.65961519209779,gmina,04,KUJAWSKO-POMORSKIE,0401,aleksandrowski,0401021,Ciechocinek
wysokie ryzyko,5511.620805133011,5080.115737078422,5466.28968470726,5032.958352636973,45.33112042575127,47.1573844414485,gmina,04,KUJAWSKO-POMORSKIE,0401,aleksandrowski,0401021,Ciechocinek
niskie ryzyko,12.94791027734725,10.969078727186329,12.94791027734725,10.969078727186329,0.0,0.0,gmina,04,KUJAWSKO-POMORSKIE,0401,aleksandrowski,0401062,Koneck
niskie ryzyko,70.31774679785052,62.49276638256655,70.31774679785052,62.49276638256655,0.0,0.0,gmina,04,KUJAWSKO-POMORSKIE,0401,aleksandrowski,0401031,Nieszawa
wysokie ryzyko,105.34626198632786,102.34288930969691,105.34626198632786,102.34288930969691,0.0,0.0,gmina,04,KUJAWSKO-POMORSKIE,0401,aleksandrowski,0401031,Nieszawa
niskie ryzyko,434.7611384469055,448.73161463474,323.5699141943212,337.5403903821557,111.19122425258428,111.19122425258428,gmina,04,KUJAWSKO-POMORSKIE,0401,aleksandrowski,0401072,Raciążek
wysokie ryzyko,127.11466592658309,160.39707942252076,116.74982707050562,150.0322405664433,10.364838856077457,10.364838856077457,gmina,04,KUJAWSKO-POMORSKIE,0401,aleksandrowski,0401072,Raciążek
niskie ryzyko,2.3333333333333335,2.3333333333333335,0.0,0.0,2.3333333333333335,2.3333333333333335,gmina,04,KUJAWSKO-POMORSKIE,0401,aleksandrowski,0401082,Waganiec
niskie ryzyko,192.3696832357566,175.98403944415546,190.72282161456516,175.15786206836543,1.646861621191447,0.8261773757900149,gmina,04,KUJAWSKO-POMORSKIE,0402,brodnicki,0402011,Brodnica
niskie ryzyko,5.374535560848923,5.136171297303474,0.0,0.0,5.374535560848923,5.136171297303474,gmina,04,KUJAWSKO-POMORSKIE,0402,brodnicki,0402032,Brodnica
wysokie ryzyko,555.9255782939249,694.9236364285304,463.2844332727578,645.2944762148524,92.64114502116718,49.62916021367799,gmina,04,KUJAWSKO-POMORSKIE,0402,brodnicki,0402011,Brodnica
niskie ryzyko,1.0,1.0,0.0,0.0,1.0,1.0,gmina,04,KUJAWSKO-POMORSKIE,0402,brodnicki,0402042,Brzozie
niskie ryzyko,816.5391367141633,814.3109248656685,176.1948488826977,170.5775806664537,640.3442878314656,643.7333441992149,gmina,04,KUJAWSKO-POMORSKIE,0403,bydgoski,0403012,Białe Błota
wysokie ryzyko,482.74699983093944,506.6293821921947,266.5428873153301,285.5218918318911,216.20411251560932,221.1074903603036,gmina,04,KUJAWSKO-POMORSKIE,0403,bydgoski,0403012,Białe Błota
niskie ryzyko,55.05566504129224,54.74742035956847,0.0,0.0,55.05566504129224,54.74742035956847,gmina,04,KUJAWSKO-POMORSKIE,0403,bydgoski,0403032,Dobrcz
wysokie ryzyko,14.930760687627789,14.814322372785824,0.0,0.0,14.930760687627789,14.814322372785824,gmina,04,KUJAWSKO-POMORSKIE,0403,bydgoski,0403032,Dobrcz
niskie ryzyko,608.5651582287107,586.3997824765687,341.40031648170964,322.9856210255011,267.164841747001,263.4141614510676,gmina,04,KUJAWSKO-POMORSKIE,0403,bydgoski,0403022,Dąbrowa Chełmińska
wysokie ryzyko,370.94793163582153,366.8360964534541,126.64038108895912,126.89892132932358,244.30755054686244,239.93717512413048,gmina,04,KUJAWSKO-POMORSKIE,0403,bydgoski,0403022,Dąbrowa Chełmińska
niskie ryzyko,309.9651312331757,353.1586427613461,302.53156551727767,344.35517263512685,7.433565715898048,8.803470126219196,gmina,04,KUJAWSKO-POMORSKIE,0403,bydgoski,0403043,Koronowo
wysokie ryzyko,1697.6883002346808,1650.7282817696507,1694.1481073679236,1647.1880889028937,3.54019286675722,3.54019286675722,gmina,04,KUJAWSKO-POMORSKIE,0403,bydgoski,0403043,Koronowo
niskie ryzyko,579.0413956025113,554.0045247402522,221.48431515889555,201.5908094003154,357.55708044361586,352.4137153399368,gmina,04,KUJAWSKO-POMORSKIE,0403,bydgoski,0403052,Nowa Wieś Wielka
wysokie ryzyko,925.9281432975256,846.405054021583,668.3650401737239,588.2413329929747,257.5631031238018,258.1637210286083,gmina,04,KUJAWSKO-POMORSKIE,0403,bydgoski,0403052,Nowa Wieś Wielka
niskie ryzyko,2.5373221832119617,2.5373221832119617,0.0,0.0,2.5373221832119617,2.5373221832119617,gmina,04,KUJAWSKO-POMORSKIE,0403,bydgoski,0403062,Osielsko
niskie ryzyko,604.4000011464825,601.8729688165,238.67794430673635,236.35147808918157,365.7220568397462,365.5214907273185,gmina,04,KUJAWSKO-POMORSKIE,0403,bydgoski,0403083,Solec Kujawski
wysokie ryzyko,1876.556529272817,1880.8218724900717,1465.7689356281603,1442.31848910031,410.7875936446566,438.50338338976167,gmina,04,KUJAWSKO-POMORSKIE,0403,bydgoski,0403083,Solec Kujawski
niskie ryzyko,660.4510072528622,558.2998815359698,242.96849664942113,240.31551808880025,417.482510603441,317.9843634471695,gmina,04,KUJAWSKO-POMORSKIE,0404,chełmiński,0404011,Chełmno
niskie ryzyko,2502.9068983672705,2485.576902840305,427.9549676142301,421.5375858933886,2074.9519307530404,2064.039316946916,gmina,04,KUJAWSKO-POMORSKIE,0404,chełmiński,0404022,Chełmno
wysokie ryzyko,624.6061069618269,459.3621335687368,0.0,0.0,624.6061069618269,459.3621335687368,gmina,04,KUJAWSKO-POMORSKIE,0404,chełmiński,0404011,Chełmno
wysokie ryzyko,1015.891622322255,1026.2548730574058,105.532592144989,105.41302766660796,910.359030177266,920.841845390798,gmina,04,KUJAWSKO-POMORSKIE,0404,chełmiński,0404022,Chełmno
niskie ryzyko,453.4241366009473,457.9514500767027,198.80193687416528,209.96019518221075,254.622199726782,247.991254894492,gmina,04,KUJAWSKO-POMORSKIE,0404,chełmiński,0404072,Unisław
wysokie ryzyko,154.29613535577974,150.3795250640031,104.55544551648865,94.007890392422,49.7406898392911,56.3716346715811,gmina,04,KUJAWSKO-POMORSKIE,0404,chełmiński,0404072,Unisław
niskie ryzyko,12.504241521084731,11.850050030500965,10.356443518288152,9.702252027704384,2.14779800279658,2.1477980027965797,gmina,04,KUJAWSKO-POMORSKIE,0405,golubsko-dobrzyński,0405022,Ciechocin
niskie ryzyko,164.23063551894273,282.42273442857623,0.0,0.0,164.23063551894273,282.42273442857623,gmina,04,KUJAWSKO-POMORSKIE,0405,golubsko-dobrzyński,0405011,Golub-Dobrzyń
niskie ryzyko,22.61799725764993,21.290161855300248,14.52259625143159,13.19476084908191,8.095401006218339,8.095401006218339,gmina,04,KUJAWSKO-POMORSKIE,0405,golubsko-dobrzyński,0405032,Golub-Dobrzyń
wysokie ryzyko,28.656494170693513,30.060307496452943,0.0,0.0,28.656494170693513,30.060307496452943,gmina,04,KUJAWSKO-POMORSKIE,0405,golubsko-dobrzyński,0405011,Golub-Dobrzyń
wysokie ryzyko,2.0238502515545846,2.0238502515545846,0.0,0.0,2.0238502515545846,2.0238502515545846,gmina,04,KUJAWSKO-POMORSKIE,0405,golubsko-dobrzyński,0405032,Golub-Dobrzyń
niskie ryzyko,1235.9974763518812,1231.942258169116,757.3504614340535,755.9871452829763,478.64701491782785,475.9551128861398,gmina,04,KUJAWSKO-POMORSKIE,0406,grudziądzki,0406012,Grudziądz
wysokie ryzyko,478.9790140053975,472.9999755288836,245.69266004729815,241.46597718516975,233.28635395809945,231.5339983437139,gmina,04,KUJAWSKO-POMORSKIE,0406,grudziądzki,0406012,Grudziądz
niskie ryzyko,11.44550642448892,11.44550642448892,4.026364635634132,4.026364635634132,7.419141788854787,7.419141788854787,gmina,04,KUJAWSKO-POMORSKIE,0406,grudziądzki,0406052,Rogóźno
wysokie ryzyko,5.689821128331188,5.689821128331188,0.0,0.0,5.689821128331188,5.689821128331188,gmina,04,KUJAWSKO-POMORSKIE,0406,grudziądzki,0406052,Rogóźno
niskie ryzyko,9.104464827398845,9.104464827398845,1.0724039166056083,1.0724039166056083,8.032060910793236,8.032060910793234,gmina,04,KUJAWSKO-POMORSKIE,0406,grudziądzki,0406033,Łasin
niskie ryzyko,35.637791541868836,35.637791541868836,0.0,0.0,35.637791541868836,35.637791541868836,gmina,04,KUJAWSKO-POMORSKIE,0406,grudziądzki,0406062,Świecie nad Osą
niskie ryzyko,14.075325100592154,13.558000061927968,0.4414738979324372,0.4414738979324373,13.633851202659717,13.11652616399553,gmina,04,KUJAWSKO-POMORSKIE,0407,inowrocławski,0407042,Inowrocław
wysokie ryzyko,1.0066207783670795,1.262081002925109,1.0066207783670795,1.262081002925109,0.0,0.0,gmina,04,KUJAWSKO-POMORSKIE,0407,inowrocławski,0407011,Inowrocław
niskie ryzyko,24.10165951848597,24.10165951848597,0.0,0.0,24.10165951848597,24.10165951848597,gmina,04,KUJAWSKO-POMORSKIE,0407,inowrocławski,0407053,Janikowo
wysokie ryzyko,4.833850038056695,4.833850038056696,0.0,0.0,4.833850038056695,4.833850038056696,gmina,04,KUJAWSKO-POMORSKIE,0407,inowrocławski,0407053,Janikowo
niskie ryzyko,163.75880698074985,151.49359877953725,45.63760847616852,39.086916411877205,118.12119850458134,112.40668236766004,gmina,04,KUJAWSKO-POMORSKIE,0407,inowrocławski,0407063,Kruszwica
wysokie ryzyko,45.23286511686852,45.060563478159565,4.053858104129655,3.8815564654207018,41.179007012738865,41.179007012738865,gmina,04,KUJAWSKO-POMORSKIE,0407,inowrocławski,0407063,Kruszwica
niskie ryzyko,620.2193524837493,625.3912363020587,584.9910138374319,590.1628976557413,35.228338646317496,35.228338646317496,gmina,04,KUJAWSKO-POMORSKIE,0407,inowrocławski,0407073,Pakość
wysokie ryzyko,981.8715358342832,1027.5039139909018,976.1991680300534,1021.831546186672,5.672367804229791,5.672367804229791,gmina,04,KUJAWSKO-POMORSKIE,0407,inowrocławski,0407073,Pakość
niskie ryzyko,0.3551093708599523,0.3551093708599523,0.0,0.0,0.3551093708599523,0.3551093708599523,gmina,04,KUJAWSKO-POMORSKIE,0407,inowrocławski,0407092,Złotniki Kujawskie
niskie ryzyko,166.8380832355605,166.0033366369052,135.8412346934144,135.72870658825894,30.996848542146083,30.274630048646227,gmina,04,KUJAWSKO-POMORSKIE,0408,lipnowski,0408023,Bobrowniki
wysokie ryzyko,228.36070160386632,220.5205098835131,220.48570160386632,212.6455098835131,7.875,7.875,gmina,04,KUJAWSKO-POMORSKIE,0408,lipnowski,0408023,Bobrowniki
niskie ryzyko,6.508446023093848,6.508446023093848,6.508446023093848,6.508446023093848,0.0,0.0,gmina,04,KUJAWSKO-POMORSKIE,0408,lipnowski,0408011,Lipno
niskie ryzyko,14.04860370929586,12.974777292152506,13.477175137867288,12.403348720723937,0.5714285714285714,0.5714285714285714,gmina,04,KUJAWSKO-POMORSKIE,0408,lipnowski,0408073,Skępe
niskie ryzyko,2.6666666666666665,2.6666666666666665,2.6666666666666665,2.6666666666666665,0.0,0.0,gmina,04,KUJAWSKO-POMORSKIE,0408,lipnowski,0408082,Tłuchowo
niskie ryzyko,26.50632953590999,26.49730858039971,1.9757379689617292,1.9757379689617292,24.530591566948264,24.52157061143798,gmina,04,KUJAWSKO-POMORSKIE,0409,mogileński,0409022,Jeziora Wielkie
wysokie ryzyko,3.0,3.0,3.0,3.0,0.0,0.0,gmina,04,KUJAWSKO-POMORSKIE,0409,mogileński,0409022,Jeziora Wielkie
niskie ryzyko,282.1136303265391,297.05032140482723,185.66125008123385,201.75822204333127,96.45238024530536,95.29209936149594,gmina,04,KUJAWSKO-POMORSKIE,0410,nakielski,0410033,Nakło nad Notecią
wysokie ryzyko,268.0028975190928,262.56717792013546,253.7686079073655,248.3328883084082,14.234289611727284,14.234289611727284,gmina,04,KUJAWSKO-POMORSKIE,0410,nakielski,0410033,Nakło nad Notecią
niskie ryzyko,293.0464524955668,337.2463317659049,230.14806477653548,274.2738605524948,62.898387719031334,62.97247121341016,gmina,04,KUJAWSKO-POMORSKIE,0410,nakielski,0410053,Szubin
wysokie ryzyko,242.42721080073613,286.4066070554152,137.81325966384094,183.4277587359838,104.61395113689522,102.97884831943138,gmina,04,KUJAWSKO-POMORSKIE,0410,nakielski,0410053,Szubin
niskie ryzyko,0.562352414530867,0.5603441932239777,0.5442875289267701,0.5422793076198807,0.0180648856040968,0.0180648856040968,gmina,04,KUJAWSKO-POMORSKIE,0411,radziejowski,0411022,Bytoń
wysokie ryzyko,0.5927753464950678,0.5927753464950678,0.5927753464950678,0.5927753464950678,0.0,0.0,gmina,04,KUJAWSKO-POMORSKIE,0411,radziejowski,0411022,Bytoń
niskie ryzyko,9.85030736360528,9.850307363605278,3.902193096010419,3.9021930960104183,5.94811426759486,5.9481142675948595,gmina,04,KUJAWSKO-POMORSKIE,0411,radziejowski,0411053,Piotrków Kujawski
wysokie ryzyko,1.8589272832303292,1.8589272832303292,1.8589272832303292,1.8589272832303292,0.0,0.0,gmina,04,KUJAWSKO-POMORSKIE,0411,radziejowski,0411053,Piotrków Kujawski
niskie ryzyko,11.154273081159786,11.154273081159786,0.0,0.0,11.154273081159786,11.154273081159786,gmina,04,KUJAWSKO-POMORSKIE,0411,radziejowski,0411062,Radziejów
niskie ryzyko,13.828945668502868,11.847726979841507,6.119675292527873,4.16300780962407,7.709270375974995,7.684719170217437,gmina,04,KUJAWSKO-POMORSKIE,0411,radziejowski,0411072,Topólka
wysokie ryzyko,0.0976262481451803,0.1866845699563976,0.0,0.0,0.0976262481451803,0.1866845699563976,gmina,04,KUJAWSKO-POMORSKIE,0411,radziejowski,0411072,Topólka
niskie ryzyko,1.1428571428571428,1.1428571428571428,0.0,0.0,1.1428571428571428,1.1428571428571428,gmina,04,KUJAWSKO-POMORSKIE,0412,rypiński,0412032,Rogowo
niskie ryzyko,17.14551662355242,14.948299730997656,17.14551662355242,14.948299730997656,0.0,0.0,gmina,04,KUJAWSKO-POMORSKIE,0412,rypiński,0412011,Rypin
niskie ryzyko,2.4375,2.424071196496681,0.0,0.0,2.4375,2.424071196496681,gmina,04,KUJAWSKO-POMORSKIE,0412,rypiński,0412042,Rypin
wysokie ryzyko,7.10220048263627,7.30530312227323,7.10220048263627,7.30530312227323,0.0,0.0,gmina,04,KUJAWSKO-POMORSKIE,0412,rypiński,0412011,Rypin
niskie ryzyko,20.09686582472203,20.05298066628795,9.91653154444749,9.872646386013407,10.180334280274542,10.180334280274542,gmina,04,KUJAWSKO-POMORSKIE,0412,rypiński,0412052,Skrwilno
niskie ryzyko,1.0,1.0,0.0,0.0,1.0,1.0,gmina,04,KUJAWSKO-POMORSKIE,0412,rypiński,0412062,Wąpielsk
niskie ryzyko,5.320812658782193,4.512541918423927,5.320812658782193,4.512541918423927,0.0,0.0,gmina,04,KUJAWSKO-POMORSKIE,0413,sępoleński,0413013,Kamień Krajeński
niskie ryzyko,23.5,24.042486046839528,1.0,1.0,22.5,23.042486046839528,gmina,04,KUJAWSKO-POMORSKIE,0415,toruński,0415032,Czernikowo
wysokie ryzyko,20.569767243535807,20.16290270840616,0.0,0.0,20.569767243535807,20.16290270840616,gmina,04,KUJAWSKO-POMORSKIE,0415,toruński,0415032,Czernikowo
niskie ryzyko,1147.226090544028,1223.3883585401384,676.9454585219546,659.7678610401022,470.2806320220733,563.6204975000362,gmina,04,KUJAWSKO-POMORSKIE,0415,toruński,0415042,Lubicz
wysokie ryzyko,872.1282668010712,837.2382806118612,607.9599634974182,586.7626586829814,264.168303303653,250.4756219288797,gmina,04,KUJAWSKO-POMORSKIE,0415,toruński,0415042,Lubicz
niskie ryzyko,388.01286651170926,386.1605151392028,0.0,0.0,388.01286651170926,386.1605151392028,gmina,04,KUJAWSKO-POMORSKIE,0415,toruński,0415072,Obrowo
wysokie ryzyko,568.1181444948635,568.4026580513172,0.0,0.0,568.1181444948635,568.4026580513172,gmina,04,KUJAWSKO-POMORSKIE,0415,toruński,0415072,Obrowo
niskie ryzyko,1278.1095147643246,1286.223347914634,791.0652253941146,781.264915470543,487.0442893702098,504.9584324440908,gmina,04,KUJAWSKO-POMORSKIE,0415,toruński,0415082,Wielka Nieszawka
wysokie ryzyko,958.2817231959626,961.082435187897,813.129925914393,825.2410954436178,145.15179728156974,135.8413397442792,gmina,04,KUJAWSKO-POMORSKIE,0415,toruński,0415082,Wielka Nieszawka
niskie ryzyko,1867.5549755137483,1825.60704188542,267.9611049114844,265.87659330924004,1599.593870602264,1559.7304485761802,gmina,04,KUJAWSKO-POMORSKIE,0415,toruński,0415092,Zławieś Wielka
wysokie ryzyko,1385.1362846155937,1343.7636302583244,99.98186366592851,99.98186366592851,1285.154420949665,1243.7817665923958,gmina,04,KUJAWSKO-POMORSKIE,0415,toruński,0415092,Zławieś Wielka
niskie ryzyko,10.090029776404798,9.821418106525286,4.787795961325137,4.787795961325137,5.302233815079661,5.03362214520015,gmina,04,KUJAWSKO-POMORSKIE,0416,tucholski,0416063,Tuchola
wysokie ryzyko,1.5661668799753328,1.1739435883420064,0.0,0.0,1.5661668799753328,1.1739435883420064,gmina,04,KUJAWSKO-POMORSKIE,0416,tucholski,0416063,Tuchola
niskie ryzyko,5.9841141913533145,5.9841141913533145,0.0,0.0,5.9841141913533145,5.9841141913533145,gmina,04,KUJAWSKO-POMORSKIE,0418,włocławski,0418022,Baruchowo
niskie ryzyko,3.707483391641868,3.707483391641868,0.0,0.0,3.707483391641868,3.707483391641868,gmina,04,KUJAWSKO-POMORSKIE,0418,włocławski,0418032,Boniewo
niskie ryzyko,54.08787911202479,53.96367570346422,35.1535092936037,35.02930588504313,18.93436981842109,18.93436981842109,gmina,04,KUJAWSKO-POMORSKIE,0418,włocławski,0418043,Brześć Kujawski
wysokie ryzyko,63.11311966706855,52.713037535964354,32.3023841392857,21.9023020081815,30.810735527782853,30.810735527782853,gmina,04,KUJAWSKO-POMORSKIE,0418,włocławski,0418043,Brześć Kujawski
niskie ryzyko,13.524706031125088,13.500941859378752,2.1672261627865836,2.1434619910402484,11.357479868338505,11.357479868338505,gmina,04,KUJAWSKO-POMORSKIE,0418,włocławski,0418052,Choceń
niskie ryzyko,0.3608436437082976,0.3608436437082976,0.0,0.0,0.3608436437082976,0.3608436437082976,gmina,04,KUJAWSKO-POMORSKIE,0418,włocławski,0418063,Chodecz
niskie ryzyko,35.11904761904762,35.11904761904762,0.0,0.0,35.11904761904762,35.11904761904762,gmina,04,KUJAWSKO-POMORSKIE,0418,włocławski,0418072,Fabianki
wysokie ryzyko,11.831406473988537,11.831406473988531,0.0,0.0,11.831406473988537,11.831406473988531,gmina,04,KUJAWSKO-POMORSKIE,0418,włocławski,0418072,Fabianki
niskie ryzyko,47.879190639670746,47.879190639670746,0.0,0.0,47.879190639670746,47.879190639670746,gmina,04,KUJAWSKO-POMORSKIE,0418,włocławski,0418092,Kowal
niskie ryzyko,4.980100896860987,4.747697365680821,4.0,4.0,0.9801008968609864,0.7476973656808217,gmina,04,KUJAWSKO-POMORSKIE,0418,włocławski,0418102,Lubanie
niskie ryzyko,48.0701300277861,37.53426530178052,22.265871595960128,11.730006869954554,25.804258431825968,25.80425843182597,gmina,04,KUJAWSKO-POMORSKIE,0418,włocławski,0418113,Lubień Kujawski
wysokie ryzyko,0.4162961610005335,0.4162961610005335,0.0,0.0,0.4162961610005335,0.4162961610005335,gmina,04,KUJAWSKO-POMORSKIE,0418,włocławski,0418113,Lubień Kujawski
niskie ryzyko,40.39481567003143,40.29057860857872,34.60420770885788,34.49997064740517,5.790607961173547,5.790607961173547,gmina,04,KUJAWSKO-POMORSKIE,0418,włocławski,0418123,Lubraniec
niskie ryzyko,336.2682955233348,333.5613346911085,6.146311826050798,5.860879016630756,330.121983697284,327.7004556744778,gmina,04,KUJAWSKO-POMORSKIE,0418,włocławski,0418132,Włocławek
wysokie ryzyko,315.1557179676293,315.3426506688979,0.0,0.0,315.1557179676293,315.3426506688979,gmina,04,KUJAWSKO-POMORSKIE,0418,włocławski,0418132,Włocławek
niskie ryzyko,1820.170415012714,1809.0697451039996,1284.210855074242,1279.7327047397123,535.9595599384722,529.3370403642871,gmina,04,KUJAWSKO-POMORSKIE,0414,świecki,0414022,Dragacz
wysokie ryzyko,1207.1941790863866,1215.2844659421598,901.5329927031652,868.518333724695,305.66118638322155,346.7661322174649,gmina,04,KUJAWSKO-POMORSKIE,0414,świecki,0414022,Dragacz
niskie ryzyko,3.5241547492570167,6.432478092005747,0.0,0.0,3.5241547492570167,6.432478092005747,gmina,04,KUJAWSKO-POMORSKIE,0414,świecki,0414032,Drzycim
niskie ryzyko,592.2663277809014,584.9666989444668,218.69031529849977,220.39186719072865,373.5760124824016,364.5748317537381,gmina,04,KUJAWSKO-POMORSKIE,0414,świecki,0414063,Nowe
wysokie ryzyko,189.02207025392244,198.52676754812512,52.65606436158582,52.65606436158582,136.3660058923366,145.8707031865393,gmina,04,KUJAWSKO-POMORSKIE,0414,świecki,0414063,Nowe
niskie ryzyko,0.798587517399288,0.798587517399288,0.0,0.0,0.798587517399288,0.798587517399288,gmina,04,KUJAWSKO-POMORSKIE,0414,świecki,0414072,Osie
niskie ryzyko,71.09890038725243,69.43571851265213,17.714285714285715,17.714285714285715,53.384614672966705,51.72143279836642,gmina,04,KUJAWSKO-POMORSKIE,0414,świecki,0414083,Pruszcz
wysokie ryzyko,5.0,5.0,5.0,5.0,0.0,0.0,gmina,04,KUJAWSKO-POMORSKIE,0414,świecki,0414083,Pruszcz
niskie ryzyko,177.16050038789103,178.27646191708698,122.51615049094902,123.63211202014494,54.64434989694202,54.64434989694202,gmina,04,KUJAWSKO-POMORSKIE,0414,świecki,0414112,Warlubie
wysokie ryzyko,60.48419114212148,59.93153482660594,38.08159373952408,37.52893742400854,22.4025974025974,22.4025974025974,gmina,04,KUJAWSKO-POMORSKIE,0414,świecki,0414112,Warlubie
niskie ryzyko,1076.4048593477005,1005.5789254892134,664.2903913213554,591.4466750732092,412.1144680263451,414.1322504160043,gmina,04,KUJAWSKO-POMORSKIE,0414,świecki,0414093,Świecie
wysokie ryzyko,1434.5404780289073,1476.0032091559126,1180.0674199895125,1223.9369723688037,254.47305803939477,252.0662367871089,gmina,04,KUJAWSKO-POMORSKIE,0414,świecki,0414093,Świecie
niskie ryzyko,282.8999705306153,204.1810882496879,69.66052603553989,28.304806219394735,213.23944449507545,175.87628203029317,gmina,04,KUJAWSKO-POMORSKIE,0419,żniński,0419013,Barcin
wysokie ryzyko,355.0861033871331,473.96738454458693,155.42706976391827,285.3035809366132,199.6590336232148,188.66380360797373,gmina,04,KUJAWSKO-POMORSKIE,0419,żniński,0419013,Barcin
niskie ryzyko,7.875028334738035,2.832867275798547,0.6114720199682264,0.6066882178332899,7.263556314769809,2.226179057965257,gmina,04,KUJAWSKO-POMORSKIE,0419,żniński,0419033,Janowiec Wielkopolski
niskie ryzyko,801.3911738777166,691.0191606978723,611.0547762969811,502.1586434349881,190.33639758073548,188.8605172628841,gmina,04,KUJAWSKO-POMORSKIE,0419,żniński,0419043,Łabiszyn
wysokie ryzyko,491.0871364304367,987.6079106200914,469.45844248316416,963.9076163788748,21.62869394727254,23.70029424121649,gmina,04,KUJAWSKO-POMORSKIE,0419,żniński,0419043,Łabiszyn
niskie ryzyko,110.17999348005846,87.89203481355878,91.62196464229896,69.33400597579929,18.558028837759498,18.558028837759498,gmina,04,KUJAWSKO-POMORSKIE,0419,żniński,0419063,Żnin
niskie ryzyko,148.91344226346237,131.24551781337507,49.6808247591151,42.13113954529677,99.23261750434726,89.1143782680783,gmina,06,LUBELSKIE,0661,Biała Podlaska,0661011,Biała Podlaska
wysokie ryzyko,30.567783787368864,39.944274926808774,30.567783787368864,39.944274926808774,0.0,0.0,gmina,06,LUBELSKIE,0661,Biała Podlaska,0661011,Biała Podlaska
niskie ryzyko,11.14964463154393,11.136507860809315,11.14964463154393,11.136507860809315,0.0,0.0,gmina,06,LUBELSKIE,0662,Chełm,0662011,Chełm
niskie ryzyko,1158.8151882899188,1033.3532579265575,1101.8153361794527,975.8312569275232,56.99985211046603,57.52200099903425,gmina,06,LUBELSKIE,0663,Lublin,0663011,Lublin
wysokie ryzyko,969.1529763926052,1887.5030480350545,961.7322158739544,1880.092158799606,7.420760518650757,7.410889235448461,gmina,06,LUBELSKIE,0663,Lublin,0663011,Lublin
niskie ryzyko,73.59409255854221,72.27847915300458,7.412924372427723,6.541850234313207,66.18116818611449,65.73662891869138,gmina,06,LUBELSKIE,0664,Zamość,0664011,Zamość
wysokie ryzyko,58.96270348951584,55.832787691426695,3.973328956397604,3.821824770352083,54.98937453311824,52.01096292107461,gmina,06,LUBELSKIE,0664,Zamość,0664011,Zamość
niskie ryzyko,5.046458226664082,4.978438952991619,0.0,0.0,5.046458226664082,4.978438952991619,gmina,06,LUBELSKIE,0601,bialski,0601032,Biała Podlaska
niskie ryzyko,95.61997367449196,89.41143584495681,7.675681412878534,5.567261058701682,87.94429226161344,83.84417478625514,gmina,06,LUBELSKIE,0601,bialski,0601053,Janów Podlaski
wysokie ryzyko,21.45831343146466,25.38817196149699,0.0,0.0,21.45831343146466,25.38817196149699,gmina,06,LUBELSKIE,0601,bialski,0601053,Janów Podlaski
niskie ryzyko,83.37056032316441,82.14887289760449,64.85369360363102,63.632006178071094,18.5168667195334,18.5168667195334,gmina,06,LUBELSKIE,0601,bialski,0601062,Kodeń
wysokie ryzyko,31.538845283443937,31.501771132031845,21.368517980744837,21.33144382933275,10.170327302699096,10.170327302699096,gmina,06,LUBELSKIE,0601,bialski,0601062,Kodeń
niskie ryzyko,19.03764684060567,19.466037011235304,19.03764684060567,19.466037011235304,0.0,0.0,gmina,06,LUBELSKIE,0601,bialski,0601072,Konstantynów
wysokie ryzyko,28.49690747101765,28.477358044380413,28.49690747101765,28.477358044380413,0.0,0.0,gmina,06,LUBELSKIE,0601,bialski,0601072,Konstantynów
niskie ryzyko,4.605056021860822,4.605056021860822,4.605056021860822,4.605056021860822,0.0,0.0,gmina,06,LUBELSKIE,0601,bialski,0601102,Międzyrzec Podlaski
niskie ryzyko,143.21051405506205,217.1746567998292,143.21051405506205,217.1746567998292,0.0,0.0,gmina,06,LUBELSKIE,0601,bialski,0601011,Międzyrzec Podlaski
wysokie ryzyko,3.573317598644397,1.008219818140259,3.573317598644397,1.008219818140259,0.0,0.0,gmina,06,LUBELSKIE,0601,bialski,0601011,Międzyrzec Podlaski
niskie ryzyko,65.5011826894697,64.92848500102366,36.06318689734678,35.788621536094254,29.437995792122926,29.139863464929412,gmina,06,LUBELSKIE,0601,bialski,0601122,Rokitno
wysokie ryzyko,37.186545309073544,36.698277414280994,37.186545309073544,36.698277414280994,0.0,0.0,gmina,06,LUBELSKIE,0601,bialski,0601122,Rokitno
niskie ryzyko,263.2012331827653,257.8491442207552,114.96142995644357,113.2781357566822,148.23980322632178,144.57100846407303,gmina,06,LUBELSKIE,0601,bialski,0601142,Sławatycze
wysokie ryzyko,150.45819012269854,154.12617663173046,65.4791747017728,65.47917470177279,84.97901542092575,88.64700192995767,gmina,06,LUBELSKIE,0601,bialski,0601142,Sławatycze
niskie ryzyko,911.2253751389773,875.5893975696728,890.8286400657685,846.009892403368,20.396735073208777,29.57950516630474,gmina,06,LUBELSKIE,0601,bialski,0601021,Terespol
niskie ryzyko,431.0748956090158,428.8928371450712,188.66684746979175,187.5182966033383,242.4080481392241,241.3745405417329,gmina,06,LUBELSKIE,0601,bialski,0601162,Terespol
wysokie ryzyko,2171.440717602027,2256.2544196907374,2163.258563944787,2242.149502601923,8.182153657239697,14.104917088814506,gmina,06,LUBELSKIE,0601,bialski,0601021,Terespol
wysokie ryzyko,418.5616815996452,418.68413713276914,208.52052215493143,209.0330540339122,210.0411594447138,209.65108309885696,gmina,06,LUBELSKIE,0601,bialski,0601162,Terespol
niskie ryzyko,17.62347815045067,17.606294844344138,17.62347815045067,17.606294844344138,0.0,0.0,gmina,06,LUBELSKIE,0601,bialski,0601192,Zalesie
wysokie ryzyko,2.882658590150106,2.882658590150106,2.882658590150106,2.882658590150106,0.0,0.0,gmina,06,LUBELSKIE,0601,bialski,0601192,Zalesie
niskie ryzyko,11.454979522477208,11.454979522477208,10.39882302458909,10.39882302458909,1.056156497888121,1.056156497888121,gmina,06,LUBELSKIE,0602,biłgorajski,0602042,Biszcza
wysokie ryzyko,4.8110094702147554,4.8110094702147554,4.8110094702147554,4.8110094702147554,0.0,0.0,gmina,06,LUBELSKIE,0602,biłgorajski,0602042,Biszcza
niskie ryzyko,273.0599912063578,239.6835940789373,173.77763913879812,150.09003568084918,99.28235206755969,89.59355839808809,gmina,06,LUBELSKIE,0602,biłgorajski,0602032,Biłgoraj
niskie ryzyko,624.9044636677876,600.7861388233362,624.1251914909697,600.0068666465182,0.7792721768179366,0.7792721768179367,gmina,06,LUBELSKIE,0602,biłgorajski,0602011,Biłgoraj
wysokie ryzyko,216.34135268319693,146.15149193299573,184.4846280316117,114.32959282733678,31.85672465158525,31.821899105658943,gmina,06,LUBELSKIE,0602,biłgorajski,0602011,Biłgoraj
wysokie ryzyko,53.03286643691025,53.03286643691024,34.868258101241885,34.86825810124188,18.164608335668365,18.164608335668365,gmina,06,LUBELSKIE,0602,biłgorajski,0602032,Biłgoraj
niskie ryzyko,36.06530305724173,35.85880920744896,25.36485323930748,25.15835938951471,10.700449817934246,10.700449817934246,gmina,06,LUBELSKIE,0602,biłgorajski,0602053,Frampol
niskie ryzyko,28.70462810776092,26.8718955826227,28.70462810776092,26.8718955826227,0.0,0.0,gmina,06,LUBELSKIE,0602,biłgorajski,0602063,Goraj
niskie ryzyko,84.55543624279136,92.21407174896711,29.021972848774247,36.55889341908555,55.53346339401712,55.65517832988156,gmina,06,LUBELSKIE,0602,biłgorajski,0602082,Księżpol
wysokie ryzyko,59.75645595773449,59.75645595773449,10.951733064863449,10.951733064863449,48.80472289287104,48.80472289287104,gmina,06,LUBELSKIE,0602,biłgorajski,0602082,Księżpol
niskie ryzyko,1.0,1.0,0.0,0.0,1.0,1.0,gmina,06,LUBELSKIE,0602,biłgorajski,0602102,Obsza
niskie ryzyko,90.43096376773003,89.35653368032152,50.223170037634645,49.14873995022613,40.2077937300954,40.20779373009539,gmina,06,LUBELSKIE,0602,biłgorajski,0602092,Łukowa
wysokie ryzyko,23.60789119673372,23.60789119673372,11.592092943188955,11.592092943188955,12.015798253544762,12.015798253544762,gmina,06,LUBELSKIE,0602,biłgorajski,0602092,Łukowa
niskie ryzyko,25.02623314683113,20.68964912195281,7.013302832822889,5.710799362516438,18.012930314008244,14.978849759436375,gmina,06,LUBELSKIE,0603,chełmski,0603032,Chełm
niskie ryzyko,61.82941331719982,61.82941331719983,36.8163717001279,36.8163717001279,25.01304161707192,25.013041617071924,gmina,06,LUBELSKIE,0603,chełmski,0603042,Dorohusk
wysokie ryzyko,5.00999105096049,5.00999105096049,5.00999105096049,5.00999105096049,0.0,0.0,gmina,06,LUBELSKIE,0603,chełmski,0603042,Dorohusk
niskie ryzyko,14.357952427436151,14.212932877183832,13.318298260293131,13.173278710040812,1.0396541671430206,1.0396541671430208,gmina,06,LUBELSKIE,0603,chełmski,0603052,Dubienka
niskie ryzyko,3.3333333333333335,3.333333333333333,3.3333333333333335,3.333333333333333,0.0,0.0,gmina,06,LUBELSKIE,0603,chełmski,0603082,Rejowiec Fabryczny
niskie ryzyko,12.737926332315038,14.62746878099734,4.9565507490428455,6.846093197725145,7.781375583272193,7.781375583272194,gmina,06,LUBELSKIE,0603,chełmski,0603092,Ruda-Huta
wysokie ryzyko,2.353608174251736,2.353608174251736,0.0,0.0,2.353608174251736,2.353608174251736,gmina,06,LUBELSKIE,0603,chełmski,0603092,Ruda-Huta
niskie ryzyko,20.77207525212272,21.52239750202826,20.77207525212272,21.52239750202826,0.0,0.0,gmina,06,LUBELSKIE,0603,chełmski,0603122,Wierzbica
wysokie ryzyko,9.105312121640385,9.019342046545804,9.105312121640385,9.019342046545804,0.0,0.0,gmina,06,LUBELSKIE,0603,chełmski,0603122,Wierzbica
niskie ryzyko,1.4707241859802176,1.4443899084235747,1.4707241859802176,1.4443899084235747,0.0,0.0,gmina,06,LUBELSKIE,0603,chełmski,0603132,Wojsławice
niskie ryzyko,10.189164027056185,10.189164027056188,0.0,0.0,10.189164027056185,10.189164027056188,gmina,06,LUBELSKIE,0604,hrubieszowski,0604022,Dołhobyczów
niskie ryzyko,89.45745233546572,85.05919746724393,37.135392356271275,35.96340855406476,52.32205997919445,49.09578891317916,gmina,06,LUBELSKIE,0604,hrubieszowski,0604032,Horodło
wysokie ryzyko,4.09815183704698,3.196761487092072,4.09815183704698,3.196761487092072,0.0,0.0,gmina,06,LUBELSKIE,0604,hrubieszowski,0604032,Horodło
niskie ryzyko,265.9684402315456,233.99929292443707,265.9684402315456,233.99929292443707,0.0,0.0,gmina,06,LUBELSKIE,0604,hrubieszowski,0604011,Hrubieszów
niskie ryzyko,33.61361553715907,33.24633110080008,14.06066995251775,14.06066995251775,19.55294558464132,19.18566114828233,gmina,06,LUBELSKIE,0604,hrubieszowski,0604042,Hrubieszów
wysokie ryzyko,135.73762219916767,128.10396828572706,135.73762219916767,128.10396828572706,0.0,0.0,gmina,06,LUBELSKIE,0604,hrubieszowski,0604011,Hrubieszów
niskie ryzyko,8.978342238336918,5.794932185654208,8.978342238336918,5.794932185654208,0.0,0.0,gmina,06,LUBELSKIE,0604,hrubieszowski,0604052,Mircze
wysokie ryzyko,1.7702522196904222,1.7702522196904222,1.7702522196904222,1.7702522196904222,0.0,0.0,gmina,06,LUBELSKIE,0604,hrubieszowski,0604052,Mircze
niskie ryzyko,86.86316570496777,85.63997097407227,50.11497647296375,50.18421316697861,36.748189232004016,35.45575780709366,gmina,06,LUBELSKIE,0604,hrubieszowski,0604082,Werbkowice
wysokie ryzyko,15.558480702137542,13.062326619573218,9.458628141374035,6.962474058809713,6.099852560763505,6.099852560763505,gmina,06,LUBELSKIE,0604,hrubieszowski,0604082,Werbkowice
niskie ryzyko,6.908017907987593,6.908017907987592,6.908017907987593,6.908017907987592,0.0,0.0,gmina,06,LUBELSKIE,0605,janowski,0605012,Batorz
niskie ryzyko,102.694485546954,138.63078054087063,102.694485546954,138.63078054087063,0.0,0.0,gmina,06,LUBELSKIE,0605,janowski,0605022,Chrzanów
wysokie ryzyko,25.19573491833016,19.1266114971889,25.19573491833016,19.1266114971889,0.0,0.0,gmina,06,LUBELSKIE,0605,janowski,0605022,Chrzanów
niskie ryzyko,9.128752388170469,6.8056474646871585,9.128752388170469,6.8056474646871585,0.0,0.0,gmina,06,LUBELSKIE,0605,janowski,0605042,Godziszów
wysokie ryzyko,5.831116472685776,5.831116472685775,5.831116472685776,5.831116472685775,0.0,0.0,gmina,06,LUBELSKIE,0605,janowski,0605042,Godziszów
niskie ryzyko,150.82575584653793,166.05132033949275,100.78307700493224,117.76342342529038,50.04267884160568,48.28789691420236,gmina,06,LUBELSKIE,0605,janowski,0605053,Janów Lubelski
wysokie ryzyko,75.73939889091646,73.57694543014426,75.73939889091646,73.57694543014426,0.0,0.0,gmina,06,LUBELSKIE,0605,janowski,0605053,Janów Lubelski
niskie ryzyko,8.986903376963525,8.457352208804409,8.986903376963525,8.457352208804409,0.0,0.0,gmina,06,LUBELSKIE,0606,krasnostawski,0606032,Gorzków
niskie ryzyko,114.55264316149486,107.1844828631696,111.95264316149483,104.5844828631696,2.6,2.6,gmina,06,LUBELSKIE,0606,krasnostawski,0606043,Izbica
wysokie ryzyko,129.9501396572027,123.946409490007,129.9501396572027,123.946409490007,0.0,0.0,gmina,06,LUBELSKIE,0606,krasnostawski,0606043,Izbica
niskie ryzyko,336.3621144544795,301.54645048892,246.6366431270037,213.2204539659193,89.72547132747583,88.32599652300077,gmina,06,LUBELSKIE,0606,krasnostawski,0606011,Krasnystaw
niskie ryzyko,29.121074832449096,22.807270231714448,15.017632468336554,14.170316717673796,14.103442364112544,8.636953514040652,gmina,06,LUBELSKIE,0606,krasnostawski,0606052,Krasnystaw
wysokie ryzyko,301.3627563071845,326.0927316235902,272.87481401527356,297.6047893316793,28.48794229191095,28.48794229191095,gmina,06,LUBELSKIE,0606,krasnostawski,0606011,Krasnystaw
niskie ryzyko,3.235364786330142,2.7008864997946307,3.235364786330142,2.7008864997946307,0.0,0.0,gmina,06,LUBELSKIE,0606,krasnostawski,0606062,Kraśniczyn
niskie ryzyko,9.856764767095482,9.856764767095482,9.856764767095482,9.856764767095482,0.0,0.0,gmina,06,LUBELSKIE,0606,krasnostawski,0606072,Łopiennik Górny
niskie ryzyko,18.786246938069254,18.64866951259393,18.24814181341013,18.1105643879348,0.5381051246591283,0.5381051246591283,gmina,06,LUBELSKIE,0606,krasnostawski,0606112,Żółkiewka
niskie ryzyko,493.6113262885327,498.37478051650777,403.64100022143384,408.0568299168468,89.97032606709894,90.317950599661,gmina,06,LUBELSKIE,0607,kraśnicki,0607023,Annopol
wysokie ryzyko,479.2349702805263,464.7678887121161,397.20876168908694,382.74168012067673,82.02620859143929,82.0262085914393,gmina,06,LUBELSKIE,0607,kraśnicki,0607023,Annopol
niskie ryzyko,84.44301589930292,81.89226323621693,64.0255831122596,61.49509802665449,20.41743278704332,20.39716520956243,gmina,06,LUBELSKIE,0607,kraśnicki,0607032,Dzierzkowice
wysokie ryzyko,33.58582490572357,34.90587217954278,23.054710449857723,24.43003516213893,10.531114455865843,10.475837017403858,gmina,06,LUBELSKIE,0607,kraśnicki,0607032,Dzierzkowice
niskie ryzyko,121.7201654611498,102.7998437080802,118.59518911680912,99.67486736373952,3.124976344340701,3.124976344340701,gmina,06,LUBELSKIE,0607,kraśnicki,0607011,Kraśnik
niskie ryzyko,72.53816697888873,70.2150950110714,33.99498676771062,33.362631086533455,38.54318021117812,36.85246392453796,gmina,06,LUBELSKIE,0607,kraśnicki,0607052,Kraśnik
wysokie ryzyko,145.9817017028366,142.312849309821,145.9817017028366,142.312849309821,0.0,0.0,gmina,06,LUBELSKIE,0607,kraśnicki,0607011,Kraśnik
wysokie ryzyko,14.132921321104464,14.132921321104464,14.132921321104464,14.132921321104464,0.0,0.0,gmina,06,LUBELSKIE,0607,kraśnicki,0607052,Kraśnik
niskie ryzyko,49.93520517848911,49.82049700927307,28.476120073928023,28.402986206563945,21.459085104561087,21.41751080270912,gmina,06,LUBELSKIE,0607,kraśnicki,0607102,Zakrzówek
wysokie ryzyko,4.836117291464963,4.836117291464963,4.836117291464963,4.836117291464963,0.0,0.0,gmina,06,LUBELSKIE,0607,kraśnicki,0607102,Zakrzówek
niskie ryzyko,193.83543260882573,185.4069944068147,105.17238072982634,104.6164667043059,88.6630518789994,80.7905277025088,gmina,06,LUBELSKIE,0608,lubartowski,0608032,Firlej
wysokie ryzyko,42.67343952251151,46.47973181037767,28.978506654676252,32.78479894254242,13.694932867835254,13.694932867835252,gmina,06,LUBELSKIE,0608,lubartowski,0608032,Firlej
niskie ryzyko,139.92762654991247,134.1373812965743,134.88820020329302,129.09795494995484,5.039426346619438,5.039426346619439,gmina,06,LUBELSKIE,0608,lubartowski,0608042,Jeziorzany
wysokie ryzyko,83.17715712337416,75.60102828610427,83.17715712337416,75.60102828610427,0.0,0.0,gmina,06,LUBELSKIE,0608,lubartowski,0608042,Jeziorzany
niskie ryzyko,25.611819896685898,25.611819896685898,25.611819896685898,25.611819896685898,0.0,0.0,gmina,06,LUBELSKIE,0608,lubartowski,0608053,Kamionka
wysokie ryzyko,2.148155726499646,2.148155726499646,2.148155726499646,2.148155726499646,0.0,0.0,gmina,06,LUBELSKIE,0608,lubartowski,0608053,Kamionka
niskie ryzyko,73.63289425601846,73.60181918875126,67.02077043208378,66.98969536481658,6.612123823934679,6.612123823934679,gmina,06,LUBELSKIE,0608,lubartowski,0608063,Kock
wysokie ryzyko,1.4216915108028432,1.4216915108028432,1.4216915108028432,1.4216915108028432,0.0,0.0,gmina,06,LUBELSKIE,0608,lubartowski,0608063,Kock
niskie ryzyko,16.146948439600074,16.146948439600074,13.299908149127123,13.299908149127123,2.8470402904729477,2.8470402904729477,gmina,06,LUBELSKIE,0608,lubartowski,0608011,Lubartów
niskie ryzyko,158.6009149447219,152.31944307720315,153.8678109008599,147.5863390333411,4.733104043862022,4.733104043862023,gmina,06,LUBELSKIE,0608,lubartowski,0608072,Lubartów
wysokie ryzyko,29.55876469762425,28.98392286056382,29.55876469762425,28.98392286056382,0.0,0.0,gmina,06,LUBELSKIE,0608,lubartowski,0608072,Lubartów
wysokie ryzyko,4.667265281917146,4.667265281917146,4.667265281917146,4.667265281917146,0.0,0.0,gmina,06,LUBELSKIE,0608,lubartowski,0608011,Lubartów
niskie ryzyko,26.191132231425183,26.191132231425183,17.89232958048471,17.89232958048471,8.298802650940473,8.298802650940473,gmina,06,LUBELSKIE,0608,lubartowski,0608082,Michów
wysokie ryzyko,1.422742462734814,1.422742462734814,1.422742462734814,1.422742462734814,0.0,0.0,gmina,06,LUBELSKIE,0608,lubartowski,0608082,Michów
niskie ryzyko,49.614121054693626,49.25776241420919,45.657981590703,45.301622950218565,3.956139463990621,3.956139463990621,gmina,06,LUBELSKIE,0608,lubartowski,0608092,Niedźwiada
niskie ryzyko,17.03920987763229,16.634215572919935,1.7494770788253808,1.3444827741130272,15.289732798806906,15.289732798806906,gmina,06,LUBELSKIE,0608,lubartowski,0608103,Ostrów Lubelski
niskie ryzyko,78.35204543020896,72.68591705575844,51.71237247857589,46.21148261035927,26.639672951633084,26.474434445399176,gmina,06,LUBELSKIE,0608,lubartowski,0608112,Ostrówek
wysokie ryzyko,35.09600452579975,33.08920233584771,18.493963709473217,16.487161519521173,16.602040816326532,16.602040816326532,gmina,06,LUBELSKIE,0608,lubartowski,0608112,Ostrówek
niskie ryzyko,34.050441878477365,33.551430567101086,34.050441878477365,33.551430567101086,0.0,0.0,gmina,06,LUBELSKIE,0608,lubartowski,0608122,Serniki
niskie ryzyko,29.96125902471579,28.330184525192696,25.31652218261053,23.685447683087432,4.644736842105263,4.644736842105263,gmina,06,LUBELSKIE,0609,lubelski,0609022,Borzechów
niskie ryzyko,5.122621443663785,5.025735307678081,3.7049598752824746,3.704959875282474,1.4176615683813116,1.3207754323956071,gmina,06,LUBELSKIE,0609,lubelski,0609042,Garbów
niskie ryzyko,21.69799860406087,13.476817493232366,21.69799860406087,13.476817493232366,0.0,0.0,gmina,06,LUBELSKIE,0609,lubelski,0609052,Głusk
wysokie ryzyko,5.089206763421863,7.303261124580452,5.089206763421863,7.303261124580452,0.0,0.0,gmina,06,LUBELSKIE,0609,lubelski,0609052,Głusk
niskie ryzyko,26.484316897810153,26.484316897810153,18.962101346356793,18.962101346356793,7.52221555145336,7.522215551453359,gmina,06,LUBELSKIE,0609,lubelski,0609092,Krzczonów
niskie ryzyko,0.1558750336100321,0.1558750336100321,0.0,0.0,0.1558750336100321,0.1558750336100321,gmina,06,LUBELSKIE,0609,lubelski,0609102,Niedrzwica Duża
niskie ryzyko,39.596587293597295,34.17567243334397,34.063536023885376,31.822771824325372,5.533051269711917,2.352900609018596,gmina,06,LUBELSKIE,0609,lubelski,0609122,Strzyżewice
wysokie ryzyko,5.821907378674338,1.051681387634356,5.821907378674338,1.051681387634356,0.0,0.0,gmina,06,LUBELSKIE,0609,lubelski,0609122,Strzyżewice
niskie ryzyko,9.306729447643024,9.306729447643026,0.0,0.0,9.306729447643024,9.306729447643026,gmina,06,LUBELSKIE,0609,lubelski,0609132,Wojciechów
wysokie ryzyko,0.4200378279144678,0.4200378279144678,0.0,0.0,0.4200378279144678,0.4200378279144678,gmina,06,LUBELSKIE,0609,lubelski,0609132,Wojciechów
niskie ryzyko,40.64162135220669,42.68100541985948,40.64162135220669,42.68100541985948,0.0,0.0,gmina,06,LUBELSKIE,0609,lubelski,0609152,Wysokie
wysokie ryzyko,39.69564795209062,39.69564795209061,39.69564795209062,39.69564795209061,0.0,0.0,gmina,06,LUBELSKIE,0609,lubelski,0609152,Wysokie
niskie ryzyko,11.14926062925353,10.411617012444804,9.148236673450318,8.410593056641593,2.00102395580321,2.00102395580321,gmina,06,LUBELSKIE,0609,lubelski,0609142,Wólka
wysokie ryzyko,18.858851229398393,18.858851229398393,7.24277561765769,7.24277561765769,11.616075611740705,11.616075611740705,gmina,06,LUBELSKIE,0609,lubelski,0609142,Wólka
niskie ryzyko,0.0430322353930911,0.0430322353930911,0.0430322353930911,0.0430322353930911,0.0,0.0,gmina,06,LUBELSKIE,0609,lubelski,0609162,Zakrzew
wysokie ryzyko,0.8,0.8,0.0,0.0,0.8,0.8,gmina,06,LUBELSKIE,0609,lubelski,0609162,Zakrzew
niskie ryzyko,41.601473957538595,40.32534084163123,35.880139154888866,34.6040060389815,5.721334802649731,5.721334802649731,gmina,06,LUBELSKIE,0612,opolski,0612012,Chodel
wysokie ryzyko,78.883194907556,75.75150837227953,78.883194907556,75.75150837227953,0.0,0.0,gmina,06,LUBELSKIE,0612,opolski,0612012,Chodel
niskie ryzyko,114.63881088589014,112.55775297696508,72.18683690383244,70.1173633317935,42.451973982057694,42.44038964517158,gmina,06,LUBELSKIE,0612,opolski,0612023,Józefów nad Wisłą
wysokie ryzyko,199.03563692069915,199.03563692069915,127.63064686346794,127.63064686346794,71.4049900572312,71.4049900572312,gmina,06,LUBELSKIE,0612,opolski,0612023,Józefów nad Wisłą
niskie ryzyko,8.142857142857142,8.142857142857144,3.142857142857143,3.142857142857143,5.0,5.000000000000001,gmina,06,LUBELSKIE,0612,opolski,0612032,Karczmiska
wysokie ryzyko,9.61904761904762,9.61904761904762,9.61904761904762,9.61904761904762,0.0,0.0,gmina,06,LUBELSKIE,0612,opolski,0612032,Karczmiska
niskie ryzyko,0.1290040330896833,0.1290040330896832,0.0,0.0,0.1290040330896833,0.1290040330896832,gmina,06,LUBELSKIE,0612,opolski,0612053,Opole Lubelskie
wysokie ryzyko,3.4930839668237024,3.4930839668237024,1.0937246259134668,1.0937246259134668,2.3993593409102356,2.3993593409102356,gmina,06,LUBELSKIE,0612,opolski,0612053,Opole Lubelskie
niskie ryzyko,1703.053545751329,1707.4265708339512,541.7252214991912,545.7054149582617,1161.328324252138,1161.7211558756896,gmina,06,LUBELSKIE,0612,opolski,0612072,Wilków
wysokie ryzyko,1425.0371148020515,1422.8048998816605,580.1364845685923,580.2395760354559,844.9006302334595,842.5653238462047,gmina,06,LUBELSKIE,0612,opolski,0612072,Wilków
niskie ryzyko,1160.266596215746,1168.8336947750795,875.5976610739768,881.9174092643694,284.66893514176905,286.91628551071034,gmina,06,LUBELSKIE,0612,opolski,0612042,Łaziska
wysokie ryzyko,1384.1450888014997,1373.1736060367018,1180.909440289507,1172.2310563292067,203.2356485119928,200.94254970749495,gmina,06,LUBELSKIE,0612,opolski,0612042,Łaziska
niskie ryzyko,0.5261511057084739,0.5261511057084739,0.5261511057084739,0.5261511057084739,0.0,0.0,gmina,06,LUBELSKIE,0613,parczewski,0613012,Dębowa Kłoda
niskie ryzyko,42.3627448466195,35.18525983562379,41.79473481323068,34.880586274993455,0.5680100333888138,0.3046735606303332,gmina,06,LUBELSKIE,0613,parczewski,0613043,Parczew
wysokie ryzyko,14.640566717740017,12.90717870392128,14.640566717740017,12.90717870392128,0.0,0.0,gmina,06,LUBELSKIE,0613,parczewski,0613043,Parczew
niskie ryzyko,6.05010719205555,6.05010719205555,6.05010719205555,6.05010719205555,0.0,0.0,gmina,06,LUBELSKIE,0613,parczewski,0613062,Siemień
niskie ryzyko,11.165265460607404,11.165265460607404,11.165265460607404,11.165265460607404,0.0,0.0,gmina,06,LUBELSKIE,0614,puławski,0614022,Baranów
wysokie ryzyko,11.030068051540194,11.030068051540194,11.030068051540194,11.030068051540194,0.0,0.0,gmina,06,LUBELSKIE,0614,puławski,0614022,Baranów
niskie ryzyko,147.42049707275993,146.00826034142543,97.1687142511437,95.75647751980922,50.251782821616224,50.251782821616224,gmina,06,LUBELSKIE,0614,puławski,0614032,Janowiec
wysokie ryzyko,324.37362126797586,304.4065851524775,261.14560400929815,247.7592981922677,63.22801725867772,56.64728696020975,gmina,06,LUBELSKIE,0614,puławski,0614032,Janowiec
niskie ryzyko,341.2579057456196,309.6653718524373,232.0880403372556,202.00644072234667,109.16986540836396,107.65893113009062,gmina,06,LUBELSKIE,0614,puławski,0614043,Kazimierz Dolny
wysokie ryzyko,598.7829296596958,593.3289866865097,451.7120178080218,430.32799371954087,147.07091185167403,163.00099296696885,gmina,06,LUBELSKIE,0614,puławski,0614043,Kazimierz Dolny
niskie ryzyko,77.18305292643112,76.60234983411536,75.92967920683995,75.34897611452419,1.253373719591163,1.253373719591163,gmina,06,LUBELSKIE,0614,puławski,0614053,Końskowola
wysokie ryzyko,140.15847813787062,140.15847813787062,139.81178874873513,139.81178874873513,0.3466893891354893,0.3466893891354893,gmina,06,LUBELSKIE,0614,puławski,0614053,Końskowola
niskie ryzyko,18.096173621682144,17.863097536704057,17.593660664161668,17.360584579183577,0.5025129575204781,0.5025129575204781,gmina,06,LUBELSKIE,0614,puławski,0614063,Kurów
wysokie ryzyko,1.737442356377238,1.6854635672992375,1.737442356377238,1.6854635672992375,0.0,0.0,gmina,06,LUBELSKIE,0614,puławski,0614063,Kurów
niskie ryzyko,17.065585826930583,26.20828468199895,17.065585826930583,26.20828468199895,0.0,0.0,gmina,06,LUBELSKIE,0614,puławski,0614072,Markuszów
niskie ryzyko,27.252623273667687,35.612485747340024,24.5236576087,9.18879321830647,2.7289656649676868,26.42369252903355,gmina,06,LUBELSKIE,0614,puławski,0614083,Nałęczów
wysokie ryzyko,3.5009212048864393,10.101711924036676,3.5009212048864393,10.101711924036676,0.0,0.0,gmina,06,LUBELSKIE,0614,puławski,0614083,Nałęczów
niskie ryzyko,639.8818159697927,766.3267070541917,620.7954819853026,747.2403730697016,19.086333984490125,19.086333984490125,gmina,06,LUBELSKIE,0614,puławski,0614011,Puławy
niskie ryzyko,2078.53298814766,1969.134929079969,1697.726800405512,1588.218064188032,380.8061877421477,380.9168648919367,gmina,06,LUBELSKIE,0614,puławski,0614092,Puławy
wysokie ryzyko,1206.9203162302629,1202.2925881834994,1180.4540945759202,1180.9273557026866,26.46622165434265,21.36523248081284,gmina,06,LUBELSKIE,0614,puławski,0614011,Puławy
wysokie ryzyko,3172.060582836527,3146.833685826159,2708.154903603572,2684.3824451698065,463.90567923295504,462.45124065635247,gmina,06,LUBELSKIE,0614,puławski,0614092,Puławy
niskie ryzyko,161.95599918327147,185.95877399694223,142.2005248200175,168.85414893745934,19.755474363253946,17.104625059482913,gmina,06,LUBELSKIE,0614,puławski,0614103,Wąwolnica
wysokie ryzyko,67.14981713526909,61.87141119514803,67.14981713526909,61.87141119514803,0.0,0.0,gmina,06,LUBELSKIE,0614,puławski,0614103,Wąwolnica
niskie ryzyko,133.64277641140046,131.60145498594034,102.0465623546021,101.1933325211409,31.596214056798363,30.40812246479942,gmina,06,LUBELSKIE,0614,puławski,0614112,Żyrzyn
wysokie ryzyko,131.02830678813666,130.45217396372234,124.90467093234192,124.3285381079276,6.1236358557947455,6.1236358557947455,gmina,06,LUBELSKIE,0614,puławski,0614112,Żyrzyn
niskie ryzyko,8.153031722833848,8.153031722833848,8.153031722833848,8.153031722833848,0.0,0.0,gmina,06,LUBELSKIE,0615,radzyński,0615022,Borki
niskie ryzyko,8.508666076401939,8.589041316838436,2.09782121723425,2.178196457670748,6.410844859167689,6.410844859167689,gmina,06,LUBELSKIE,0615,radzyński,0615033,Czemierniki
niskie ryzyko,6.628981346774937,6.628981346774937,6.628981346774937,6.628981346774937,0.0,0.0,gmina,06,LUBELSKIE,0615,radzyński,0615072,Ulan-Majorat
niskie ryzyko,2101.7785169157246,2307.430520870434,2008.3299784074793,2220.366699638385,93.44853850824516,87.06382123204872,gmina,06,LUBELSKIE,0616,rycki,0616011,Dęblin
wysokie ryzyko,5767.922399255004,5703.480522212608,5322.421733303397,5291.86657978391,445.5006659516078,411.61394242869727,gmina,06,LUBELSKIE,0616,rycki,0616011,Dęblin
niskie ryzyko,7.737624880649197,7.70171791760106,7.737624880649197,7.70171791760106,0.0,0.0,gmina,06,LUBELSKIE,0616,rycki,0616022,Kłoczew
niskie ryzyko,226.66443505291116,205.1293612435985,226.66443505291116,205.1293612435985,0.0,0.0,gmina,06,LUBELSKIE,0616,rycki,0616043,Ryki
wysokie ryzyko,220.54495037399028,159.70495825234664,220.54495037399028,159.70495825234664,0.0,0.0,gmina,06,LUBELSKIE,0616,rycki,0616043,Ryki
niskie ryzyko,489.6235923592177,466.2818155742589,451.9707523980392,427.3573902931099,37.6528399611784,38.92442528114902,gmina,06,LUBELSKIE,0616,rycki,0616052,Stężyca
wysokie ryzyko,623.7404749830581,610.1593171378036,566.7837002484084,553.9049526419584,56.95677473464975,56.25436449584507,gmina,06,LUBELSKIE,0616,rycki,0616052,Stężyca
niskie ryzyko,121.4281107316428,122.59043380852154,99.314350674651,99.51735411831729,22.11376005699176,23.07307969020427,gmina,06,LUBELSKIE,0616,rycki,0616062,Ułęż
wysokie ryzyko,54.95963185403154,54.95963185403154,46.069275482265255,46.06927548226525,8.890356371766295,8.890356371766295,gmina,06,LUBELSKIE,0616,rycki,0616062,Ułęż
niskie ryzyko,2.314350375203483,2.314350375203483,2.314350375203483,2.314350375203483,0.0,0.0,gmina,06,LUBELSKIE,0618,tomaszowski,0618032,Jarczów
niskie ryzyko,6.829661349771127,6.829661349771127,2.93014469308184,2.93014469308184,3.899516656689287,3.899516656689287,gmina,06,LUBELSKIE,0618,tomaszowski,0618082,Susiec
wysokie ryzyko,0.2227749053051317,0.2227749053051316,0.0,0.0,0.2227749053051317,0.2227749053051316,gmina,06,LUBELSKIE,0618,tomaszowski,0618082,Susiec
niskie ryzyko,2.411355720575672,2.411355720575672,0.0,0.0,2.411355720575672,2.411355720575672,gmina,06,LUBELSKIE,0618,tomaszowski,0618092,Tarnawatka
niskie ryzyko,8.781402749968152,8.781402749968152,1.8119249688108252,1.8119249688108248,6.969477781157326,6.969477781157326,gmina,06,LUBELSKIE,0618,tomaszowski,0618112,Tomaszów Lubelski
niskie ryzyko,91.2342171399216,89.5760034747842,75.28467317407816,73.9477062292546,15.949543965843452,15.628297245529588,gmina,06,LUBELSKIE,0618,tomaszowski,0618123,Tyszowce
wysokie ryzyko,22.406734093254528,19.86370249036112,22.406734093254528,19.86370249036112,0.0,0.0,gmina,06,LUBELSKIE,0618,tomaszowski,0618123,Tyszowce
niskie ryzyko,9.132552830271145,7.402686645617109,0.6471845134954131,0.647184513495413,8.48536831677573,6.755502132121697,gmina,06,LUBELSKIE,0618,tomaszowski,0618063,Łaszczów
wysokie ryzyko,10.964467352154758,47.53458305483278,0.0,0.0,10.964467352154758,47.53458305483278,gmina,06,LUBELSKIE,0618,tomaszowski,0618063,Łaszczów
niskie ryzyko,205.89193199482207,205.2038924751295,84.17434380044224,83.53258944259832,121.71758819437986,121.67130303253116,gmina,06,LUBELSKIE,0619,włodawski,0619022,Hanna
wysokie ryzyko,199.3355174562417,198.6848778583532,86.77484949304208,85.37079728315457,112.5606679631996,113.31408057519866,gmina,06,LUBELSKIE,0619,włodawski,0619022,Hanna
niskie ryzyko,0.0835736301737655,0.0731347048553485,0.0,0.0,0.0835736301737655,0.0731347048553485,gmina,06,LUBELSKIE,0619,włodawski,0619032,Hańsk
niskie ryzyko,5.084616193484743,5.0846161934847425,0.0,0.0,5.084616193484743,5.0846161934847425,gmina,06,LUBELSKIE,0619,włodawski,0619042,Stary Brus
niskie ryzyko,11.12586075367324,11.12586075367324,0.0,0.0,11.12586075367324,11.12586075367324,gmina,06,LUBELSKIE,0619,włodawski,0619052,Urszulin
wysokie ryzyko,4.241902980604346,4.241902980604346,0.0,0.0,4.241902980604346,4.241902980604346,gmina,06,LUBELSKIE,0619,włodawski,0619052,Urszulin
niskie ryzyko,31.594517325683945,30.832687302018115,8.080514025774539,7.9299210720019,23.514003299909405,22.902766230016216,gmina,06,LUBELSKIE,0619,włodawski,0619072,Wola Uhruska
wysokie ryzyko,0.0961985855287129,0.0822559366210091,0.0961985855287129,0.0822559366210091,0.0,0.0,gmina,06,LUBELSKIE,0619,włodawski,0619072,Wola Uhruska
niskie ryzyko,0.1926617987210304,0.1926617987210304,0.0,0.0,0.1926617987210304,0.1926617987210304,gmina,06,LUBELSKIE,0619,włodawski,0619082,Wyryki
niskie ryzyko,143.42678778300964,139.9088576770544,32.52497743866007,29.1877120862507,110.90181034434956,110.72114559080369,gmina,06,LUBELSKIE,0619,włodawski,0619062,Włodawa
niskie ryzyko,54.20222368055819,50.17471538049308,30.00726149968773,26.12472657661068,24.19496218087046,24.0499888038824,gmina,06,LUBELSKIE,0619,włodawski,0619011,Włodawa
wysokie ryzyko,139.87185142628283,136.94442288651857,139.87185142628283,136.94442288651857,0.0,0.0,gmina,06,LUBELSKIE,0619,włodawski,0619011,Włodawa
wysokie ryzyko,105.22619648900074,104.01923282773436,15.519103327006086,15.519103327006086,89.70709316199466,88.50012950072828,gmina,06,LUBELSKIE,0619,włodawski,0619062,Włodawa
niskie ryzyko,25.387551380736955,25.37598665284721,2.583706115861362,1.6975458557334009,22.80384526487559,23.678440797113808,gmina,06,LUBELSKIE,0620,zamojski,0620012,Adamów
niskie ryzyko,2.551923200515537,2.551923200515537,2.551923200515537,2.551923200515537,0.0,0.0,gmina,06,LUBELSKIE,0620,zamojski,0620022,Grabowiec
wysokie ryzyko,7.943455232990446,7.943455232990446,7.943455232990446,7.943455232990446,0.0,0.0,gmina,06,LUBELSKIE,0620,zamojski,0620022,Grabowiec
niskie ryzyko,32.70938181829046,27.9329113560434,19.711648856278728,15.490352492164131,12.997732962011728,12.442558863879269,gmina,06,LUBELSKIE,0620,zamojski,0620043,Krasnobród
wysokie ryzyko,5.680927333724279,8.813479200399136,5.680927333724279,8.813479200399136,0.0,0.0,gmina,06,LUBELSKIE,0620,zamojski,0620043,Krasnobród
niskie ryzyko,8.963872867474649,8.963872867474649,8.963872867474649,8.963872867474649,0.0,0.0,gmina,06,LUBELSKIE,0620,zamojski,0620072,Nielisz
wysokie ryzyko,7.606532251483877,7.606532251483877,0.0,0.0,7.606532251483877,7.606532251483877,gmina,06,LUBELSKIE,0620,zamojski,0620072,Nielisz
niskie ryzyko,9.89278107113695,9.50622083069113,9.89278107113695,9.50622083069113,0.0,0.0,gmina,06,LUBELSKIE,0620,zamojski,0620082,Radecznica
niskie ryzyko,8.421895718337176,7.611117189823782,8.421895718337176,7.611117189823782,0.0,0.0,gmina,06,LUBELSKIE,0620,zamojski,0620102,Skierbieszów
niskie ryzyko,25.499468215827676,24.834125945331813,6.358322493895697,6.298434668439606,19.141145721931977,18.53569127689221,gmina,06,LUBELSKIE,0620,zamojski,0620122,Sułów
wysokie ryzyko,19.32304178609044,22.029966622794166,0.0,0.0,19.32304178609044,22.029966622794166,gmina,06,LUBELSKIE,0620,zamojski,0620122,Sułów
niskie ryzyko,52.281932210935906,43.67088354406086,22.401811074396505,22.36593463561111,29.8801211365394,21.304948908449745,gmina,06,LUBELSKIE,0620,zamojski,0620133,Szczebrzeszyn
wysokie ryzyko,27.848703827912175,27.139091077574783,26.22979456795343,25.520181817616045,1.6189092599587416,1.6189092599587414,gmina,06,LUBELSKIE,0620,zamojski,0620133,Szczebrzeszyn
niskie ryzyko,13.696842617840208,13.653749952656332,1.0931608260974852,1.050068160913607,12.603681791742725,12.603681791742725,gmina,06,LUBELSKIE,0620,zamojski,0620142,Zamość
wysokie ryzyko,0.6879597263778047,0.6879597263778047,0.0,0.0,0.6879597263778047,0.6879597263778047,gmina,06,LUBELSKIE,0620,zamojski,0620142,Zamość
niskie ryzyko,38.473262288301605,35.719705642806474,37.97827579270499,35.22471914720986,0.4949864955966137,0.4949864955966137,gmina,06,LUBELSKIE,0620,zamojski,0620153,Zwierzyniec
wysokie ryzyko,4.413335720634039,4.205611945539673,4.413335720634039,4.205611945539673,0.0,0.0,gmina,06,LUBELSKIE,0620,zamojski,0620153,Zwierzyniec
niskie ryzyko,0.9439741660250972,0.9439741660250972,0.9439741660250972,0.9439741660250972,0.0,0.0,gmina,06,LUBELSKIE,0620,zamojski,0620052,Łabunie
niskie ryzyko,0.491476579428329,0.491476579428329,0.491476579428329,0.491476579428329,0.0,0.0,gmina,06,LUBELSKIE,0611,łukowski,0611042,Krzywda
wysokie ryzyko,7.83249573981812,7.83249573981812,7.83249573981812,7.83249573981812,0.0,0.0,gmina,06,LUBELSKIE,0611,łukowski,0611042,Krzywda
niskie ryzyko,2.610227201166467,2.6102272011664667,2.610227201166467,2.6102272011664667,0.0,0.0,gmina,06,LUBELSKIE,0611,łukowski,0611021,Stoczek Łukowski
niskie ryzyko,9.521027502869869,9.521027502869869,1.2301684180824295,1.2301684180824295,8.290859084787435,8.290859084787435,gmina,06,LUBELSKIE,0611,łukowski,0611082,Stoczek Łukowski
niskie ryzyko,9.0,9.0,9.0,9.0,0.0,0.0,gmina,06,LUBELSKIE,0611,łukowski,0611112,Wola Mysłowska
niskie ryzyko,133.75491059574506,117.08348510645251,103.0680413583841,86.39661586909155,30.686869237360984,30.686869237360984,gmina,06,LUBELSKIE,0611,łukowski,0611011,Łuków
niskie ryzyko,6.1749815375694395,6.165455067570835,4.595172584992085,4.595172584992085,1.5798089525773549,1.5702824825787498,gmina,06,LUBELSKIE,0611,łukowski,0611052,Łuków
wysokie ryzyko,148.4429185311293,136.5905558581686,120.0622409408484,108.20987826788776,28.380677590280847,28.38067759028085,gmina,06,LUBELSKIE,0611,łukowski,0611011,Łuków
niskie ryzyko,19.50183164940777,16.682138513998602,15.34846291492294,12.543197638543749,4.153368734484832,4.138940875454854,gmina,06,LUBELSKIE,0610,łęczyński,0610012,Cyców
wysokie ryzyko,5.5011116769347,5.501111676934699,0.0,0.0,5.5011116769347,5.501111676934699,gmina,06,LUBELSKIE,0610,łęczyński,0610012,Cyców
niskie ryzyko,15.72566797754033,15.72566797754033,0.0,0.0,15.72566797754033,15.72566797754033,gmina,06,LUBELSKIE,0610,łęczyński,0610022,Ludwin
niskie ryzyko,85.59973940416447,84.60395186250611,21.255525169860164,20.79492327350591,64.3442142343043,63.8090285890002,gmina,06,LUBELSKIE,0610,łęczyński,0610042,Milejów
niskie ryzyko,13.391736907768529,11.57772741485599,13.391736907768529,11.57772741485599,0.0,0.0,gmina,06,LUBELSKIE,0610,łęczyński,0610052,Puchaczów
niskie ryzyko,67.54211576951745,73.66382769138391,56.87021944289483,63.09424862096322,10.671896326622615,10.56957907042071,gmina,06,LUBELSKIE,0610,łęczyński,0610062,Spiczyn
niskie ryzyko,27.23718241451213,26.4995092184846,22.10607505059069,21.642148910613212,5.13110736392144,4.85736030787139,gmina,06,LUBELSKIE,0610,łęczyński,0610033,Łęczna
niskie ryzyko,38.11378242602429,36.25547940925303,38.11378242602429,36.25547940925303,0.0,0.0,gmina,06,LUBELSKIE,0617,świdnicki,0617033,Piaski
wysokie ryzyko,2.6481696635746887,2.5365256843288657,2.6481696635746887,2.5365256843288657,0.0,0.0,gmina,06,LUBELSKIE,0617,świdnicki,0617033,Piaski
niskie ryzyko,60.84595108699553,59.68030838367926,49.97390285168101,48.80826014836474,10.872048235314526,10.872048235314526,gmina,06,LUBELSKIE,0617,świdnicki,0617042,Rybczewice
wysokie ryzyko,19.00017026470885,19.00017026470885,19.00017026470885,19.00017026470885,0.0,0.0,gmina,06,LUBELSKIE,0617,świdnicki,0617042,Rybczewice
niskie ryzyko,122.02020830756176,120.85655652973594,121.34482871585288,120.18117693802704,0.675379591708887,0.675379591708887,gmina,06,LUBELSKIE,0617,świdnicki,0617052,Trawniki
wysokie ryzyko,72.96601075031691,72.25229524812652,72.96601075031691,72.25229524812652,0.0,0.0,gmina,06,LUBELSKIE,0617,świdnicki,0617052,Trawniki
niskie ryzyko,2172.296264171675,2044.905307326098,1922.8202359292711,1792.921436358966,249.4760282424034,251.9838709671317,gmina,08,LUBUSKIE,0861,Gorzów Wielkopolski,0861011,Gorzów Wielkopolski
wysokie ryzyko,2709.3038129062634,2982.888054065744,2593.1202428645056,2873.1358638229285,116.18357004175772,109.75219024281574,gmina,08,LUBUSKIE,0861,Gorzów Wielkopolski,0861011,Gorzów Wielkopolski
niskie ryzyko,91.536693438865,100.5933512710761,55.549912549616565,56.46130296334315,35.986780889248415,44.13204830773295,gmina,08,LUBUSKIE,0862,Zielona Góra,0862011,Zielona Góra
wysokie ryzyko,89.08735705282999,80.47887311979929,20.78878078087476,20.27005483028493,68.29857627195523,60.208818289514355,gmina,08,LUBUSKIE,0862,Zielona Góra,0862011,Zielona Góra
niskie ryzyko,962.859672879862,989.2732650387592,452.8745496800209,478.5155996137864,509.9851231998411,510.7576654249728,gmina,08,LUBUSKIE,0801,gorzowski,0801022,Bogdaniec
wysokie ryzyko,428.7981394771102,412.0941898604521,245.32871289198627,236.95905116306488,183.46942658512395,175.13513869738722,gmina,08,LUBUSKIE,0801,gorzowski,0801022,Bogdaniec
niskie ryzyko,2029.798521005593,2021.75511523618,1382.8590826078437,1381.3265851151357,646.9394383977493,640.4285301210442,gmina,08,LUBUSKIE,0801,gorzowski,0801032,Deszczno
wysokie ryzyko,539.2694301090278,535.537863053701,375.7504619820793,376.4692986437266,163.51896812694852,159.0685644099744,gmina,08,LUBUSKIE,0801,gorzowski,0801032,Deszczno
niskie ryzyko,222.6476416096052,259.743588577795,154.06778212659114,182.9544674492078,68.57985948301409,76.78912112858715,gmina,08,LUBUSKIE,0801,gorzowski,0801011,Kostrzyn nad Odrą
wysokie ryzyko,254.34633974227677,298.7208734668145,228.59323717337452,271.2002135395779,25.75310256890224,27.520659927236657,gmina,08,LUBUSKIE,0801,gorzowski,0801011,Kostrzyn nad Odrą
niskie ryzyko,501.73271483502464,486.9272631617523,121.5930923900006,121.89882414071695,380.139622445024,365.0284390210354,gmina,08,LUBUSKIE,0801,gorzowski,0801062,Santok
wysokie ryzyko,485.5060232189022,499.56509368420393,406.94425383829105,406.82965382280986,78.56176938061114,92.73543986139408,gmina,08,LUBUSKIE,0801,gorzowski,0801062,Santok
niskie ryzyko,319.9700965052568,285.2255742367817,73.5979963763333,82.67106035746414,246.37210012892348,202.5545138793176,gmina,08,LUBUSKIE,0801,gorzowski,0801073,Witnica
wysokie ryzyko,74.89791037259504,142.7006840346743,13.87610979973106,36.367931019448704,61.021800572863974,106.3327530152256,gmina,08,LUBUSKIE,0801,gorzowski,0801073,Witnica
niskie ryzyko,43.49753703354393,43.13875150714232,10.963603960262372,10.732782566027836,32.53393307328156,32.40596894111448,gmina,08,LUBUSKIE,0802,krośnieński,0802022,Bobrowice
wysokie ryzyko,78.26956702961704,65.73586587410502,52.81707748674124,40.28337633122922,25.452489542875803,25.4524895428758,gmina,08,LUBUSKIE,0802,krośnieński,0802022,Bobrowice
niskie ryzyko,2.091295681063123,2.0912956810631234,0.0,0.0,2.091295681063123,2.0912956810631234,gmina,08,LUBUSKIE,0802,krośnieński,0802032,Bytnica
niskie ryzyko,74.9458013318486,74.9458013318486,0.0752872651778376,0.0752872651778376,74.87051406667076,74.87051406667076,gmina,08,LUBUSKIE,0802,krośnieński,0802042,Dąbie
wysokie ryzyko,56.79623143951753,56.79623143951753,0.0,0.0,56.79623143951753,56.79623143951753,gmina,08,LUBUSKIE,0802,krośnieński,0802042,Dąbie
niskie ryzyko,641.5404914620328,810.506540727201,584.363085950253,753.3291352154212,57.17740551177987,57.17740551177987,gmina,08,LUBUSKIE,0802,krośnieński,0802011,Gubin
niskie ryzyko,574.1110974565461,571.2273418463858,122.24722506738462,119.07694142676758,451.86387238916143,452.1504004196182,gmina,08,LUBUSKIE,0802,krośnieński,0802052,Gubin
wysokie ryzyko,1956.89315534314,1827.386848345759,1921.625003769356,1792.1186967719748,35.26815157378418,35.26815157378418,gmina,08,LUBUSKIE,0802,krośnieński,0802011,Gubin
wysokie ryzyko,557.4771400246563,557.322139190335,222.6142764998491,223.10059460179917,334.8628635248072,334.2215445885359,gmina,08,LUBUSKIE,0802,krośnieński,0802052,Gubin
niskie ryzyko,618.1797109493925,591.9674105953798,438.3669467538648,412.27916359752777,179.81276419552768,179.688246997852,gmina,08,LUBUSKIE,0802,krośnieński,0802063,Krosno Odrzańskie
wysokie ryzyko,1707.3572414727482,1700.771245989081,1498.3141635436868,1491.7955353900106,209.0430779290615,208.97571059907037,gmina,08,LUBUSKIE,0802,krośnieński,0802063,Krosno Odrzańskie
niskie ryzyko,48.48775702215209,48.48775702215209,30.314110852848938,30.314110852848938,18.17364616930315,18.17364616930315,gmina,08,LUBUSKIE,0802,krośnieński,0802072,Maszewo
wysokie ryzyko,127.66048890698065,127.66048890698065,118.33304843372946,118.33304843372946,9.3274404732512,9.3274404732512,gmina,08,LUBUSKIE,0802,krośnieński,0802072,Maszewo
niskie ryzyko,3.772164395793408,3.634417729481247,0.0,0.0,3.772164395793408,3.634417729481247,gmina,08,LUBUSKIE,0803,międzyrzecki,0803012,Bledzew
wysokie ryzyko,3.192681316608507,0.7408595674507744,0.0,0.0,3.192681316608507,0.7408595674507744,gmina,08,LUBUSKIE,0803,międzyrzecki,0803012,Bledzew
niskie ryzyko,62.65589926540578,60.768795493086806,39.03354317346802,37.33019326988983,23.62235609193776,23.438602223196973,gmina,08,LUBUSKIE,0803,międzyrzecki,0803023,Międzyrzecz
wysokie ryzyko,16.902673290325193,20.88432298928882,16.902673290325193,20.88432298928882,0.0,0.0,gmina,08,LUBUSKIE,0803,międzyrzecki,0803023,Międzyrzecz
niskie ryzyko,88.8539791943721,88.8539791943721,0.0,0.0,88.8539791943721,88.8539791943721,gmina,08,LUBUSKIE,0803,międzyrzecki,0803032,Przytoczna
wysokie ryzyko,37.204264370320985,37.204264370320985,0.0,0.0,37.204264370320985,37.204264370320985,gmina,08,LUBUSKIE,0803,międzyrzecki,0803032,Przytoczna
niskie ryzyko,3.0,3.0,0.0,0.0,3.0,3.0,gmina,08,LUBUSKIE,0803,międzyrzecki,0803042,Pszczew
wysokie ryzyko,14.091745468339589,14.091745468339589,14.091745468339589,14.091745468339589,0.0,0.0,gmina,08,LUBUSKIE,0803,międzyrzecki,0803042,Pszczew
niskie ryzyko,557.8687808381405,502.75311057899626,383.0251505733662,332.31631605427685,174.84363026477422,170.4367945247194,gmina,08,LUBUSKIE,0803,międzyrzecki,0803053,Skwierzyna
wysokie ryzyko,295.23781953312124,298.27583644189997,191.9588603750678,188.3228001489715,103.27895915805348,109.95303629292847,gmina,08,LUBUSKIE,0803,międzyrzecki,0803053,Skwierzyna
niskie ryzyko,46.73386930460543,46.08362343999589,41.45868178977384,40.808435925164304,5.275187514831588,5.275187514831587,gmina,08,LUBUSKIE,0803,międzyrzecki,0803063,Trzciel
wysokie ryzyko,216.35117193552009,226.88621339923665,216.35117193552009,226.88621339923665,0.0,0.0,gmina,08,LUBUSKIE,0803,międzyrzecki,0803063,Trzciel
niskie ryzyko,28.2690305723433,28.936870220426407,28.2690305723433,28.267656279570275,0.0,0.6692139408561292,gmina,08,LUBUSKIE,0804,nowosolski,0804023,Bytom Odrzański
wysokie ryzyko,183.8370845474336,183.29466688710696,183.8370845474336,183.29466688710696,0.0,0.0,gmina,08,LUBUSKIE,0804,nowosolski,0804023,Bytom Odrzański
niskie ryzyko,0.7934213295096116,0.7906258894650217,0.0,0.0,0.7934213295096116,0.7906258894650217,gmina,08,LUBUSKIE,0804,nowosolski,0804032,Kolsko
wysokie ryzyko,3.0863236610665914,3.0863236610665914,0.0,0.0,3.0863236610665914,3.0863236610665914,gmina,08,LUBUSKIE,0804,nowosolski,0804032,Kolsko
niskie ryzyko,318.6752662909073,295.5810107839236,245.65288344154564,225.46929211056192,73.02238284936165,70.11171867336164,gmina,08,LUBUSKIE,0804,nowosolski,0804011,Nowa Sól
niskie ryzyko,511.6816856195204,489.1654963849082,427.100211476021,400.0934302804035,84.58147414349936,89.07206610450464,gmina,08,LUBUSKIE,0804,nowosolski,0804052,Nowa Sól
wysokie ryzyko,150.00602033165427,293.0448388396646,150.00602033165427,293.0448388396646,0.0,0.0,gmina,08,LUBUSKIE,0804,nowosolski,0804011,Nowa Sól
wysokie ryzyko,1181.5143460460722,1213.1628271024792,1039.303980604799,1072.991510250854,142.21036544127327,140.17131685162542,gmina,08,LUBUSKIE,0804,nowosolski,0804052,Nowa Sól
niskie ryzyko,55.60686983284722,55.64818539531625,38.85450343160432,38.89581899407336,16.752366401242888,16.752366401242888,gmina,08,LUBUSKIE,0804,nowosolski,0804073,Otyń
wysokie ryzyko,155.44678652781846,154.92874917855565,93.20414169756144,93.07706651116048,62.24264483025699,61.85168266739518,gmina,08,LUBUSKIE,0804,nowosolski,0804073,Otyń
niskie ryzyko,268.17050114077654,268.9483206633461,109.30538719473934,110.17474784620426,158.86511394603718,158.77357281714183,gmina,08,LUBUSKIE,0804,nowosolski,0804082,Siedlisko
wysokie ryzyko,317.28822514328425,316.51040562071466,139.64765592943414,139.5433055881426,177.6405692138501,176.96710003257203,gmina,08,LUBUSKIE,0804,nowosolski,0804082,Siedlisko
niskie ryzyko,8.95970570117137,8.688153227115254,0.0,0.0,8.95970570117137,8.688153227115254,gmina,08,LUBUSKIE,0806,strzelecko-drezdenecki,0806013,Dobiegniew
niskie ryzyko,375.2627994016112,359.60510767153824,305.6491864554332,289.99149472536027,69.61361294617798,69.61361294617798,gmina,08,LUBUSKIE,0806,strzelecko-drezdenecki,0806023,Drezdenko
wysokie ryzyko,864.17019600622,814.9541285839128,848.1724759092042,798.9564084868971,15.997720097015794,15.997720097015794,gmina,08,LUBUSKIE,0806,strzelecko-drezdenecki,0806023,Drezdenko
niskie ryzyko,129.80557120642356,129.80557120642356,114.2192233235952,114.2192233235952,15.586347882828363,15.586347882828369,gmina,08,LUBUSKIE,0806,strzelecko-drezdenecki,0806032,Stare Kurowo
wysokie ryzyko,21.306401516436807,21.306401516436807,10.48782504760697,10.48782504760697,10.81857646882984,10.81857646882984,gmina,08,LUBUSKIE,0806,strzelecko-drezdenecki,0806032,Stare Kurowo
niskie ryzyko,571.3332125734595,573.5177089906116,319.82862299661457,322.4774916377307,251.50458957684492,251.04021735288092,gmina,08,LUBUSKIE,0806,strzelecko-drezdenecki,0806052,Zwierzyn
wysokie ryzyko,112.58870442195104,111.12022925719376,68.38414297015902,66.91566780540175,44.20456145179201,44.20456145179201,gmina,08,LUBUSKIE,0806,strzelecko-drezdenecki,0806052,Zwierzyn
niskie ryzyko,601.4405222585917,612.3764532925059,59.523713459924494,58.73205456352092,541.9168087986673,553.6443987289849,gmina,08,LUBUSKIE,0807,sulęciński,0807012,Krzeszyce
wysokie ryzyko,460.9283209410853,447.0821369185072,14.830625129174091,14.830625129174091,446.09769581191114,432.2515117893331,gmina,08,LUBUSKIE,0807,sulęciński,0807012,Krzeszyce
niskie ryzyko,545.7130839501435,543.2767132509653,219.51590954374552,217.6475461466013,326.19717440639795,325.629167104364,gmina,08,LUBUSKIE,0807,sulęciński,0807032,Słońsk
wysokie ryzyko,413.9531306985319,412.094256642275,190.1944504565903,189.0586318276515,223.7586802419416,223.03562481462345,gmina,08,LUBUSKIE,0807,sulęciński,0807032,Słońsk
niskie ryzyko,143.62370970982664,141.6029133304165,9.0778599146296,8.545808883660492,134.54584979519706,133.057104446756,gmina,08,LUBUSKIE,0805,słubicki,0805013,Cybinka
wysokie ryzyko,124.1855272524993,124.18552725249928,0.0,0.0,124.1855272524993,124.18552725249928,gmina,08,LUBUSKIE,0805,słubicki,0805013,Cybinka
niskie ryzyko,175.94859403397913,174.03133584989797,111.7387546355354,109.50417101566416,64.20983939844372,64.5271648342338,gmina,08,LUBUSKIE,0805,słubicki,0805022,Górzyca
wysokie ryzyko,284.0396755620908,276.4712298442103,181.72235031137444,170.8016202716027,102.31732525071634,105.66960957260758,gmina,08,LUBUSKIE,0805,słubicki,0805022,Górzyca
niskie ryzyko,589.5878624529764,572.836375705395,48.33289637449569,47.921137555894795,541.2549660784807,524.9152381495002,gmina,08,LUBUSKIE,0805,słubicki,0805053,Słubice
wysokie ryzyko,403.4867434704015,461.4720983557057,38.340598246434794,66.39412313205037,365.1461452239667,395.07797522365536,gmina,08,LUBUSKIE,0805,słubicki,0805053,Słubice
niskie ryzyko,22.73827954088903,20.585823914657105,22.73827954088903,20.585823914657105,0.0,0.0,gmina,08,LUBUSKIE,0812,wschowski,0812023,Szlichtyngowa
wysokie ryzyko,8.833283042631432,8.833283042631432,8.833283042631432,8.833283042631432,0.0,0.0,gmina,08,LUBUSKIE,0812,wschowski,0812023,Szlichtyngowa
niskie ryzyko,15.72852901601366,13.311050982292452,0.0,0.0,15.72852901601366,13.311050982292452,gmina,08,LUBUSKIE,0812,wschowski,0812033,Wschowa
wysokie ryzyko,16.69598488097063,16.69598488097063,0.0,0.0,16.69598488097063,16.69598488097063,gmina,08,LUBUSKIE,0812,wschowski,0812033,Wschowa
niskie ryzyko,789.9212797662238,827.4007207650087,470.7403151066816,509.8881609150749,319.1809646595423,317.51255984993395,gmina,08,LUBUSKIE,0809,zielonogórski,0809022,Bojadła
wysokie ryzyko,1240.8935949121048,1199.3430006206788,935.272240514752,906.8103209244124,305.62135439735295,292.5326796962663,gmina,08,LUBUSKIE,0809,zielonogórski,0809022,Bojadła
niskie ryzyko,715.1006752925967,711.6815339457105,334.0660323796563,306.52004684500264,381.0346429129404,405.1614871007079,gmina,08,LUBUSKIE,0809,zielonogórski,0809033,Czerwieńsk
wysokie ryzyko,1008.1927486059682,1032.9691466915765,459.9742839026085,483.7369280644838,548.2184647033597,549.2322186270924,gmina,08,LUBUSKIE,0809,zielonogórski,0809033,Czerwieńsk
niskie ryzyko,22.085537730963427,22.085537730963427,0.5577271209916044,0.5577271209916044,21.527810609971823,21.527810609971823,gmina,08,LUBUSKIE,0809,zielonogórski,0809043,Kargowa
wysokie ryzyko,33.283682070201635,33.283682070201635,0.0,0.0,33.283682070201635,33.283682070201635,gmina,08,LUBUSKIE,0809,zielonogórski,0809043,Kargowa
niskie ryzyko,355.31890681875086,340.0780557777758,43.87700255523796,38.33742799592443,311.4419042635129,301.7406277818514,gmina,08,LUBUSKIE,0809,zielonogórski,0809053,Nowogród Bobrzański
wysokie ryzyko,611.3783956325861,559.197791302544,143.33933299371998,126.47390142171712,468.0390626388662,432.72388988082696,gmina,08,LUBUSKIE,0809,zielonogórski,0809053,Nowogród Bobrzański
niskie ryzyko,394.79427666548185,403.3869548867832,116.69233061759374,111.01050287884098,278.1019460478881,292.3764520079422,gmina,08,LUBUSKIE,0809,zielonogórski,0809063,Sulechów
wysokie ryzyko,637.8236649316553,627.7088664573181,216.71703545356428,207.18007662897529,421.10662947809107,420.5287898283429,gmina,08,LUBUSKIE,0809,zielonogórski,0809063,Sulechów
niskie ryzyko,379.5495709911907,397.66712955322265,263.35469710862026,281.56812797447037,116.19487388257048,116.09900157875228,gmina,08,LUBUSKIE,0809,zielonogórski,0809082,Trzebiechów
wysokie ryzyko,624.9249611841552,610.488146797331,549.4015158640179,534.9647014771938,75.52344532013718,75.52344532013718,gmina,08,LUBUSKIE,0809,zielonogórski,0809082,Trzebiechów
niskie ryzyko,47.42971238061687,47.33789944796265,12.886545119402026,12.886545119402026,34.54316726121485,34.451354328560626,gmina,08,LUBUSKIE,0809,zielonogórski,0809092,Zabór
wysokie ryzyko,39.76884801804603,39.74100701865525,13.542408218928683,13.542408218928683,26.226439799117355,26.198598799726568,gmina,08,LUBUSKIE,0809,zielonogórski,0809092,Zabór
niskie ryzyko,3.292905913216197,3.0235277183702056,0.3826381642326015,0.1132599693866102,2.9102677489835953,2.9102677489835953,gmina,08,LUBUSKIE,0808,świebodziński,0808022,Łagów
niskie ryzyko,51.51444864065462,28.766697480598317,41.88234112616495,26.13903627982574,9.632107514489665,2.627661200772579,gmina,08,LUBUSKIE,0810,żagański,0810043,Iłowa
wysokie ryzyko,1.117666088470065,1.117666088470065,0.0,0.0,1.117666088470065,1.117666088470065,gmina,08,LUBUSKIE,0810,żagański,0810043,Iłowa
niskie ryzyko,186.9467648373329,177.21511728143363,154.5973674185391,144.86571986263988,32.34939741879376,32.34939741879376,gmina,08,LUBUSKIE,0810,żagański,0810053,Małomice
wysokie ryzyko,245.72322095227807,255.62650146366985,245.72322095227807,255.62650146366985,0.0,0.0,gmina,08,LUBUSKIE,0810,żagański,0810053,Małomice
niskie ryzyko,0.3557618964931353,0.3543589728360324,0.3557618964931353,0.3543589728360324,0.0,0.0,gmina,08,LUBUSKIE,0810,żagański,0810062,Niegosławice
niskie ryzyko,1217.8104528296774,1148.293149444487,1132.331735354561,1062.8144319693706,85.47871747511623,85.47871747511623,gmina,08,LUBUSKIE,0810,żagański,0810073,Szprotawa
wysokie ryzyko,1730.8904848601055,1673.586529468066,1641.3333986948337,1584.3771869972584,89.55708616527215,89.20934247080787,gmina,08,LUBUSKIE,0810,żagański,0810073,Szprotawa
niskie ryzyko,1272.2663646970352,1185.978706221106,1168.961620337569,1090.1027649436326,103.30474435946618,95.87594127747349,gmina,08,LUBUSKIE,0810,żagański,0810021,Żagań
niskie ryzyko,276.59866674137453,273.381352813279,110.39070333354572,109.10342292636317,166.2079634078288,164.2779298869159,gmina,08,LUBUSKIE,0810,żagański,0810092,Żagań
wysokie ryzyko,3278.8195604139064,3180.564196960507,3189.4202749911315,3106.2031815063015,89.3992854227751,74.36101545420564,gmina,08,LUBUSKIE,0810,żagański,0810021,Żagań
wysokie ryzyko,127.07380774954804,124.98383680726889,57.64322745006037,55.69560095877067,69.43058029948769,69.28823584849822,gmina,08,LUBUSKIE,0810,żagański,0810092,Żagań
niskie ryzyko,87.07382128636678,90.95118603837864,0.0,0.0,87.07382128636678,90.95118603837864,gmina,08,LUBUSKIE,0811,żarski,0811033,Brody
wysokie ryzyko,64.53588070542712,62.093928789180886,0.0,0.0,64.53588070542712,62.093928789180886,gmina,08,LUBUSKIE,0811,żarski,0811033,Brody
niskie ryzyko,37.69083667335145,39.03169861365279,37.69083667335145,39.03169861365279,0.0,0.0,gmina,08,LUBUSKIE,0811,żarski,0811043,Jasień
wysokie ryzyko,114.52196985617684,85.92669165900534,114.52196985617684,85.92669165900534,0.0,0.0,gmina,08,LUBUSKIE,0811,żarski,0811043,Jasień
niskie ryzyko,129.52982518139532,133.69535072063437,120.1413829504704,114.55028502893634,9.388442230924944,19.145065691698036,gmina,08,LUBUSKIE,0811,żarski,0811063,Lubsko
wysokie ryzyko,113.91690969226902,108.1801411999139,108.58347066271254,102.84670217035745,5.333439029556469,5.3334390295564695,gmina,08,LUBUSKIE,0811,żarski,0811063,Lubsko
niskie ryzyko,203.04127110713617,200.0842372429132,44.44325007867798,43.15477455315683,158.59802102845816,156.92946268975638,gmina,08,LUBUSKIE,0811,żarski,0811072,Przewóz
wysokie ryzyko,269.67209784974085,271.2828322138064,210.98644401410797,212.2427283756169,58.685653835632905,59.04010383818944,gmina,08,LUBUSKIE,0811,żarski,0811072,Przewóz
niskie ryzyko,80.02385753111355,77.50178420081556,21.199042195426372,20.865825776856717,58.82481533568717,56.63595842395884,gmina,08,LUBUSKIE,0811,żarski,0811082,Trzebiel
wysokie ryzyko,11.970389611748182,11.820499509611098,9.535924470710468,9.386034368573384,2.4344651410377134,2.4344651410377143,gmina,08,LUBUSKIE,0811,żarski,0811082,Trzebiel
niskie ryzyko,19.070131646434223,16.72036407073353,0.0,0.0,19.070131646434223,16.72036407073353,gmina,08,LUBUSKIE,0811,żarski,0811011,Łęknica
wysokie ryzyko,30.00235152478611,58.71501949210757,0.0,0.0,30.00235152478611,58.71501949210757,gmina,08,LUBUSKIE,0811,żarski,0811011,Łęknica
niskie ryzyko,0.4418661040057788,0.4418661040057788,0.0,0.0,0.4418661040057788,0.4418661040057788,gmina,08,LUBUSKIE,0811,żarski,0811102,Żary
wysokie ryzyko,4.147215532931758,4.147215532931758,0.0,0.0,4.147215532931758,4.147215532931758,gmina,08,LUBUSKIE,0811,żarski,0811102,Żary
niskie ryzyko,1033.8970469142096,1156.3820898674,889.6077787327811,995.5419666727508,144.28926818142844,160.84012319464932,gmina,14,MAZOWIECKIE,1461,Ostrołęka,1461011,Ostrołęka
wysokie ryzyko,4601.530757349791,4487.942322339255,4342.289271427642,4229.222440217038,259.24148592214766,258.7198821222179,gmina,14,MAZOWIECKIE,1461,Ostrołęka,1461011,Ostrołęka
niskie ryzyko,423.3996051585443,438.7729220131233,239.6832843160716,255.61773355148352,183.7163208424727,183.15518846163977,gmina,14,MAZOWIECKIE,1462,Płock,1462011,Płock
wysokie ryzyko,875.5143198418293,821.6794390737894,737.2038226934062,683.3689419253662,138.31049714842305,138.31049714842305,gmina,14,MAZOWIECKIE,1462,Płock,1462011,Płock
niskie ryzyko,165.29999640801114,161.9832033704197,103.30651398969488,100.03873685858451,61.99348241831627,61.94446651183516,gmina,14,MAZOWIECKIE,1463,Radom,1463011,Radom
wysokie ryzyko,37.55587815022407,36.46327344473089,0.0,0.0,37.55587815022407,36.46327344473089,gmina,14,MAZOWIECKIE,1463,Radom,1463011,Radom
niskie ryzyko,100609.02001852888,99116.40242339592,97728.26874284126,96290.01364634876,2880.7512756876367,2826.388777047161,gmina,14,MAZOWIECKIE,1465,Warszawa,1465011,Warszawa
wysokie ryzyko,311591.58370751794,310511.00563066977,309241.67661395954,308164.3999454881,2349.9070935584477,2346.6056851816493,gmina,14,MAZOWIECKIE,1465,Warszawa,1465011,Warszawa
niskie ryzyko,241.94312167994624,234.62200318197824,134.41780747147106,128.02928264353753,107.52531420847517,106.59272053844072,gmina,14,MAZOWIECKIE,1401,białobrzeski,1401013,Białobrzegi
wysokie ryzyko,2054.44050936041,2037.9977817147233,1907.4203170111327,1889.660014226206,147.02019234927744,148.33776748851758,gmina,14,MAZOWIECKIE,1401,białobrzeski,1401013,Białobrzegi
niskie ryzyko,110.1360935965807,109.95514876011735,89.4979323556252,89.31698751916184,20.638161240955505,20.638161240955505,gmina,14,MAZOWIECKIE,1401,białobrzeski,1401022,Promna
wysokie ryzyko,65.59296884552136,59.97852282326653,60.1968353282157,54.58238930596087,5.39613351730566,5.39613351730566,gmina,14,MAZOWIECKIE,1401,białobrzeski,1401022,Promna
niskie ryzyko,3.4144235533054417,3.406888521000714,0.0,0.0,3.4144235533054417,3.406888521000714,gmina,14,MAZOWIECKIE,1401,białobrzeski,1401052,Stromiec
niskie ryzyko,174.95563483369247,174.95563483369247,140.07506565982388,140.07506565982388,34.880569173868565,34.880569173868565,gmina,14,MAZOWIECKIE,1401,białobrzeski,1401063,Wyśmierzyce
wysokie ryzyko,113.80050848327495,113.80050848327495,70.11508889816412,70.11508889816412,43.68541958511083,43.68541958511083,gmina,14,MAZOWIECKIE,1401,białobrzeski,1401063,Wyśmierzyce
niskie ryzyko,175.580963940087,206.48021324606256,172.39311991171172,203.29236921768728,3.187844028375278,3.1878440283752787,gmina,14,MAZOWIECKIE,1402,ciechanowski,1402011,Ciechanów
niskie ryzyko,2.4708034267216576,2.470803426721657,1.1997430874096555,1.1997430874096555,1.271060339312002,1.271060339312002,gmina,14,MAZOWIECKIE,1402,ciechanowski,1402022,Ciechanów
wysokie ryzyko,194.20827781579104,172.8458149395012,194.20827781579104,172.8458149395012,0.0,0.0,gmina,14,MAZOWIECKIE,1402,ciechanowski,1402011,Ciechanów
wysokie ryzyko,1.1883381347410544,1.1877269431209974,1.1883381347410544,1.1877269431209974,0.0,0.0,gmina,14,MAZOWIECKIE,1402,ciechanowski,1402022,Ciechanów
niskie ryzyko,42.54135570901325,42.46367169932867,28.01004920724,27.93236519755542,14.531306501773251,14.531306501773251,gmina,14,MAZOWIECKIE,1402,ciechanowski,1402033,Glinojeck
wysokie ryzyko,3.0932518777005535,3.093251877700554,3.0932518777005535,3.093251877700554,0.0,0.0,gmina,14,MAZOWIECKIE,1402,ciechanowski,1402033,Glinojeck
niskie ryzyko,1.0,1.0,0.0,0.0,1.0,1.0,gmina,14,MAZOWIECKIE,1402,ciechanowski,1402052,Grudusk
niskie ryzyko,23.032096195168457,31.470461729971085,7.799374070831421,16.237739605634047,15.232722124337036,15.232722124337036,gmina,14,MAZOWIECKIE,1402,ciechanowski,1402062,Ojrzeń
niskie ryzyko,2.2879696378480663,2.139120919206281,2.2879696378480663,2.139120919206281,0.0,0.0,gmina,14,MAZOWIECKIE,1402,ciechanowski,1402082,Regimin
niskie ryzyko,0.5438759509843778,0.5438759509843778,0.0,0.0,0.5438759509843778,0.5438759509843778,gmina,14,MAZOWIECKIE,1402,ciechanowski,1402092,Sońsk
niskie ryzyko,4.737040673101434,4.737040673101433,2.9166344818775105,2.9166344818775096,1.8204061912239229,1.8204061912239229,gmina,14,MAZOWIECKIE,1403,garwoliński,1403032,Borowie
niskie ryzyko,434.69228265855907,408.70287503261846,409.3156246020911,383.3262169761505,25.37665805646798,25.37665805646798,gmina,14,MAZOWIECKIE,1403,garwoliński,1403011,Garwolin
niskie ryzyko,146.87918272747655,146.87918272747655,131.31603380613,131.31603380613,15.563148921346558,15.563148921346558,gmina,14,MAZOWIECKIE,1403,garwoliński,1403042,Garwolin
wysokie ryzyko,749.9889547473318,726.7371738011336,729.9810389028107,706.7292579566125,20.00791584452106,20.00791584452106,gmina,14,MAZOWIECKIE,1403,garwoliński,1403011,Garwolin
wysokie ryzyko,42.67092696650726,42.67092696650726,34.21324867718961,34.21324867718961,8.457678289317645,8.457678289317645,gmina,14,MAZOWIECKIE,1403,garwoliński,1403042,Garwolin
niskie ryzyko,1744.3865370568371,1708.4040097382988,503.07281801345175,490.0504991785991,1241.3137190433854,1218.3535105596998,gmina,14,MAZOWIECKIE,1403,garwoliński,1403073,Maciejowice
wysokie ryzyko,1315.3605248878653,1332.8373537732125,392.2236852708411,392.2576887124898,923.136839617024,940.5796650607226,gmina,14,MAZOWIECKIE,1403,garwoliński,1403073,Maciejowice
niskie ryzyko,36.925510341929794,53.67821557469813,28.0353214244966,47.061981463779105,8.890188917433196,6.616234110919024,gmina,14,MAZOWIECKIE,1403,garwoliński,1403082,Miastków Kościelny
niskie ryzyko,20.367692521808316,16.394033322504193,16.901709836707738,12.928050637403617,3.465982685100576,3.4659826851005766,gmina,14,MAZOWIECKIE,1403,garwoliński,1403112,Sobolew
wysokie ryzyko,8.66799884835501,7.0586253171981,4.43494069320816,2.82556716205125,4.23305815514685,4.23305815514685,gmina,14,MAZOWIECKIE,1403,garwoliński,1403112,Sobolew
niskie ryzyko,40.246598387488575,37.70589862253956,35.81264488682122,33.2719451218722,4.4339535006673545,4.4339535006673545,gmina,14,MAZOWIECKIE,1403,garwoliński,1403122,Trojanów
wysokie ryzyko,43.12607778768296,42.9679316755975,43.12607778768296,42.9679316755975,0.0,0.0,gmina,14,MAZOWIECKIE,1403,garwoliński,1403122,Trojanów
niskie ryzyko,1839.3047187588572,1831.2600646832489,635.6654628123334,625.6974815627269,1203.6392559465237,1205.5625831205218,gmina,14,MAZOWIECKIE,1403,garwoliński,1403132,Wilga
wysokie ryzyko,1074.6422976463762,1098.5807205750316,371.46759645839006,372.75982253846814,703.1747011879861,725.8208980365634,gmina,14,MAZOWIECKIE,1403,garwoliński,1403132,Wilga
niskie ryzyko,27.432392729840636,26.473846276802945,27.383382444437736,26.424835991400045,0.0490102854029017,0.0490102854029017,gmina,14,MAZOWIECKIE,1403,garwoliński,1403021,Łaskarzew
niskie ryzyko,18.212890356463316,18.19174491895352,15.377013040845462,15.377013040845464,2.835877315617853,2.814731878108053,gmina,14,MAZOWIECKIE,1403,garwoliński,1403062,Łaskarzew
wysokie ryzyko,38.37731372389376,38.37731372389376,15.016119393150523,15.016119393150523,23.36119433074324,23.36119433074324,gmina,14,MAZOWIECKIE,1403,garwoliński,1403062,Łaskarzew
niskie ryzyko,82.35060527313676,80.85180024447129,82.35060527313676,80.85180024447129,0.0,0.0,gmina,14,MAZOWIECKIE,1404,gostyniński,1404011,Gostynin
niskie ryzyko,47.845721408363254,42.63261814437352,44.284411686449616,39.071308422459886,3.5613097219136343,3.561309721913634,gmina,14,MAZOWIECKIE,1404,gostyniński,1404022,Gostynin
wysokie ryzyko,21.501460265071508,6.150729730935995,21.501460265071508,6.150729730935995,0.0,0.0,gmina,14,MAZOWIECKIE,1404,gostyniński,1404011,Gostynin
wysokie ryzyko,16.670690482663968,16.670690482663968,16.670690482663968,16.670690482663968,0.0,0.0,gmina,14,MAZOWIECKIE,1404,gostyniński,1404022,Gostynin
niskie ryzyko,0.0,0.0767627187600408,0.0,0.0767627187600408,0.0,0.0,gmina,14,MAZOWIECKIE,1405,grodziski,1405032,Baranów
niskie ryzyko,86.88081952050665,86.50468691106632,8.165401509413986,8.012541435657718,78.71541801109267,78.49214547540859,gmina,14,MAZOWIECKIE,1405,grodziski,1405043,Grodzisk Mazowiecki
niskie ryzyko,4.420407236570582,4.214595050909121,0.0,0.0,4.420407236570582,4.214595050909121,gmina,14,MAZOWIECKIE,1405,grodziski,1405062,Żabia Wola
niskie ryzyko,15.756622806415848,15.456131253337135,6.582504555939564,6.535217789462287,9.174118250476283,8.920913463874848,gmina,14,MAZOWIECKIE,1406,grójecki,1406022,Błędów
wysokie ryzyko,4.653099517562719,4.653099517562718,3.348022236389552,3.348022236389551,1.305077281173167,1.305077281173167,gmina,14,MAZOWIECKIE,1406,grójecki,1406022,Błędów
niskie ryzyko,3.5403437488979943,3.513356908851591,2.8113416926671655,2.784354852620762,0.729002056230829,0.7290020562308289,gmina,14,MAZOWIECKIE,1406,grójecki,1406053,Grójec
wysokie ryzyko,1.989518168911696,1.989518168911696,1.989518168911696,1.989518168911696,0.0,0.0,gmina,14,MAZOWIECKIE,1406,grójecki,1406053,Grójec
niskie ryzyko,61.86074290062892,51.144048617074176,56.80847362762015,46.09177934406541,5.052269273008764,5.052269273008765,gmina,14,MAZOWIECKIE,1406,grójecki,1406073,Mogielnica
wysokie ryzyko,14.865138262080334,17.243648711331357,13.265984402667806,15.644494851918829,1.599153859412527,1.599153859412527,gmina,14,MAZOWIECKIE,1406,grójecki,1406073,Mogielnica
niskie ryzyko,148.62657119179735,149.3913786192045,131.52706783465254,132.29187526205968,17.09950335714482,17.09950335714482,gmina,14,MAZOWIECKIE,1406,grójecki,1406083,Nowe Miasto nad Pilicą
wysokie ryzyko,71.37619136293362,70.19629449287808,57.13293846710817,55.95304159705262,14.243252895825458,14.243252895825457,gmina,14,MAZOWIECKIE,1406,grójecki,1406083,Nowe Miasto nad Pilicą
niskie ryzyko,6.292698716480199,6.2926987164802,3.0828772879087714,3.0828772879087714,3.2098214285714284,3.209821428571429,gmina,14,MAZOWIECKIE,1406,grójecki,1406092,Pniewy
niskie ryzyko,512.1455267371507,498.9049117783556,400.42317325640056,386.09151017632627,111.72235348075009,112.81340160202936,gmina,14,MAZOWIECKIE,1406,grójecki,1406113,Warka
wysokie ryzyko,902.934010155952,866.1690543381716,780.1719410132863,743.7261232611462,122.76206914266568,122.44293107702536,gmina,14,MAZOWIECKIE,1406,grójecki,1406113,Warka
niskie ryzyko,4.0945682176270735,4.0945682176270735,0.0,0.0,4.0945682176270735,4.0945682176270735,gmina,14,MAZOWIECKIE,1407,kozienicki,1407012,Garbatka-Letnisko
niskie ryzyko,885.1310724174858,864.3133625350074,192.29937076098105,181.00179637369465,692.8317016565048,683.3115661613128,gmina,14,MAZOWIECKIE,1407,kozienicki,1407032,Gniewoszów
wysokie ryzyko,654.1062117258333,656.8101783729207,107.46267023090526,99.81994363139816,546.6435414949281,556.9902347415226,gmina,14,MAZOWIECKIE,1407,kozienicki,1407032,Gniewoszów
niskie ryzyko,87.78824310070364,87.43646327886425,44.60426572610251,44.27309469787938,43.18397737460112,43.16336858098488,gmina,14,MAZOWIECKIE,1407,kozienicki,1407042,Grabów nad Pilicą
wysokie ryzyko,114.30943735944032,114.89876473473016,100.90108219083962,101.49040956612944,13.408355168600718,13.408355168600718,gmina,14,MAZOWIECKIE,1407,kozienicki,1407042,Grabów nad Pilicą
niskie ryzyko,8.791009123728028,7.5407645774848575,2.609357360111898,2.6093573601118982,6.181651763616129,4.931407217372959,gmina,14,MAZOWIECKIE,1407,kozienicki,1407023,Głowaczów
niskie ryzyko,2026.918800192574,1962.403322705614,838.9852308224778,803.9650546854824,1187.9335693700964,1158.4382680201318,gmina,14,MAZOWIECKIE,1407,kozienicki,1407053,Kozienice
wysokie ryzyko,1940.386871310012,1945.8007377729084,1163.1371093681162,1149.9450840067534,777.2497619418958,795.8556537661549,gmina,14,MAZOWIECKIE,1407,kozienicki,1407053,Kozienice
niskie ryzyko,2447.8619118749475,2442.71955758215,1477.3390475076008,1472.8782107707098,970.522864367347,969.8413468114412,gmina,14,MAZOWIECKIE,1407,kozienicki,1407063,Magnuszew
wysokie ryzyko,1972.6186512650977,2015.5556158223917,1309.1038269430146,1357.001892990998,663.5148243220831,658.5537228313934,gmina,14,MAZOWIECKIE,1407,kozienicki,1407063,Magnuszew
niskie ryzyko,1420.4405331508788,1366.295370710594,907.7395852439456,853.6937421197615,512.7009479069329,512.6016285908324,gmina,14,MAZOWIECKIE,1407,kozienicki,1407072,Sieciechów
wysokie ryzyko,1691.5787431164483,1743.625617001314,1195.765763788163,1248.9407678028376,495.8129793282856,494.68484919847623,gmina,14,MAZOWIECKIE,1407,kozienicki,1407072,Sieciechów
niskie ryzyko,7849.790918436679,7831.802202707053,4645.827222782967,4665.001376881453,3203.9636956537124,3166.8008258255995,gmina,14,MAZOWIECKIE,1408,legionowski,1408022,Jabłonna
wysokie ryzyko,11562.867201760191,11610.226372030647,8008.592079770579,8065.73473929783,3554.2751219896154,3544.4916327328183,gmina,14,MAZOWIECKIE,1408,legionowski,1408022,Jabłonna
niskie ryzyko,5510.726201843055,4999.704384966239,4715.351530015423,4225.5304869020465,795.3746718276307,774.1738980641923,gmina,14,MAZOWIECKIE,1408,legionowski,1408011,Legionowo
wysokie ryzyko,20285.07366501841,20605.59004463348,18268.31369103173,18624.48809249491,2016.7599739866848,1981.101952138565,gmina,14,MAZOWIECKIE,1408,legionowski,1408011,Legionowo
niskie ryzyko,1060.3177445632434,1015.161103706213,362.9352743876834,337.02901237146347,697.38247017556,678.1320913347496,gmina,14,MAZOWIECKIE,1408,legionowski,1408032,Nieporęt
wysokie ryzyko,1029.264941990736,1019.152724373634,136.94664145339644,149.95500854251185,892.3183005373396,869.1977158311222,gmina,14,MAZOWIECKIE,1408,legionowski,1408032,Nieporęt
niskie ryzyko,268.6571451223835,266.7286693398661,204.5225184206324,203.8775423342258,64.13462670175102,62.85112700564028,gmina,14,MAZOWIECKIE,1408,legionowski,1408043,Serock
wysokie ryzyko,263.08543778738425,260.853230977672,141.61016885366448,141.13571959881375,121.4752689337198,119.71751137885828,gmina,14,MAZOWIECKIE,1408,legionowski,1408043,Serock
niskie ryzyko,9317.666551151226,9441.862183306295,5582.922025502948,5723.515982160549,3734.744525648278,3718.346201145748,gmina,14,MAZOWIECKIE,1408,legionowski,1408052,Wieliszew
wysokie ryzyko,8184.554484204911,8003.977727192358,5103.829722988452,5039.648805539173,3080.7247612164592,2964.328921653185,gmina,14,MAZOWIECKIE,1408,legionowski,1408052,Wieliszew
niskie ryzyko,238.51459410409888,238.45698158847372,91.80003930454735,91.74242678892224,146.7145547995515,146.7145547995515,gmina,14,MAZOWIECKIE,1409,lipski,1409012,Chotcza
wysokie ryzyko,224.9104078685747,221.9927074977423,68.08869973450012,67.89956521041131,156.8217081340746,154.09314228733098,gmina,14,MAZOWIECKIE,1409,lipski,1409012,Chotcza
niskie ryzyko,0.2,0.2,0.0,0.0,0.2,0.2,gmina,14,MAZOWIECKIE,1409,lipski,1409023,Ciepielów
niskie ryzyko,69.20428587924397,75.64374808306981,41.98802180585513,48.42748400968098,27.216264073388825,27.21626407338882,gmina,14,MAZOWIECKIE,1409,lipski,1409033,Lipsko
wysokie ryzyko,11.059120723207664,11.01022432133857,11.059120723207664,11.01022432133857,0.0,0.0,gmina,14,MAZOWIECKIE,1409,lipski,1409033,Lipsko
niskie ryzyko,38.29697287696237,38.02546948098474,38.29697287696237,38.02546948098474,0.0,0.0,gmina,14,MAZOWIECKIE,1409,lipski,1409042,Rzeczniów
wysokie ryzyko,30.29798193945792,30.1957122562461,30.29798193945792,30.1957122562461,0.0,0.0,gmina,14,MAZOWIECKIE,1409,lipski,1409042,Rzeczniów
niskie ryzyko,31.75146319996956,23.41782154638976,27.14700498188032,19.04082974009322,4.604458218089238,4.376991806296543,gmina,14,MAZOWIECKIE,1409,lipski,1409053,Sienno
niskie ryzyko,689.1513564635477,681.1603334795799,431.1371560958571,421.5622648240306,258.0142003676907,259.59806865554924,gmina,14,MAZOWIECKIE,1409,lipski,1409063,Solec nad Wisłą
wysokie ryzyko,336.09576310132815,324.78308299184255,272.0490914202755,261.2488929353192,64.04667168105264,63.53419005652334,gmina,14,MAZOWIECKIE,1409,lipski,1409063,Solec nad Wisłą
niskie ryzyko,11.56088037533834,11.56088037533834,11.56088037533834,11.56088037533834,0.0,0.0,gmina,14,MAZOWIECKIE,1411,makowski,1411022,Czerwonka
niskie ryzyko,2.3932901283217447,2.3932901283217447,2.3932901283217447,2.3932901283217447,0.0,0.0,gmina,14,MAZOWIECKIE,1411,makowski,1411032,Karniewo
niskie ryzyko,26.30121083689868,24.90262897353757,24.430894853621687,23.03231299026058,1.8703159832769924,1.8703159832769924,gmina,14,MAZOWIECKIE,1411,makowski,1411042,Krasnosielc
wysokie ryzyko,21.709963529473676,16.035680899128216,21.709963529473676,16.035680899128216,0.0,0.0,gmina,14,MAZOWIECKIE,1411,makowski,1411042,Krasnosielc
niskie ryzyko,26.670484073896212,23.827445679920675,8.865095396584438,6.0220570026089035,17.80538867731177,17.80538867731177,gmina,14,MAZOWIECKIE,1411,makowski,1411011,Maków Mazowiecki
niskie ryzyko,159.59165649823206,151.2144902404159,122.71628481228318,114.339118554467,36.875371685948906,36.875371685948906,gmina,14,MAZOWIECKIE,1411,makowski,1411052,Młynarze
wysokie ryzyko,84.8635922469733,79.99170993445954,57.47198198104408,52.37641834027207,27.391610265929216,27.615291594187468,gmina,14,MAZOWIECKIE,1411,makowski,1411052,Młynarze
niskie ryzyko,19.149526175373257,19.0658933050338,17.76491079075787,17.681277920418417,1.3846153846153846,1.3846153846153846,gmina,14,MAZOWIECKIE,1411,makowski,1411062,Płoniawy-Bramura
wysokie ryzyko,0.9890103946537806,0.9787434033007424,0.9890103946537806,0.9787434033007424,0.0,0.0,gmina,14,MAZOWIECKIE,1411,makowski,1411062,Płoniawy-Bramura
niskie ryzyko,413.7277445009339,410.8350994705039,101.45342325419682,101.45342325419682,312.27432124673714,309.38167621630714,gmina,14,MAZOWIECKIE,1411,makowski,1411082,Rzewnie
wysokie ryzyko,201.77945699526367,197.87498079045355,51.15777361603893,48.250090199734466,150.62168337922475,149.6248905907191,gmina,14,MAZOWIECKIE,1411,makowski,1411082,Rzewnie
niskie ryzyko,104.2912714312042,104.02619565273214,73.77991841181252,73.36604563708877,30.5113530193917,30.660150015643364,gmina,14,MAZOWIECKIE,1411,makowski,1411073,Różan
wysokie ryzyko,79.36029395036212,79.21149695411043,39.22681940323845,39.22681940323845,40.13347454712367,39.98467755087199,gmina,14,MAZOWIECKIE,1411,makowski,1411073,Różan
niskie ryzyko,207.1119238728028,206.41466655744037,164.64699949489832,163.94974217953592,42.46492437790447,42.46492437790447,gmina,14,MAZOWIECKIE,1411,makowski,1411102,Szelków
wysokie ryzyko,180.98434703632404,181.48646529774703,157.1754550262251,157.6775732876481,23.808892010098923,23.808892010098923,gmina,14,MAZOWIECKIE,1411,makowski,1411102,Szelków
niskie ryzyko,3.225278084815126,3.9491139223487224,3.225278084815126,3.9491139223487224,0.0,0.0,gmina,14,MAZOWIECKIE,1412,miński,1412043,Cegłów
niskie ryzyko,2.274579756828643,2.274579756828643,0.8745797568286433,0.8745797568286433,1.4,1.4,gmina,14,MAZOWIECKIE,1412,miński,1412063,Dobre
niskie ryzyko,71.97884963563115,69.62745082369997,59.74351981355021,57.39212100161903,12.23532982208094,12.23532982208094,gmina,14,MAZOWIECKIE,1412,miński,1412052,Dębe Wielkie
wysokie ryzyko,9.451389962856076,9.185134010888122,6.217794041311165,6.217794041311164,3.2335959215449117,2.9673399695769582,gmina,14,MAZOWIECKIE,1412,miński,1412052,Dębe Wielkie
niskie ryzyko,21.0941669521086,17.836121466977783,20.396453481516332,17.144812959597797,0.6977134705922666,0.6913085073799852,gmina,14,MAZOWIECKIE,1412,miński,1412073,Halinów
niskie ryzyko,13.66368163489263,13.66368163489263,2.2405918437343613,2.2405918437343613,11.423089791158269,11.423089791158269,gmina,14,MAZOWIECKIE,1412,miński,1412082,Jakubów
niskie ryzyko,29.27879414866247,28.867724975316595,29.27879414866247,28.867724975316595,0.0,0.0,gmina,14,MAZOWIECKIE,1412,miński,1412103,Latowicz
niskie ryzyko,79.83128588957844,79.64230824640327,25.162330064927783,25.162330064927783,54.66895582465065,54.479978181475495,gmina,14,MAZOWIECKIE,1412,miński,1412112,Mińsk Mazowiecki
niskie ryzyko,5.204020933131279,2.096773496545503,3.984978437642721,0.877731001056945,1.2190424954885584,1.2190424954885584,gmina,14,MAZOWIECKIE,1412,miński,1412133,Siennica
wysokie ryzyko,0.4533033417397595,0.4533033417397595,0.4533033417397595,0.4533033417397595,0.0,0.0,gmina,14,MAZOWIECKIE,1412,miński,1412133,Siennica
niskie ryzyko,26.60680008226558,26.206066375138413,22.62598436722144,22.225250660094275,3.98081571504414,3.98081571504414,gmina,14,MAZOWIECKIE,1412,miński,1412143,Stanisławów
wysokie ryzyko,14.277047255403204,14.277047255403204,0.0,0.0,14.277047255403204,14.277047255403204,gmina,14,MAZOWIECKIE,1412,miński,1412143,Stanisławów
niskie ryzyko,65.2874011317507,63.513073229518234,43.70495169658141,42.05455160605552,21.58244943516929,21.458521623462715,gmina,14,MAZOWIECKIE,1413,mławski,1413042,Radzanów
niskie ryzyko,41.401843090626706,41.89469772914012,29.57777060136536,30.076410292569545,11.82407248926135,11.81828743657058,gmina,14,MAZOWIECKIE,1413,mławski,1413052,Strzegowo
wysokie ryzyko,12.127842197250114,11.973136014745585,12.127842197250114,11.973136014745585,0.0,0.0,gmina,14,MAZOWIECKIE,1413,mławski,1413052,Strzegowo
niskie ryzyko,7.14074876626932,7.14074876626932,0.6011590660115148,0.6011590660115149,6.539589700257805,6.539589700257805,gmina,14,MAZOWIECKIE,1413,mławski,1413062,Stupsk
niskie ryzyko,6.462953676427597,6.462953676427599,3.249702121161621,3.2497021211616213,3.213251555265977,3.2132515552659773,gmina,14,MAZOWIECKIE,1413,mławski,1413072,Szreńsk
wysokie ryzyko,5.535482838432511,5.535482838432511,2.0286636187397216,2.028663618739721,3.5068192196927894,3.5068192196927894,gmina,14,MAZOWIECKIE,1413,mławski,1413072,Szreńsk
niskie ryzyko,0.0964335135113548,0.0964335135113548,0.0964335135113548,0.0964335135113548,0.0,0.0,gmina,14,MAZOWIECKIE,1413,mławski,1413082,Szydłowo
niskie ryzyko,4511.834009465471,4463.523900509937,1945.624665776941,1986.5036721635515,2566.209343688531,2477.020228346386,gmina,14,MAZOWIECKIE,1414,nowodworski,1414022,Czosnów
wysokie ryzyko,5356.456214988059,5382.804170329378,2913.909825556054,2885.3894866131136,2442.546389432005,2497.4146837162652,gmina,14,MAZOWIECKIE,1414,nowodworski,1414022,Czosnów
niskie ryzyko,3021.7651177821544,2980.680520483698,907.7564812346732,921.878294816951,2114.0086365474817,2058.802225666746,gmina,14,MAZOWIECKIE,1414,nowodworski,1414032,Leoncin
wysokie ryzyko,2292.7870111770626,2324.26090229644,954.0087868049832,934.5278023405348,1338.7782243720794,1389.7330999559051,gmina,14,MAZOWIECKIE,1414,nowodworski,1414032,Leoncin
niskie ryzyko,71.93429876734068,71.65084100771895,17.447000800238655,17.433855647953557,54.48729796710203,54.2169853597654,gmina,14,MAZOWIECKIE,1414,nowodworski,1414043,Nasielsk
wysokie ryzyko,39.66198245163891,40.10680470195229,14.790493103038395,14.790493103038395,24.87148934860052,25.316311598913902,gmina,14,MAZOWIECKIE,1414,nowodworski,1414043,Nasielsk
niskie ryzyko,4620.9359455635395,4876.881710761771,3490.3929610878995,3896.1789119708224,1130.5429844756404,980.7027987909466,gmina,14,MAZOWIECKIE,1414,nowodworski,1414011,Nowy Dwór Mazowiecki
wysokie ryzyko,16053.569238135216,15674.006957618009,12730.989322011515,12722.209894072084,3322.579916123701,2951.797063545926,gmina,14,MAZOWIECKIE,1414,nowodworski,1414011,Nowy Dwór Mazowiecki
niskie ryzyko,444.2902840979596,432.8922900687887,266.34525962326256,257.8816730901967,177.94502447469705,175.0106169785919,gmina,14,MAZOWIECKIE,1414,nowodworski,1414052,Pomiechówek
wysokie ryzyko,597.7826993964836,574.9714516416975,399.0843118534051,387.0566633773603,198.6983875430785,187.91478826433723,gmina,14,MAZOWIECKIE,1414,nowodworski,1414052,Pomiechówek
niskie ryzyko,34.5262928511241,31.922733539425213,30.933005481950953,27.49675649986479,3.593287369173142,4.4259770395604185,gmina,14,MAZOWIECKIE,1414,nowodworski,1414063,Zakroczym
wysokie ryzyko,22.100013429731504,31.356828675317203,14.184597053935365,12.66679843293808,7.915416375796139,18.690030242379123,gmina,14,MAZOWIECKIE,1414,nowodworski,1414063,Zakroczym
niskie ryzyko,12.205230017346963,12.205230017346963,7.651732108598796,7.651732108598797,4.553497908748167,4.553497908748167,gmina,14,MAZOWIECKIE,1416,ostrowski,1416022,Andrzejewo
wysokie ryzyko,3.1100640919359397,3.1100640919359397,0.0,0.0,3.1100640919359397,3.1100640919359397,gmina,14,MAZOWIECKIE,1416,ostrowski,1416022,Andrzejewo
niskie ryzyko,227.62442752425392,227.60958069431427,5.711104031115237,5.219092279132227,221.91332349313865,222.39048841518203,gmina,14,MAZOWIECKIE,1416,ostrowski,1416043,Brok
wysokie ryzyko,183.48456900873987,183.3090560374224,0.0,0.0,183.48456900873987,183.3090560374224,gmina,14,MAZOWIECKIE,1416,ostrowski,1416043,Brok
niskie ryzyko,1203.8831816356749,1191.9356960608725,505.9617276694234,501.9823050610236,697.9214539662515,689.9533909998489,gmina,14,MAZOWIECKIE,1416,ostrowski,1416053,Małkinia Górna
wysokie ryzyko,1089.1816874115063,1089.1435113164357,460.3290397768326,452.33060335165567,628.8526476346738,636.8129079647798,gmina,14,MAZOWIECKIE,1416,ostrowski,1416053,Małkinia Górna
niskie ryzyko,58.66687088344019,57.91357802884843,54.38588144826866,53.63258859367689,4.280989435171532,4.280989435171532,gmina,14,MAZOWIECKIE,1416,ostrowski,1416062,Nur
wysokie ryzyko,16.808190940070162,16.808190940070162,16.808190940070162,16.808190940070162,0.0,0.0,gmina,14,MAZOWIECKIE,1416,ostrowski,1416062,Nur
niskie ryzyko,13.085688458950363,13.085688458950363,13.085688458950363,13.085688458950363,0.0,0.0,gmina,14,MAZOWIECKIE,1416,ostrowski,1416082,Stary Lubotyń
wysokie ryzyko,8.451251142090836,8.451251142090836,4.379822570662265,4.379822570662266,4.071428571428571,4.071428571428571,gmina,14,MAZOWIECKIE,1416,ostrowski,1416082,Stary Lubotyń
niskie ryzyko,2.6296844315634287,2.6296844315634287,0.0,0.0,2.6296844315634287,2.6296844315634287,gmina,14,MAZOWIECKIE,1416,ostrowski,1416092,Szulborze Wielkie
wysokie ryzyko,1.5862591862137172,1.5862591862137172,0.0,0.0,1.5862591862137172,1.5862591862137172,gmina,14,MAZOWIECKIE,1416,ostrowski,1416092,Szulborze Wielkie
niskie ryzyko,94.66551942400386,92.29595958826948,29.70332815081324,27.333768315078856,64.96219127319061,64.96219127319061,gmina,14,MAZOWIECKIE,1416,ostrowski,1416112,Zaręby Kościelne
wysokie ryzyko,7.418660273648426,7.418660273648426,0.0,0.0,7.418660273648426,7.418660273648426,gmina,14,MAZOWIECKIE,1416,ostrowski,1416112,Zaręby Kościelne
niskie ryzyko,1.4601006119589657,1.4601006119589657,1.4601006119589657,1.4601006119589657,0.0,0.0,gmina,14,MAZOWIECKIE,1415,ostrołęcki,1415012,Baranowo
niskie ryzyko,17.19866500704797,17.19866500704797,8.0,8.0,9.198665007047971,9.198665007047971,gmina,14,MAZOWIECKIE,1415,ostrołęcki,1415022,Czarnia
niskie ryzyko,9.750620723791185,9.75062072379118,0.4860093141972762,0.4860093141972763,9.264611409593908,9.264611409593906,gmina,14,MAZOWIECKIE,1415,ostrołęcki,1415032,Czerwin
niskie ryzyko,259.53109870806236,254.60447053097857,106.0796979081076,101.21813052499196,153.45140079995477,153.38634000598665,gmina,14,MAZOWIECKIE,1415,ostrołęcki,1415042,Goworowo
wysokie ryzyko,102.75608126076676,102.71270739812132,14.29227761485826,14.29227761485826,88.46380364590848,88.42042978326305,gmina,14,MAZOWIECKIE,1415,ostrołęcki,1415042,Goworowo
niskie ryzyko,30.492844647567026,30.492844647567026,7.297884565551883,7.297884565551883,23.194960082015143,23.194960082015143,gmina,14,MAZOWIECKIE,1415,ostrołęcki,1415052,Kadzidło
wysokie ryzyko,5.560639667546242,5.560639667546242,5.560639667546242,5.560639667546242,0.0,0.0,gmina,14,MAZOWIECKIE,1415,ostrołęcki,1415052,Kadzidło
niskie ryzyko,1140.2874612244857,1079.7025820057456,586.4664755784702,542.3895647690281,553.8209856460154,537.3130172367174,gmina,14,MAZOWIECKIE,1415,ostrołęcki,1415062,Lelis
wysokie ryzyko,762.904541008479,814.5803823991719,438.87789267568314,478.16181835617385,324.02664833279584,336.41856404299796,gmina,14,MAZOWIECKIE,1415,ostrołęcki,1415062,Lelis
niskie ryzyko,112.3295293702088,99.46055993467002,88.83222576817985,76.80887040937687,23.497303602028943,22.651689525293147,gmina,14,MAZOWIECKIE,1415,ostrołęcki,1415083,Myszyniec
wysokie ryzyko,86.02359317677963,69.170700989052,84.41946916140566,61.85255630238868,1.604124015373968,7.318144686663324,gmina,14,MAZOWIECKIE,1415,ostrołęcki,1415083,Myszyniec
niskie ryzyko,1300.9161978796965,1285.1354202832508,683.0383926847435,665.1266759402778,617.877805194953,620.0087443429729,gmina,14,MAZOWIECKIE,1415,ostrołęcki,1415092,Olszewo-Borki
wysokie ryzyko,1601.636714185403,1602.880695149628,1174.221961794694,1196.9219941342526,427.4147523907089,405.95870101537525,gmina,14,MAZOWIECKIE,1415,ostrołęcki,1415092,Olszewo-Borki
niskie ryzyko,165.79105796881353,159.7663720679901,102.78013701786352,96.8232126744472,63.01092095095002,62.94315939354291,gmina,14,MAZOWIECKIE,1415,ostrołęcki,1415102,Rzekuń
wysokie ryzyko,123.17239136692382,122.25765442175413,52.55882094301303,51.64408399784334,70.61357042391077,70.61357042391077,gmina,14,MAZOWIECKIE,1415,ostrołęcki,1415102,Rzekuń
niskie ryzyko,3.0,3.0,0.0,0.0,3.0,3.0,gmina,14,MAZOWIECKIE,1415,ostrołęcki,1415072,Łyse
niskie ryzyko,197.9593983430694,190.16121836648273,161.69980224253152,152.5292039542291,36.2595961005379,37.632014412253625,gmina,14,MAZOWIECKIE,1417,otwocki,1417011,Józefów
wysokie ryzyko,163.30831355049767,167.72831559856212,159.02259926478337,163.44260131284784,4.285714285714286,4.285714285714285,gmina,14,MAZOWIECKIE,1417,otwocki,1417011,Józefów
niskie ryzyko,1954.2502403006476,2068.0856552539635,695.3169887949223,819.8645990184077,1258.9332515057254,1248.2210562355558,gmina,14,MAZOWIECKIE,1417,otwocki,1417043,Karczew
wysokie ryzyko,2282.292930419934,2257.485440144715,710.6967154196574,695.5770762435795,1571.5962150002763,1561.9083639011358,gmina,14,MAZOWIECKIE,1417,otwocki,1417043,Karczew
niskie ryzyko,146.60971473248625,163.3102826015882,117.82259178116432,134.53548794635338,28.787122951321912,28.774794655234817,gmina,14,MAZOWIECKIE,1417,otwocki,1417052,Kołbiel
wysokie ryzyko,64.27646742729537,66.8892861067102,63.474639949161826,66.08745862857666,0.801827478133555,0.801827478133555,gmina,14,MAZOWIECKIE,1417,otwocki,1417052,Kołbiel
niskie ryzyko,0.4978007491203529,0.4658690451747694,0.0,0.0,0.4978007491203529,0.4658690451747694,gmina,14,MAZOWIECKIE,1417,otwocki,1417063,Osieck
wysokie ryzyko,0.0,0.6950508794498188,0.0,0.0,0.0,0.6950508794498188,gmina,14,MAZOWIECKIE,1417,otwocki,1417063,Osieck
niskie ryzyko,422.1450497441028,871.0577182848872,258.76476558697806,248.43527215275992,163.38028415712478,622.6224461321273,gmina,14,MAZOWIECKIE,1417,otwocki,1417021,Otwock
wysokie ryzyko,1284.423616527206,1267.854246692514,835.2209126608858,819.9615636044286,449.2027038663203,447.8926830880856,gmina,14,MAZOWIECKIE,1417,otwocki,1417021,Otwock
niskie ryzyko,2232.9717246320247,2191.163310125664,1255.447628528764,1232.9688626356565,977.5240961032606,958.1944474900072,gmina,14,MAZOWIECKIE,1417,otwocki,1417072,Sobienie-Jeziory
wysokie ryzyko,1810.753618726436,1750.5149548525492,1045.0682304042211,987.6911706602054,765.6853883222149,762.8237841923439,gmina,14,MAZOWIECKIE,1417,otwocki,1417072,Sobienie-Jeziory
niskie ryzyko,227.82601624664025,220.02316505308667,152.09107189632937,143.11269447830162,75.73494435031085,76.91047057478508,gmina,14,MAZOWIECKIE,1417,otwocki,1417082,Wiązowna
wysokie ryzyko,44.63027309466565,44.08571444427385,9.37219662893199,9.37219662893199,35.25807646573366,34.713517815341866,gmina,14,MAZOWIECKIE,1417,otwocki,1417082,Wiązowna
niskie ryzyko,655.7359050491204,643.354543340809,304.3704670112886,291.98910530297707,351.3654380378319,351.3654380378319,gmina,14,MAZOWIECKIE,1418,piaseczyński,1418013,Góra Kalwaria
wysokie ryzyko,587.3818369695202,559.7027393005608,268.35228418424447,240.6731865152849,319.0295527852758,319.0295527852759,gmina,14,MAZOWIECKIE,1418,piaseczyński,1418013,Góra Kalwaria
niskie ryzyko,2566.3127951222564,2315.2920300797828,2025.711096707072,1760.85816480915,540.6016984151847,554.433865270633,gmina,14,MAZOWIECKIE,1418,piaseczyński,1418023,Konstancin-Jeziorna
wysokie ryzyko,2609.9400804633487,2895.351293471132,2035.6864070252464,2336.4122601286635,574.2536734381025,558.9390333424685,gmina,14,MAZOWIECKIE,1418,piaseczyński,1418023,Konstancin-Jeziorna
niskie ryzyko,31.285593333965508,39.81957284338961,20.74703037311058,31.885127681869605,10.53856296085493,7.934445161520002,gmina,14,MAZOWIECKIE,1418,piaseczyński,1418032,Lesznowola
wysokie ryzyko,9.851851851851851,16.470761473294957,9.851851851851851,16.470761473294957,0.0,0.0,gmina,14,MAZOWIECKIE,1418,piaseczyński,1418032,Lesznowola
niskie ryzyko,133.3127707993857,132.99120595321776,90.44633508047758,89.9832331675354,42.86643571890812,43.00797278568236,gmina,14,MAZOWIECKIE,1418,piaseczyński,1418043,Piaseczno
wysokie ryzyko,87.8082468167888,74.56769840059452,67.08263337279058,56.764025503670354,20.725613443998213,17.80367289692417,gmina,14,MAZOWIECKIE,1418,piaseczyński,1418043,Piaseczno
niskie ryzyko,20.799425671354328,20.799425671354328,12.848668697531792,12.848668697531792,7.950756973822537,7.950756973822537,gmina,14,MAZOWIECKIE,1418,piaseczyński,1418052,Prażmów
niskie ryzyko,2.8617975030563483,2.861797503056348,0.0,0.0,2.8617975030563483,2.861797503056348,gmina,14,MAZOWIECKIE,1418,piaseczyński,1418063,Tarczyn
niskie ryzyko,176.88298605226956,176.3043633224428,21.364311220387375,21.328255394768956,155.51867483188218,154.9761079276739,gmina,14,MAZOWIECKIE,1421,pruszkowski,1421033,Brwinów
niskie ryzyko,41.25175503071403,38.81081942747377,31.579403644674375,29.094390423708997,9.672351386039647,9.716429003764762,gmina,14,MAZOWIECKIE,1421,pruszkowski,1421042,Michałowice
wysokie ryzyko,8.083697781328674,8.083697781328674,8.083697781328674,8.083697781328674,0.0,0.0,gmina,14,MAZOWIECKIE,1421,pruszkowski,1421042,Michałowice
niskie ryzyko,162.2633778436587,131.78193187693267,46.91904485148171,18.492424121129705,115.344332992177,113.28950775580296,gmina,14,MAZOWIECKIE,1421,pruszkowski,1421052,Nadarzyn
wysokie ryzyko,149.69544580202233,123.8432883449266,34.66878458144244,8.816627124346699,115.02666122057992,115.0266612205799,gmina,14,MAZOWIECKIE,1421,pruszkowski,1421052,Nadarzyn
niskie ryzyko,370.4516674603105,329.9853810637747,370.4516674603105,329.9853810637747,0.0,0.0,gmina,14,MAZOWIECKIE,1421,pruszkowski,1421021,Pruszków
wysokie ryzyko,475.7192031862757,443.0129869867401,475.7192031862757,443.0129869867401,0.0,0.0,gmina,14,MAZOWIECKIE,1421,pruszkowski,1421021,Pruszków
niskie ryzyko,72.10971240121536,69.51849485148331,52.38071843804682,49.78950088831478,19.728993963168545,19.728993963168545,gmina,14,MAZOWIECKIE,1422,przasnyski,1422023,Chorzele
wysokie ryzyko,16.811048060987993,15.542790104530331,16.811048060987993,15.542790104530331,0.0,0.0,gmina,14,MAZOWIECKIE,1422,przasnyski,1422023,Chorzele
niskie ryzyko,6.0,6.0,6.0,6.0,0.0,0.0,gmina,14,MAZOWIECKIE,1422,przasnyski,1422042,Jednorożec
niskie ryzyko,96.73869162827596,96.0923642923775,43.02815776988033,42.38183043398185,53.71053385839565,53.71053385839565,gmina,14,MAZOWIECKIE,1423,przysuski,1423043,Odrzywół
wysokie ryzyko,153.0279573461805,147.9956009608859,88.74040005228636,83.70804366699177,64.28755729389414,64.28755729389414,gmina,14,MAZOWIECKIE,1423,przysuski,1423043,Odrzywół
niskie ryzyko,6.257681272356113,6.1753853769447415,0.5251939625517321,0.5251939625517321,5.73248730980438,5.650191414393009,gmina,14,MAZOWIECKIE,1423,przysuski,1423063,Przysucha
niskie ryzyko,2.274078702054508,3.656666551154125,2.274078702054508,3.656666551154125,0.0,0.0,gmina,14,MAZOWIECKIE,1423,przysuski,1423072,Rusinów
niskie ryzyko,23.294398569839515,21.367496266251763,5.99400960617244,5.794443525678728,17.300388963667075,15.573052740573033,gmina,14,MAZOWIECKIE,1423,przysuski,1423082,Wieniawa
wysokie ryzyko,3.8445308808149057,14.84286926390488,0.0,0.0,3.8445308808149057,14.84286926390488,gmina,14,MAZOWIECKIE,1423,przysuski,1423082,Wieniawa
niskie ryzyko,247.4437353045722,241.30091573451824,156.41471078597417,150.2718912159202,91.02902451859804,91.02902451859804,gmina,14,MAZOWIECKIE,1424,pułtuski,1424022,Obryte
wysokie ryzyko,284.06732792575315,275.61009644015047,187.0432617384905,178.5860302528878,97.02406618726268,97.02406618726268,gmina,14,MAZOWIECKIE,1424,pułtuski,1424022,Obryte
niskie ryzyko,20.286376221817648,20.363599144945248,3.674359167401656,3.751582090529255,16.612017054415993,16.612017054415993,gmina,14,MAZOWIECKIE,1424,pułtuski,1424032,Pokrzywnica
niskie ryzyko,1510.5938648260349,1383.2557586523374,1260.0746979001913,1193.923532541451,250.51916692584325,189.332226110886,gmina,14,MAZOWIECKIE,1424,pułtuski,1424043,Pułtusk
wysokie ryzyko,3138.7726792556923,2911.0105532748107,2821.5382028125205,2589.290087281965,317.23447644317196,321.7204659928459,gmina,14,MAZOWIECKIE,1424,pułtuski,1424043,Pułtusk
niskie ryzyko,94.06427961966922,93.98705669654164,21.6107880522953,21.533565129167705,72.45349156737393,72.45349156737392,gmina,14,MAZOWIECKIE,1424,pułtuski,1424072,Zatory
wysokie ryzyko,42.62880449685734,42.62880449685735,15.045963654616507,15.045963654616507,27.58284084224083,27.58284084224083,gmina,14,MAZOWIECKIE,1424,pułtuski,1424072,Zatory
niskie ryzyko,291.4507442199641,294.57348887111834,148.0953205315763,147.42195591553872,143.35542368838782,147.15153295557965,gmina,14,MAZOWIECKIE,1419,płocki,1419023,Bodzanów
wysokie ryzyko,298.1678662596326,300.80559475159646,235.52430275943416,234.58507750025385,62.64356350019844,66.2205172513427,gmina,14,MAZOWIECKIE,1419,płocki,1419023,Bodzanów
niskie ryzyko,26.57398480161083,26.45910114522254,13.865505578982546,13.75062192259425,12.708479222628288,12.708479222628288,gmina,14,MAZOWIECKIE,1419,płocki,1419032,Brudzeń Duży
wysokie ryzyko,25.292914859014378,25.292914859014378,2.0,2.0,23.292914859014378,23.292914859014378,gmina,14,MAZOWIECKIE,1419,płocki,1419032,Brudzeń Duży
niskie ryzyko,564.4903573149959,562.3977094045754,326.22974595775656,325.926087409723,238.26061135723936,236.47162199485248,gmina,14,MAZOWIECKIE,1419,płocki,1419063,Gąbin
wysokie ryzyko,391.3023382941809,391.319112192592,273.32018765414034,276.0198669513243,117.98215064004056,115.2992452412677,gmina,14,MAZOWIECKIE,1419,płocki,1419063,Gąbin
niskie ryzyko,279.17798846409573,277.6804890643438,195.8946950908024,193.3399995600416,83.28329337329338,84.34048950430223,gmina,14,MAZOWIECKIE,1419,płocki,1419082,Mała Wieś
wysokie ryzyko,119.95395962206888,120.51652838761473,105.5369266550359,106.09949542058176,14.417032967032966,14.417032967032968,gmina,14,MAZOWIECKIE,1419,płocki,1419082,Mała Wieś
niskie ryzyko,225.88654111172664,228.7248101293309,107.6167290694004,109.25400556447664,118.26981204232624,119.47080456485422,gmina,14,MAZOWIECKIE,1419,płocki,1419092,Nowy Duninów
wysokie ryzyko,196.52184521388983,195.15753753922857,153.26613574861187,151.90182807395058,43.255709465277995,43.255709465277995,gmina,14,MAZOWIECKIE,1419,płocki,1419092,Nowy Duninów
niskie ryzyko,66.06903746090371,49.09275991280888,66.06903746090371,49.09275991280888,0.0,0.0,gmina,14,MAZOWIECKIE,1419,płocki,1419132,Stara Biała
wysokie ryzyko,8.044648447756972,8.044648447756972,8.044648447756972,8.044648447756972,0.0,0.0,gmina,14,MAZOWIECKIE,1419,płocki,1419132,Stara Biała
niskie ryzyko,13.278144624634916,58.472894353656194,12.473737600158048,57.66848732917933,0.8044070244768691,0.8044070244768692,gmina,14,MAZOWIECKIE,1419,płocki,1419143,Staroźreby
niskie ryzyko,1097.8863027207103,1074.830025145132,559.2456894797915,534.4258216664368,538.6406132409188,540.4042034786953,gmina,14,MAZOWIECKIE,1419,płocki,1419112,Słubice
wysokie ryzyko,443.9240840083412,466.98036158391926,237.8567479687369,262.8319449346983,206.0673360396043,204.148416649221,gmina,14,MAZOWIECKIE,1419,płocki,1419112,Słubice
niskie ryzyko,1146.991306439051,1150.4871237914128,628.678306394106,627.1862568441252,518.3130000449449,523.3008669472877,gmina,14,MAZOWIECKIE,1419,płocki,1419122,Słupno
wysokie ryzyko,625.7051660174689,626.1802453556343,390.55817036085233,396.0211166013604,235.14699565661653,230.1591287542738,gmina,14,MAZOWIECKIE,1419,płocki,1419122,Słupno
niskie ryzyko,266.223125901677,269.1907350806955,207.9214324767605,210.889041655779,58.30169342491652,58.30169342491652,gmina,14,MAZOWIECKIE,1419,płocki,1419153,Wyszogród
wysokie ryzyko,94.58963601548484,90.55022636016828,72.08785062564971,68.04844097033315,22.501785389835135,22.501785389835135,gmina,14,MAZOWIECKIE,1419,płocki,1419153,Wyszogród
niskie ryzyko,5.519015517049285,5.519015517049285,0.0,0.0,5.519015517049285,5.519015517049285,gmina,14,MAZOWIECKIE,1419,płocki,1419072,Łąck
niskie ryzyko,25.617918011451856,25.617918011451856,4.195981427698581,4.195981427698582,21.421936583753276,21.421936583753276,gmina,14,MAZOWIECKIE,1420,płoński,1420032,Baboszewo
wysokie ryzyko,12.670502497197024,11.915613723151582,4.800000000000001,4.04511122595456,7.870502497197022,7.870502497197021,gmina,14,MAZOWIECKIE,1420,płoński,1420032,Baboszewo
niskie ryzyko,156.41773070554927,156.41773070554927,58.87745806736396,58.87745806736396,97.5402726381853,97.5402726381853,gmina,14,MAZOWIECKIE,1420,płoński,1420043,Czerwińsk nad Wisłą
wysokie ryzyko,16.2057025264427,16.2057025264427,1.8051326881049017,1.8051326881049017,14.400569838337796,14.400569838337798,gmina,14,MAZOWIECKIE,1420,płoński,1420043,Czerwińsk nad Wisłą
niskie ryzyko,0.2772594564342663,0.2772594564342663,0.2772594564342663,0.2772594564342663,0.0,0.0,gmina,14,MAZOWIECKIE,1420,płoński,1420052,Dzierzążnia
niskie ryzyko,119.76872010620716,119.09884186587732,80.38147547136715,79.98990304070631,39.38724463484,39.108938825171016,gmina,14,MAZOWIECKIE,1420,płoński,1420062,Joniec
wysokie ryzyko,54.63165236269273,54.30407401730634,18.779885713619095,18.62565427397778,35.85176664907364,35.67841974332856,gmina,14,MAZOWIECKIE,1420,płoński,1420062,Joniec
niskie ryzyko,70.71020413397264,70.28354399960429,46.15118430267002,45.724524168301656,24.559019831302624,24.55901983130262,gmina,14,MAZOWIECKIE,1420,płoński,1420083,Nowe Miasto
wysokie ryzyko,43.339617648108025,42.965477368272424,33.56893499335848,33.19479471352288,9.77068265474954,9.77068265474954,gmina,14,MAZOWIECKIE,1420,płoński,1420083,Nowe Miasto
niskie ryzyko,153.78976030305276,291.5493265962047,153.78976030305276,291.5493265962047,0.0,0.0,gmina,14,MAZOWIECKIE,1420,płoński,1420011,Płońsk
niskie ryzyko,50.73801858098754,50.315827112203834,0.0,0.0,50.73801858098754,50.315827112203834,gmina,14,MAZOWIECKIE,1420,płoński,1420092,Płońsk
wysokie ryzyko,293.2784776482309,241.72654067356115,293.2784776482309,241.72654067356115,0.0,0.0,gmina,14,MAZOWIECKIE,1420,płoński,1420011,Płońsk
wysokie ryzyko,5.967742572258809,5.967742572258808,0.0,0.0,5.967742572258809,5.967742572258808,gmina,14,MAZOWIECKIE,1420,płoński,1420092,Płońsk
niskie ryzyko,326.40868591595034,331.5839555367169,323.9472994500694,329.5413181451472,2.461386465880927,2.042637391569741,gmina,14,MAZOWIECKIE,1420,płoński,1420021,Raciąż
niskie ryzyko,7.488973028660036,7.488973028660035,7.488973028660036,7.488973028660035,0.0,0.0,gmina,14,MAZOWIECKIE,1420,płoński,1420102,Raciąż
wysokie ryzyko,148.8857316333119,140.30525516051543,142.22556537370784,133.64508890091136,6.660166259604069,6.660166259604071,gmina,14,MAZOWIECKIE,1420,płoński,1420021,Raciąż
niskie ryzyko,204.1552439461611,203.5351416040529,141.0789540502435,140.6133884482349,63.0762898959176,62.92175315581804,gmina,14,MAZOWIECKIE,1420,płoński,1420113,Sochocin
wysokie ryzyko,100.54906453169588,100.4637553699798,79.94989925994618,79.8645900982301,20.599165271749698,20.599165271749698,gmina,14,MAZOWIECKIE,1420,płoński,1420113,Sochocin
niskie ryzyko,3.385218402321501,3.3852184023215006,3.2305138309112436,3.230513830911243,0.1547045714102574,0.1547045714102575,gmina,14,MAZOWIECKIE,1425,radomski,1425033,Iłża
niskie ryzyko,19.99034815850661,19.99034815850661,5.806862235894021,5.806862235894021,14.18348592261259,14.18348592261259,gmina,14,MAZOWIECKIE,1425,radomski,1425042,Jastrzębia
niskie ryzyko,72.23011342519018,72.02867114043815,17.22763931907861,17.33425948393741,55.002474106111585,54.69441165650075,gmina,14,MAZOWIECKIE,1425,radomski,1425052,Jedlińsk
wysokie ryzyko,6.337337448930109,6.2943117242060875,0.864489384227625,0.8214636595036036,5.472848064702484,5.472848064702484,gmina,14,MAZOWIECKIE,1425,radomski,1425052,Jedlińsk
niskie ryzyko,44.44480589273536,44.38659924362956,19.76938209186117,19.76938209186117,24.675423800874185,24.617217151768394,gmina,14,MAZOWIECKIE,1425,radomski,1425082,Pionki
niskie ryzyko,28.95664993667898,26.514045854342218,20.58047194035486,18.207913693293488,8.376177996324115,8.306132161048726,gmina,14,MAZOWIECKIE,1425,radomski,1425011,Pionki
wysokie ryzyko,11.511912238810217,11.511912238810217,11.511912238810217,11.511912238810217,0.0,0.0,gmina,14,MAZOWIECKIE,1425,radomski,1425011,Pionki
wysokie ryzyko,5.757669553350513,4.736018941196773,1.1926290507701764,0.1709784386164365,4.565040502580336,4.565040502580336,gmina,14,MAZOWIECKIE,1425,radomski,1425082,Pionki
niskie ryzyko,74.28229147598549,71.11330346602686,60.31834670280995,57.14935869285132,13.963944773175545,13.96394477317554,gmina,14,MAZOWIECKIE,1425,radomski,1425093,Przytyk
wysokie ryzyko,14.03808821845196,13.93844404717722,14.03808821845196,13.93844404717722,0.0,0.0,gmina,14,MAZOWIECKIE,1425,radomski,1425093,Przytyk
niskie ryzyko,4.45474679857031,4.45474679857031,1.2772016265163082,1.2772016265163084,3.1775451720540024,3.1775451720540024,gmina,14,MAZOWIECKIE,1425,radomski,1425103,Skaryszew
niskie ryzyko,1.3695623270148929,1.3695623270148924,0.0,0.0,1.3695623270148929,1.3695623270148924,gmina,14,MAZOWIECKIE,1425,radomski,1425132,Zakrzew
wysokie ryzyko,5.6511819080618935,5.6511819080618935,0.0,0.0,5.6511819080618935,5.6511819080618935,gmina,14,MAZOWIECKIE,1425,radomski,1425132,Zakrzew
niskie ryzyko,76.35013126696475,77.01657589351733,41.81971039600979,42.3340654842061,34.53042087095496,34.68251040931124,gmina,14,MAZOWIECKIE,1426,siedlecki,1426022,Korczew
wysokie ryzyko,94.34023054584576,93.23467896834777,88.51576980108749,87.41021822358948,5.8244607447582695,5.8244607447582695,gmina,14,MAZOWIECKIE,1426,siedlecki,1426022,Korczew
niskie ryzyko,40.82251454470379,40.82251454470379,11.607616809726576,11.607616809726576,29.21489773497722,29.21489773497722,gmina,14,MAZOWIECKIE,1426,siedlecki,1426042,Mokobody
wysokie ryzyko,6.05866593715889,6.058665937158889,1.3904598977642046,1.3904598977642044,4.668206039394685,4.6682060393946845,gmina,14,MAZOWIECKIE,1426,siedlecki,1426042,Mokobody
niskie ryzyko,1.8370194489645617,1.8370194489645617,0.1075005616061102,0.1075005616061102,1.7295188873584513,1.7295188873584513,gmina,14,MAZOWIECKIE,1426,siedlecki,1426053,Mordy
wysokie ryzyko,6.0556393871322225,6.0556393871322225,0.0,0.0,6.0556393871322225,6.0556393871322225,gmina,14,MAZOWIECKIE,1426,siedlecki,1426053,Mordy
niskie ryzyko,138.0678063661206,137.93302924459664,1.122879100877331,1.122879100877331,136.94492726524328,136.8101501437193,gmina,14,MAZOWIECKIE,1426,siedlecki,1426082,Siedlce
wysokie ryzyko,65.54477998841304,65.4719890441723,0.0,0.0,65.54477998841304,65.4719890441723,gmina,14,MAZOWIECKIE,1426,siedlecki,1426082,Siedlce
niskie ryzyko,2.6492374727668846,2.6492374727668846,0.0,0.0,2.6492374727668846,2.6492374727668846,gmina,14,MAZOWIECKIE,1427,sierpecki,1427022,Gozdowo
wysokie ryzyko,5.298474945533769,5.298474945533769,0.0,0.0,5.298474945533769,5.298474945533769,gmina,14,MAZOWIECKIE,1427,sierpecki,1427022,Gozdowo
niskie ryzyko,8.5,9.009632800922114,5.5,6.009632800922114,3.0,3.0,gmina,14,MAZOWIECKIE,1427,sierpecki,1427032,Mochowo
niskie ryzyko,8.771180806832147,8.701755732393872,6.386565422216762,6.317140347778488,2.3846153846153846,2.3846153846153846,gmina,14,MAZOWIECKIE,1427,sierpecki,1427042,Rościszewo
wysokie ryzyko,6.681733836389446,6.1279391235321485,6.681733836389446,6.1279391235321485,0.0,0.0,gmina,14,MAZOWIECKIE,1427,sierpecki,1427042,Rościszewo
niskie ryzyko,58.11186899702034,30.910787862200348,58.11186899702034,30.910787862200348,0.0,0.0,gmina,14,MAZOWIECKIE,1427,sierpecki,1427011,Sierpc
niskie ryzyko,42.04906319788967,38.76963459911518,11.01464513425537,6.503609180026145,31.034418063634305,32.26602541908903,gmina,14,MAZOWIECKIE,1427,sierpecki,1427052,Sierpc
wysokie ryzyko,38.28337928760063,19.771945543131352,38.28337928760063,19.771945543131352,0.0,0.0,gmina,14,MAZOWIECKIE,1427,sierpecki,1427011,Sierpc
niskie ryzyko,18.774137829808176,18.0580237711986,10.210707578108035,10.137798956197823,8.56343025170014,7.920224815000773,gmina,14,MAZOWIECKIE,1427,sierpecki,1427072,Zawidz
niskie ryzyko,1073.8445002646931,1089.0228696630154,735.075046959485,749.3224593390662,338.76945330520823,339.7004103239492,gmina,14,MAZOWIECKIE,1428,sochaczewski,1428022,Brochów
wysokie ryzyko,773.7918386510905,754.6888096281095,571.4529409481328,553.4455364869352,202.33889770295772,201.24327314117448,gmina,14,MAZOWIECKIE,1428,sochaczewski,1428022,Brochów
niskie ryzyko,350.09722658881094,352.5089204933879,65.35762800417973,67.13220450066055,284.7395985846312,285.3767159927273,gmina,14,MAZOWIECKIE,1428,sochaczewski,1428032,Iłów
wysokie ryzyko,174.57018988763593,172.15849598305897,33.9192789968652,32.58834662450458,140.65091089077072,139.57014935855435,gmina,14,MAZOWIECKIE,1428,sochaczewski,1428032,Iłów
niskie ryzyko,295.996693672949,297.7208201775224,174.4883481535379,176.00094446279135,121.50834551941108,121.71987571473106,gmina,14,MAZOWIECKIE,1428,sochaczewski,1428042,Młodzieszyn
wysokie ryzyko,486.7444134813362,487.1396787758861,373.5170060616403,373.41498327094286,113.22740741969584,113.7246955049433,gmina,14,MAZOWIECKIE,1428,sochaczewski,1428042,Młodzieszyn
niskie ryzyko,134.185113795576,125.1748187509649,116.5118493821196,111.81782659483292,17.673264413456387,13.35699215613198,gmina,14,MAZOWIECKIE,1428,sochaczewski,1428052,Nowa Sucha
wysokie ryzyko,52.68292089391733,52.16214804954747,47.59712738971609,47.244866709924565,5.085793504201234,4.9172813396229005,gmina,14,MAZOWIECKIE,1428,sochaczewski,1428052,Nowa Sucha
niskie ryzyko,195.6624367811688,183.99660511400128,158.269313587823,150.25845378813017,37.39312319334582,33.73815132587111,gmina,14,MAZOWIECKIE,1428,sochaczewski,1428011,Sochaczew
niskie ryzyko,135.44909145229323,146.11094833495738,129.0858572112448,139.82756633872776,6.363234241048456,6.283381996229632,gmina,14,MAZOWIECKIE,1428,sochaczewski,1428072,Sochaczew
wysokie ryzyko,319.3962438183786,323.73083121276574,250.0585185076752,257.32203485558404,69.33772531070338,66.4087963571817,gmina,14,MAZOWIECKIE,1428,sochaczewski,1428011,Sochaczew
wysokie ryzyko,132.10904276268712,117.72774754265716,128.41926438910593,114.03796916907598,3.689778373581187,3.6897783735811864,gmina,14,MAZOWIECKIE,1428,sochaczewski,1428072,Sochaczew
niskie ryzyko,15.58212482073036,14.7120605206577,15.112084958754648,14.242020658681986,0.4700398619757141,0.4700398619757142,gmina,14,MAZOWIECKIE,1428,sochaczewski,1428082,Teresin
wysokie ryzyko,5.961352808425277,5.961352808425276,0.0,0.0,5.961352808425277,5.961352808425276,gmina,14,MAZOWIECKIE,1428,sochaczewski,1428082,Teresin
niskie ryzyko,189.0542441329742,188.8320104895038,170.9034485602542,170.6812149167838,18.150795572719986,18.15079557271999,gmina,14,MAZOWIECKIE,1429,sokołowski,1429032,Ceranów
wysokie ryzyko,151.68962473345,151.4261853068135,139.08659946034217,138.82316003370568,12.60302527310784,12.60302527310784,gmina,14,MAZOWIECKIE,1429,sokołowski,1429032,Ceranów
niskie ryzyko,75.36549893293345,75.36245057451396,58.976150103411,58.97310174499151,16.389348829522454,16.389348829522454,gmina,14,MAZOWIECKIE,1429,sokołowski,1429042,Jabłonna Lacka
wysokie ryzyko,25.20168356163029,25.20168356163029,19.674603356378487,19.674603356378487,5.527080205251804,5.527080205251803,gmina,14,MAZOWIECKIE,1429,sokołowski,1429042,Jabłonna Lacka
niskie ryzyko,175.58833029977666,162.5860718661305,161.57038096738512,148.56812253373897,14.017949332391538,14.017949332391538,gmina,14,MAZOWIECKIE,1429,sokołowski,1429053,Kosów Lacki
wysokie ryzyko,173.86633728599696,174.39255953954927,173.86633728599696,174.39255953954927,0.0,0.0,gmina,14,MAZOWIECKIE,1429,sokołowski,1429053,Kosów Lacki
niskie ryzyko,13.441006487283904,13.441006487283904,0.0,0.0,13.441006487283904,13.441006487283904,gmina,14,MAZOWIECKIE,1429,sokołowski,1429072,Sabnie
niskie ryzyko,110.5982645618522,105.54938343659224,110.11399619695204,105.06511507169208,0.4842683649001543,0.4842683649001544,gmina,14,MAZOWIECKIE,1429,sokołowski,1429092,Sterdyń
wysokie ryzyko,66.36823070983613,66.36823070983613,66.36823070983613,66.36823070983613,0.0,0.0,gmina,14,MAZOWIECKIE,1429,sokołowski,1429092,Sterdyń
niskie ryzyko,809.2010755580832,682.9200382450808,706.8654281664486,581.6805498923965,102.33564739163457,101.23948835268432,gmina,14,MAZOWIECKIE,1432,warszawski zachodni,1432013,Błonie
wysokie ryzyko,1152.7238993455069,1067.6034301501345,987.8289882336908,902.7085190383189,164.89491111181576,164.89491111181576,gmina,14,MAZOWIECKIE,1432,warszawski zachodni,1432013,Błonie
niskie ryzyko,2.7595777178813687,2.7595777178813687,0.4598860058048035,0.4598860058048034,2.2996917120765654,2.2996917120765654,gmina,14,MAZOWIECKIE,1432,warszawski zachodni,1432032,Kampinos
wysokie ryzyko,2.625,2.625,0.0,0.0,2.625,2.625,gmina,14,MAZOWIECKIE,1432,warszawski zachodni,1432032,Kampinos
niskie ryzyko,22.60893781128273,22.60893781128273,0.0,0.0,22.60893781128273,22.60893781128273,gmina,14,MAZOWIECKIE,1432,warszawski zachodni,1432042,Leszno
wysokie ryzyko,21.317416329140908,21.317416329140908,0.0,0.0,21.317416329140908,21.317416329140908,gmina,14,MAZOWIECKIE,1432,warszawski zachodni,1432042,Leszno
niskie ryzyko,40.45470983443516,70.1838810696229,40.45470983443516,70.1838810696229,0.0,0.0,gmina,14,MAZOWIECKIE,1432,warszawski zachodni,1432063,Ożarów Mazowiecki
wysokie ryzyko,43.91310260931538,43.91310260931538,43.91310260931538,43.91310260931538,0.0,0.0,gmina,14,MAZOWIECKIE,1432,warszawski zachodni,1432063,Ożarów Mazowiecki
niskie ryzyko,7020.04686440043,7010.670201159485,3799.8247325974785,3762.4782696002226,3220.2221318029515,3248.191931559263,gmina,14,MAZOWIECKIE,1432,warszawski zachodni,1432053,Łomianki
wysokie ryzyko,17012.47814725559,17037.77724119722,11729.360696267657,11728.160129809174,5283.117450987935,5309.6171113880455,gmina,14,MAZOWIECKIE,1432,warszawski zachodni,1432053,Łomianki
niskie ryzyko,754.564789968354,725.9204663458466,372.1001223103816,345.52957232859376,382.4646676579725,380.39089401725295,gmina,14,MAZOWIECKIE,1434,wołomiński,1434052,Dąbrówka
wysokie ryzyko,715.4739056714818,711.9332277371739,371.0713825934896,364.46180275839606,344.4025230779921,347.47142497877786,gmina,14,MAZOWIECKIE,1434,wołomiński,1434052,Dąbrówka
niskie ryzyko,224.45317942934767,208.2165267339369,122.84116532039629,112.4773179874338,101.6120141089514,95.73920874650308,gmina,14,MAZOWIECKIE,1434,wołomiński,1434063,Jadów
wysokie ryzyko,126.97533096674218,129.44216590796898,27.73868690282433,27.73868690282433,99.23664406391784,101.70347900514466,gmina,14,MAZOWIECKIE,1434,wołomiński,1434063,Jadów
niskie ryzyko,39.336536800216216,40.08398015854871,28.103036338151327,29.71486317308875,11.233500462064889,10.36911698545996,gmina,14,MAZOWIECKIE,1434,wołomiński,1434072,Klembów
niskie ryzyko,184.7280358665379,167.9014604518976,105.27288806253736,100.17816091300092,79.45514780400057,67.72329953889671,gmina,14,MAZOWIECKIE,1434,wołomiński,1434021,Marki
wysokie ryzyko,31.334841542626265,30.905170222426904,0.0,0.0,31.334841542626265,30.905170222426904,gmina,14,MAZOWIECKIE,1434,wołomiński,1434021,Marki
niskie ryzyko,0.6556915943080723,0.6556915943080722,0.6556915943080723,0.6556915943080722,0.0,0.0,gmina,14,MAZOWIECKIE,1434,wołomiński,1434082,Poświętne
niskie ryzyko,752.4665253221792,730.0559002647477,349.5967466141591,333.21783140231344,402.86977870802014,396.8380688624343,gmina,14,MAZOWIECKIE,1434,wołomiński,1434093,Radzymin
wysokie ryzyko,840.8030732489248,825.2345196951667,247.9589395711189,228.3806188364031,592.8441336778059,596.8539008587636,gmina,14,MAZOWIECKIE,1434,wołomiński,1434093,Radzymin
niskie ryzyko,3.151821501699516,2.783722447797429,0.0,0.0,3.151821501699516,2.783722447797429,gmina,14,MAZOWIECKIE,1434,wołomiński,1434102,Strachówka
wysokie ryzyko,0.3145601015207355,0.3145601015207355,0.0,0.0,0.3145601015207355,0.3145601015207355,gmina,14,MAZOWIECKIE,1434,wołomiński,1434102,Strachówka
niskie ryzyko,23.909019965156517,19.3894600866181,14.375223537172808,9.855663658634388,9.533796427983711,9.533796427983711,gmina,14,MAZOWIECKIE,1434,wołomiński,1434123,Wołomin
wysokie ryzyko,7.973285261225001,7.973285261225,0.0,0.0,7.973285261225001,7.973285261225,gmina,14,MAZOWIECKIE,1434,wołomiński,1434123,Wołomin
niskie ryzyko,26.30612578235269,29.36343792237008,15.15165062958354,18.661021407295294,11.154475152769152,10.702416515074788,gmina,14,MAZOWIECKIE,1434,wołomiński,1434041,Zielonka
niskie ryzyko,527.7881024331465,547.864651955655,397.0205041427147,423.60415051817114,130.76759829043186,124.2605014374838,gmina,14,MAZOWIECKIE,1435,wyszkowski,1435012,Brańszczyk
wysokie ryzyko,378.66493304047714,378.3055036476716,279.68160249451233,268.7198819564155,98.98333054596478,109.58562169125616,gmina,14,MAZOWIECKIE,1435,wyszkowski,1435012,Brańszczyk
niskie ryzyko,231.29170969722765,231.29170969722765,0.0,0.0,231.29170969722765,231.29170969722765,gmina,14,MAZOWIECKIE,1435,wyszkowski,1435022,Długosiodło
wysokie ryzyko,104.80429199848868,104.80429199848868,0.0,0.0,104.80429199848868,104.80429199848868,gmina,14,MAZOWIECKIE,1435,wyszkowski,1435022,Długosiodło
niskie ryzyko,819.7701668712673,817.8630383241455,192.06823027933677,191.84637832437056,627.7019365919305,626.016659999775,gmina,14,MAZOWIECKIE,1435,wyszkowski,1435032,Rząśnik
wysokie ryzyko,579.1029964007927,577.1237275233296,169.26607477038084,168.48286952902689,409.8369216304119,408.6408579943028,gmina,14,MAZOWIECKIE,1435,wyszkowski,1435032,Rząśnik
niskie ryzyko,183.10828447759351,215.19519565210544,129.48082967706603,163.2563904189078,53.627454800527474,51.93880523319762,gmina,14,MAZOWIECKIE,1435,wyszkowski,1435042,Somianka
wysokie ryzyko,202.1838575266139,202.6142384191916,129.36838879616752,127.8840506933804,72.81546873044641,74.73018772581118,gmina,14,MAZOWIECKIE,1435,wyszkowski,1435042,Somianka
niskie ryzyko,1367.9518522299752,1319.4134174679004,433.75322789839055,414.894230714702,934.1986243315848,904.5191867531984,gmina,14,MAZOWIECKIE,1435,wyszkowski,1435053,Wyszków
wysokie ryzyko,1385.8709278867998,1389.8961075971763,730.2128912363486,703.7059462225558,655.6580366504512,686.1901613746209,gmina,14,MAZOWIECKIE,1435,wyszkowski,1435053,Wyszków
niskie ryzyko,150.18706496846363,149.28381012315563,61.57451848730617,61.191774252538586,88.61254648115748,88.09203587061705,gmina,14,MAZOWIECKIE,1435,wyszkowski,1435062,Zabrodzie
wysokie ryzyko,93.9868862942832,93.63020306697749,42.6341522027854,42.634152202785394,51.35273409149781,50.99605086419209,gmina,14,MAZOWIECKIE,1435,wyszkowski,1435062,Zabrodzie
niskie ryzyko,7.71840173368021,7.718401733680209,4.68557628401354,4.68557628401354,3.0328254496666696,3.0328254496666696,gmina,14,MAZOWIECKIE,1433,węgrowski,1433022,Grębków
wysokie ryzyko,12.13435702630468,12.13435702630468,12.13435702630468,12.13435702630468,0.0,0.0,gmina,14,MAZOWIECKIE,1433,węgrowski,1433022,Grębków
niskie ryzyko,63.543505846349866,63.543505846349866,0.0,0.0,63.543505846349866,63.543505846349866,gmina,14,MAZOWIECKIE,1433,węgrowski,1433032,Korytnica
wysokie ryzyko,10.416066702860917,10.41606670286092,0.0,0.0,10.416066702860917,10.41606670286092,gmina,14,MAZOWIECKIE,1433,węgrowski,1433032,Korytnica
niskie ryzyko,63.365006444800265,63.03589973557639,37.93768053017978,37.60931087309325,25.42732591462048,25.426588862483147,gmina,14,MAZOWIECKIE,1433,węgrowski,1433042,Liw
wysokie ryzyko,35.51076706934225,35.506449875984394,1.28899858675531,1.2889985867553098,34.22176848258694,34.21745128922908,gmina,14,MAZOWIECKIE,1433,węgrowski,1433042,Liw
niskie ryzyko,1003.09584422405,1011.2722202533088,404.64572503825474,406.4206498819074,598.4501191857951,604.8515703714013,gmina,14,MAZOWIECKIE,1433,węgrowski,1433072,Sadowne
wysokie ryzyko,489.1455058536578,486.28434895353945,211.63804597129715,210.82671892575053,277.50745988236065,275.4576300277889,gmina,14,MAZOWIECKIE,1433,węgrowski,1433072,Sadowne
niskie ryzyko,68.5972653124543,46.27192459529488,66.14775028634419,43.82240956918477,2.449515026110107,2.449515026110107,gmina,14,MAZOWIECKIE,1433,węgrowski,1433011,Węgrów
wysokie ryzyko,32.91353525628868,29.743550441194635,32.91353525628868,29.743550441194635,0.0,0.0,gmina,14,MAZOWIECKIE,1433,węgrowski,1433011,Węgrów
niskie ryzyko,133.99444994896973,133.20470126121222,18.3686895772645,18.331441676917507,115.62576037170524,114.87325958429471,gmina,14,MAZOWIECKIE,1433,węgrowski,1433053,Łochów
wysokie ryzyko,68.06482853089277,68.04419690157675,8.925198920354683,8.904567291038672,59.13962961053808,59.13962961053808,gmina,14,MAZOWIECKIE,1433,węgrowski,1433053,Łochów
niskie ryzyko,30.99843269854282,30.99843269854282,20.0853611408058,20.0853611408058,10.91307155773702,10.91307155773702,gmina,14,MAZOWIECKIE,1436,zwoleński,1436013,Kazanów
niskie ryzyko,35.82844836367809,38.81272720365354,0.0,0.0,35.82844836367809,38.81272720365354,gmina,14,MAZOWIECKIE,1436,zwoleński,1436032,Przyłęk
wysokie ryzyko,194.40965327786995,194.40965327786995,0.0,0.0,194.40965327786995,194.40965327786995,gmina,14,MAZOWIECKIE,1436,zwoleński,1436032,Przyłęk
niskie ryzyko,15.550887203084384,41.3715250164777,12.170803230450431,38.17201127412373,3.380083972633951,3.199513742353965,gmina,14,MAZOWIECKIE,1436,zwoleński,1436053,Zwoleń
niskie ryzyko,30.532027907626848,30.532027907626848,30.236323811179247,30.236323811179247,0.2957040964476024,0.2957040964476024,gmina,14,MAZOWIECKIE,1410,łosicki,1410042,Platerów
wysokie ryzyko,6.521739130434782,6.521739130434783,0.0,0.0,6.521739130434782,6.521739130434783,gmina,14,MAZOWIECKIE,1410,łosicki,1410042,Platerów
niskie ryzyko,25.686101516090247,26.410170416194777,15.12601292068356,15.850081820788082,10.56008859540669,10.56008859540669,gmina,14,MAZOWIECKIE,1410,łosicki,1410052,Sarnaki
wysokie ryzyko,2.3943294147514513,2.0595124043442685,1.2645629033609924,0.9297458929538096,1.129766511390459,1.129766511390459,gmina,14,MAZOWIECKIE,1410,łosicki,1410052,Sarnaki
niskie ryzyko,13.674069996696304,10.69834641063836,3.6164301468633977,0.640706560805453,10.057639849832908,10.057639849832906,gmina,14,MAZOWIECKIE,1410,łosicki,1410023,Łosice
niskie ryzyko,65.73933100913122,70.2996038954988,36.41554441723198,40.97581730359957,29.323786591899243,29.32378659189924,gmina,14,MAZOWIECKIE,1437,żuromiński,1437013,Bieżuń
wysokie ryzyko,55.461504203784926,55.461504203784926,41.61184064768694,41.61184064768694,13.849663556097989,13.849663556097983,gmina,14,MAZOWIECKIE,1437,żuromiński,1437013,Bieżuń
niskie ryzyko,73.06094538641602,83.97694684550109,41.65867724614779,52.57467870523286,31.40226814026823,31.40226814026823,gmina,14,MAZOWIECKIE,1437,żuromiński,1437033,Lubowidz
niskie ryzyko,2.271440593993977,2.2714405939939777,0.0,0.0,2.271440593993977,2.2714405939939777,gmina,14,MAZOWIECKIE,1437,żuromiński,1437042,Lutocin
niskie ryzyko,1.75,1.75,0.0,0.0,1.75,1.75,gmina,14,MAZOWIECKIE,1437,żuromiński,1437052,Siemiątkowo
niskie ryzyko,21.79724292305483,21.954854349165505,13.797242923054831,13.797242923054831,8.0,8.157611426110673,gmina,14,MAZOWIECKIE,1437,żuromiński,1437063,Żuromin
niskie ryzyko,1.1224445003756207,1.1224445003756207,0.0,0.0,1.1224445003756207,1.1224445003756207,gmina,14,MAZOWIECKIE,1438,żyrardowski,1438023,Mszczonów
niskie ryzyko,13.385202359031975,11.36574975017104,7.3398597486111905,7.310698393492455,6.045342610420786,4.055051356678587,gmina,14,MAZOWIECKIE,1438,żyrardowski,1438032,Puszcza Mariańska
wysokie ryzyko,2.0146673884753343,1.9938334774941175,2.0146673884753343,1.9938334774941175,0.0,0.0,gmina,14,MAZOWIECKIE,1438,żyrardowski,1438032,Puszcza Mariańska
niskie ryzyko,4.2628962162037425,4.012810075731236,4.124912783792273,3.874826643319767,0.1379834324114698,0.1379834324114699,gmina,14,MAZOWIECKIE,1438,żyrardowski,1438042,Radziejowice
wysokie ryzyko,2.7647920410852356,2.7647920410852356,2.7647920410852356,2.7647920410852356,0.0,0.0,gmina,14,MAZOWIECKIE,1438,żyrardowski,1438042,Radziejowice
niskie ryzyko,14.775263064183337,15.724552095022712,6.776027482910626,8.004786236405765,7.999235581272709,7.719765858616948,gmina,14,MAZOWIECKIE,1438,żyrardowski,1438053,Wiskitki
niskie ryzyko,79.4697294864065,56.31222639737872,69.54411840203856,47.641315959305075,9.92561108436793,8.670910438073648,gmina,14,MAZOWIECKIE,1438,żyrardowski,1438011,Żyrardów
niskie ryzyko,38454.67405739983,37007.19469773259,32724.526262727744,31682.337905914897,5730.147794672081,5324.856791817702,gmina,12,MAŁOPOLSKIE,1261,Kraków,1261011,Kraków
wysokie ryzyko,107624.5736674678,107788.88246947785,100874.21522663946,100644.27568985424,6750.358440828353,7144.606779623587,gmina,12,MAŁOPOLSKIE,1261,Kraków,1261011,Kraków
niskie ryzyko,3592.3994040483185,3223.1429080449316,3086.0152050815977,2720.9771359555543,506.384198966721,502.16577208937736,gmina,12,MAŁOPOLSKIE,1262,Nowy Sącz,1262011,Nowy Sącz
wysokie ryzyko,10109.046440254497,11157.999807040182,9792.865677494565,10653.052365104868,316.1807627599283,504.9474419353139,gmina,12,MAŁOPOLSKIE,1262,Nowy Sącz,1262011,Nowy Sącz
niskie ryzyko,1201.1905415764545,1179.1515363325043,854.691961523213,906.9385329910142,346.4985800532414,272.2130033414899,gmina,12,MAŁOPOLSKIE,1263,Tarnów,1263011,Tarnów
wysokie ryzyko,2643.8568173234135,2892.5125380901723,1596.540702487765,1611.0814387450478,1047.316114835648,1281.4310993451245,gmina,12,MAŁOPOLSKIE,1263,Tarnów,1263011,Tarnów
niskie ryzyko,1774.0535109709786,1829.6208322293228,1284.6685490140285,1326.6728783963815,489.38496195695024,502.9479538329414,gmina,12,MAŁOPOLSKIE,1201,bocheński,1201011,Bochnia
niskie ryzyko,5154.93666389862,5140.555743013052,4466.705554118507,4443.9938446215665,688.231109780113,696.5618983914849,gmina,12,MAŁOPOLSKIE,1201,bocheński,1201022,Bochnia
wysokie ryzyko,5782.408351636755,5803.75465152257,5386.0479204042995,5421.017273727297,396.36043123245497,382.7373777952738,gmina,12,MAŁOPOLSKIE,1201,bocheński,1201022,Bochnia
wysokie ryzyko,2189.471056120962,2099.028032102264,1678.6448306592893,1560.580004789795,510.82622546167295,538.4480273124685,gmina,12,MAŁOPOLSKIE,1201,bocheński,1201011,Bochnia
niskie ryzyko,2788.3794424843536,2801.2331798949895,2672.047710036156,2687.0266362356765,116.3317324481977,114.20654365931298,gmina,12,MAŁOPOLSKIE,1201,bocheński,1201032,Drwinia
wysokie ryzyko,2179.40176895026,2167.8156800720003,2111.5228256572777,2102.6769240715626,67.87894329298238,65.13875600043738,gmina,12,MAŁOPOLSKIE,1201,bocheński,1201032,Drwinia
niskie ryzyko,1275.5583005564022,1270.2548745964773,1153.9439869668656,1136.85421364304,121.61431358953654,133.40066095343707,gmina,12,MAŁOPOLSKIE,1201,bocheński,1201072,Rzezawa
wysokie ryzyko,1032.063777778481,1048.2863268863089,931.7455507685248,947.7820004363872,100.31822700995625,100.50432644992168,gmina,12,MAŁOPOLSKIE,1201,bocheński,1201072,Rzezawa
niskie ryzyko,17.081187538195437,16.571437362423623,7.532995458179472,7.034058844488978,9.548192080015966,9.537378517934645,gmina,12,MAŁOPOLSKIE,1201,bocheński,1201082,Trzciana
niskie ryzyko,226.51273629080055,246.52309693971233,165.63032790671105,185.64068855562283,60.88240838408947,60.88240838408948,gmina,12,MAŁOPOLSKIE,1201,bocheński,1201052,Łapanów
wysokie ryzyko,278.3935938122034,259.29101455336445,261.2954903662097,242.19291110737083,17.098103445993658,17.098103445993658,gmina,12,MAŁOPOLSKIE,1201,bocheński,1201052,Łapanów
niskie ryzyko,42.00201930877683,44.77663999504226,42.00201930877683,44.77663999504226,0.0,0.0,gmina,12,MAŁOPOLSKIE,1201,bocheński,1201092,Żegocina
wysokie ryzyko,0.8801088750294692,0.8801088750294692,0.0,0.0,0.8801088750294692,0.8801088750294692,gmina,12,MAŁOPOLSKIE,1201,bocheński,1201092,Żegocina
niskie ryzyko,910.0674149845,913.3379458744018,693.344330169687,689.396291689114,216.72308481481292,223.94165418528783,gmina,12,MAŁOPOLSKIE,1202,brzeski,1202012,Borzęcin
wysokie ryzyko,364.6881776460517,401.04749075392976,214.3272936643989,247.75031790083776,150.36088398165285,153.29717285309204,gmina,12,MAŁOPOLSKIE,1202,brzeski,1202012,Borzęcin
niskie ryzyko,40.005403811743975,39.483018572169485,32.05731510130903,31.534929861734536,7.948088710434945,7.948088710434945,gmina,12,MAŁOPOLSKIE,1202,brzeski,1202023,Brzesko
wysokie ryzyko,19.204532710523853,19.20453271052385,19.204532710523853,19.20453271052385,0.0,0.0,gmina,12,MAŁOPOLSKIE,1202,brzeski,1202023,Brzesko
niskie ryzyko,592.4379591859903,546.339485512053,523.5869908350533,478.22454943856144,68.85096835093698,68.11493607349153,gmina,12,MAŁOPOLSKIE,1202,brzeski,1202033,Czchów
wysokie ryzyko,462.9322070172486,500.81869226408895,423.2040090842743,460.0878449295414,39.72819793297434,40.73084733454759,gmina,12,MAŁOPOLSKIE,1202,brzeski,1202033,Czchów
niskie ryzyko,37.99255196924368,37.99255196924367,27.746459015067753,27.74645901506775,10.246092954175923,10.24609295417592,gmina,12,MAŁOPOLSKIE,1202,brzeski,1202042,Dębno
niskie ryzyko,0.6955653125952346,0.6955653125952348,0.0,0.0,0.6955653125952346,0.6955653125952348,gmina,12,MAŁOPOLSKIE,1202,brzeski,1202062,Iwkowa
niskie ryzyko,3379.6874644598493,3347.428284833191,2632.5564582268175,2620.6428701594577,747.1310062330316,726.7854146737332,gmina,12,MAŁOPOLSKIE,1202,brzeski,1202072,Szczurowa
wysokie ryzyko,4085.1898047807063,4059.659756392691,3372.999150548755,3368.40432156967,712.1906542319512,691.2554348230209,gmina,12,MAŁOPOLSKIE,1202,brzeski,1202072,Szczurowa
niskie ryzyko,272.9649791575562,274.8838402924527,12.656773306615852,14.575634441512417,260.3082058509403,260.3082058509403,gmina,12,MAŁOPOLSKIE,1203,chrzanowski,1203013,Alwernia
wysokie ryzyko,327.1967044397625,327.1967044397625,2.583661761619365,2.583661761619365,324.6130426781432,324.6130426781432,gmina,12,MAŁOPOLSKIE,1203,chrzanowski,1203013,Alwernia
niskie ryzyko,180.4414470806717,178.44137043682315,142.68705862698098,142.44212441675074,37.75438845369071,35.9992460200724,gmina,12,MAŁOPOLSKIE,1203,chrzanowski,1203022,Babice
wysokie ryzyko,279.52262628311064,288.2346035311695,258.8706416841453,257.6099784916369,20.651984598965345,30.624625039532567,gmina,12,MAŁOPOLSKIE,1203,chrzanowski,1203022,Babice
niskie ryzyko,707.8700439482882,685.6834150685584,536.649970073745,514.5868741654629,171.22007387454326,171.0965409030955,gmina,12,MAŁOPOLSKIE,1203,chrzanowski,1203043,Libiąż
wysokie ryzyko,905.3871886881898,913.7059062341082,796.8923869555133,805.2111045014317,108.49480173267644,108.49480173267644,gmina,12,MAŁOPOLSKIE,1203,chrzanowski,1203043,Libiąż
niskie ryzyko,39.72670422423435,34.37201758499678,39.71439290045052,34.309504128397926,0.0123113237838366,0.0625134565988525,gmina,12,MAŁOPOLSKIE,1203,chrzanowski,1203053,Trzebinia
wysokie ryzyko,158.29167346649422,143.44436438581528,158.29167346649422,143.44436438581528,0.0,0.0,gmina,12,MAŁOPOLSKIE,1203,chrzanowski,1203053,Trzebinia
niskie ryzyko,1311.201208330477,1303.0248821074074,1269.287929586154,1262.1354423571377,41.913278744322795,40.8894397502698,gmina,12,MAŁOPOLSKIE,1204,dąbrowski,1204012,Bolesław
wysokie ryzyko,1384.9787272679057,1393.6606008658434,1332.9931743497846,1343.6063634342242,51.985552918120895,50.054237431619285,gmina,12,MAŁOPOLSKIE,1204,dąbrowski,1204012,Bolesław
niskie ryzyko,390.5953524248034,376.46492355112713,109.61839637665229,95.48796750297596,280.9769560481512,280.9769560481512,gmina,12,MAŁOPOLSKIE,1204,dąbrowski,1204023,Dąbrowa Tarnowska
wysokie ryzyko,198.94982418377992,196.09960759738473,35.38062581916486,32.53040923276968,163.56919836461506,163.56919836461506,gmina,12,MAŁOPOLSKIE,1204,dąbrowski,1204023,Dąbrowa Tarnowska
niskie ryzyko,1516.0091285279896,1513.7735521459415,1497.256569236724,1495.020992854676,18.752559291265506,18.752559291265506,gmina,12,MAŁOPOLSKIE,1204,dąbrowski,1204032,Gręboszów
wysokie ryzyko,1755.6409279449929,1757.8765043270407,1741.0290584303295,1743.2646348123776,14.611869514663136,14.611869514663136,gmina,12,MAŁOPOLSKIE,1204,dąbrowski,1204032,Gręboszów
niskie ryzyko,1848.49896186689,1820.174823733864,1422.070724494162,1398.1617301053468,426.42823737272806,422.0130936285172,gmina,12,MAŁOPOLSKIE,1204,dąbrowski,1204042,Mędrzechów
wysokie ryzyko,1516.2760125281727,1544.488152338286,1278.3380880583284,1307.599758168734,237.93792446984435,236.88839416955193,gmina,12,MAŁOPOLSKIE,1204,dąbrowski,1204042,Mędrzechów
niskie ryzyko,2327.293086456372,2291.847738951734,2018.6875832075564,1999.0609030016517,308.60550324881564,292.7868359500819,gmina,12,MAŁOPOLSKIE,1204,dąbrowski,1204052,Olesno
wysokie ryzyko,2405.049479266779,2424.1588899034327,1982.6060443065337,2005.3531087593317,422.4434349602456,418.8057811441009,gmina,12,MAŁOPOLSKIE,1204,dąbrowski,1204052,Olesno
niskie ryzyko,842.7450141537678,842.7450141537678,537.8216411412476,537.8216411412476,304.92337301252013,304.9233730125202,gmina,12,MAŁOPOLSKIE,1204,dąbrowski,1204062,Radgoszcz
wysokie ryzyko,365.5524275548703,365.5524275548703,251.2922325701896,251.2922325701896,114.26019498468064,114.26019498468064,gmina,12,MAŁOPOLSKIE,1204,dąbrowski,1204062,Radgoszcz
niskie ryzyko,7354.04354967641,7157.919125866666,2519.515232403762,2368.9448629595645,4834.528317272648,4788.974262907102,gmina,12,MAŁOPOLSKIE,1204,dąbrowski,1204073,Szczucin
wysokie ryzyko,5326.381373490526,5517.443308148773,1888.4852370361884,1977.5895616707544,3437.8961364543375,3539.8537464780197,gmina,12,MAŁOPOLSKIE,1204,dąbrowski,1204073,Szczucin
niskie ryzyko,416.41362561569815,394.76590620019016,362.9817607773199,335.9827001591719,53.43186483837829,58.7832060410183,gmina,12,MAŁOPOLSKIE,1205,gorlicki,1205023,Biecz
wysokie ryzyko,232.71481617410765,227.03274304912216,188.6777116485062,184.36609659902624,44.03710452560145,42.66664645009594,gmina,12,MAŁOPOLSKIE,1205,gorlicki,1205023,Biecz
niskie ryzyko,214.450525285474,295.3968031874171,172.53002718436775,214.8003669669309,41.92049810110622,80.5964362204862,gmina,12,MAŁOPOLSKIE,1205,gorlicki,1205033,Bobowa
wysokie ryzyko,166.00965279450634,163.35136947498447,131.22311174824648,139.16176668414715,34.78654104625984,24.189602790837306,gmina,12,MAŁOPOLSKIE,1205,gorlicki,1205033,Bobowa
niskie ryzyko,198.0107341122228,264.26912933110714,150.27485145311036,219.72935966366305,47.73588265911247,44.53976966744406,gmina,12,MAŁOPOLSKIE,1205,gorlicki,1205011,Gorlice
niskie ryzyko,243.31602422412817,243.03138271906897,226.2495021890927,225.96486068403345,17.066522035035486,17.066522035035486,gmina,12,MAŁOPOLSKIE,1205,gorlicki,1205042,Gorlice
wysokie ryzyko,634.5996487394056,657.8340843470323,528.6160556438101,562.3603465988137,105.98359309559544,95.4737377482186,gmina,12,MAŁOPOLSKIE,1205,gorlicki,1205011,Gorlice
wysokie ryzyko,328.4971703397778,395.9277326695686,301.4933439261224,368.9239062559131,27.00382641365546,27.003826413655457,gmina,12,MAŁOPOLSKIE,1205,gorlicki,1205042,Gorlice
niskie ryzyko,22.377777861507887,14.763884414128038,8.343194543191084,8.078316761064487,14.034583318316804,6.685567653063551,gmina,12,MAŁOPOLSKIE,1205,gorlicki,1205052,Lipinki
niskie ryzyko,9.788965626211468,8.73054382951085,9.788965626211468,8.73054382951085,0.0,0.0,gmina,12,MAŁOPOLSKIE,1205,gorlicki,1205072,Moszczenica
niskie ryzyko,11.844731091296564,11.149523247297164,11.844731091296564,11.149523247297164,0.0,0.0,gmina,12,MAŁOPOLSKIE,1205,gorlicki,1205082,Ropa
niskie ryzyko,71.88744041491131,70.4221383879686,31.91705520885029,30.55638692755584,39.97038520606101,39.86575146041275,gmina,12,MAŁOPOLSKIE,1205,gorlicki,1205092,Sękowa
wysokie ryzyko,16.036756149081302,20.292739025936143,7.236198548818336,11.78417891524389,8.800557600262966,8.508560110692255,gmina,12,MAŁOPOLSKIE,1205,gorlicki,1205092,Sękowa
niskie ryzyko,33.75963167903728,33.6239336640297,28.008897241238145,28.008897241238145,5.75073443779913,5.615036422791553,gmina,12,MAŁOPOLSKIE,1205,gorlicki,1205102,Uście Gorlickie
niskie ryzyko,1505.5700604811277,1554.6006857363334,1284.6022054173015,1334.267629214343,220.9678550638259,220.3330565219903,gmina,12,MAŁOPOLSKIE,1206,krakowski,1206012,Czernichów
wysokie ryzyko,1784.5269850153347,1733.6573444661242,1599.0048553799204,1538.558212773933,185.5221296354144,195.09913169219104,gmina,12,MAŁOPOLSKIE,1206,krakowski,1206012,Czernichów
niskie ryzyko,1045.5337125066246,1031.2861594225565,511.0631795359312,493.7205776369771,534.4705329706935,537.5655817855795,gmina,12,MAŁOPOLSKIE,1206,krakowski,1206022,Igołomia-Wawrzeńczyce
wysokie ryzyko,666.9838597748812,657.5702512669816,277.50901746965644,279.62048396206615,389.4748423052248,377.94976730491544,gmina,12,MAŁOPOLSKIE,1206,krakowski,1206022,Igołomia-Wawrzeńczyce
niskie ryzyko,13.327339520807952,13.187948002109472,0.0,0.0,13.327339520807952,13.187948002109472,gmina,12,MAŁOPOLSKIE,1206,krakowski,1206052,Kocmyrzów-Luborzyca
niskie ryzyko,947.7668823344814,912.2830036143724,914.5615493000043,879.0776705798955,33.205333034476816,33.205333034476816,gmina,12,MAŁOPOLSKIE,1206,krakowski,1206072,Liszki
wysokie ryzyko,769.5592370397563,842.5925057137662,765.845398059685,838.8786667336947,3.713838980071425,3.713838980071424,gmina,12,MAŁOPOLSKIE,1206,krakowski,1206072,Liszki
niskie ryzyko,66.67008193192763,62.71189664863006,66.67008193192763,62.71189664863006,0.0,0.0,gmina,12,MAŁOPOLSKIE,1206,krakowski,1206082,Michałowice
wysokie ryzyko,9.760585282613146,8.547322913557247,9.760585282613146,8.547322913557247,0.0,0.0,gmina,12,MAŁOPOLSKIE,1206,krakowski,1206082,Michałowice
niskie ryzyko,9.895306248095626,9.895306248095626,0.0,0.0,9.895306248095626,9.895306248095626,gmina,12,MAŁOPOLSKIE,1206,krakowski,1206092,Mogilany
niskie ryzyko,2626.322600660189,2563.8098281753746,1888.229343134219,1880.9845411004603,738.0932575259696,682.8252870749143,gmina,12,MAŁOPOLSKIE,1206,krakowski,1206113,Skawina
wysokie ryzyko,1841.108533736944,1809.6615842555195,1201.63243307458,1221.3949652171552,639.4761006623639,588.2666190383643,gmina,12,MAŁOPOLSKIE,1206,krakowski,1206113,Skawina
niskie ryzyko,49.3896831279327,47.7361999088145,41.683691421375826,40.06469867486198,7.705991706556878,7.6715012339525215,gmina,12,MAŁOPOLSKIE,1206,krakowski,1206162,Zabierzów
wysokie ryzyko,14.277534591761176,14.277534591761176,14.277534591761176,14.277534591761176,0.0,0.0,gmina,12,MAŁOPOLSKIE,1206,krakowski,1206162,Zabierzów
niskie ryzyko,237.32274281799425,222.0783322256367,234.6557698835421,219.4113592911845,2.666972934452167,2.666972934452167,gmina,12,MAŁOPOLSKIE,1206,krakowski,1206172,Zielonki
wysokie ryzyko,126.1186178609264,166.82507801264785,126.1186178609264,166.82507801264785,0.0,0.0,gmina,12,MAŁOPOLSKIE,1206,krakowski,1206172,Zielonki
niskie ryzyko,2.888827320268247,2.8888273202682475,2.888827320268247,2.8888273202682475,0.0,0.0,gmina,12,MAŁOPOLSKIE,1206,krakowski,1206143,Świątniki Górne
niskie ryzyko,20.59145780144019,34.03883912373111,2.3974436251814017,16.325244096580505,18.194014176258783,17.713595027150607,gmina,12,MAŁOPOLSKIE,1207,limanowski,1207032,Dobra
niskie ryzyko,12.650082742992508,8.618502306493541,12.650082742992508,8.618502306493541,0.0,0.0,gmina,12,MAŁOPOLSKIE,1207,limanowski,1207042,Jodłownik
niskie ryzyko,54.96955750999455,45.00285115464981,36.35079673515923,26.49298932329235,18.618760774835323,18.509861831357455,gmina,12,MAŁOPOLSKIE,1207,limanowski,1207052,Kamienica
niskie ryzyko,400.09656097928666,387.6661673895596,217.5670958170757,206.50505760847497,182.52946516221095,181.16110978108463,gmina,12,MAŁOPOLSKIE,1207,limanowski,1207062,Laskowa
wysokie ryzyko,200.56361676250725,183.1092497799347,113.9040444856052,97.6618102147118,86.65957227690207,85.44743956522288,gmina,12,MAŁOPOLSKIE,1207,limanowski,1207062,Laskowa
niskie ryzyko,176.57482197650918,127.39896995337716,176.57482197650918,127.39896995337716,0.0,0.0,gmina,12,MAŁOPOLSKIE,1207,limanowski,1207011,Limanowa
niskie ryzyko,74.24181817848834,72.94514422081116,34.216153447903416,33.144660440722774,40.025664730584936,39.800483780088385,gmina,12,MAŁOPOLSKIE,1207,limanowski,1207072,Limanowa
wysokie ryzyko,40.29257901112626,40.29257901112626,10.71153732719466,10.71153732719466,29.581041683931595,29.581041683931595,gmina,12,MAŁOPOLSKIE,1207,limanowski,1207072,Limanowa
niskie ryzyko,174.46279866404834,164.0313392236228,121.22370294680788,118.47888864466928,53.23909571724046,45.55245057895352,gmina,12,MAŁOPOLSKIE,1207,limanowski,1207021,Mszana Dolna
niskie ryzyko,213.83233636559095,212.03977070367057,124.17391288510606,118.5645625009306,89.6584234804849,93.47520820273996,gmina,12,MAŁOPOLSKIE,1207,limanowski,1207092,Mszana Dolna
wysokie ryzyko,63.43619343996136,86.25239434912952,27.557325217164223,52.43231621155742,35.87886822279713,33.8200781375721,gmina,12,MAŁOPOLSKIE,1207,limanowski,1207021,Mszana Dolna
wysokie ryzyko,67.27919613178538,68.06847441024682,15.783760924204012,14.894558807193722,51.495435207581366,53.1739156030531,gmina,12,MAŁOPOLSKIE,1207,limanowski,1207092,Mszana Dolna
niskie ryzyko,90.8320675171831,84.71646720508423,2.340354473023993,1.1548048945654226,88.4917130441591,83.5616623105188,gmina,12,MAŁOPOLSKIE,1207,limanowski,1207102,Niedźwiedź
wysokie ryzyko,28.062101129815925,25.74240691080368,10.746848588509565,8.42715436949732,17.31525254130636,17.31525254130636,gmina,12,MAŁOPOLSKIE,1207,limanowski,1207102,Niedźwiedź
niskie ryzyko,21.863736002365105,19.279446118183262,5.7881242356510105,5.78812423565101,16.075611766714093,13.491321882532253,gmina,12,MAŁOPOLSKIE,1207,limanowski,1207132,Szczawa
niskie ryzyko,9.968302995685892,36.38921251965504,0.0,0.0,9.968302995685892,36.38921251965504,gmina,12,MAŁOPOLSKIE,1207,limanowski,1207112,Słopnice
niskie ryzyko,96.84910583783562,67.2157116787105,96.40835441896164,67.15232881796187,0.440751418873991,0.0633828607486354,gmina,12,MAŁOPOLSKIE,1207,limanowski,1207122,Tymbark
wysokie ryzyko,13.708889951591754,21.546416772670725,9.916612369245112,19.396185147932833,3.792277582346642,2.1502316247378923,gmina,12,MAŁOPOLSKIE,1207,limanowski,1207122,Tymbark
niskie ryzyko,96.58795092678444,83.30328190385646,50.31144067503431,40.244570560749544,46.27651025175011,43.05871134310692,gmina,12,MAŁOPOLSKIE,1207,limanowski,1207082,Łukowica
niskie ryzyko,1064.821573642858,1218.3542769794794,964.6049235499464,1134.9423795791724,100.21665009291166,83.41189740030708,gmina,12,MAŁOPOLSKIE,1209,myślenicki,1209013,Dobczyce
wysokie ryzyko,2920.7975317611313,2902.0322770838416,2859.0253087400592,2846.6712870605834,61.77222302107224,55.360990023257536,gmina,12,MAŁOPOLSKIE,1209,myślenicki,1209013,Dobczyce
niskie ryzyko,185.59438527918095,176.5101525275899,82.93795149976181,76.40344907166488,102.65643377941916,100.10670345592504,gmina,12,MAŁOPOLSKIE,1209,myślenicki,1209022,Lubień
wysokie ryzyko,10.583964966599025,10.583964966599025,0.0,0.0,10.583964966599025,10.583964966599025,gmina,12,MAŁOPOLSKIE,1209,myślenicki,1209022,Lubień
niskie ryzyko,417.70616510782,309.00979282064577,408.18711129126734,299.94239916597206,9.5190538165527,9.06739365467372,gmina,12,MAŁOPOLSKIE,1209,myślenicki,1209033,Myślenice
wysokie ryzyko,146.1014211997585,120.36935095639252,142.07642653669723,116.34435629333124,4.024994663061268,4.024994663061268,gmina,12,MAŁOPOLSKIE,1209,myślenicki,1209033,Myślenice
niskie ryzyko,206.11671980287093,167.23356979433248,140.78377684161742,102.05141233113814,65.33294296125351,65.18215746319433,gmina,12,MAŁOPOLSKIE,1209,myślenicki,1209042,Pcim
wysokie ryzyko,101.74545076204762,87.55658739418179,83.34474046470505,69.15587709683922,18.400710297342577,18.400710297342577,gmina,12,MAŁOPOLSKIE,1209,myślenicki,1209042,Pcim
niskie ryzyko,50.454209993912784,45.81688150953797,44.547980704823914,39.910652220449094,5.906229289088869,5.906229289088869,gmina,12,MAŁOPOLSKIE,1209,myślenicki,1209052,Raciechowice
wysokie ryzyko,53.589204768979094,51.05635842345891,50.2854397100911,47.75259336457091,3.3037650588879997,3.3037650588879997,gmina,12,MAŁOPOLSKIE,1209,myślenicki,1209052,Raciechowice
niskie ryzyko,213.01357762896,209.12024416664536,174.84979644227622,170.9564629799616,38.16378118668375,38.16378118668375,gmina,12,MAŁOPOLSKIE,1209,myślenicki,1209082,Tokarnia
wysokie ryzyko,69.13436632947393,71.99138614684094,69.13436632947393,71.99138614684094,0.0,0.0,gmina,12,MAŁOPOLSKIE,1209,myślenicki,1209082,Tokarnia
niskie ryzyko,46.51052610116552,44.02445236757049,42.04552694422779,39.613218106403835,4.464999156937723,4.411234261166649,gmina,12,MAŁOPOLSKIE,1209,myślenicki,1209092,Wiśniowa
wysokie ryzyko,8.084015469444013,8.959380802507992,4.11997925890471,4.119979258904711,3.964036210539303,4.83940154360328,gmina,12,MAŁOPOLSKIE,1209,myślenicki,1209092,Wiśniowa
niskie ryzyko,3477.775453197683,3492.5595064545714,2368.956417648348,2370.5541415662265,1108.819035549335,1122.0053648883445,gmina,12,MAŁOPOLSKIE,1210,nowosądecki,1210022,Chełmiec
wysokie ryzyko,4396.952971037285,4455.452247944517,2672.3483999451464,2719.1991394661663,1724.6045710921396,1736.2531084783504,gmina,12,MAŁOPOLSKIE,1210,nowosądecki,1210022,Chełmiec
niskie ryzyko,172.43571432556712,179.1723373535594,98.35794602508489,109.19320676473107,74.07776830048225,69.9791305888283,gmina,12,MAŁOPOLSKIE,1210,nowosądecki,1210011,Grybów
niskie ryzyko,432.3058726212414,401.0691250037722,211.3003826562979,203.5836785701515,221.0054899649435,197.4854464336207,gmina,12,MAŁOPOLSKIE,1210,nowosądecki,1210042,Grybów
wysokie ryzyko,134.62817681171236,128.8514236635275,74.89304883282827,69.91615755225945,59.73512797888408,58.93526611126805,gmina,12,MAŁOPOLSKIE,1210,nowosądecki,1210011,Grybów
wysokie ryzyko,368.33646708474333,359.993681933802,218.41472140214591,222.24864393816992,149.92174568259742,137.74503799563212,gmina,12,MAŁOPOLSKIE,1210,nowosądecki,1210042,Grybów
niskie ryzyko,739.2213489131431,818.4077092583757,527.9646747113513,604.2253945344606,211.2566742017917,214.18231472391503,gmina,12,MAŁOPOLSKIE,1210,nowosądecki,1210032,Gródek nad Dunajcem
wysokie ryzyko,373.354817963895,373.8516937323687,260.4181870286902,264.2804243277724,112.93663093520485,109.57126940459632,gmina,12,MAŁOPOLSKIE,1210,nowosądecki,1210032,Gródek nad Dunajcem
niskie ryzyko,75.67211616107988,122.00942025970778,38.08855396683956,32.50341139384561,37.58356219424032,89.50600886586219,gmina,12,MAŁOPOLSKIE,1210,nowosądecki,1210052,Kamionka Wielka
niskie ryzyko,34.248540845687735,32.291418293410864,30.538727251011707,28.581604698734836,3.709813594676026,3.709813594676026,gmina,12,MAŁOPOLSKIE,1210,nowosądecki,1210062,Korzenna
niskie ryzyko,176.0426709410065,188.1092057106042,140.77962598271705,153.20377908799975,35.26304495828945,34.90542662260444,gmina,12,MAŁOPOLSKIE,1210,nowosądecki,1210073,Krynica-Zdrój
wysokie ryzyko,141.44900637547212,110.41083913428164,139.23173382902144,109.08870017274194,2.2172725464506797,1.3221389615397134,gmina,12,MAŁOPOLSKIE,1210,nowosądecki,1210073,Krynica-Zdrój
niskie ryzyko,348.3387545456533,279.33929295294644,198.6235455755895,140.09967681005597,149.71520897006374,139.23961614289047,gmina,12,MAŁOPOLSKIE,1210,nowosądecki,1210113,Muszyna
wysokie ryzyko,499.36046632319574,539.5675738662724,284.74905752345364,270.8000642982032,214.6114087997421,268.76750956806916,gmina,12,MAŁOPOLSKIE,1210,nowosądecki,1210113,Muszyna
niskie ryzyko,18.52652030409009,14.654363198209406,0.0,0.0,18.52652030409009,14.654363198209406,gmina,12,MAŁOPOLSKIE,1210,nowosądecki,1210122,Nawojowa
niskie ryzyko,436.62914222806745,477.06952545911184,207.7904987280037,224.67844428013365,228.8386435000637,252.39108117897817,gmina,12,MAŁOPOLSKIE,1210,nowosądecki,1210133,Piwniczna-Zdrój
wysokie ryzyko,125.6978200310311,127.96114712312696,73.90035895966334,79.51681828636666,51.79746107136777,48.444328836760306,gmina,12,MAŁOPOLSKIE,1210,nowosądecki,1210133,Piwniczna-Zdrój
niskie ryzyko,1566.6508017172569,1650.7310638069816,1472.140968108619,1552.2612814404947,94.5098336086378,98.4697823664868,gmina,12,MAŁOPOLSKIE,1210,nowosądecki,1210142,Podegrodzie
wysokie ryzyko,1929.0793193906368,1889.2403718405012,1881.3733598497763,1782.0548805235385,47.70595954086057,107.18549131696284,gmina,12,MAŁOPOLSKIE,1210,nowosądecki,1210142,Podegrodzie
niskie ryzyko,155.64467543324602,161.7331034720006,105.862557954786,112.64075775858468,49.78211747846002,49.09234571341592,gmina,12,MAŁOPOLSKIE,1210,nowosądecki,1210152,Rytro
wysokie ryzyko,183.3078833837031,189.0942930950531,125.69711392681698,133.61492182184878,57.610769456886175,55.47937127320433,gmina,12,MAŁOPOLSKIE,1210,nowosądecki,1210152,Rytro
niskie ryzyko,904.5440059833828,859.5738410527215,561.2107817906601,534.9512383635217,343.3332241927225,324.6226026891997,gmina,12,MAŁOPOLSKIE,1210,nowosądecki,1210163,Stary Sącz
wysokie ryzyko,884.7932015673438,930.5282432773416,614.1316268958661,667.2282535183191,270.66157467147764,263.2999897590224,gmina,12,MAŁOPOLSKIE,1210,nowosądecki,1210163,Stary Sącz
niskie ryzyko,45.74548794435505,50.91889556302492,3.813465049215676,3.813465049215676,41.932022895139376,47.105430513809246,gmina,12,MAŁOPOLSKIE,1210,nowosądecki,1210082,Łabowa
wysokie ryzyko,81.77894716064083,52.95275707636868,76.54106102388116,47.84729093820089,5.23788613675967,5.105466138167784,gmina,12,MAŁOPOLSKIE,1210,nowosądecki,1210082,Łabowa
niskie ryzyko,655.1399087923321,710.0519682981546,414.12159452309874,474.4404900254271,241.0183142692334,235.6114782727276,gmina,12,MAŁOPOLSKIE,1210,nowosądecki,1210102,Łososina Dolna
wysokie ryzyko,632.2434470202842,781.8731336698341,450.26964495988454,598.0008842309361,181.9738020603997,183.87224943889808,gmina,12,MAŁOPOLSKIE,1210,nowosądecki,1210102,Łososina Dolna
niskie ryzyko,2089.841092187726,2058.883351249207,1381.4044062318612,1368.2327270103035,708.4366859558651,690.6506242389033,gmina,12,MAŁOPOLSKIE,1210,nowosądecki,1210092,Łącko
wysokie ryzyko,2238.026019829016,2257.5255383944477,1717.2192685466052,1731.7440132785543,520.8067512824111,525.7815251158936,gmina,12,MAŁOPOLSKIE,1210,nowosądecki,1210092,Łącko
niskie ryzyko,602.4955105368339,578.1894823048576,308.0333456797911,297.6577987751194,294.46216485704275,280.53168352973825,gmina,12,MAŁOPOLSKIE,1211,nowotarski,1211033,Czarny Dunajec
wysokie ryzyko,306.7518454827065,278.53083832149895,174.69483743601538,159.33740220918813,132.05700804669115,119.19343611231082,gmina,12,MAŁOPOLSKIE,1211,nowotarski,1211033,Czarny Dunajec
niskie ryzyko,659.4308094907906,571.4899070605506,553.0495309896105,477.2951515118116,106.38127850118016,94.19475554873904,gmina,12,MAŁOPOLSKIE,1211,nowotarski,1211042,Czorsztyn
wysokie ryzyko,870.4616024232312,943.099369958496,816.4044337244892,867.7118064390228,54.05716869874195,75.38756351947332,gmina,12,MAŁOPOLSKIE,1211,nowotarski,1211042,Czorsztyn
niskie ryzyko,99.82269519224188,102.64215301351656,70.20893621302773,75.05380992528708,29.61375897921415,27.588343088229472,gmina,12,MAŁOPOLSKIE,1211,nowotarski,1211052,Jabłonka
wysokie ryzyko,107.3525300049324,88.12030167837312,67.04496114306913,52.320275220324376,40.30756886186325,35.800026458048755,gmina,12,MAŁOPOLSKIE,1211,nowotarski,1211052,Jabłonka
niskie ryzyko,666.2753545740076,673.9878166294388,511.17358030149785,515.5249702535177,155.10177427250972,158.4628463759211,gmina,12,MAŁOPOLSKIE,1211,nowotarski,1211062,Krościenko nad Dunajcem
wysokie ryzyko,1050.8993099635472,1175.82174084578,832.7782313661382,929.2106022463354,218.1210785974091,246.61113859944473,gmina,12,MAŁOPOLSKIE,1211,nowotarski,1211062,Krościenko nad Dunajcem
niskie ryzyko,852.2812193934373,1337.6190037350727,803.7394116689774,1290.1974880461146,48.54180772445984,47.42151568895811,gmina,12,MAŁOPOLSKIE,1211,nowotarski,1211011,Nowy Targ
niskie ryzyko,1903.6372878890295,1856.3574494195773,1698.3960857850009,1658.3813221118685,205.24120210402884,197.97612730770896,gmina,12,MAŁOPOLSKIE,1211,nowotarski,1211092,Nowy Targ
wysokie ryzyko,1073.9736730857933,1291.649441267433,886.6716799160105,1106.1222957359996,187.3019931697829,185.5271455314336,gmina,12,MAŁOPOLSKIE,1211,nowotarski,1211011,Nowy Targ
wysokie ryzyko,2451.6000343396954,2462.051796782165,2377.272958859,2382.0249801427717,74.3270754806955,80.02681663939379,gmina,12,MAŁOPOLSKIE,1211,nowotarski,1211092,Nowy Targ
niskie ryzyko,723.0405023874971,807.1682664764319,293.6253932587672,368.1816111153252,429.4151091287299,438.9866553611066,gmina,12,MAŁOPOLSKIE,1211,nowotarski,1211102,Ochotnica Dolna
wysokie ryzyko,1058.5319715281944,1062.2896500025065,477.0586058525974,449.9056213054582,581.4733656755969,612.384028697048,gmina,12,MAŁOPOLSKIE,1211,nowotarski,1211102,Ochotnica Dolna
niskie ryzyko,155.63292323243962,159.4571707019693,77.4842374340762,81.1187043012424,78.14868579836343,78.3384664007269,gmina,12,MAŁOPOLSKIE,1211,nowotarski,1211112,Raba Wyżna
wysokie ryzyko,106.07568256241548,105.64742758933136,61.63345007226897,61.63345007226897,44.4422324901465,44.01397751706238,gmina,12,MAŁOPOLSKIE,1211,nowotarski,1211112,Raba Wyżna
niskie ryzyko,169.13896293046568,160.82699334387448,127.62249962159828,121.48196565498064,41.516463308867394,39.34502768889386,gmina,12,MAŁOPOLSKIE,1211,nowotarski,1211123,Rabka-Zdrój
wysokie ryzyko,58.5118083288079,69.29018123684871,45.5288008321085,61.23121222826194,12.9830074966994,8.058969008586766,gmina,12,MAŁOPOLSKIE,1211,nowotarski,1211123,Rabka-Zdrój
niskie ryzyko,63.01312099070396,62.87063605671886,7.646349778388213,7.503864844403113,55.36677121231575,55.36677121231575,gmina,12,MAŁOPOLSKIE,1211,nowotarski,1211132,Spytkowice
wysokie ryzyko,42.40240860188485,37.6907132983311,14.608334765895592,14.608334765895592,27.79407383598926,23.082378532435506,gmina,12,MAŁOPOLSKIE,1211,nowotarski,1211132,Spytkowice
niskie ryzyko,301.3929627235858,271.796495393991,212.23487283219745,193.59107641175623,89.15808989138836,78.20541898223475,gmina,12,MAŁOPOLSKIE,1211,nowotarski,1211142,Szaflary
wysokie ryzyko,220.97400472957088,204.3240776923948,160.23376297929994,150.13212639884307,60.74024175027093,54.191951293551746,gmina,12,MAŁOPOLSKIE,1211,nowotarski,1211142,Szaflary
niskie ryzyko,113.9964070443606,122.49579619503788,14.40672970300158,12.792816085323476,99.58967734135902,109.7029801097144,gmina,12,MAŁOPOLSKIE,1211,nowotarski,1211023,Szczawnica
wysokie ryzyko,375.01794044824896,332.23917557734546,178.96324958812255,150.45573131444505,196.0546908601264,181.7834442629004,gmina,12,MAŁOPOLSKIE,1211,nowotarski,1211023,Szczawnica
niskie ryzyko,566.6903184715002,544.7203321388425,545.5917671518308,523.7279741792731,21.098551319669316,20.99235795956945,gmina,12,MAŁOPOLSKIE,1211,nowotarski,1211082,Łapsze Niżne
wysokie ryzyko,825.4880130487516,852.2978680975931,780.298114450716,807.4851194997595,45.18989859803568,44.81274859783349,gmina,12,MAŁOPOLSKIE,1211,nowotarski,1211082,Łapsze Niżne
niskie ryzyko,28.55848920407192,28.55848920407192,28.55848920407192,28.55848920407192,0.0,0.0,gmina,12,MAŁOPOLSKIE,1212,olkuski,1212032,Bolesław
niskie ryzyko,42.45494900173096,42.55669481721831,0.635509987739821,0.6355099877398209,41.81943901399114,41.92118482947849,gmina,12,MAŁOPOLSKIE,1212,olkuski,1212042,Klucze
wysokie ryzyko,59.05415148819886,56.08199170412574,0.0,0.0,59.05415148819886,56.08199170412574,gmina,12,MAŁOPOLSKIE,1212,olkuski,1212042,Klucze
niskie ryzyko,45.97835172490121,100.2348770846901,45.97835172490121,100.2348770846901,0.0,0.0,gmina,12,MAŁOPOLSKIE,1212,olkuski,1212073,Wolbrom
niskie ryzyko,1021.4973531991536,955.0280690100594,765.1937580789325,702.7754576654465,256.30359512022113,252.25261134461292,gmina,12,MAŁOPOLSKIE,1213,oświęcimski,1213023,Brzeszcze
wysokie ryzyko,1614.707512033122,1685.1407399644231,1405.1670936062146,1477.9804315033014,209.54041842690728,207.1603084611218,gmina,12,MAŁOPOLSKIE,1213,oświęcimski,1213023,Brzeszcze
niskie ryzyko,2469.362510083588,2485.50915980458,774.978285738483,772.5133871750139,1694.3842243451052,1712.995772629566,gmina,12,MAŁOPOLSKIE,1213,oświęcimski,1213033,Chełmek
wysokie ryzyko,2650.0860140952946,2585.104493836028,1081.9029561034192,1133.09359073078,1568.1830579918756,1452.010903105248,gmina,12,MAŁOPOLSKIE,1213,oświęcimski,1213033,Chełmek
niskie ryzyko,6251.997443452099,5988.151738904806,4792.664304477238,4609.367904082167,1459.333138974861,1378.7838348226385,gmina,12,MAŁOPOLSKIE,1213,oświęcimski,1213043,Kęty
wysokie ryzyko,15404.862390398424,15641.92448197021,9938.046782502634,10218.646378930924,5466.81560789579,5423.278103039287,gmina,12,MAŁOPOLSKIE,1213,oświęcimski,1213043,Kęty
niskie ryzyko,95.83105513188173,95.83105513188173,25.80434279722308,25.80434279722309,70.02671233465863,70.02671233465863,gmina,12,MAŁOPOLSKIE,1213,oświęcimski,1213052,Osiek
wysokie ryzyko,80.80544197009941,92.8481893338373,28.40638446751107,28.40638446751107,52.399057502588335,64.44180486632622,gmina,12,MAŁOPOLSKIE,1213,oświęcimski,1213052,Osiek
niskie ryzyko,5118.712167993711,5410.438335877844,4858.711638294167,5170.0515289538325,260.0005296995434,240.38680692401127,gmina,12,MAŁOPOLSKIE,1213,oświęcimski,1213011,Oświęcim
niskie ryzyko,4148.279582460503,4077.71957170141,3046.8281642946927,2994.477470347592,1101.45141816581,1083.2421013538178,gmina,12,MAŁOPOLSKIE,1213,oświęcimski,1213062,Oświęcim
wysokie ryzyko,10408.71891334008,10082.280507793892,10207.698436657049,9896.990068983663,201.02047668303243,185.29043881022844,gmina,12,MAŁOPOLSKIE,1213,oświęcimski,1213011,Oświęcim
wysokie ryzyko,4303.18433144555,4300.502892237618,3290.342972728249,3307.6939808097777,1012.8413587173012,992.8089114278404,gmina,12,MAŁOPOLSKIE,1213,oświęcimski,1213062,Oświęcim
niskie ryzyko,811.9981081329381,932.779604152454,440.69491711846007,410.9432485158965,371.303191014478,521.8363556365575,gmina,12,MAŁOPOLSKIE,1213,oświęcimski,1213082,Przeciszów
wysokie ryzyko,909.973041130142,782.1151366640138,767.8430405055556,645.9884310914239,142.13000062458647,136.12670557258997,gmina,12,MAŁOPOLSKIE,1213,oświęcimski,1213082,Przeciszów
niskie ryzyko,2332.5656505062407,2380.168879127279,1081.007787848704,1080.6973883938813,1251.5578626575366,1299.4714907333976,gmina,12,MAŁOPOLSKIE,1213,oświęcimski,1213093,Zator
wysokie ryzyko,1816.4896306636408,1715.8359601960144,1029.076172910056,989.3856748410572,787.4134577535847,726.4502853549573,gmina,12,MAŁOPOLSKIE,1213,oświęcimski,1213093,Zator
niskie ryzyko,355.5624372971842,354.9076242706099,309.0201039157428,305.91741960188364,46.5423333814414,48.99020466872631,gmina,12,MAŁOPOLSKIE,1214,proszowicki,1214023,Koszyce
wysokie ryzyko,285.2565633016894,283.0868376354972,252.3368685235369,250.16714285734463,32.91969477815253,32.91969477815254,gmina,12,MAŁOPOLSKIE,1214,proszowicki,1214023,Koszyce
niskie ryzyko,44.23992932646749,43.95340739914356,44.23992932646749,43.95340739914356,0.0,0.0,gmina,12,MAŁOPOLSKIE,1214,proszowicki,1214033,Nowe Brzesko
wysokie ryzyko,40.86259349991227,40.483397188685245,40.86259349991227,40.483397188685245,0.0,0.0,gmina,12,MAŁOPOLSKIE,1214,proszowicki,1214033,Nowe Brzesko
niskie ryzyko,13.55722869629986,13.55722869629986,13.55722869629986,13.55722869629986,0.0,0.0,gmina,12,MAŁOPOLSKIE,1214,proszowicki,1214053,Proszowice
niskie ryzyko,57.46982183949574,57.4507229195908,26.50176574494757,26.48266682504264,30.968056094548167,30.968056094548164,gmina,12,MAŁOPOLSKIE,1215,suski,1215032,Budzów
wysokie ryzyko,16.845408454483525,13.513625391052178,9.927387470517225,9.927387470517225,6.9180209839663,3.5862379205349555,gmina,12,MAŁOPOLSKIE,1215,suski,1215032,Budzów
niskie ryzyko,171.6032707768076,193.2227536878927,111.62405896149174,134.1141078569225,59.97921181531586,59.10864583097021,gmina,12,MAŁOPOLSKIE,1215,suski,1215042,Bystra-Sidzina
wysokie ryzyko,32.876133611404136,41.76591877695464,29.0887191415315,37.978504307082005,3.787414469872635,3.787414469872635,gmina,12,MAŁOPOLSKIE,1215,suski,1215042,Bystra-Sidzina
niskie ryzyko,115.027703589669,125.5494993447406,26.535650867257527,25.432418768675372,88.49205272241146,100.11708057606522,gmina,12,MAŁOPOLSKIE,1215,suski,1215011,Jordanów
niskie ryzyko,247.9865234922691,242.14426574749632,71.94332768368264,66.74307159276646,176.04319580858646,175.40119415472986,gmina,12,MAŁOPOLSKIE,1215,suski,1215052,Jordanów
wysokie ryzyko,117.844068334065,119.85284567589112,27.09797991261005,26.272592807090945,90.74608842145496,93.58025286880016,gmina,12,MAŁOPOLSKIE,1215,suski,1215011,Jordanów
wysokie ryzyko,69.79275256495802,66.64954725851489,20.665963566450124,17.522758260006984,49.126788998507905,49.126788998507905,gmina,12,MAŁOPOLSKIE,1215,suski,1215052,Jordanów
niskie ryzyko,207.1870144362,208.31762132969868,148.96989959224263,157.22955156746016,58.21711484395739,51.088069762238526,gmina,12,MAŁOPOLSKIE,1215,suski,1215063,Maków Podhalański
wysokie ryzyko,225.4836786653133,218.4279098031444,139.17665013755982,132.83201784431677,86.30702852775352,85.59589195882764,gmina,12,MAŁOPOLSKIE,1215,suski,1215063,Maków Podhalański
niskie ryzyko,155.53988640002711,156.3547357872401,94.37213467781912,97.79140759036083,61.16775172220798,58.563328196879226,gmina,12,MAŁOPOLSKIE,1215,suski,1215072,Stryszawa
wysokie ryzyko,52.64432752286895,40.913451894027546,41.11793084993857,33.10635903845902,11.526396672930382,7.8070928555685235,gmina,12,MAŁOPOLSKIE,1215,suski,1215072,Stryszawa
niskie ryzyko,154.16550431521458,110.74815205134568,153.09862524325212,105.22917678890931,1.0668790719624477,5.518975262436344,gmina,12,MAŁOPOLSKIE,1215,suski,1215021,Sucha Beskidzka
wysokie ryzyko,264.3153177987436,185.82273577498344,258.77137646776936,181.6910624559982,5.543941330974255,4.131673318985242,gmina,12,MAŁOPOLSKIE,1215,suski,1215021,Sucha Beskidzka
niskie ryzyko,121.5867853534933,120.68107341957224,88.85889086853682,84.33055792840041,32.72789448495649,36.35051549117184,gmina,12,MAŁOPOLSKIE,1215,suski,1215082,Zawoja
wysokie ryzyko,66.13759808205927,71.63857741286678,66.13759808205927,71.63857741286678,0.0,0.0,gmina,12,MAŁOPOLSKIE,1215,suski,1215082,Zawoja
niskie ryzyko,59.11711989478928,45.38660465460484,56.26994462721855,42.79434750937956,2.847175267570735,2.592257145225277,gmina,12,MAŁOPOLSKIE,1215,suski,1215092,Zembrzyce
wysokie ryzyko,19.94841206298597,16.279897245219132,19.201725217832195,15.533210400065355,0.7466868451537749,0.7466868451537749,gmina,12,MAŁOPOLSKIE,1215,suski,1215092,Zembrzyce
niskie ryzyko,216.7884870000418,200.71178460140752,134.55088218455649,120.91835503899424,82.23760481548531,79.79342956241328,gmina,12,MAŁOPOLSKIE,1216,tarnowski,1216013,Ciężkowice
wysokie ryzyko,307.95914378977335,279.25634905860915,167.03451320600286,146.0388460649645,140.92463058377052,133.21750299364464,gmina,12,MAŁOPOLSKIE,1216,tarnowski,1216013,Ciężkowice
niskie ryzyko,238.26757557605697,225.09602348055165,158.83545039875446,148.17325029210377,79.43212517730252,76.9227731884479,gmina,12,MAŁOPOLSKIE,1216,tarnowski,1216022,Gromnik
wysokie ryzyko,77.34156134491919,76.08209346291194,47.44212393902689,45.98267157950852,29.899437405892293,30.099421883403416,gmina,12,MAŁOPOLSKIE,1216,tarnowski,1216022,Gromnik
niskie ryzyko,13.871721440871196,13.871721440871196,4.948004000717655,4.948004000717655,8.92371744015354,8.92371744015354,gmina,12,MAŁOPOLSKIE,1216,tarnowski,1216032,Lisia Góra
wysokie ryzyko,9.985345728293192,9.985345728293192,9.985345728293192,9.985345728293192,0.0,0.0,gmina,12,MAŁOPOLSKIE,1216,tarnowski,1216032,Lisia Góra
niskie ryzyko,349.78853209214805,356.17129435748734,201.56117529261047,207.58759079944713,148.2273567995376,148.5837035580402,gmina,12,MAŁOPOLSKIE,1216,tarnowski,1216042,Pleśna
wysokie ryzyko,228.80614374609513,228.6370664751878,147.4920313439422,147.32295407303485,81.31411240215294,81.31411240215294,gmina,12,MAŁOPOLSKIE,1216,tarnowski,1216042,Pleśna
niskie ryzyko,2424.7660084860236,2396.947039159055,2086.174936868148,2060.2238674890805,338.5910716178755,336.7231716699748,gmina,12,MAŁOPOLSKIE,1216,tarnowski,1216053,Radłów
wysokie ryzyko,3136.6133968374684,3152.7319673208617,2789.436642381226,2799.8079754262335,347.17675445624144,352.92399189462844,gmina,12,MAŁOPOLSKIE,1216,tarnowski,1216053,Radłów
niskie ryzyko,42.745044643964775,42.09276590958497,33.57970820052362,33.18441125447408,9.16533644344116,8.908354655110891,gmina,12,MAŁOPOLSKIE,1216,tarnowski,1216063,Ryglice
niskie ryzyko,24.23328089348513,20.9687679631668,23.309223570989865,20.044710640671532,0.9240573224952646,0.9240573224952648,gmina,12,MAŁOPOLSKIE,1216,tarnowski,1216072,Rzepiennik Strzyżewski
niskie ryzyko,64.06565550024399,55.39740196164399,48.78925138696109,40.9873522277965,15.276404113282902,14.410049733847496,gmina,12,MAŁOPOLSKIE,1216,tarnowski,1216162,Szerzyny
niskie ryzyko,295.42155393287413,294.33290978280274,272.81201415157483,273.13104807810026,22.609539781299297,21.201861704702488,gmina,12,MAŁOPOLSKIE,1216,tarnowski,1216092,Tarnów
wysokie ryzyko,275.97905792602916,272.27400446659124,272.1923429344806,268.4872894750427,3.786714991548563,3.786714991548563,gmina,12,MAŁOPOLSKIE,1216,tarnowski,1216092,Tarnów
niskie ryzyko,539.6797324097633,442.3999914285783,421.9969580357472,330.8137164416997,117.6827743740162,111.5862749868786,gmina,12,MAŁOPOLSKIE,1216,tarnowski,1216103,Tuchów
wysokie ryzyko,515.2358112764114,404.0249356020834,416.2699014830706,298.5362520316639,98.96590979334078,105.48868357041952,gmina,12,MAŁOPOLSKIE,1216,tarnowski,1216103,Tuchów
niskie ryzyko,3335.533540853795,3194.7743334582065,2785.7454439680887,2667.418758896113,549.7880968857063,527.3555745620934,gmina,12,MAŁOPOLSKIE,1216,tarnowski,1216112,Wierzchosławice
wysokie ryzyko,3697.4595566202056,3854.487774810419,3049.168184406491,3217.860601560636,648.2913722137149,636.6271732497829,gmina,12,MAŁOPOLSKIE,1216,tarnowski,1216112,Wierzchosławice
niskie ryzyko,1938.277676640937,1947.3728270628776,1710.2457468063917,1720.4387904540554,228.0319298345452,226.934036608822,gmina,12,MAŁOPOLSKIE,1216,tarnowski,1216122,Wietrzychowice
wysokie ryzyko,1829.439867189152,1818.069879877668,1697.020455937242,1686.9664529033105,132.41941125191028,131.10342697435772,gmina,12,MAŁOPOLSKIE,1216,tarnowski,1216122,Wietrzychowice
niskie ryzyko,2009.3342743188764,1999.191215927155,1646.407502256431,1619.1991678920872,362.9267720624455,379.992048035068,gmina,12,MAŁOPOLSKIE,1216,tarnowski,1216133,Wojnicz
wysokie ryzyko,2126.8324447212526,2235.8700248462264,1691.8054696037188,1800.8708531399543,435.0269751175337,434.9991717062719,gmina,12,MAŁOPOLSKIE,1216,tarnowski,1216133,Wojnicz
niskie ryzyko,1310.3643030101418,1330.4892818186456,1198.397907003447,1220.2902951609926,111.96639600669477,110.198986657653,gmina,12,MAŁOPOLSKIE,1216,tarnowski,1216143,Zakliczyn
wysokie ryzyko,1444.846373883142,1400.559811720689,1349.0902952465808,1304.8037330841278,95.75607863656116,95.75607863656116,gmina,12,MAŁOPOLSKIE,1216,tarnowski,1216143,Zakliczyn
niskie ryzyko,6505.64545123054,6467.363764561331,4676.296881092474,4683.517144659283,1829.3485701380655,1783.846619902048,gmina,12,MAŁOPOLSKIE,1216,tarnowski,1216153,Żabno
wysokie ryzyko,8209.444023156919,8191.7482589720385,6213.839432403379,6276.011665729127,1995.60459075354,1915.7365932429116,gmina,12,MAŁOPOLSKIE,1216,tarnowski,1216153,Żabno
niskie ryzyko,107.9236038131771,105.03404374980232,77.26771947426049,74.5627861013702,30.655884338916607,30.47125764843213,gmina,12,MAŁOPOLSKIE,1217,tatrzański,1217022,Biały Dunajec
wysokie ryzyko,79.65451883517677,130.03922203066784,79.65451883517677,130.03922203066784,0.0,0.0,gmina,12,MAŁOPOLSKIE,1217,tatrzański,1217022,Biały Dunajec
niskie ryzyko,121.35336834478667,113.66131982840818,57.71817600707242,53.68677905153773,63.63519233771425,59.97454077687046,gmina,12,MAŁOPOLSKIE,1217,tatrzański,1217032,Bukowina Tatrzańska
wysokie ryzyko,100.50987185951988,86.71223745978865,100.50987185951988,86.71223745978865,0.0,0.0,gmina,12,MAŁOPOLSKIE,1217,tatrzański,1217032,Bukowina Tatrzańska
niskie ryzyko,15.992411246363664,17.315553239799993,0.0,0.0,15.992411246363664,17.315553239799993,gmina,12,MAŁOPOLSKIE,1217,tatrzański,1217042,Kościelisko
wysokie ryzyko,17.5885619472945,22.388490866076538,0.0,0.0,17.5885619472945,22.388490866076538,gmina,12,MAŁOPOLSKIE,1217,tatrzański,1217042,Kościelisko
niskie ryzyko,65.03347065640722,62.46500752246413,30.37232792845324,30.140393041019152,34.66114272795399,32.324614481444975,gmina,12,MAŁOPOLSKIE,1217,tatrzański,1217052,Poronin
wysokie ryzyko,83.12281792314077,82.26667948719287,33.493178868312796,32.637040432364905,49.629639054827976,49.629639054827976,gmina,12,MAŁOPOLSKIE,1217,tatrzański,1217052,Poronin
niskie ryzyko,157.11653059772672,143.80758423465866,88.75720014361153,82.05160745691455,68.3593304541152,61.75597677774412,gmina,12,MAŁOPOLSKIE,1217,tatrzański,1217011,Zakopane
wysokie ryzyko,236.24542718024057,226.03950796321624,32.864409216804276,19.44892208951173,203.38101796343628,206.5905858737045,gmina,12,MAŁOPOLSKIE,1217,tatrzański,1217011,Zakopane
niskie ryzyko,293.2309980070805,238.86357992645335,283.4702434204575,229.5673244622046,9.760754586622962,9.296255464248784,gmina,12,MAŁOPOLSKIE,1218,wadowicki,1218013,Andrychów
wysokie ryzyko,767.3365106959525,716.5184067642916,767.3365106959525,716.5184067642916,0.0,0.0,gmina,12,MAŁOPOLSKIE,1218,wadowicki,1218013,Andrychów
niskie ryzyko,1305.1605613584702,1224.9013559703424,1113.3589431482858,1042.6515193444322,191.8016182101845,182.2498366259101,gmina,12,MAŁOPOLSKIE,1218,wadowicki,1218022,Brzeźnica
wysokie ryzyko,1139.8484564572452,1206.4320804603276,1020.2386920539288,1088.478847442257,119.60976440331638,117.95323301807085,gmina,12,MAŁOPOLSKIE,1218,wadowicki,1218022,Brzeźnica
niskie ryzyko,19.953920457854963,17.863203523916212,2.069512710566298,1.9458878230569443,17.884407747288666,15.917315700859268,gmina,12,MAŁOPOLSKIE,1218,wadowicki,1218033,Kalwaria Zebrzydowska
wysokie ryzyko,2.4024944946931894,2.4024944946931894,2.4024944946931894,2.4024944946931894,0.0,0.0,gmina,12,MAŁOPOLSKIE,1218,wadowicki,1218033,Kalwaria Zebrzydowska
niskie ryzyko,19.854972884097577,21.632153130347888,18.943662574569274,20.858257199311257,0.9113103095282996,0.7738959310366345,gmina,12,MAŁOPOLSKIE,1218,wadowicki,1218052,Mucharz
wysokie ryzyko,89.47840673477285,78.50529049447796,63.04727610790396,56.059649058226434,26.431130626868885,22.445641436251524,gmina,12,MAŁOPOLSKIE,1218,wadowicki,1218052,Mucharz
niskie ryzyko,1498.7772888434365,1448.0068118975037,728.2665531678247,694.5504646088152,770.510735675612,753.4563472886884,gmina,12,MAŁOPOLSKIE,1218,wadowicki,1218062,Spytkowice
wysokie ryzyko,1500.791868094364,1558.0649211873329,816.7197683481462,885.2683508543649,684.0720997462176,672.796570332968,gmina,12,MAŁOPOLSKIE,1218,wadowicki,1218062,Spytkowice
niskie ryzyko,37.73488625721439,34.71878249012867,35.459097365092525,32.4429935980068,2.275788892121864,2.275788892121864,gmina,12,MAŁOPOLSKIE,1218,wadowicki,1218072,Stryszów
wysokie ryzyko,3.988222638322394,1.8603949447492711,2.845711703852314,0.7178840102791914,1.14251093447008,1.14251093447008,gmina,12,MAŁOPOLSKIE,1218,wadowicki,1218072,Stryszów
niskie ryzyko,635.1748644175959,635.7089301585868,345.8873767777256,345.89682006870896,289.2874876398703,289.81211008987776,gmina,12,MAŁOPOLSKIE,1218,wadowicki,1218082,Tomice
wysokie ryzyko,376.6359397589752,334.6391278864607,322.93913394510054,273.3199995496245,53.69680581387461,61.31912833683616,gmina,12,MAŁOPOLSKIE,1218,wadowicki,1218082,Tomice
niskie ryzyko,3760.485222777904,3856.144930072077,2775.09537408339,2917.818950654482,985.3898486945138,938.3259794175948,gmina,12,MAŁOPOLSKIE,1218,wadowicki,1218093,Wadowice
wysokie ryzyko,8466.317787182013,8677.909397648025,7466.515570286366,7418.830931831374,999.8022168956476,1259.078465816651,gmina,12,MAŁOPOLSKIE,1218,wadowicki,1218093,Wadowice
niskie ryzyko,387.8211592760054,433.594178274528,197.6685370229828,249.5879702768054,190.1526222530226,184.00620799772253,gmina,12,MAŁOPOLSKIE,1218,wadowicki,1218102,Wieprz
wysokie ryzyko,183.87837798040812,165.64315394299322,100.1497192239768,83.12112240440386,83.72865875643133,82.52203153858936,gmina,12,MAŁOPOLSKIE,1218,wadowicki,1218102,Wieprz
niskie ryzyko,1935.101045649806,1904.198345590408,1652.9291640868328,1614.225427545401,282.1718815629732,289.9729180450066,gmina,12,MAŁOPOLSKIE,1219,wielicki,1219022,Gdów
wysokie ryzyko,2510.449775739437,2569.102357474708,2216.7095205268693,2280.7924036195504,293.7402552125676,288.30995385515746,gmina,12,MAŁOPOLSKIE,1219,wielicki,1219022,Gdów
niskie ryzyko,802.0806460963959,799.8510663557329,665.878025770949,664.319850245306,136.2026203254468,135.53121611042687,gmina,12,MAŁOPOLSKIE,1219,wielicki,1219032,Kłaj
wysokie ryzyko,1072.3766620357842,1030.9962084805084,987.9480602597066,950.1088964224544,84.42860177607747,80.8873120580538,gmina,12,MAŁOPOLSKIE,1219,wielicki,1219032,Kłaj
niskie ryzyko,7265.225118652381,7080.692594421986,3121.9643599416495,3024.992563090918,4143.260758710731,4055.700031331069,gmina,12,MAŁOPOLSKIE,1219,wielicki,1219043,Niepołomice
wysokie ryzyko,6822.697369707186,6961.655936744803,2438.546236817017,2508.849549942088,4384.151132890169,4452.806386802715,gmina,12,MAŁOPOLSKIE,1219,wielicki,1219043,Niepołomice
niskie ryzyko,1424.0819572004166,1464.3477095631274,773.1333643010678,797.4919561784714,650.9485928993488,666.855753384656,gmina,12,MAŁOPOLSKIE,1219,wielicki,1219053,Wieliczka
wysokie ryzyko,1311.314340835428,1266.350453159272,647.9905644956582,613.5465313851818,663.3237763397699,652.8039217740902,gmina,12,MAŁOPOLSKIE,1219,wielicki,1219053,Wieliczka
niskie ryzyko,5006.756262038075,4750.803143571121,4498.3692034303995,4251.208804675694,508.387058607675,499.5943388954259,gmina,16,OPOLSKIE,1661,Opole,1661011,Opole
wysokie ryzyko,13281.533438056964,13426.95409347737,12950.489031898958,13091.06595705243,331.04440615800553,335.88813642493915,gmina,16,OPOLSKIE,1661,Opole,1661011,Opole
niskie ryzyko,302.4267265257075,421.64647827952336,294.331762287375,415.8679732775803,8.094964238332505,5.778505001943076,gmina,16,OPOLSKIE,1601,brzeski,1601011,Brzeg
wysokie ryzyko,1215.2865030393257,1007.5241652517092,1205.6176362298845,1000.3187042298516,9.668866809441344,7.205461021857531,gmina,16,OPOLSKIE,1601,brzeski,1601011,Brzeg
niskie ryzyko,767.1336822606622,776.643841060612,14.0,14.0,753.1336822606622,762.643841060612,gmina,16,OPOLSKIE,1601,brzeski,1601033,Grodków
wysokie ryzyko,1259.9405423812868,1250.4889874193962,6.844931614549008,6.844931614549009,1253.0956107667378,1243.644055804847,gmina,16,OPOLSKIE,1601,brzeski,1601033,Grodków
niskie ryzyko,2742.8379835845944,2582.3839516963635,1506.6884187196074,1352.910310186017,1236.1495648649866,1229.473641510346,gmina,16,OPOLSKIE,1601,brzeski,1601043,Lewin Brzeski
wysokie ryzyko,6143.106607162928,6350.308929965646,4061.296485724033,4253.828954128077,2081.8101214388957,2096.479975837568,gmina,16,OPOLSKIE,1601,brzeski,1601043,Lewin Brzeski
niskie ryzyko,2160.7999017756706,2152.390433048671,818.2545391499912,820.2887178097164,1342.5453626256797,1332.1017152389545,gmina,16,OPOLSKIE,1601,brzeski,1601052,Lubsza
wysokie ryzyko,4061.730718378378,4075.3819678355353,1957.081459163223,1958.3719975341096,2104.649259215155,2117.0099703014257,gmina,16,OPOLSKIE,1601,brzeski,1601052,Lubsza
niskie ryzyko,38.29045235049371,38.29045235049371,38.29045235049371,38.29045235049371,0.0,0.0,gmina,16,OPOLSKIE,1601,brzeski,1601062,Olszanka
wysokie ryzyko,59.1749529786574,59.13274184435896,58.613107712343194,58.57089657804475,0.5618452663142082,0.5618452663142082,gmina,16,OPOLSKIE,1601,brzeski,1601062,Olszanka
niskie ryzyko,178.0137804773477,178.7065267057495,77.0844484879543,74.8059579452789,100.92933198939338,103.9005687604706,gmina,16,OPOLSKIE,1601,brzeski,1601022,Skarbimierz
wysokie ryzyko,511.7227351070289,511.0097331912132,211.4555619108916,213.14256496370464,300.2671731961373,297.86716822750856,gmina,16,OPOLSKIE,1601,brzeski,1601022,Skarbimierz
niskie ryzyko,131.53662801730766,121.52595704760164,109.99410742298332,101.2409451449327,21.542520594324333,20.28501190266895,gmina,16,OPOLSKIE,1602,głubczycki,1602013,Baborów
wysokie ryzyko,22.467832055789223,21.74282001912134,10.396924184594008,10.343481622617988,12.070907871195216,11.399338396503351,gmina,16,OPOLSKIE,1602,głubczycki,1602013,Baborów
niskie ryzyko,118.50689786933552,117.62656025222483,67.68948546996016,67.19275687864491,50.81741239937537,50.43380337357993,gmina,16,OPOLSKIE,1602,głubczycki,1602023,Branice
wysokie ryzyko,276.50907391128425,275.3121255314762,230.0770538568453,228.8801054770373,46.43202005443895,46.43202005443895,gmina,16,OPOLSKIE,1602,głubczycki,1602023,Branice
niskie ryzyko,35.717455473276274,34.62489385862351,27.68161266165487,27.432437162768945,8.035842811621402,7.192456695854567,gmina,16,OPOLSKIE,1602,głubczycki,1602033,Głubczyce
wysokie ryzyko,37.89831592791582,37.89831592791582,37.89831592791582,37.89831592791582,0.0,0.0,gmina,16,OPOLSKIE,1602,głubczycki,1602033,Głubczyce
niskie ryzyko,257.0062311659721,233.92496506240417,246.73184441431448,223.6575575583536,10.27438675165763,10.267407504050546,gmina,16,OPOLSKIE,1602,głubczycki,1602043,Kietrz
wysokie ryzyko,208.0841170528168,185.9347506055274,203.16686909668545,181.05001691995065,4.917247956131373,4.8847336855767685,gmina,16,OPOLSKIE,1602,głubczycki,1602043,Kietrz
niskie ryzyko,25.517271730152068,25.517271730152068,25.517271730152068,25.517271730152068,0.0,0.0,gmina,16,OPOLSKIE,1604,kluczborski,1604013,Byczyna
niskie ryzyko,126.72232794095586,107.89524648820768,115.2934749158614,96.52560057543032,11.428853025094485,11.369645912777358,gmina,16,OPOLSKIE,1604,kluczborski,1604023,Kluczbork
wysokie ryzyko,45.363695395679194,34.66507492424435,45.227697161609896,34.52907669017505,0.1359982340692965,0.1359982340692965,gmina,16,OPOLSKIE,1604,kluczborski,1604023,Kluczbork
niskie ryzyko,5.797328404796009,5.797328404796009,0.0,0.0,5.797328404796009,5.797328404796009,gmina,16,OPOLSKIE,1604,kluczborski,1604032,Lasowice Wielkie
niskie ryzyko,48.307022828397805,47.951290858444466,48.307022828397805,47.951290858444466,0.0,0.0,gmina,16,OPOLSKIE,1604,kluczborski,1604043,Wołczyn
wysokie ryzyko,8.786885163395505,8.786885163395505,8.786885163395505,8.786885163395505,0.0,0.0,gmina,16,OPOLSKIE,1604,kluczborski,1604043,Wołczyn
niskie ryzyko,83.3703075295025,82.79657666896591,37.58501045418429,37.04280518665354,45.785297075318205,45.75377148231237,gmina,16,OPOLSKIE,1605,krapkowicki,1605013,Gogolin
wysokie ryzyko,93.62716655825508,86.29083637449972,77.91136466068055,70.99327047224347,15.715801897574542,15.29756590225626,gmina,16,OPOLSKIE,1605,krapkowicki,1605013,Gogolin
niskie ryzyko,278.7676353808886,286.7871979548837,248.9612916761637,253.73368932088192,29.80634370472483,33.053508634001716,gmina,16,OPOLSKIE,1605,krapkowicki,1605023,Krapkowice
wysokie ryzyko,299.87242869125254,290.43240087705107,299.87242869125254,290.43240087705107,0.0,0.0,gmina,16,OPOLSKIE,1605,krapkowicki,1605023,Krapkowice
niskie ryzyko,106.99103895890644,106.98431698054742,106.99103895890644,106.98431698054742,0.0,0.0,gmina,16,OPOLSKIE,1605,krapkowicki,1605033,Strzeleczki
wysokie ryzyko,124.25722366503447,124.25722366503447,124.25722366503447,124.25722366503447,0.0,0.0,gmina,16,OPOLSKIE,1605,krapkowicki,1605033,Strzeleczki
niskie ryzyko,95.4901401989897,92.25205568805598,88.64334013260427,85.40525562167053,6.846800066385444,6.846800066385444,gmina,16,OPOLSKIE,1605,krapkowicki,1605042,Walce
wysokie ryzyko,61.213394329578904,60.10410874268663,61.213394329578904,60.10410874268663,0.0,0.0,gmina,16,OPOLSKIE,1605,krapkowicki,1605042,Walce
niskie ryzyko,63.88500103799037,64.12160117619419,53.16584714220598,53.0723629158579,10.719153895784384,11.049238260336288,gmina,16,OPOLSKIE,1605,krapkowicki,1605053,Zdzieszowice
wysokie ryzyko,38.251961927516696,43.14576088082269,26.52638930073177,31.593850080671395,11.725572626784928,11.5519108001513,gmina,16,OPOLSKIE,1605,krapkowicki,1605053,Zdzieszowice
niskie ryzyko,371.7732883746876,355.64407086456026,321.6769984623849,305.6163911346802,50.096289912302595,50.02767972988006,gmina,16,OPOLSKIE,1603,kędzierzyńsko-kozielski,1603022,Bierawa
wysokie ryzyko,302.94965985067165,291.4487855102135,272.221957061793,260.7210827213348,30.72770278887864,30.72770278887864,gmina,16,OPOLSKIE,1603,kędzierzyńsko-kozielski,1603022,Bierawa
niskie ryzyko,1439.2831312525975,1403.7790139380534,1221.0745542847426,1185.7019726691235,218.20857696785464,218.0770412689298,gmina,16,OPOLSKIE,1603,kędzierzyńsko-kozielski,1603032,Cisek
wysokie ryzyko,790.0047184771568,783.9555056326742,651.0903803604936,645.1842886738883,138.91433811666317,138.77121695878586,gmina,16,OPOLSKIE,1603,kędzierzyńsko-kozielski,1603032,Cisek
niskie ryzyko,970.1707738077396,945.1535466046035,907.540219834997,887.7200537334945,62.630553972742504,57.43349287110902,gmina,16,OPOLSKIE,1603,kędzierzyńsko-kozielski,1603011,Kędzierzyn-Koźle
wysokie ryzyko,1430.4688548834968,1520.3025119866943,1327.230092093211,1402.194016404913,103.23876279028576,118.10849558178153,gmina,16,OPOLSKIE,1603,kędzierzyńsko-kozielski,1603011,Kędzierzyn-Koźle
niskie ryzyko,215.6404599801156,207.8057985349648,147.00350714475516,139.16884569960436,68.63695283536043,68.63695283536045,gmina,16,OPOLSKIE,1603,kędzierzyńsko-kozielski,1603062,Reńska Wieś
wysokie ryzyko,62.21184132922842,62.21184132922842,40.214489680536445,40.214489680536445,21.99735164869197,21.99735164869197,gmina,16,OPOLSKIE,1603,kędzierzyńsko-kozielski,1603062,Reńska Wieś
niskie ryzyko,23.092323309560868,23.604285167096627,8.889274329790897,8.888254444081825,14.20304897976997,14.7160307230148,gmina,16,OPOLSKIE,1606,namysłowski,1606023,Namysłów
niskie ryzyko,31.99123773932916,32.079245159433086,17.89382434890072,17.89382434890072,14.09741339042844,14.18542081053237,gmina,16,OPOLSKIE,1606,namysłowski,1606032,Pokój
wysokie ryzyko,23.543343293262375,23.543343293262375,19.543343293262375,19.543343293262375,4.0,4.0,gmina,16,OPOLSKIE,1606,namysłowski,1606032,Pokój
niskie ryzyko,25.06873635826215,25.06873635826215,0.0,0.0,25.06873635826215,25.06873635826215,gmina,16,OPOLSKIE,1606,namysłowski,1606052,Wilków
niskie ryzyko,3.8806668596306753,3.8806668596306753,2.4675108184990022,2.4675108184990022,1.413156041131673,1.413156041131673,gmina,16,OPOLSKIE,1606,namysłowski,1606042,Świerczów
niskie ryzyko,790.7114035819407,703.4660277782248,645.1827706498631,564.3450518811761,145.52863293207767,139.12097589704862,gmina,16,OPOLSKIE,1607,nyski,1607013,Głuchołazy
wysokie ryzyko,1339.0360067603235,1327.3827798047837,1112.5851687271916,1108.1847368684123,226.450838033132,219.19804293637108,gmina,16,OPOLSKIE,1607,nyski,1607013,Głuchołazy
niskie ryzyko,53.99933548964347,51.03294480976183,37.56376180622492,34.69230424103212,16.43557368341856,16.340640568729707,gmina,16,OPOLSKIE,1607,nyski,1607033,Korfantów
niskie ryzyko,4570.456315276226,4961.1318462043255,4196.905012224866,4586.878846425881,373.551303051359,374.2529997784433,gmina,16,OPOLSKIE,1607,nyski,1607053,Nysa
wysokie ryzyko,29618.682595004884,30095.221576703698,28924.354560543492,29257.90772409373,694.3280344613913,837.3138526099672,gmina,16,OPOLSKIE,1607,nyski,1607053,Nysa
niskie ryzyko,912.1499419740938,843.8620190542603,659.6948013699727,595.4031698128251,252.45514060412123,248.45884924143508,gmina,16,OPOLSKIE,1607,nyski,1607063,Otmuchów
wysokie ryzyko,2814.3946014328503,2594.6218971629146,2256.4724680137947,2052.716902419821,557.9221334190559,541.9049947430931,gmina,16,OPOLSKIE,1607,nyski,1607063,Otmuchów
niskie ryzyko,223.85180340280033,260.5691015918196,78.31149535671001,111.53559305071931,145.5403080460903,149.0335085411003,gmina,16,OPOLSKIE,1607,nyski,1607073,Paczków
wysokie ryzyko,352.9673292105414,368.6443282916646,161.95599062353256,177.14484189847082,191.01133858700885,191.49948639319376,gmina,16,OPOLSKIE,1607,nyski,1607073,Paczków
niskie ryzyko,460.0010316582855,458.5592100399229,319.8803785942368,318.0139248301041,140.12065306404875,140.54528520981873,gmina,16,OPOLSKIE,1607,nyski,1607092,Skoroszyce
wysokie ryzyko,990.92975184588,994.3053404617888,695.9943328160043,699.7782985448063,294.9354190298758,294.52704191698257,gmina,16,OPOLSKIE,1607,nyski,1607092,Skoroszyce
niskie ryzyko,644.0898860076188,635.1506036667892,616.2640338761008,609.4336183873421,27.82585213151786,25.716985279447076,gmina,16,OPOLSKIE,1607,nyski,1607042,Łambinowice
wysokie ryzyko,1478.3650669379558,1484.5226325439176,1400.1263864869602,1406.283952092922,78.23868045099562,78.2386804509956,gmina,16,OPOLSKIE,1607,nyski,1607042,Łambinowice
niskie ryzyko,15.42874210627746,15.428742106277458,8.623765941098698,8.623765941098696,6.804976165178762,6.804976165178761,gmina,16,OPOLSKIE,1608,oleski,1608023,Gorzów Śląski
niskie ryzyko,19.45948299193292,19.594060966252098,19.388993915209557,19.523571889528732,0.0704890767233622,0.0704890767233622,gmina,16,OPOLSKIE,1608,oleski,1608033,Olesno
wysokie ryzyko,17.43453126849366,17.43453126849366,17.43453126849366,17.43453126849366,0.0,0.0,gmina,16,OPOLSKIE,1608,oleski,1608033,Olesno
niskie ryzyko,43.761380222220495,36.219190180463094,26.35615348260572,18.81396344084832,17.405226739614776,17.405226739614776,gmina,16,OPOLSKIE,1608,oleski,1608043,Praszka
wysokie ryzyko,11.042265031858877,4.076370448666988,11.042265031858877,4.076370448666988,0.0,0.0,gmina,16,OPOLSKIE,1608,oleski,1608043,Praszka
niskie ryzyko,3.8598270079235384,3.8598270079235384,3.0,3.0,0.8598270079235386,0.8598270079235386,gmina,16,OPOLSKIE,1608,oleski,1608052,Radłów
niskie ryzyko,1340.322227301402,1317.1036369884816,816.727148853602,806.7856305917858,523.5950784477999,510.31800639669586,gmina,16,OPOLSKIE,1609,opolski,1609032,Dobrzeń Wielki
wysokie ryzyko,2971.624259671376,2975.7437032804664,2182.90457445687,2228.345720039064,788.7196852145061,747.3979832414025,gmina,16,OPOLSKIE,1609,opolski,1609032,Dobrzeń Wielki
niskie ryzyko,452.3847684035474,442.2474650872165,294.9148951576576,285.46017450508003,157.46987324588986,156.78729058213648,gmina,16,OPOLSKIE,1609,opolski,1609022,Dąbrowa
wysokie ryzyko,925.2666408438466,928.4668004747,644.8338619682835,647.7766652461621,280.4327788755632,280.6901352285379,gmina,16,OPOLSKIE,1609,opolski,1609022,Dąbrowa
niskie ryzyko,17.46759010964329,17.36017932876836,7.9048458701573825,7.797435089282453,9.562744239485909,9.562744239485909,gmina,16,OPOLSKIE,1609,opolski,1609062,Murów
niskie ryzyko,677.756142411385,654.0951898431899,274.1656404173294,256.0157664628091,403.5905019940555,398.0794233803808,gmina,16,OPOLSKIE,1609,opolski,1609073,Niemodlin
wysokie ryzyko,1513.6811062765755,1572.9617078574197,891.0677607501705,945.9176220385696,622.613345526405,627.0440858188499,gmina,16,OPOLSKIE,1609,opolski,1609073,Niemodlin
niskie ryzyko,437.0980060750286,434.7026534532381,229.4146915710834,228.11558058404876,207.6833145039452,206.58707286918929,gmina,16,OPOLSKIE,1609,opolski,1609083,Ozimek
wysokie ryzyko,636.3548867331154,632.6544286693625,261.5798706227069,257.88961180797395,374.77501611040856,374.7648168613885,gmina,16,OPOLSKIE,1609,opolski,1609083,Ozimek
niskie ryzyko,1039.4001793963375,1070.6876294970543,357.5277052933644,390.46431437020067,681.872474102973,680.2233151268535,gmina,16,OPOLSKIE,1609,opolski,1609092,Popielów
wysokie ryzyko,1849.2626093973868,1803.574386629732,854.4765319180301,817.4074137034747,994.7860774793568,986.1669729262576,gmina,16,OPOLSKIE,1609,opolski,1609092,Popielów
niskie ryzyko,178.64480483598678,177.2247004346639,97.23962651727796,96.25460588580287,81.40517831870882,80.97009454886103,gmina,16,OPOLSKIE,1609,opolski,1609103,Prószków
wysokie ryzyko,270.36320577851404,270.716694871919,77.02653906550508,76.98822742087481,193.33666671300895,193.72846745104425,gmina,16,OPOLSKIE,1609,opolski,1609103,Prószków
niskie ryzyko,160.2696842139295,156.72217832855782,4.480303712269436,3.801532285700786,155.78938050166008,152.92064604285704,gmina,16,OPOLSKIE,1609,opolski,1609112,Tarnów Opolski
wysokie ryzyko,460.60196845696765,460.69873125027453,47.18681425986831,43.772198259477705,413.41515419709935,416.9265329907968,gmina,16,OPOLSKIE,1609,opolski,1609112,Tarnów Opolski
niskie ryzyko,1769.0029343223582,1784.491088730257,1081.4092381813175,1093.8130236990933,687.5936961410407,690.6780650311639,gmina,16,OPOLSKIE,1609,opolski,1609132,Turawa
wysokie ryzyko,2040.8155752431535,2013.6496317397584,1194.6420381057485,1162.3452736239292,846.1735371374052,851.304358115829,gmina,16,OPOLSKIE,1609,opolski,1609132,Turawa
niskie ryzyko,30.107985784276018,30.791853764795604,3.4586541596159357,5.433408721314732,26.64933162466009,25.358445043480877,gmina,16,OPOLSKIE,1609,opolski,1609123,Tułowice
wysokie ryzyko,5.195121147299053,5.132157755656513,0.0,0.0,5.195121147299053,5.132157755656513,gmina,16,OPOLSKIE,1609,opolski,1609123,Tułowice
niskie ryzyko,1397.9342287091806,1417.2916984673654,373.005655810735,385.80973587584504,1024.9285728984455,1031.4819625915204,gmina,16,OPOLSKIE,1609,opolski,1609052,Łubniany
wysokie ryzyko,2655.546046612056,2633.1659499872267,865.7074342889422,859.8491692769375,1789.838612323114,1773.316780710289,gmina,16,OPOLSKIE,1609,opolski,1609052,Łubniany
niskie ryzyko,16.11194944657609,13.96668983905328,16.11194944657609,13.96668983905328,0.0,0.0,gmina,16,OPOLSKIE,1610,prudnicki,1610013,Biała
niskie ryzyko,278.7934104202563,280.192429189969,198.49790285623445,197.63874112027287,80.29550756402185,82.55368806969614,gmina,16,OPOLSKIE,1610,prudnicki,1610023,Głogówek
wysokie ryzyko,180.08876840135753,179.34865300629144,176.8143373620867,176.11157835977747,3.2744310392708416,3.2370746465139737,gmina,16,OPOLSKIE,1610,prudnicki,1610023,Głogówek
niskie ryzyko,47.27872672450843,42.95756846610864,47.27872672450843,42.95756846610864,0.0,0.0,gmina,16,OPOLSKIE,1610,prudnicki,1610032,Lubrza
wysokie ryzyko,35.49409374691386,35.168952577865355,35.49409374691386,35.168952577865355,0.0,0.0,gmina,16,OPOLSKIE,1610,prudnicki,1610032,Lubrza
niskie ryzyko,497.4975678742161,473.9661567433894,438.3646768770208,418.36046209295773,59.1328909971953,55.60569465043163,gmina,16,OPOLSKIE,1610,prudnicki,1610043,Prudnik
wysokie ryzyko,1540.5293769417096,1508.4036211149544,1417.3683968266637,1330.276681475761,123.16098011504609,178.12693963919332,gmina,16,OPOLSKIE,1610,prudnicki,1610043,Prudnik
niskie ryzyko,177.00513434937338,174.74623388463218,155.40794172914968,151.6524615099463,21.597192620223694,23.093772374685845,gmina,16,OPOLSKIE,1611,strzelecki,1611033,Kolonowskie
wysokie ryzyko,33.14700311922485,33.14700311922485,33.14700311922485,33.14700311922485,0.0,0.0,gmina,16,OPOLSKIE,1611,strzelecki,1611033,Kolonowskie
niskie ryzyko,1.7094328352031165,1.5469004954197234,0.5004324680175721,0.3379001282341792,1.2090003671855445,1.2090003671855445,gmina,16,OPOLSKIE,1611,strzelecki,1611063,Ujazd
niskie ryzyko,190.02399654561185,188.86803686226207,132.4160035133378,131.6095234936316,57.607993032274045,57.258513368630474,gmina,16,OPOLSKIE,1611,strzelecki,1611073,Zawadzkie
wysokie ryzyko,87.72440574239033,88.56212015063332,73.0663122315234,74.00379275739344,14.65809351086694,14.558327393239871,gmina,16,OPOLSKIE,1611,strzelecki,1611073,Zawadzkie
niskie ryzyko,1245.541173240851,1157.536943399003,1210.0506869080964,1122.5501283608378,35.4904863327548,34.986815038165034,gmina,18,PODKARPACKIE,1861,Krosno,1861011,Krosno
wysokie ryzyko,1333.7687358935948,1398.2859018672166,1311.9032364646118,1376.4204024382334,21.865499428983043,21.865499428983043,gmina,18,PODKARPACKIE,1861,Krosno,1861011,Krosno
niskie ryzyko,6479.673606981646,6918.518487292223,5846.49616563086,6266.719575656184,633.1774413507871,651.7989116360393,gmina,18,PODKARPACKIE,1862,Przemyśl,1862011,Przemyśl
wysokie ryzyko,21556.582036878244,21641.981754016113,21284.768746082544,21379.930256537784,271.81329079570077,262.0514974783276,gmina,18,PODKARPACKIE,1862,Przemyśl,1862011,Przemyśl
niskie ryzyko,496.1025128366402,514.6663292967555,485.5340772506588,509.38118190487,10.568435585981272,5.2851473918854115,gmina,18,PODKARPACKIE,1863,Rzeszów,1863011,Rzeszów
wysokie ryzyko,153.78269698689283,196.5489249556768,153.31238898592073,196.14021116874335,0.470308000972107,0.4087137869334366,gmina,18,PODKARPACKIE,1863,Rzeszów,1863011,Rzeszów
niskie ryzyko,4146.303105685971,4136.470237637997,2443.2560113058134,2446.9241318189515,1703.0470943801563,1689.5461058190458,gmina,18,PODKARPACKIE,1864,Tarnobrzeg,1864011,Tarnobrzeg
wysokie ryzyko,5385.312377246947,5258.392889197215,4161.61055490921,4010.062556298233,1223.7018223377377,1248.33033289898,gmina,18,PODKARPACKIE,1864,Tarnobrzeg,1864011,Tarnobrzeg
niskie ryzyko,1.19763825534314,1.1976382553431395,0.0,0.0,1.19763825534314,1.1976382553431395,gmina,18,PODKARPACKIE,1801,bieszczadzki,1801052,Lutowiska
niskie ryzyko,63.447831907274995,61.86797086104155,57.43798347277912,55.85812242654568,6.009848434495872,6.009848434495872,gmina,18,PODKARPACKIE,1801,bieszczadzki,1801083,Ustrzyki Dolne
wysokie ryzyko,5.886344589959947,5.886344589959947,5.886344589959947,5.886344589959947,0.0,0.0,gmina,18,PODKARPACKIE,1801,bieszczadzki,1801083,Ustrzyki Dolne
niskie ryzyko,753.5927967421444,693.5799362949913,736.8688307484595,676.8559703013062,16.72396599368491,16.72396599368491,gmina,18,PODKARPACKIE,1802,brzozowski,1802013,Brzozów
wysokie ryzyko,509.75989247267,578.941858579638,499.3704637164295,568.5524298233976,10.389428756240523,10.389428756240523,gmina,18,PODKARPACKIE,1802,brzozowski,1802013,Brzozów
niskie ryzyko,75.20623232192776,74.80219967878007,71.92300996857338,71.5189773254257,3.283222353354376,3.283222353354376,gmina,18,PODKARPACKIE,1802,brzozowski,1802022,Domaradz
wysokie ryzyko,17.40603422170166,15.754105888045624,17.40603422170166,15.754105888045624,0.0,0.0,gmina,18,PODKARPACKIE,1802,brzozowski,1802022,Domaradz
niskie ryzyko,289.8193913871298,308.8180127816298,227.28121246459543,225.11225120588844,62.538178922534414,83.70576157574143,gmina,18,PODKARPACKIE,1802,brzozowski,1802032,Dydnia
wysokie ryzyko,374.9929891471398,370.0026259686006,357.7537171597553,352.34236789144336,17.23927198738452,17.66025807715726,gmina,18,PODKARPACKIE,1802,brzozowski,1802032,Dydnia
niskie ryzyko,177.56853349487722,186.65362900655697,113.4591029905446,123.17140803221692,64.10943050433262,63.48222097434009,gmina,18,PODKARPACKIE,1802,brzozowski,1802042,Haczów
wysokie ryzyko,172.30239232984144,173.64636200229222,157.2007895611575,158.54475923360832,15.10160276868387,15.10160276868387,gmina,18,PODKARPACKIE,1802,brzozowski,1802042,Haczów
niskie ryzyko,178.12586460225373,174.12821339435567,134.72291913046752,130.72526792256946,43.40294547178618,43.40294547178619,gmina,18,PODKARPACKIE,1802,brzozowski,1802052,Jasienica Rosielna
wysokie ryzyko,10.457041988972035,10.457041988972035,10.457041988972035,10.457041988972035,0.0,0.0,gmina,18,PODKARPACKIE,1802,brzozowski,1802052,Jasienica Rosielna
niskie ryzyko,600.4087340305645,594.6098251649995,352.984344781193,348.7213935728767,247.42438924937153,245.8884315921228,gmina,18,PODKARPACKIE,1802,brzozowski,1802062,Nozdrzec
wysokie ryzyko,359.3815100763246,357.364852132815,257.3610009567866,255.344343013277,102.02050911953802,102.020509119538,gmina,18,PODKARPACKIE,1802,brzozowski,1802062,Nozdrzec
niskie ryzyko,309.51209472159786,294.52986175632816,250.70145345866553,235.7569264256523,58.81064126293237,58.772935330675864,gmina,18,PODKARPACKIE,1803,dębicki,1803023,Brzostek
wysokie ryzyko,200.07015164536148,224.42502331267085,158.36744562576268,157.0234620594984,41.70270601959879,67.40156125317243,gmina,18,PODKARPACKIE,1803,dębicki,1803023,Brzostek
niskie ryzyko,307.95711672668125,276.32717553862136,231.69454469606032,200.83575026525008,76.26257203062099,75.49142527337133,gmina,18,PODKARPACKIE,1803,dębicki,1803032,Czarna
wysokie ryzyko,78.56587246911064,211.0834291654212,55.11578247129543,189.3018193528454,23.45008999781522,21.781609812575812,gmina,18,PODKARPACKIE,1803,dębicki,1803032,Czarna
niskie ryzyko,1742.2258409556446,2025.6343118494085,1738.893404722008,2022.3018756157717,3.3324362336367233,3.3324362336367237,gmina,18,PODKARPACKIE,1803,dębicki,1803011,Dębica
niskie ryzyko,238.69276914107655,236.41311624062928,163.95518229916073,162.82206695003836,74.7375868419158,73.59104929059092,gmina,18,PODKARPACKIE,1803,dębicki,1803042,Dębica
wysokie ryzyko,2162.783246430521,2244.447859278323,2162.783246430521,2244.447859278323,0.0,0.0,gmina,18,PODKARPACKIE,1803,dębicki,1803011,Dębica
wysokie ryzyko,46.24206853828861,46.242068538288606,46.24206853828861,46.242068538288606,0.0,0.0,gmina,18,PODKARPACKIE,1803,dębicki,1803042,Dębica
niskie ryzyko,32.61561717938768,32.58470999204449,14.976254155343218,14.945346968000027,17.63936302404446,17.63936302404446,gmina,18,PODKARPACKIE,1803,dębicki,1803052,Jodłowa
wysokie ryzyko,12.165703572278035,10.1044433665974,4.262978490405042,2.201718284724403,7.902725081872994,7.902725081872995,gmina,18,PODKARPACKIE,1803,dębicki,1803052,Jodłowa
niskie ryzyko,222.5095764061931,215.25970450921392,183.3450445556488,176.91053667011204,39.16453185054431,38.34916783910188,gmina,18,PODKARPACKIE,1803,dębicki,1803063,Pilzno
wysokie ryzyko,39.52912869536419,39.82933792125985,26.167108421427056,26.467317647322716,13.362020273937135,13.362020273937135,gmina,18,PODKARPACKIE,1803,dębicki,1803063,Pilzno
niskie ryzyko,438.9060309421765,419.827933854839,329.18984093417237,319.11456906845956,109.71619000800416,100.7133647863794,gmina,18,PODKARPACKIE,1803,dębicki,1803072,Żyraków
wysokie ryzyko,455.5973698576346,486.6151836305,423.0850510619497,454.5963780560037,32.512318795684976,32.01880557449635,gmina,18,PODKARPACKIE,1803,dębicki,1803072,Żyraków
niskie ryzyko,43.89886872732695,42.58264924688447,40.572686674168565,39.25646719372608,3.3261820531583925,3.3261820531583925,gmina,18,PODKARPACKIE,1804,jarosławski,1804032,Chłopice
niskie ryzyko,2714.0463630295835,2528.036630831044,2330.2316544384144,2152.236203963372,383.8147085911695,375.80042686767166,gmina,18,PODKARPACKIE,1804,jarosławski,1804011,Jarosław
niskie ryzyko,2575.347842083819,2562.9477970171856,1274.1211091674013,1270.4654415883329,1301.226732916418,1292.4823554288528,gmina,18,PODKARPACKIE,1804,jarosławski,1804042,Jarosław
wysokie ryzyko,3441.4307404662363,3293.523271687798,3083.2792668560255,2929.0021435669587,358.15147361021127,364.5211281208393,gmina,18,PODKARPACKIE,1804,jarosławski,1804011,Jarosław
wysokie ryzyko,2446.291924576679,2449.891067627451,1271.551794932643,1265.8991256370427,1174.7401296440362,1183.9919419904083,gmina,18,PODKARPACKIE,1804,jarosławski,1804042,Jarosław
niskie ryzyko,836.6819995684092,829.7835183265615,643.5745580334485,636.229440295252,193.1074415349607,193.5540780313096,gmina,18,PODKARPACKIE,1804,jarosławski,1804052,Laszki
wysokie ryzyko,1221.0538213784605,1241.067574912841,867.2147921390479,874.2244081252048,353.83902923941264,366.8431667876363,gmina,18,PODKARPACKIE,1804,jarosławski,1804052,Laszki
niskie ryzyko,2066.6966377949657,2018.7855709270675,1475.3592582745514,1427.689719130352,591.3373795204146,591.0958517967156,gmina,18,PODKARPACKIE,1804,jarosławski,1804082,Radymno
niskie ryzyko,410.0927890182171,407.9937219989247,258.56773375241016,256.7253869875268,151.52505526580697,151.26833501139785,gmina,18,PODKARPACKIE,1804,jarosławski,1804021,Radymno
wysokie ryzyko,396.0796972199061,408.8328192026966,277.8360604053237,291.4762949086773,118.24363681458244,117.35652429401932,gmina,18,PODKARPACKIE,1804,jarosławski,1804021,Radymno
wysokie ryzyko,2095.7578564493724,2077.8267607151724,1555.0493434640034,1536.8138359237312,540.7085129853688,541.0129247914414,gmina,18,PODKARPACKIE,1804,jarosławski,1804082,Radymno
niskie ryzyko,8.742425000399162,8.62173717598987,8.742425000399162,8.62173717598987,0.0,0.0,gmina,18,PODKARPACKIE,1804,jarosławski,1804092,Rokietnica
wysokie ryzyko,13.9534389774346,13.9534389774346,0.0,0.0,13.9534389774346,13.9534389774346,gmina,18,PODKARPACKIE,1804,jarosławski,1804092,Rokietnica
niskie ryzyko,1994.0076538279632,1978.3172160279144,1416.407415473337,1403.0119804319054,577.600238354626,575.3052355960092,gmina,18,PODKARPACKIE,1804,jarosławski,1804112,Wiązownica
wysokie ryzyko,2765.753790434663,2838.637127488239,1800.4926072330186,1885.8535139710136,965.2611832016448,952.7836135172256,gmina,18,PODKARPACKIE,1804,jarosławski,1804112,Wiązownica
niskie ryzyko,162.4520430360751,162.4122211646772,162.4520430360751,162.4122211646772,0.0,0.0,gmina,18,PODKARPACKIE,1805,jasielski,1805022,Brzyska
wysokie ryzyko,50.81502071233243,50.81502071233243,50.81502071233243,50.81502071233243,0.0,0.0,gmina,18,PODKARPACKIE,1805,jasielski,1805022,Brzyska
niskie ryzyko,119.87911609358603,126.1910125570345,113.62917928134068,119.94107574478916,6.24993681224535,6.249936812245351,gmina,18,PODKARPACKIE,1805,jasielski,1805032,Dębowiec
wysokie ryzyko,31.657228539515444,30.497829524328736,31.657228539515444,30.497829524328736,0.0,0.0,gmina,18,PODKARPACKIE,1805,jasielski,1805032,Dębowiec
niskie ryzyko,2235.034476911257,2349.191662154154,2048.0755067972727,2163.8151580657054,186.9589701139845,185.3765040884486,gmina,18,PODKARPACKIE,1805,jasielski,1805011,Jasło
niskie ryzyko,398.6112010156807,388.5484846403977,311.7923717790152,300.1003987655886,86.81882923666556,88.44808587480915,gmina,18,PODKARPACKIE,1805,jasielski,1805042,Jasło
wysokie ryzyko,5659.671671780423,5436.647079988299,5487.145931592459,5268.886036710518,172.52574018796352,167.7610432777811,gmina,18,PODKARPACKIE,1805,jasielski,1805011,Jasło
wysokie ryzyko,256.904966180184,239.086424955042,201.87379064273696,184.64354004711456,55.03117553744703,54.44288490792741,gmina,18,PODKARPACKIE,1805,jasielski,1805042,Jasło
niskie ryzyko,284.9406569637353,273.298123920352,233.42631286388144,225.4839118787982,51.51434409985382,47.8142120415538,gmina,18,PODKARPACKIE,1805,jasielski,1805053,Kołaczyce
wysokie ryzyko,201.62074633787344,197.8746411604242,152.1784783099556,151.21790406256602,49.442268027917834,46.656737097858176,gmina,18,PODKARPACKIE,1805,jasielski,1805053,Kołaczyce
niskie ryzyko,11.66515045797486,11.57238220819151,11.289284390997146,11.1965161412138,0.3758660669777132,0.3758660669777132,gmina,18,PODKARPACKIE,1805,jasielski,1805062,Krempna
niskie ryzyko,167.90771891211512,171.31748978525098,147.13854136645313,150.548312239589,20.769177545661996,20.769177545661996,gmina,18,PODKARPACKIE,1805,jasielski,1805072,Nowy Żmigród
wysokie ryzyko,37.28942751321756,51.88899417204699,37.28942751321756,51.88899417204699,0.0,0.0,gmina,18,PODKARPACKIE,1805,jasielski,1805072,Nowy Żmigród
niskie ryzyko,114.3809063346416,113.83801500668686,92.7675976107178,92.2794770804664,21.613308723923787,21.558537926220453,gmina,18,PODKARPACKIE,1805,jasielski,1805082,Osiek Jasielski
wysokie ryzyko,96.6891571342405,96.1762655332743,96.6891571342405,96.1762655332743,0.0,0.0,gmina,18,PODKARPACKIE,1805,jasielski,1805082,Osiek Jasielski
niskie ryzyko,345.99616644925305,334.8927830103923,324.3776260642841,316.49650782664423,21.618540384968956,18.39627518374807,gmina,18,PODKARPACKIE,1805,jasielski,1805092,Skołyszyn
wysokie ryzyko,82.25487160623982,71.45064294587934,78.54755906305036,67.74333040268988,3.707312543189456,3.707312543189456,gmina,18,PODKARPACKIE,1805,jasielski,1805092,Skołyszyn
niskie ryzyko,72.65374267393268,72.51466508429108,66.01519394910893,65.87611635946733,6.6385487248237505,6.63854872482375,gmina,18,PODKARPACKIE,1805,jasielski,1805112,Tarnowiec
wysokie ryzyko,16.86828739446605,16.86828739446605,16.86828739446605,16.86828739446605,0.0,0.0,gmina,18,PODKARPACKIE,1805,jasielski,1805112,Tarnowiec
niskie ryzyko,49.36349661822592,49.262667795863024,49.36349661822592,49.262667795863024,0.0,0.0,gmina,18,PODKARPACKIE,1807,krośnieński,1807012,Chorkówka
wysokie ryzyko,8.894415940612603,8.894415940612602,8.894415940612603,8.894415940612602,0.0,0.0,gmina,18,PODKARPACKIE,1807,krośnieński,1807012,Chorkówka
niskie ryzyko,154.54632469871672,151.23225576691613,70.11488225893925,69.81060827105333,84.43144243977746,81.42164749586281,gmina,18,PODKARPACKIE,1807,krośnieński,1807023,Dukla
wysokie ryzyko,23.15595022451168,28.791230571353253,4.985026169052861,11.251468288093896,18.17092405545882,17.539762283259357,gmina,18,PODKARPACKIE,1807,krośnieński,1807023,Dukla
niskie ryzyko,54.04353065534024,54.04353065534025,54.04353065534024,54.04353065534025,0.0,0.0,gmina,18,PODKARPACKIE,1807,krośnieński,1807033,Iwonicz-Zdrój
wysokie ryzyko,17.80897004178794,13.265967922443464,17.80897004178794,13.265967922443464,0.0,0.0,gmina,18,PODKARPACKIE,1807,krośnieński,1807033,Iwonicz-Zdrój
niskie ryzyko,41.9601458422941,43.51388898145088,37.2906138159862,38.97504301854324,4.669532026307897,4.538845962907647,gmina,18,PODKARPACKIE,1807,krośnieński,1807102,Jaśliska
wysokie ryzyko,59.708589676054295,58.53453605451648,59.708589676054295,58.53453605451648,0.0,0.0,gmina,18,PODKARPACKIE,1807,krośnieński,1807102,Jaśliska
niskie ryzyko,177.70052012837564,161.45596539212872,163.81408783408074,147.5695330978338,13.886432294294918,13.886432294294918,gmina,18,PODKARPACKIE,1807,krośnieński,1807043,Jedlicze
wysokie ryzyko,183.12189170093365,171.91433274466186,165.28348953043215,154.24761362094603,17.838402170501503,17.666719123715826,gmina,18,PODKARPACKIE,1807,krośnieński,1807043,Jedlicze
niskie ryzyko,94.4835507861791,105.6178588174786,73.31660377682667,85.45612000077334,21.16694700935243,20.16173881670525,gmina,18,PODKARPACKIE,1807,krośnieński,1807052,Korczyna
niskie ryzyko,262.61211269968567,246.4081911995246,194.65923956725703,182.96879951523576,67.95287313242868,63.43939168428882,gmina,18,PODKARPACKIE,1807,krośnieński,1807062,Krościenko Wyżne
wysokie ryzyko,110.09139885561018,92.9014297403605,80.99669847685087,65.44350669968217,29.094700378759313,27.457923040678324,gmina,18,PODKARPACKIE,1807,krośnieński,1807062,Krościenko Wyżne
niskie ryzyko,217.69460093772696,201.9397125764224,212.3036361170122,196.5487477557076,5.390964820714782,5.390964820714782,gmina,18,PODKARPACKIE,1807,krośnieński,1807072,Miejsce Piastowe
wysokie ryzyko,136.5164643554706,114.57352839248306,136.5164643554706,114.57352839248306,0.0,0.0,gmina,18,PODKARPACKIE,1807,krośnieński,1807072,Miejsce Piastowe
niskie ryzyko,253.61103693475263,248.19500035337137,245.0612202413,239.76619059035335,8.549816693452636,8.428809763017975,gmina,18,PODKARPACKIE,1807,krośnieński,1807083,Rymanów
wysokie ryzyko,57.83272428814308,57.83272428814308,57.83272428814308,57.83272428814308,0.0,0.0,gmina,18,PODKARPACKIE,1807,krośnieński,1807083,Rymanów
niskie ryzyko,335.6063831651623,334.178713731237,231.16636399406207,229.73869456013676,104.44001917110025,104.44001917110025,gmina,18,PODKARPACKIE,1807,krośnieński,1807092,Wojaszówka
wysokie ryzyko,136.17290247963157,136.1099425932615,77.45377184562457,77.39081195925455,58.719130634006966,58.719130634006966,gmina,18,PODKARPACKIE,1807,krośnieński,1807092,Wojaszówka
niskie ryzyko,77.30264276726913,73.78368987348315,47.20888291387071,43.88739925189637,30.093759853398417,29.89629062158678,gmina,18,PODKARPACKIE,1821,leski,1821012,Baligród
wysokie ryzyko,12.32566004384292,12.32566004384292,2.7192924959553455,2.7192924959553455,9.606367547887574,9.606367547887574,gmina,18,PODKARPACKIE,1821,leski,1821012,Baligród
niskie ryzyko,8.681259301146408,5.007191796592021,6.431299749675616,2.7572322451212306,2.2499595514707913,2.2499595514707913,gmina,18,PODKARPACKIE,1821,leski,1821022,Cisna
wysokie ryzyko,34.32284073774611,24.633524333197975,29.588701450077735,21.1128047473607,4.734139287668378,3.5207195858372775,gmina,18,PODKARPACKIE,1821,leski,1821022,Cisna
niskie ryzyko,1071.9568713583865,1006.2613233233476,818.1975597490385,766.8091993547841,253.7593116093477,239.45212396856363,gmina,18,PODKARPACKIE,1821,leski,1821033,Lesko
wysokie ryzyko,1761.4313383052224,1860.3087351175377,1559.607649578963,1662.113181055209,201.82368872625955,198.19555406232857,gmina,18,PODKARPACKIE,1821,leski,1821033,Lesko
niskie ryzyko,381.0279798679405,344.0311789152397,322.0436816551245,285.6809989550686,58.984298212815986,58.35017996017109,gmina,18,PODKARPACKIE,1821,leski,1821042,Olszanica
wysokie ryzyko,493.98355032667536,561.808121260526,467.2933768682741,537.036352241844,26.690173458401265,24.771769018681983,gmina,18,PODKARPACKIE,1821,leski,1821042,Olszanica
niskie ryzyko,331.84522646206267,346.2743319327641,293.19025334130964,307.63461213692807,38.65497312075302,38.639719795836015,gmina,18,PODKARPACKIE,1821,leski,1821052,Solina
wysokie ryzyko,550.120822659868,534.3442437352226,497.5270939587458,481.75051503410026,52.59372870112228,52.59372870112228,gmina,18,PODKARPACKIE,1821,leski,1821052,Solina
niskie ryzyko,78.4043715062948,78.4043715062948,57.340749172729744,57.340749172729744,21.063622333565043,21.063622333565043,gmina,18,PODKARPACKIE,1808,leżajski,1808022,Grodzisko Dolne
wysokie ryzyko,32.87913267473087,32.87913267473087,32.87913267473087,32.87913267473087,0.0,0.0,gmina,18,PODKARPACKIE,1808,leżajski,1808022,Grodzisko Dolne
niskie ryzyko,272.3951200692102,259.43119301224664,157.50418988631,145.24963400581655,114.8909301829001,114.18155900643,gmina,18,PODKARPACKIE,1808,leżajski,1808032,Kuryłówka
wysokie ryzyko,395.87672293367416,384.3732027921112,203.21029808858583,187.4494746036506,192.6664248450883,196.9237281884606,gmina,18,PODKARPACKIE,1808,leżajski,1808032,Kuryłówka
niskie ryzyko,1785.434409793611,1824.2707977244995,1272.8077783137196,1311.9078485105929,512.6266314798916,512.3629492139073,gmina,18,PODKARPACKIE,1808,leżajski,1808042,Leżajsk
niskie ryzyko,506.7023662235212,502.380145109243,433.0612895482843,428.78475586837453,73.6410766752369,73.59538924086846,gmina,18,PODKARPACKIE,1808,leżajski,1808011,Leżajsk
wysokie ryzyko,618.5756332387566,615.9124181944824,521.8971499426148,520.0486447222256,96.67848329614183,95.86377347225675,gmina,18,PODKARPACKIE,1808,leżajski,1808011,Leżajsk
wysokie ryzyko,2437.3970862541023,2403.1503908818904,1759.9079275704344,1722.2547027336238,677.4891586836677,680.8956881482663,gmina,18,PODKARPACKIE,1808,leżajski,1808042,Leżajsk
niskie ryzyko,936.784179643879,1020.4855990553428,806.4644979558519,885.8682443151472,130.31968168802717,134.6173547401957,gmina,18,PODKARPACKIE,1808,leżajski,1808053,Nowa Sarzyna
wysokie ryzyko,1584.040392482876,1547.6096632936965,1370.1116066755808,1333.993328921492,213.92878580729504,213.61633437220416,gmina,18,PODKARPACKIE,1808,leżajski,1808053,Nowa Sarzyna
niskie ryzyko,61.49611011643711,47.78208422822419,40.50160535504758,41.974705930020185,20.994504761389525,5.807378298204008,gmina,18,PODKARPACKIE,1809,lubaczowski,1809011,Lubaczów
niskie ryzyko,62.16132271500699,61.99045245590381,22.45728809019404,22.292021299563107,39.70403462481295,39.6984311563407,gmina,18,PODKARPACKIE,1809,lubaczowski,1809042,Lubaczów
wysokie ryzyko,20.02115721541498,2.2793716102671837,20.02115721541498,2.2793716102671837,0.0,0.0,gmina,18,PODKARPACKIE,1809,lubaczowski,1809011,Lubaczów
niskie ryzyko,53.67226728283352,55.27896213407178,38.164152842295344,39.7708476935336,15.50811444053818,15.50811444053818,gmina,18,PODKARPACKIE,1809,lubaczowski,1809053,Narol
wysokie ryzyko,37.57019298948444,35.799711253198694,37.57019298948444,35.799711253198694,0.0,0.0,gmina,18,PODKARPACKIE,1809,lubaczowski,1809053,Narol
niskie ryzyko,8.39736627360918,28.10600021438688,7.965412086932009,27.674046027709707,0.4319541866771706,0.4319541866771705,gmina,18,PODKARPACKIE,1809,lubaczowski,1809072,Stary Dzików
niskie ryzyko,7.739541007588919,7.739541007588919,7.739541007588919,7.739541007588919,0.0,0.0,gmina,18,PODKARPACKIE,1809,lubaczowski,1809082,Wielkie Oczy
niskie ryzyko,2475.40976661424,2415.4921804136925,1924.964022268561,1862.9087489018416,550.4457443456795,552.5834315118507,gmina,18,PODKARPACKIE,1811,mielecki,1811022,Borowa
wysokie ryzyko,2836.83454480696,2892.9108728443784,2519.7323429931166,2557.929012078125,317.1022018138432,334.9818607662529,gmina,18,PODKARPACKIE,1811,mielecki,1811022,Borowa
niskie ryzyko,3019.7228862855354,3061.5061047241543,2208.703709420579,2232.4855805993866,811.0191768649565,829.0205241247677,gmina,18,PODKARPACKIE,1811,mielecki,1811032,Czermin
wysokie ryzyko,3193.09138919283,3150.7619543767187,2636.0365544531614,2605.4598740848423,557.0548347396682,545.3020802918762,gmina,18,PODKARPACKIE,1811,mielecki,1811032,Czermin
niskie ryzyko,1318.688654889197,1294.963512499236,1167.0126474365095,1143.2875050465482,151.67600745268777,151.67600745268777,gmina,18,PODKARPACKIE,1811,mielecki,1811042,Gawłuszowice
wysokie ryzyko,1408.721760463599,1434.5075084755977,1203.0325761919703,1228.818324203969,205.6891842716287,205.6891842716287,gmina,18,PODKARPACKIE,1811,mielecki,1811042,Gawłuszowice
niskie ryzyko,4112.549829292462,4046.383962765841,3648.578600611078,3580.7041222780904,463.97122868138393,465.6798404877504,gmina,18,PODKARPACKIE,1811,mielecki,1811052,Mielec
niskie ryzyko,894.1912877651406,914.8418983570956,820.8891029994832,838.0103669407594,73.30218476565746,76.83153141633618,gmina,18,PODKARPACKIE,1811,mielecki,1811011,Mielec
wysokie ryzyko,4697.752230809764,4698.628725488611,4359.028302331085,4360.80745153091,338.72392847867917,337.8212739577013,gmina,18,PODKARPACKIE,1811,mielecki,1811052,Mielec
wysokie ryzyko,1599.8437135344543,1613.8662370323786,1557.201182604686,1570.5373554037092,42.64253092976849,43.32888162866957,gmina,18,PODKARPACKIE,1811,mielecki,1811011,Mielec
niskie ryzyko,1754.532092852794,1766.189215442067,1347.9726613752966,1354.611473245821,406.5594314774976,411.5777421962465,gmina,18,PODKARPACKIE,1811,mielecki,1811062,Padew Narodowa
wysokie ryzyko,3408.750311116303,3395.11189451606,2798.385947818468,2791.240368147057,610.3643632978349,603.8715263690036,gmina,18,PODKARPACKIE,1811,mielecki,1811062,Padew Narodowa
niskie ryzyko,198.37381855928595,196.80043802664545,146.2303159452096,143.67332962007666,52.143502614076326,53.12710840656878,gmina,18,PODKARPACKIE,1811,mielecki,1811073,Przecław
wysokie ryzyko,98.95449288685944,98.88054275351256,62.052006287588526,61.978056154241635,36.90248659927092,36.90248659927092,gmina,18,PODKARPACKIE,1811,mielecki,1811073,Przecław
niskie ryzyko,3430.468249772747,3516.179740583246,3081.7822492327477,3172.82787481301,348.6860005399992,343.3518657702358,gmina,18,PODKARPACKIE,1811,mielecki,1811092,Tuszów Narodowy
wysokie ryzyko,3264.6222089572752,3195.576495013881,3043.742117142647,2974.7469757111103,220.88009181462812,220.82951930277088,gmina,18,PODKARPACKIE,1811,mielecki,1811092,Tuszów Narodowy
niskie ryzyko,1509.8685477235765,1499.6782554261506,1261.6347681589257,1252.0861562260102,248.23377956465063,247.5920992001402,gmina,18,PODKARPACKIE,1811,mielecki,1811102,Wadowice Górne
wysokie ryzyko,1312.4399717824144,1301.9243529234554,1011.9800491421964,1006.0829942221148,300.4599226402182,295.8413587013406,gmina,18,PODKARPACKIE,1811,mielecki,1811102,Wadowice Górne
niskie ryzyko,13.771960759257194,13.771960759257194,9.1325002619028,9.1325002619028,4.639460497354396,4.639460497354396,gmina,18,PODKARPACKIE,1812,niżański,1812012,Harasiuki
niskie ryzyko,13.709695483717985,13.709695483717985,0.0,0.0,13.709695483717985,13.709695483717985,gmina,18,PODKARPACKIE,1812,niżański,1812022,Jarocin
wysokie ryzyko,5.326217438975095,4.963691456108062,0.0,0.0,5.326217438975095,4.963691456108062,gmina,18,PODKARPACKIE,1812,niżański,1812022,Jarocin
niskie ryzyko,15.576601883822084,15.576601883822084,8.463093729789845,8.463093729789845,7.113508154032239,7.113508154032239,gmina,18,PODKARPACKIE,1812,niżański,1812032,Jeżowe
niskie ryzyko,451.1531819107117,428.712331780699,376.04680104920834,346.8723447162969,75.10638086150334,81.83998706440218,gmina,18,PODKARPACKIE,1812,niżański,1812042,Krzeszów
wysokie ryzyko,371.8077187960323,333.8566188632789,301.6582413162856,264.1894192448876,70.14947747974672,69.66719961839136,gmina,18,PODKARPACKIE,1812,niżański,1812042,Krzeszów
niskie ryzyko,2240.45295017126,2247.102479535319,1177.544357370658,1169.894337145632,1062.9085928006027,1077.208142389687,gmina,18,PODKARPACKIE,1812,niżański,1812053,Nisko
wysokie ryzyko,3130.2835490316365,2995.5298733462205,1946.1274580116503,1832.5582294840087,1184.1560910199858,1162.9716438622115,gmina,18,PODKARPACKIE,1812,niżański,1812053,Nisko
niskie ryzyko,532.4904730915979,510.332368429625,418.71635525431896,402.5583603390586,113.77411783727908,107.77400809056635,gmina,18,PODKARPACKIE,1812,niżański,1812063,Rudnik nad Sanem
wysokie ryzyko,686.9138146014276,630.9631161677207,586.2726726141375,535.2578556359921,100.64114198728998,95.70526053172868,gmina,18,PODKARPACKIE,1812,niżański,1812063,Rudnik nad Sanem
niskie ryzyko,476.8903814425836,448.2901965147586,429.7862182632246,401.6326048339214,47.10416317935885,46.65759168083717,gmina,18,PODKARPACKIE,1812,niżański,1812073,Ulanów
wysokie ryzyko,312.26827606701715,298.7530568286525,296.91059951728414,283.3953802789195,15.357676549733007,15.357676549733007,gmina,18,PODKARPACKIE,1812,niżański,1812073,Ulanów
niskie ryzyko,235.13431061987785,229.53079886713465,126.2405718373523,118.69469741581555,108.89373878252552,110.83610145131904,gmina,18,PODKARPACKIE,1813,przemyski,1813013,Bircza
wysokie ryzyko,111.59815834029354,127.9482807489846,81.68810102642394,98.038223435115,29.9100573138696,29.910057313869604,gmina,18,PODKARPACKIE,1813,przemyski,1813013,Bircza
niskie ryzyko,981.7861984266596,959.8599146014624,825.9971217832838,805.0670530455756,155.7890766433758,154.7928615558868,gmina,18,PODKARPACKIE,1813,przemyski,1813023,Dubiecko
wysokie ryzyko,813.9381798668103,809.7032225982196,672.2935245479387,667.1929400268199,141.64465531887163,142.51028257139964,gmina,18,PODKARPACKIE,1813,przemyski,1813023,Dubiecko
niskie ryzyko,131.1073897767401,155.03356739838867,30.10402308161062,31.144508572332544,101.00336669512949,123.88905882605611,gmina,18,PODKARPACKIE,1813,przemyski,1813032,Fredropol
wysokie ryzyko,15.256299159828767,14.625322766569203,10.415890790736508,9.84990573644629,4.840408369092259,4.775417030122915,gmina,18,PODKARPACKIE,1813,przemyski,1813032,Fredropol
niskie ryzyko,390.06580356599704,355.73908116017975,240.1366389928588,207.51180881868035,149.9291645731382,148.2272723414994,gmina,18,PODKARPACKIE,1813,przemyski,1813042,Krasiczyn
wysokie ryzyko,316.7013118831501,307.94081296015815,202.6963202208912,192.7017591423049,114.0049916622589,115.23905381785328,gmina,18,PODKARPACKIE,1813,przemyski,1813042,Krasiczyn
niskie ryzyko,592.0199227500984,591.6720953954969,373.0685075955837,375.9248574993264,218.9514151545147,215.74723789617053,gmina,18,PODKARPACKIE,1813,przemyski,1813052,Krzywcza
wysokie ryzyko,544.5740582128624,553.7029084937549,364.4334619011467,369.38840900749415,180.14059631171568,184.31449948626084,gmina,18,PODKARPACKIE,1813,przemyski,1813052,Krzywcza
niskie ryzyko,1703.374212448753,1684.0099402909786,1290.3933499697418,1268.2140125839885,412.9808624790113,415.7959277069901,gmina,18,PODKARPACKIE,1813,przemyski,1813062,Medyka
wysokie ryzyko,2147.853105936545,2160.652343253728,1670.1190754487473,1658.0247276540863,477.7340304877977,502.6276155996416,gmina,18,PODKARPACKIE,1813,przemyski,1813062,Medyka
niskie ryzyko,33.44018188947472,29.80310386103023,33.44018188947472,29.80310386103023,0.0,0.0,gmina,18,PODKARPACKIE,1813,przemyski,1813072,Orły
wysokie ryzyko,13.100160816542372,16.154421362980138,13.100160816542372,16.154421362980138,0.0,0.0,gmina,18,PODKARPACKIE,1813,przemyski,1813072,Orły
niskie ryzyko,986.316703441006,1055.3882118157585,96.89672262303972,96.8859301804336,889.4199808179663,958.502281635325,gmina,18,PODKARPACKIE,1813,przemyski,1813082,Przemyśl
wysokie ryzyko,949.0359576720956,940.6323130423876,67.42196775445754,67.15271740805919,881.6139899176379,873.4795956343283,gmina,18,PODKARPACKIE,1813,przemyski,1813082,Przemyśl
niskie ryzyko,1052.9336643123995,1038.0982476640772,660.1182274123228,642.5797883012044,392.8154369000767,395.5184593628729,gmina,18,PODKARPACKIE,1813,przemyski,1813092,Stubno
wysokie ryzyko,1421.6304013080285,1391.7837592949809,1016.690616679766,988.0741812860174,404.9397846282624,403.70957800896326,gmina,18,PODKARPACKIE,1813,przemyski,1813092,Stubno
niskie ryzyko,1435.952711319636,1428.136898608671,1081.3773067915618,1093.6739595660003,354.57540452807444,334.46293904267037,gmina,18,PODKARPACKIE,1813,przemyski,1813102,Żurawica
wysokie ryzyko,1113.4293432821753,1090.699880050241,971.5447083182798,962.3870042366476,141.88463496389537,128.3128758135934,gmina,18,PODKARPACKIE,1813,przemyski,1813102,Żurawica
niskie ryzyko,3.027857785730837,3.027857785730836,3.027857785730837,3.027857785730836,0.0,0.0,gmina,18,PODKARPACKIE,1814,przeworski,1814043,Jawornik Polski
niskie ryzyko,23.740615753219448,23.740615753219448,23.383893393348178,23.383893393348178,0.3567223598712747,0.3567223598712749,gmina,18,PODKARPACKIE,1814,przeworski,1814053,Kańczuga
niskie ryzyko,835.4467000594461,695.5436565242453,827.02629108216,691.477226921823,8.420408977286012,4.066429602422338,gmina,18,PODKARPACKIE,1814,przeworski,1814011,Przeworsk
niskie ryzyko,374.5449098763537,371.183235381872,137.36358009730787,131.63333670084012,237.18132977904585,239.5498986810319,gmina,18,PODKARPACKIE,1814,przeworski,1814062,Przeworsk
wysokie ryzyko,924.0490594957928,989.5335594499178,902.9209182062344,966.4774301943536,21.128141289558293,23.05612925556415,gmina,18,PODKARPACKIE,1814,przeworski,1814011,Przeworsk
wysokie ryzyko,146.00620639044232,140.67370461014156,105.4949585389925,101.5436922752296,40.5112478514498,39.13001233491194,gmina,18,PODKARPACKIE,1814,przeworski,1814062,Przeworsk
niskie ryzyko,457.4740481879664,440.0232658457896,339.48840982095453,318.2732877727564,117.98563836701187,121.7499780730332,gmina,18,PODKARPACKIE,1814,przeworski,1814073,Sieniawa
wysokie ryzyko,867.0312376332089,838.1489957590095,779.2844811177929,754.4610194440254,87.74675651541602,83.68797631498411,gmina,18,PODKARPACKIE,1814,przeworski,1814073,Sieniawa
niskie ryzyko,1446.9106000997135,1387.5829514617153,87.95503140855725,87.91174935956728,1358.9555686911565,1299.671202102148,gmina,18,PODKARPACKIE,1814,przeworski,1814082,Tryńcza
wysokie ryzyko,1290.9103538913762,1408.1262098661362,56.74653395651788,56.631909013472715,1234.1638199348583,1351.4943008526634,gmina,18,PODKARPACKIE,1814,przeworski,1814082,Tryńcza
niskie ryzyko,154.70291631578618,138.25135517025274,154.70291631578618,138.25135517025274,0.0,0.0,gmina,18,PODKARPACKIE,1814,przeworski,1814092,Zarzecze
wysokie ryzyko,14.865425241789689,12.763823791749584,14.865425241789689,12.763823791749584,0.0,0.0,gmina,18,PODKARPACKIE,1814,przeworski,1814092,Zarzecze
niskie ryzyko,424.8997225072107,414.26680952084274,423.1182109049197,412.4852979185517,1.7815116022910855,1.7815116022910855,gmina,18,PODKARPACKIE,1815,ropczycko-sędziszowski,1815022,Ostrów
wysokie ryzyko,130.82729623060692,124.42926982701633,130.82729623060692,124.42926982701633,0.0,0.0,gmina,18,PODKARPACKIE,1815,ropczycko-sędziszowski,1815022,Ostrów
niskie ryzyko,760.36094690334,750.8584029048271,757.744892930728,748.3721978572871,2.6160539726119394,2.486205047539953,gmina,18,PODKARPACKIE,1815,ropczycko-sędziszowski,1815033,Ropczyce
wysokie ryzyko,835.7189926649105,887.9234912698273,835.7189926649105,880.2117423816724,0.0,7.711748888154919,gmina,18,PODKARPACKIE,1815,ropczycko-sędziszowski,1815033,Ropczyce
niskie ryzyko,0.1936398375065855,0.1936398375065856,0.1936398375065855,0.1936398375065856,0.0,0.0,gmina,18,PODKARPACKIE,1815,ropczycko-sędziszowski,1815043,Sędziszów Małopolski
niskie ryzyko,100.7256311064188,100.56942518328286,94.98225182881237,94.8260459056764,5.7433792776064445,5.7433792776064445,gmina,18,PODKARPACKIE,1815,ropczycko-sędziszowski,1815052,Wielopole Skrzyńskie
wysokie ryzyko,9.417944379024204,9.250014281799247,9.417944379024204,9.250014281799247,0.0,0.0,gmina,18,PODKARPACKIE,1815,ropczycko-sędziszowski,1815052,Wielopole Skrzyńskie
niskie ryzyko,67.7547810600348,65.70177611952363,42.05324975575253,41.2701878920701,25.701531304282273,24.431588227453524,gmina,18,PODKARPACKIE,1816,rzeszowski,1816033,Boguchwała
wysokie ryzyko,5.2747359020451,5.2747359020451,5.2747359020451,5.2747359020451,0.0,0.0,gmina,18,PODKARPACKIE,1816,rzeszowski,1816033,Boguchwała
niskie ryzyko,24.816236356046712,24.809850637445972,16.208154873902913,16.201769155302173,8.608081482143797,8.608081482143797,gmina,18,PODKARPACKIE,1816,rzeszowski,1816023,Błażowa
niskie ryzyko,514.3839555215459,531.6934465883744,488.76433195249047,506.4644062174677,25.619623569055346,25.22904037090665,gmina,18,PODKARPACKIE,1816,rzeszowski,1816011,Dynów
niskie ryzyko,649.5125851273792,656.522687164982,633.5070864467037,640.5171884843065,16.00549868067552,16.00549868067552,gmina,18,PODKARPACKIE,1816,rzeszowski,1816052,Dynów
wysokie ryzyko,561.887194829103,564.2459862312335,547.9983233652227,554.2021807270911,13.88887146388025,10.043805504142371,gmina,18,PODKARPACKIE,1816,rzeszowski,1816011,Dynów
wysokie ryzyko,384.8251557343573,379.374651908842,377.8690211547623,372.41851732924704,6.956134579594972,6.9561345795949725,gmina,18,PODKARPACKIE,1816,rzeszowski,1816052,Dynów
niskie ryzyko,26.30523391562207,38.71410156647181,13.6570239790635,13.6570239790635,12.64820993655857,25.05707758740831,gmina,18,PODKARPACKIE,1816,rzeszowski,1816063,Głogów Małopolski
niskie ryzyko,24.45423589434784,23.128186446099555,24.45423589434784,23.128186446099555,0.0,0.0,gmina,18,PODKARPACKIE,1816,rzeszowski,1816102,Lubenia
wysokie ryzyko,0.5260013749518615,9.554644977170186,0.5260013749518615,9.554644977170186,0.0,0.0,gmina,18,PODKARPACKIE,1816,rzeszowski,1816102,Lubenia
niskie ryzyko,275.09567655877396,271.91566038403425,218.46455691324,215.28454073850023,56.63111964553398,56.63111964553398,gmina,18,PODKARPACKIE,1816,rzeszowski,1816113,Sokołów Małopolski
wysokie ryzyko,109.34294967676765,109.34294967676765,52.07139624657395,52.07139624657395,57.27155343019368,57.27155343019368,gmina,18,PODKARPACKIE,1816,rzeszowski,1816113,Sokołów Małopolski
niskie ryzyko,1396.9290615758716,1289.450479602404,1136.9407042066146,1026.4865588926891,259.98835736925713,262.9639207097149,gmina,18,PODKARPACKIE,1816,rzeszowski,1816132,Trzebownisko
wysokie ryzyko,956.2618322208306,908.5220977206568,910.4867702632162,864.7297329523713,45.77506195761444,43.7923647682855,gmina,18,PODKARPACKIE,1816,rzeszowski,1816132,Trzebownisko
niskie ryzyko,11.756075617322962,11.5197453116312,3.6357380897768303,3.3994077840850707,8.12033752754613,8.12033752754613,gmina,18,PODKARPACKIE,1816,rzeszowski,1816143,Tyczyn
wysokie ryzyko,16.294389488693668,15.34789241527235,5.233489931869905,5.233489931869905,11.06089955682376,10.114402483402444,gmina,18,PODKARPACKIE,1816,rzeszowski,1816143,Tyczyn
niskie ryzyko,1.1344839656949222,1.1344839656949222,1.1344839656949222,1.1344839656949222,0.0,0.0,gmina,18,PODKARPACKIE,1816,rzeszowski,1816122,Świlcza
niskie ryzyko,605.6718131550972,757.0646148410356,567.0121006756343,719.1046363073943,38.65971247946281,37.95997853364119,gmina,18,PODKARPACKIE,1817,sanocki,1817022,Besko
wysokie ryzyko,1563.988651729078,1516.197025437116,1510.1471841473335,1467.963616471238,53.841467581744624,48.23340896587827,gmina,18,PODKARPACKIE,1817,sanocki,1817022,Besko
niskie ryzyko,14.99017083796936,14.99017083796936,14.99017083796936,14.99017083796936,0.0,0.0,gmina,18,PODKARPACKIE,1817,sanocki,1817032,Bukowsko
wysokie ryzyko,9.05723698009846,9.057236980098455,0.0,0.0,9.05723698009846,9.057236980098455,gmina,18,PODKARPACKIE,1817,sanocki,1817032,Bukowsko
niskie ryzyko,174.04325064936765,170.86594857136083,101.7842012380484,99.02032245909908,72.25904941131927,71.84562611226181,gmina,18,PODKARPACKIE,1817,sanocki,1817042,Komańcza
wysokie ryzyko,72.9014734439198,72.75899562485566,60.6683150663996,60.52583724733547,12.233158377520194,12.233158377520196,gmina,18,PODKARPACKIE,1817,sanocki,1817042,Komańcza
niskie ryzyko,5981.345217747846,5870.336930770993,5785.479604035547,5676.180958239777,195.86561371229817,194.1559725312155,gmina,18,PODKARPACKIE,1817,sanocki,1817011,Sanok
niskie ryzyko,1163.1533574662053,1121.103426285356,887.1500885267039,847.777911020559,276.0032689395016,273.3255152647971,gmina,18,PODKARPACKIE,1817,sanocki,1817052,Sanok
wysokie ryzyko,17185.698845403655,17579.05258577725,17167.0889632915,17565.051470564293,18.60988211215283,14.001115212956698,gmina,18,PODKARPACKIE,1817,sanocki,1817011,Sanok
wysokie ryzyko,799.8324296615576,834.8576761813736,635.4493092911123,663.0613373392395,164.38312037044534,171.7963388421341,gmina,18,PODKARPACKIE,1817,sanocki,1817052,Sanok
niskie ryzyko,60.11060934414765,59.55476531647131,52.74778771902935,52.19194369135299,7.362821625118309,7.362821625118311,gmina,18,PODKARPACKIE,1817,sanocki,1817062,Tyrawa Wołoska
wysokie ryzyko,20.93808828115541,20.471311158957977,20.93808828115541,20.471311158957977,0.0,0.0,gmina,18,PODKARPACKIE,1817,sanocki,1817062,Tyrawa Wołoska
niskie ryzyko,447.3262010744246,429.9033725515035,331.14799343494525,313.6760205117698,116.17820763947935,116.22735203973365,gmina,18,PODKARPACKIE,1817,sanocki,1817073,Zagórz
wysokie ryzyko,776.2297069774601,747.1789745177258,580.1808249805013,551.6551111345094,196.0488819969588,195.5238633832164,gmina,18,PODKARPACKIE,1817,sanocki,1817073,Zagórz
niskie ryzyko,689.7156221727134,671.1303725737043,653.1764526716711,628.2817337865181,36.53916950104243,42.848638787186125,gmina,18,PODKARPACKIE,1817,sanocki,1817082,Zarszyn
wysokie ryzyko,673.3936838349397,674.2325327808924,673.3936838349397,674.2325327808924,0.0,0.0,gmina,18,PODKARPACKIE,1817,sanocki,1817082,Zarszyn
niskie ryzyko,1845.0545431427204,1826.9725170618829,616.8094087502534,601.7123412777762,1228.245134392467,1225.2601757841069,gmina,18,PODKARPACKIE,1818,stalowowolski,1818032,Pysznica
wysokie ryzyko,2760.4367826671614,2743.6932961266057,1192.0710929335717,1175.0354694398222,1568.3656897335898,1568.6578266867828,gmina,18,PODKARPACKIE,1818,stalowowolski,1818032,Pysznica
niskie ryzyko,2989.2404155326685,2978.0413645916447,1965.1444399464835,1956.858059390788,1024.095975586185,1021.1833052008564,gmina,18,PODKARPACKIE,1818,stalowowolski,1818042,Radomyśl nad Sanem
wysokie ryzyko,3989.572866175358,4004.7365171716974,2985.988481193302,2992.7898675119586,1003.5843849820558,1011.946649659738,gmina,18,PODKARPACKIE,1818,stalowowolski,1818042,Radomyśl nad Sanem
niskie ryzyko,1603.1542674453283,1417.2663057012496,1322.100982364408,1132.725133355534,281.0532850809207,284.5411723457159,gmina,18,PODKARPACKIE,1818,stalowowolski,1818011,Stalowa Wola
wysokie ryzyko,3744.3174057085807,4075.1920788693383,3174.739657404749,3473.700632577085,569.5777483038319,601.4914462922535,gmina,18,PODKARPACKIE,1818,stalowowolski,1818011,Stalowa Wola
niskie ryzyko,1.2599525418359598,1.2599525418359598,0.1503418279244187,0.1503418279244187,1.1096107139115412,1.1096107139115412,gmina,18,PODKARPACKIE,1818,stalowowolski,1818053,Zaklików
niskie ryzyko,4239.034504540304,4160.559704628728,3049.336090781316,2990.7642843105436,1189.698413758988,1169.7954203181844,gmina,18,PODKARPACKIE,1818,stalowowolski,1818062,Zaleszany
wysokie ryzyko,5036.654034608269,5082.826932403782,3837.7181459007606,3776.1624421220263,1198.9358887075082,1306.6644902817557,gmina,18,PODKARPACKIE,1818,stalowowolski,1818062,Zaleszany
niskie ryzyko,342.8668865167031,321.3585878114336,310.587256085846,294.68203105769373,32.27963043085717,26.67655675373986,gmina,18,PODKARPACKIE,1819,strzyżowski,1819012,Czudec
wysokie ryzyko,133.74776322789646,137.11077309052894,108.96926684717477,112.33227670980725,24.778496380721684,24.778496380721684,gmina,18,PODKARPACKIE,1819,strzyżowski,1819012,Czudec
niskie ryzyko,105.29034090045288,99.46786815248292,84.08357021563226,78.31010628580604,21.2067706848206,21.15776186667687,gmina,18,PODKARPACKIE,1819,strzyżowski,1819022,Frysztak
wysokie ryzyko,89.59090633694753,64.40485812481252,85.44351898367225,60.25747077153724,4.147387353275275,4.147387353275274,gmina,18,PODKARPACKIE,1819,strzyżowski,1819022,Frysztak
niskie ryzyko,227.91114664254087,222.474102578568,219.30710393139776,213.8700598674249,8.604042711143123,8.604042711143123,gmina,18,PODKARPACKIE,1819,strzyżowski,1819032,Niebylec
wysokie ryzyko,79.68978932728135,72.06203218512232,79.68978932728135,72.06203218512232,0.0,0.0,gmina,18,PODKARPACKIE,1819,strzyżowski,1819032,Niebylec
niskie ryzyko,1407.4318111331072,1349.5471568759883,1300.6470923029642,1245.233607343125,106.78471883014316,104.31354953286376,gmina,18,PODKARPACKIE,1819,strzyżowski,1819043,Strzyżów
wysokie ryzyko,968.7954872879154,999.9339660308268,870.9012440153135,907.4049303485432,97.89424327260194,92.52903568228386,gmina,18,PODKARPACKIE,1819,strzyżowski,1819043,Strzyżów
niskie ryzyko,82.14495232405092,77.53477252294853,68.45348194625188,63.843302145149494,13.691470377799028,13.691470377799028,gmina,18,PODKARPACKIE,1819,strzyżowski,1819052,Wiśniowa
wysokie ryzyko,32.679672317988896,32.679672317988896,32.679672317988896,32.679672317988896,0.0,0.0,gmina,18,PODKARPACKIE,1819,strzyżowski,1819052,Wiśniowa
niskie ryzyko,4344.5572607421345,4485.367517655983,2244.187368581256,2257.791202203315,2100.3698921608784,2227.576315452667,gmina,18,PODKARPACKIE,1820,tarnobrzeski,1820013,Baranów Sandomierski
wysokie ryzyko,6224.466623051651,6071.232806912004,4157.61343913466,4064.771866965413,2066.8531839169914,2006.460939946591,gmina,18,PODKARPACKIE,1820,tarnobrzeski,1820013,Baranów Sandomierski
niskie ryzyko,4995.94396350427,5042.42592709385,3043.461571827894,3185.155567064161,1952.482391676376,1857.2703600296893,gmina,18,PODKARPACKIE,1820,tarnobrzeski,1820022,Gorzyce
wysokie ryzyko,7956.013854404297,7917.046057588351,5128.98908941427,4966.771760406013,2827.0247649900257,2950.274297182338,gmina,18,PODKARPACKIE,1820,tarnobrzeski,1820022,Gorzyce
niskie ryzyko,1799.7890704846625,1845.8559833988552,637.4961179275797,685.7542520609994,1162.292952557083,1160.101731337856,gmina,18,PODKARPACKIE,1820,tarnobrzeski,1820032,Grębów
wysokie ryzyko,2125.6406744664655,2083.3639649147835,1008.263700013262,963.5926022587892,1117.3769744532028,1119.771362655994,gmina,18,PODKARPACKIE,1820,tarnobrzeski,1820032,Grębów
niskie ryzyko,1534.1107721612868,1469.0631820102356,763.3172455139953,741.0775561573345,770.7935266472913,727.9856258529011,gmina,18,PODKARPACKIE,1820,tarnobrzeski,1820043,Nowa Dęba
wysokie ryzyko,2298.4181510549665,2212.3074895181107,1421.3765311996538,1393.948354293703,877.0416198553124,818.3591352244073,gmina,18,PODKARPACKIE,1820,tarnobrzeski,1820043,Nowa Dęba
niskie ryzyko,795.9959714371311,747.6351543191831,742.5291533355025,691.2474977797328,53.466818101628405,56.387656539450255,gmina,18,PODKARPACKIE,1810,łańcucki,1810022,Białobrzegi
wysokie ryzyko,505.91439472166377,544.9684105166986,465.6881488199259,504.7421646149608,40.2262459017379,40.2262459017379,gmina,18,PODKARPACKIE,1810,łańcucki,1810022,Białobrzegi
niskie ryzyko,622.8635468356429,614.5064407001664,190.1445968664582,183.8758253437536,432.7189499691847,430.6306153564128,gmina,18,PODKARPACKIE,1810,łańcucki,1810032,Czarna
wysokie ryzyko,469.5629859530833,463.5996265579667,61.5594395282334,58.192913984363344,408.0035464248499,405.40671257360344,gmina,18,PODKARPACKIE,1810,łańcucki,1810032,Czarna
niskie ryzyko,468.90653258688,454.79627317758735,299.19507608269737,286.77255991323227,169.7114565041826,168.02371326435508,gmina,18,PODKARPACKIE,1810,łańcucki,1810042,Łańcut
niskie ryzyko,129.51697695030526,127.00143864269344,73.63943402452054,71.12389571690872,55.87754292578473,55.87754292578472,gmina,18,PODKARPACKIE,1810,łańcucki,1810011,Łańcut
wysokie ryzyko,146.29120648168043,142.48277574972758,133.3737358674332,129.56530513548034,12.917470614247222,12.917470614247222,gmina,18,PODKARPACKIE,1810,łańcucki,1810042,Łańcut
wysokie ryzyko,97.57207073795009,97.55272692942344,67.74704866164933,67.73747953772062,29.825022076300748,29.815247391702812,gmina,18,PODKARPACKIE,1810,łańcucki,1810011,Łańcut
niskie ryzyko,15.69473030324791,15.694365123822166,11.057783499710345,11.0574183202846,4.636946803537568,4.636946803537568,gmina,18,PODKARPACKIE,1810,łańcucki,1810072,Żołynia
niskie ryzyko,19.119488825074463,4.813694768718825,19.119488825074463,4.813694768718825,0.0,0.0,gmina,20,PODLASKIE,2063,Suwałki,2063011,Suwałki
niskie ryzyko,43.48002271883618,40.838794498063386,38.08493539171245,36.54071359944875,5.395087327123733,4.298080898614631,gmina,20,PODLASKIE,2001,augustowski,2001011,Augustów
niskie ryzyko,17.356508378672775,16.934101522712464,0.0,0.0,17.356508378672775,16.934101522712464,gmina,20,PODLASKIE,2001,augustowski,2001022,Augustów
niskie ryzyko,8.24842718382945,8.200660851801162,8.24842718382945,8.200660851801162,0.0,0.0,gmina,20,PODLASKIE,2001,augustowski,2001032,Bargłów Kościelny
wysokie ryzyko,3.618428587209493,3.618428587209493,3.618428587209493,3.618428587209493,0.0,0.0,gmina,20,PODLASKIE,2001,augustowski,2001032,Bargłów Kościelny
niskie ryzyko,0.5169211721007017,0.5169211721007017,0.5169211721007017,0.5169211721007017,0.0,0.0,gmina,20,PODLASKIE,2001,augustowski,2001043,Lipsk
niskie ryzyko,0.566745817868674,0.566745817868674,0.566745817868674,0.566745817868674,0.0,0.0,gmina,20,PODLASKIE,2001,augustowski,2001052,Nowinka
niskie ryzyko,5.216167325307277,5.216167325307277,0.0,0.0,5.216167325307277,5.216167325307277,gmina,20,PODLASKIE,2001,augustowski,2001062,Płaska
niskie ryzyko,8.071680939544494,8.071680939544493,0.2363355862474287,0.2363355862474287,7.835345353297065,7.835345353297065,gmina,20,PODLASKIE,2001,augustowski,2001072,Sztabin
niskie ryzyko,62.61067913035732,62.57924160451001,35.60570028818735,35.57426276234004,27.004978842169965,27.004978842169965,gmina,20,PODLASKIE,2002,białostocki,2002013,Choroszcz
wysokie ryzyko,17.42218288000795,17.42218288000795,1.2254747209330903,1.2254747209330903,16.19670815907486,16.19670815907486,gmina,20,PODLASKIE,2002,białostocki,2002013,Choroszcz
niskie ryzyko,2.6728370188313426,2.2448424035595114,2.6728370188313426,2.2448424035595114,0.0,0.0,gmina,20,PODLASKIE,2002,białostocki,2002032,Dobrzyniewo Duże
niskie ryzyko,17.69443732090484,16.698719862937605,4.569267782331927,4.509707523517623,13.125169538572912,12.18901233941998,gmina,20,PODLASKIE,2002,białostocki,2002042,Gródek
niskie ryzyko,4.8751636422443285,4.8751636422443285,4.8751636422443285,4.8751636422443285,0.0,0.0,gmina,20,PODLASKIE,2002,białostocki,2002052,Juchnowiec Kościelny
niskie ryzyko,10.527350411487728,10.527350411487728,4.975126753667588,4.975126753667589,5.5522236578201385,5.552223657820138,gmina,20,PODLASKIE,2002,białostocki,2002073,Michałowo
wysokie ryzyko,0.2213153237747842,0.2213153237747842,0.0,0.0,0.2213153237747842,0.2213153237747842,gmina,20,PODLASKIE,2002,białostocki,2002073,Michałowo
niskie ryzyko,4.38061902096869,3.7572328859719226,3.8887888124133463,3.265402677416579,0.4918302085553436,0.4918302085553435,gmina,20,PODLASKIE,2002,białostocki,2002093,Supraśl
niskie ryzyko,49.150704410020495,41.24705313637675,43.230284931848416,35.32663365820466,5.920419478172082,5.920419478172082,gmina,20,PODLASKIE,2002,białostocki,2002103,Suraż
niskie ryzyko,2.3295496199112917,2.3096123763737904,0.0,0.0,2.3295496199112917,2.3096123763737904,gmina,20,PODLASKIE,2002,białostocki,2002112,Turośń Kościelna
niskie ryzyko,94.71400851289816,91.80986697004144,68.92416309309576,66.02002155023902,25.789845419802404,25.789845419802404,gmina,20,PODLASKIE,2002,białostocki,2002123,Tykocin
wysokie ryzyko,12.414895108285227,12.347319007237724,9.190376475138777,9.122800374091272,3.2245186331464524,3.2245186331464524,gmina,20,PODLASKIE,2002,białostocki,2002123,Tykocin
niskie ryzyko,95.3468910289784,95.76221603533985,82.6169006284486,80.8846593722177,12.72999040052979,14.877556663122142,gmina,20,PODLASKIE,2002,białostocki,2002133,Wasilków
wysokie ryzyko,45.623041093498,47.77212809005803,45.13500757140864,37.90700911331013,0.4880335220893637,9.865118976747908,gmina,20,PODLASKIE,2002,białostocki,2002133,Wasilków
niskie ryzyko,0.8894766256576804,0.8894766256576803,0.3939589831605885,0.3939589831605884,0.4955176424970918,0.4955176424970918,gmina,20,PODLASKIE,2002,białostocki,2002143,Zabłudów
niskie ryzyko,35.452809608508076,35.45280960850807,21.273375825553536,21.273375825553533,14.17943378295454,14.179433782954538,gmina,20,PODLASKIE,2002,białostocki,2002152,Zawady
wysokie ryzyko,16.769392951335263,16.769392951335263,8.481441986495073,8.481441986495073,8.287950964840189,8.287950964840189,gmina,20,PODLASKIE,2002,białostocki,2002152,Zawady
niskie ryzyko,220.7397155888903,211.3018720538985,204.01964197465156,194.5817984396598,16.720073614238714,16.720073614238714,gmina,20,PODLASKIE,2002,białostocki,2002063,Łapy
wysokie ryzyko,152.13528584164223,143.11562125880354,137.97133620672813,128.95167162388944,14.163949634914092,14.163949634914092,gmina,20,PODLASKIE,2002,białostocki,2002063,Łapy
niskie ryzyko,34.0050579578197,27.098604982380923,29.809117468445308,22.90266449300653,4.1959404893743955,4.1959404893743955,gmina,20,PODLASKIE,2003,bielski,2003042,Boćki
wysokie ryzyko,3.1144301448584537,3.1144301448584533,0.0,0.0,3.1144301448584537,3.1144301448584533,gmina,20,PODLASKIE,2003,bielski,2003042,Boćki
niskie ryzyko,36.703845003940984,38.47860908902061,35.803647006679455,37.57841109175908,0.9001979972615304,0.9001979972615304,gmina,20,PODLASKIE,2003,bielski,2003021,Brańsk
niskie ryzyko,30.28183607309708,30.154746916032448,0.9884981835850144,0.861409026520384,29.293337889512063,29.293337889512063,gmina,20,PODLASKIE,2003,bielski,2003052,Brańsk
wysokie ryzyko,7.148003588807777,6.1199757471366185,7.148003588807777,6.1199757471366185,0.0,0.0,gmina,20,PODLASKIE,2003,bielski,2003021,Brańsk
niskie ryzyko,1.420083184789067,1.420083184789067,0.0,0.0,1.420083184789067,1.420083184789067,gmina,20,PODLASKIE,2003,bielski,2003072,Rudka
wysokie ryzyko,2.093144328438446,2.093144328438446,0.0,0.0,2.093144328438446,2.093144328438446,gmina,20,PODLASKIE,2003,bielski,2003072,Rudka
niskie ryzyko,12.020296589613377,12.02029658961338,0.0,0.0,12.020296589613377,12.02029658961338,gmina,20,PODLASKIE,2003,bielski,2003082,Wyszki
wysokie ryzyko,3.266539052640076,3.266539052640076,0.0,0.0,3.266539052640076,3.266539052640076,gmina,20,PODLASKIE,2003,bielski,2003082,Wyszki
niskie ryzyko,28.659141483180004,27.156580862517064,22.816346379891748,21.313785759228807,5.842795103288257,5.842795103288257,gmina,20,PODLASKIE,2004,grajewski,2004022,Grajewo
wysokie ryzyko,4.763278586302218,4.472359317848775,4.763278586302218,4.472359317848775,0.0,0.0,gmina,20,PODLASKIE,2004,grajewski,2004022,Grajewo
wysokie ryzyko,13.206896551724135,14.192026576320425,0.0,0.0,13.206896551724135,14.192026576320425,gmina,20,PODLASKIE,2004,grajewski,2004032,Radziłów
niskie ryzyko,67.56795847173495,60.475867885998085,27.63562462259164,20.543534036854776,39.932333849143305,39.932333849143305,gmina,20,PODLASKIE,2004,grajewski,2004043,Rajgród
wysokie ryzyko,4.217613762124197,4.217613762124196,0.0,0.0,4.217613762124197,4.217613762124196,gmina,20,PODLASKIE,2004,grajewski,2004043,Rajgród
niskie ryzyko,5.648053822631185,5.648053822631185,5.085519918815637,5.085519918815637,0.5625339038155488,0.5625339038155487,gmina,20,PODLASKIE,2005,hajnowski,2005032,Czeremcha
niskie ryzyko,5.6885417495381265,5.6478617663013635,5.280422732358583,5.23974274912182,0.4081190171795429,0.408119017179543,gmina,20,PODLASKIE,2005,hajnowski,2005073,Kleszczele
wysokie ryzyko,4.331148799054451,4.085042456045646,4.331148799054451,4.085042456045646,0.0,0.0,gmina,20,PODLASKIE,2005,hajnowski,2005073,Kleszczele
niskie ryzyko,15.836539040004292,12.346025478505368,7.222166309985175,3.348499916051883,8.614372730019118,8.997525562453484,gmina,20,PODLASKIE,2005,hajnowski,2005082,Narew
wysokie ryzyko,1.04010010069891,1.04010010069891,0.0,0.0,1.04010010069891,1.04010010069891,gmina,20,PODLASKIE,2005,hajnowski,2005082,Narew
niskie ryzyko,13.43859588743884,13.409132779551872,0.0,0.0,13.43859588743884,13.409132779551872,gmina,20,PODLASKIE,2005,hajnowski,2005092,Narewka
niskie ryzyko,15.792035821387476,15.792035821387476,6.069063908356044,6.0690639083560445,9.722971913031431,9.722971913031431,gmina,20,PODLASKIE,2006,kolneński,2006032,Kolno
wysokie ryzyko,3.878601275725021,3.878601275725021,0.4669390578707016,0.4669390578707016,3.4116622178543192,3.4116622178543192,gmina,20,PODLASKIE,2006,kolneński,2006032,Kolno
niskie ryzyko,34.30905706318417,34.30905706318417,20.817338511588257,20.817338511588257,13.491718551595916,13.491718551595916,gmina,20,PODLASKIE,2006,kolneński,2006062,Turośl
niskie ryzyko,106.1300902693149,105.36612528035428,70.33520539219451,70.2229575714994,35.7948848771204,35.14316770885486,gmina,20,PODLASKIE,2008,moniecki,2008013,Goniądz
wysokie ryzyko,29.903374046772647,29.90171684452837,13.25285170599555,13.251194503751268,16.6505223407771,16.6505223407771,gmina,20,PODLASKIE,2008,moniecki,2008013,Goniądz
niskie ryzyko,9.45704793921077,10.561725032486216,9.055588123620405,10.16026521689585,0.4014598155903672,0.4014598155903672,gmina,20,PODLASKIE,2008,moniecki,2008032,Jaświły
niskie ryzyko,2.2031776753200156,2.2031776753200156,1.475429215185577,1.475429215185577,0.7277484601344385,0.7277484601344385,gmina,20,PODLASKIE,2008,moniecki,2008052,Krypno
niskie ryzyko,166.7171883436326,166.322986528784,4.244965440958931,4.244965440958931,162.47222290267368,162.07802108782505,gmina,20,PODLASKIE,2008,moniecki,2008072,Trzcianne
wysokie ryzyko,121.21250747754203,120.77225603917913,0.0,0.0,121.21250747754203,120.77225603917913,gmina,20,PODLASKIE,2008,moniecki,2008072,Trzcianne
niskie ryzyko,16.429785834735164,16.429785834735164,12.666666666666666,12.666666666666666,3.7631191680684983,3.7631191680684983,gmina,20,PODLASKIE,2009,sejneński,2009022,Giby
niskie ryzyko,4.9535921209607,4.953592120960701,0.0,0.0,4.9535921209607,4.953592120960701,gmina,20,PODLASKIE,2009,sejneński,2009032,Krasnopol
niskie ryzyko,3.5844150708101834,3.584415070810183,0.0,0.0,3.5844150708101834,3.584415070810183,gmina,20,PODLASKIE,2009,sejneński,2009042,Puńsk
niskie ryzyko,16.060702514523378,14.691717580871842,16.060702514523378,14.691717580871842,0.0,0.0,gmina,20,PODLASKIE,2009,sejneński,2009011,Sejny
niskie ryzyko,4.1028496004365005,4.102849600436501,2.130040272984769,2.130040272984769,1.9728093274517315,1.972809327451732,gmina,20,PODLASKIE,2009,sejneński,2009052,Sejny
niskie ryzyko,89.09303647649517,86.40539565363272,18.718772334070504,18.224159879971435,70.37426414242466,68.1812357736613,gmina,20,PODLASKIE,2010,siemiatycki,2010023,Drohiczyn
wysokie ryzyko,30.526481424348333,30.526481424348333,0.0,0.0,30.526481424348333,30.526481424348333,gmina,20,PODLASKIE,2010,siemiatycki,2010023,Drohiczyn
niskie ryzyko,64.43207764430754,62.6655767307117,38.78108013529918,37.362628730358594,25.650997509008384,25.30294800035309,gmina,20,PODLASKIE,2010,siemiatycki,2010052,Mielnik
wysokie ryzyko,25.81500192475106,25.40688925482056,12.925843533136582,12.56930084320374,12.889158391614476,12.83758841161682,gmina,20,PODLASKIE,2010,siemiatycki,2010052,Mielnik
niskie ryzyko,8.516586828330059,8.51658682833006,2.23288869342083,2.23288869342083,6.283698134909229,6.28369813490923,gmina,20,PODLASKIE,2010,siemiatycki,2010082,Perlejewo
niskie ryzyko,72.07882349409415,70.10007274452133,38.478378370227425,38.478378370227425,33.60044512386673,31.621694374293902,gmina,20,PODLASKIE,2010,siemiatycki,2010092,Siemiatycze
wysokie ryzyko,59.0081923201031,59.008192320103106,45.84548235319891,45.84548235319892,13.16270996690419,13.16270996690419,gmina,20,PODLASKIE,2010,siemiatycki,2010092,Siemiatycze
niskie ryzyko,4.7727272727272725,4.7727272727272725,4.7727272727272725,4.7727272727272725,0.0,0.0,gmina,20,PODLASKIE,2011,sokólski,2011062,Nowy Dwór
niskie ryzyko,13.408056407255426,12.961411364835314,4.96664989264145,4.52000485022134,8.441406514613977,8.441406514613975,gmina,20,PODLASKIE,2012,suwalski,2012012,Bakałarzewo
niskie ryzyko,0.1206692922293501,0.12066929222935,0.0,0.0,0.1206692922293501,0.12066929222935,gmina,20,PODLASKIE,2012,suwalski,2012022,Filipów
niskie ryzyko,0.0158885612207492,0.0079367465351892,0.0,0.0,0.0158885612207492,0.0079367465351892,gmina,20,PODLASKIE,2012,suwalski,2012032,Jeleniewo
niskie ryzyko,21.40599561054733,17.411665919979598,21.40599561054733,17.411665919979598,0.0,0.0,gmina,20,PODLASKIE,2012,suwalski,2012052,Raczki
niskie ryzyko,8.821154677954311,9.419222825993284,6.292663506572767,6.287623836046422,2.528491171381543,3.1315989899468617,gmina,20,PODLASKIE,2012,suwalski,2012072,Suwałki
niskie ryzyko,105.35373130550306,99.52010360066838,84.01921885277714,79.70760477836671,21.334512452725917,19.812498822301663,gmina,20,PODLASKIE,2013,wysokomazowiecki,2013023,Ciechanowiec
wysokie ryzyko,65.67369286003365,57.92244734404012,48.80288297613003,43.10348175481457,16.870809883903625,14.81896558922556,gmina,20,PODLASKIE,2013,wysokomazowiecki,2013023,Ciechanowiec
niskie ryzyko,106.19933214157112,99.8306617808732,28.14120829995925,22.64466017058037,78.05812384161187,77.18600161029283,gmina,20,PODLASKIE,2013,wysokomazowiecki,2013033,Czyżew
wysokie ryzyko,14.826724081339163,8.849604032205372,14.826724081339163,8.849604032205372,0.0,0.0,gmina,20,PODLASKIE,2013,wysokomazowiecki,2013033,Czyżew
niskie ryzyko,21.857884457727177,21.620734482341387,13.728604488634222,13.72860448863422,8.12927996909296,7.892129993707169,gmina,20,PODLASKIE,2013,wysokomazowiecki,2013042,Klukowo
wysokie ryzyko,11.662548542388738,11.662548542388738,0.0,0.0,11.662548542388738,11.662548542388738,gmina,20,PODLASKIE,2013,wysokomazowiecki,2013042,Klukowo
niskie ryzyko,3.17820826478001,3.1191106945301796,1.4313533895090185,1.4313533895090185,1.7468548752709918,1.6877573050211612,gmina,20,PODLASKIE,2013,wysokomazowiecki,2013082,Sokoły
niskie ryzyko,143.42108058509373,119.80613787388734,143.42108058509373,119.80613787388734,0.0,0.0,gmina,20,PODLASKIE,2013,wysokomazowiecki,2013011,Wysokie Mazowieckie
niskie ryzyko,37.88991209841901,37.88991209841901,15.463292355172593,15.463292355172593,22.42661974324642,22.42661974324642,gmina,20,PODLASKIE,2013,wysokomazowiecki,2013102,Wysokie Mazowieckie
wysokie ryzyko,19.84086656789212,6.86940928722673,19.84086656789212,6.86940928722673,0.0,0.0,gmina,20,PODLASKIE,2013,wysokomazowiecki,2013011,Wysokie Mazowieckie
wysokie ryzyko,17.55238134844155,17.552381348441546,5.231963806259482,5.231963806259482,12.320417542182067,12.320417542182064,gmina,20,PODLASKIE,2013,wysokomazowiecki,2013102,Wysokie Mazowieckie
niskie ryzyko,1.2902326552247865,1.2902326552247865,1.2902326552247865,1.2902326552247865,0.0,0.0,gmina,20,PODLASKIE,2014,zambrowski,2014042,Szumowo
niskie ryzyko,200.96802006666917,172.6835907310853,200.96802006666917,172.6835907310853,0.0,0.0,gmina,20,PODLASKIE,2062,Łomża,2062011,Łomża
wysokie ryzyko,30.004335754594507,28.06839448237207,30.004335754594507,28.06839448237207,0.0,0.0,gmina,20,PODLASKIE,2062,Łomża,2062011,Łomża
niskie ryzyko,10.02001563406693,10.02001563406693,0.0,0.0,10.02001563406693,10.02001563406693,gmina,20,PODLASKIE,2007,łomżyński,2007013,Jedwabne
wysokie ryzyko,10.572538047581295,10.572538047581295,0.0,0.0,10.572538047581295,10.572538047581295,gmina,20,PODLASKIE,2007,łomżyński,2007013,Jedwabne
niskie ryzyko,106.17571699681513,105.95560832321468,53.28202513138516,53.282025131385154,52.893691865429936,52.67358319182953,gmina,20,PODLASKIE,2007,łomżyński,2007032,Miastkowo
wysokie ryzyko,132.10032082763405,131.96517146975464,59.313170685471015,59.285394801638056,72.78715014216303,72.6797766681166,gmina,20,PODLASKIE,2007,łomżyński,2007032,Miastkowo
niskie ryzyko,153.2204962750924,152.7913292221831,91.39006406320117,90.96089701029186,61.83043221189125,61.83043221189125,gmina,20,PODLASKIE,2007,łomżyński,2007043,Nowogród
wysokie ryzyko,60.561979071940584,60.561979071940584,31.058288869434342,31.058288869434342,29.503690202506235,29.503690202506235,gmina,20,PODLASKIE,2007,łomżyński,2007043,Nowogród
niskie ryzyko,187.543963880772,181.83994718814748,142.96108416345106,137.25706747082648,44.58287971732096,44.58287971732096,gmina,20,PODLASKIE,2007,łomżyński,2007052,Piątnica
wysokie ryzyko,115.5613871828989,109.06591793188144,103.95855765076422,97.46308839974677,11.602829532134674,11.602829532134672,gmina,20,PODLASKIE,2007,łomżyński,2007052,Piątnica
niskie ryzyko,75.06359171606016,74.47007448326107,24.09054401659445,24.33678197702352,50.97304769946573,50.133292506237545,gmina,20,PODLASKIE,2007,łomżyński,2007082,Wizna
wysokie ryzyko,13.904056733863104,13.904056733863104,13.277463417505055,13.277463417505055,0.6265933163580483,0.6265933163580483,gmina,20,PODLASKIE,2007,łomżyński,2007082,Wizna
niskie ryzyko,106.35035710297667,106.24634371055716,35.22168751358974,35.11767412117024,71.12866958938693,71.12866958938693,gmina,20,PODLASKIE,2007,łomżyński,2007092,Zbójna
wysokie ryzyko,35.7772238691913,35.7772238691913,3.649280143958188,3.649280143958188,32.12794372523311,32.12794372523311,gmina,20,PODLASKIE,2007,łomżyński,2007092,Zbójna
niskie ryzyko,146.29855868554176,146.2985586855418,98.41034466682306,98.41034466682308,47.88821401871869,47.88821401871869,gmina,20,PODLASKIE,2007,łomżyński,2007022,Łomża
wysokie ryzyko,103.39519374311742,103.39519374311742,51.921948523035425,51.921948523035425,51.47324522008199,51.47324522008199,gmina,20,PODLASKIE,2007,łomżyński,2007022,Łomża
niskie ryzyko,10111.303097660955,9893.289341664566,8762.263535883914,8453.230763614027,1349.039561777042,1440.058578050539,gmina,22,POMORSKIE,2261,Gdańsk,2261011,Gdańsk
wysokie ryzyko,24831.086526227176,25133.721316431463,22543.196887471557,21963.913408155564,2287.889638755617,3169.8079082758977,gmina,22,POMORSKIE,2261,Gdańsk,2261011,Gdańsk
niskie ryzyko,110.3251413619068,94.9725842991784,108.97785036597988,93.64197967611062,1.347290995926923,1.3306046230677815,gmina,22,POMORSKIE,2262,Gdynia,2262011,Gdynia
wysokie ryzyko,722.8679391259061,739.6882074998715,722.8679391259061,739.6882074998715,0.0,0.0,gmina,22,POMORSKIE,2262,Gdynia,2262011,Gdynia
niskie ryzyko,46.60994780796423,112.16438548056988,46.60994780796423,112.16438548056988,0.0,0.0,gmina,22,POMORSKIE,2264,Sopot,2264011,Sopot
wysokie ryzyko,167.24197669045006,263.55836957497206,167.24197669045006,263.55836957497206,0.0,0.0,gmina,22,POMORSKIE,2264,Sopot,2264011,Sopot
niskie ryzyko,312.2331327599652,371.06192046502935,312.2331327599652,371.06192046502935,0.0,0.0,gmina,22,POMORSKIE,2263,Słupsk,2263011,Słupsk
wysokie ryzyko,398.0759700895314,525.158801515893,398.0759700895314,525.158801515893,0.0,0.0,gmina,22,POMORSKIE,2263,Słupsk,2263011,Słupsk
niskie ryzyko,3.6520176675976495,3.6520176675976495,3.6520176675976495,3.6520176675976495,0.0,0.0,gmina,22,POMORSKIE,2201,bytowski,2201032,Czarna Dąbrówka
niskie ryzyko,4.966717437796672,4.304234264518658,0.0,0.0,4.966717437796672,4.304234264518658,gmina,22,POMORSKIE,2201,bytowski,2201042,Kołczygłowy
niskie ryzyko,17.09542534680327,17.095425346803268,0.0,0.0,17.09542534680327,17.095425346803268,gmina,22,POMORSKIE,2201,bytowski,2201063,Miastko
niskie ryzyko,11.501914571120215,12.93468653956426,10.501914571120215,11.93468653956426,1.0,1.0,gmina,22,POMORSKIE,2201,bytowski,2201102,Tuchomie
niskie ryzyko,5.943337755812401,5.9203580535878615,0.1019610917996603,0.1000462068765487,5.84137666401274,5.820311846711313,gmina,22,POMORSKIE,2202,chojnicki,2202023,Brusy
niskie ryzyko,37.658729582371464,30.838519438636528,20.454055482351876,15.050546052921096,17.204674100019584,15.787973385715429,gmina,22,POMORSKIE,2202,chojnicki,2202032,Chojnice
wysokie ryzyko,2.5780024766274794,2.5780024766274794,0.0,0.0,2.5780024766274794,2.5780024766274794,gmina,22,POMORSKIE,2202,chojnicki,2202032,Chojnice
niskie ryzyko,11.822960668214062,11.711806159172385,11.822960668214062,11.711806159172385,0.0,0.0,gmina,22,POMORSKIE,2202,chojnicki,2202043,Czersk
wysokie ryzyko,8.704063347397273,8.704063347397273,8.704063347397273,8.704063347397273,0.0,0.0,gmina,22,POMORSKIE,2202,chojnicki,2202043,Czersk
niskie ryzyko,4.564663292822577,4.564663292822577,0.0,0.0,4.564663292822577,4.564663292822577,gmina,22,POMORSKIE,2203,człuchowski,2203032,Człuchów
niskie ryzyko,12.994973739457324,11.346898440623852,0.0,0.0,12.994973739457324,11.346898440623852,gmina,22,POMORSKIE,2203,człuchowski,2203062,Przechlewo
niskie ryzyko,3154.510570754744,3085.0441913996765,2911.206986480546,2842.0088494832157,243.30358427419787,243.03534191646077,gmina,22,POMORSKIE,2204,gdański,2204022,Cedry Wielkie
wysokie ryzyko,3452.9807329325913,3544.2358509107667,3283.342940570735,3369.8951671404684,169.63779236185613,174.34068377029797,gmina,22,POMORSKIE,2204,gdański,2204022,Cedry Wielkie
niskie ryzyko,5.997483972780584,89.949914651545,5.349351165595066,89.30178184435948,0.648132807185518,0.6481328071855179,gmina,22,POMORSKIE,2204,gdański,2204032,Kolbudy
niskie ryzyko,2327.6220270430645,2132.430967018308,2257.799331850274,2073.64332407541,69.82269519279019,58.78764294289836,gmina,22,POMORSKIE,2204,gdański,2204011,Pruszcz Gdański
niskie ryzyko,3318.7799149803946,3389.6164580221484,2084.703510881993,2129.973614038657,1234.0764040984018,1259.6428439834908,gmina,22,POMORSKIE,2204,gdański,2204042,Pruszcz Gdański
wysokie ryzyko,4774.378183419635,4905.37442464353,4277.525270511547,4427.982435180206,496.8529129080888,477.3919894633244,gmina,22,POMORSKIE,2204,gdański,2204011,Pruszcz Gdański
wysokie ryzyko,3455.6126599335093,3376.093717871947,2388.1817447833223,2327.736177265295,1067.4309151501873,1048.357540606652,gmina,22,POMORSKIE,2204,gdański,2204042,Pruszcz Gdański
niskie ryzyko,0.0,0.3239092840494734,0.0,0.0,0.0,0.3239092840494734,gmina,22,POMORSKIE,2204,gdański,2204052,Przywidz
niskie ryzyko,46.42439057526934,45.069382395790825,9.374303216551848,8.01929503707333,37.0500873587175,37.0500873587175,gmina,22,POMORSKIE,2204,gdański,2204062,Pszczółki
wysokie ryzyko,117.38543637296208,102.92011634089748,82.5019063394937,68.03658630742909,34.88353003346838,34.88353003346838,gmina,22,POMORSKIE,2204,gdański,2204062,Pszczółki
niskie ryzyko,1701.9652987796442,1731.2226976835072,1339.7359567747983,1372.985355779061,362.22934200484553,358.23734190444645,gmina,22,POMORSKIE,2204,gdański,2204072,Suchy Dąb
wysokie ryzyko,1749.7372931108907,1789.932163327394,1351.5478357946536,1411.8152218082623,398.1894573162372,378.1169415191316,gmina,22,POMORSKIE,2204,gdański,2204072,Suchy Dąb
niskie ryzyko,8.509596211068152,6.666633872674783,5.253792865394857,3.4047760822582784,3.255803345673295,3.2618577904165043,gmina,22,POMORSKIE,2205,kartuski,2205012,Chmielno
niskie ryzyko,20.186516159904997,19.855229336843024,13.252997037027216,12.92171021396524,6.933519122877782,6.933519122877783,gmina,22,POMORSKIE,2205,kartuski,2205023,Kartuzy
wysokie ryzyko,0.5627959752060692,0.562795975206069,0.5627959752060692,0.562795975206069,0.0,0.0,gmina,22,POMORSKIE,2205,kartuski,2205023,Kartuzy
niskie ryzyko,5.4356850511646275,11.729830503763573,0.4819767146707012,7.971871611802338,4.953708336493926,3.757958891961234,gmina,22,POMORSKIE,2205,kartuski,2205052,Somonino
wysokie ryzyko,1.025673208857949,0.913554029628874,1.025673208857949,0.913554029628874,0.0,0.0,gmina,22,POMORSKIE,2205,kartuski,2205052,Somonino
niskie ryzyko,3.2144334633029263,3.2144334633029263,0.0,0.0,3.2144334633029263,3.2144334633029263,gmina,22,POMORSKIE,2205,kartuski,2205062,Stężyca
wysokie ryzyko,3.9838149253179944,3.9838149253179944,0.0,0.0,3.9838149253179944,3.9838149253179944,gmina,22,POMORSKIE,2205,kartuski,2205062,Stężyca
niskie ryzyko,15.914610695395169,31.9399134361313,11.785487521719409,27.81079026245554,4.129123173675758,4.129123173675758,gmina,22,POMORSKIE,2205,kartuski,2205083,Żukowo
niskie ryzyko,0.1771474709040574,0.1771474709040574,0.0,0.0,0.1771474709040574,0.1771474709040574,gmina,22,POMORSKIE,2206,kościerski,2206022,Dziemiany
niskie ryzyko,5.536567777453583,5.522583908565105,0.0,0.0,5.536567777453583,5.522583908565105,gmina,22,POMORSKIE,2206,kościerski,2206032,Karsin
niskie ryzyko,8.827686825299523,8.827686825299523,0.0,0.0,8.827686825299523,8.827686825299523,gmina,22,POMORSKIE,2206,kościerski,2206042,Kościerzyna
niskie ryzyko,7.72947151433242,6.096645557620253,3.9437572286181353,2.3109312719059676,3.7857142857142856,3.7857142857142856,gmina,22,POMORSKIE,2206,kościerski,2206062,Lipusz
niskie ryzyko,9.03076923076923,9.03076923076923,0.0,0.0,9.03076923076923,9.03076923076923,gmina,22,POMORSKIE,2206,kościerski,2206072,Nowa Karczma
wysokie ryzyko,0.4492657313203733,0.4492657313203733,0.0,0.0,0.4492657313203733,0.4492657313203733,gmina,22,POMORSKIE,2206,kościerski,2206072,Nowa Karczma
niskie ryzyko,0.7946130481404925,0.7946130481404925,0.0,0.0,0.7946130481404925,0.7946130481404925,gmina,22,POMORSKIE,2206,kościerski,2206082,Stara Kiszewa
niskie ryzyko,34.00439323281339,41.82996740062574,19.91216217477547,26.20723688032736,14.092231058037914,15.622730520298385,gmina,22,POMORSKIE,2207,kwidzyński,2207011,Kwidzyn
niskie ryzyko,2582.669742886913,2437.4260784335434,1165.4079887934636,1081.8912416517162,1417.2617540934496,1355.534836781827,gmina,22,POMORSKIE,2207,kwidzyński,2207032,Kwidzyn
wysokie ryzyko,287.229314237651,277.8936282251606,222.01765711143764,205.9752476679853,65.21165712621332,71.91838055717535,gmina,22,POMORSKIE,2207,kwidzyński,2207011,Kwidzyn
wysokie ryzyko,2117.3271201308107,2238.311210389274,1119.1583491865176,1162.2475093415444,998.168770944293,1076.0637010477294,gmina,22,POMORSKIE,2207,kwidzyński,2207032,Kwidzyn
niskie ryzyko,48.872308052450656,49.0787622497567,48.872308052450656,47.24983342207822,0.0,1.8289288276784836,gmina,22,POMORSKIE,2207,kwidzyński,2207043,Prabuty
niskie ryzyko,617.0257220257088,615.9599295722903,219.46738604163875,219.29054483320303,397.5583359840701,396.6693847390872,gmina,22,POMORSKIE,2207,kwidzyński,2207052,Ryjewo
wysokie ryzyko,385.8009401093526,386.9590485884725,121.96995299956777,122.23911023370464,263.83098710978487,264.71993835476786,gmina,22,POMORSKIE,2207,kwidzyński,2207052,Ryjewo
niskie ryzyko,1782.453427691008,1764.6800395265825,1199.1354249743745,1180.7251451131528,583.3180027166336,583.9548944134297,gmina,22,POMORSKIE,2207,kwidzyński,2207062,Sadlinki
wysokie ryzyko,1067.8652192581844,1084.5670806558023,671.7784913590473,686.1849800056586,396.0867278991371,398.38210065014374,gmina,22,POMORSKIE,2207,kwidzyński,2207062,Sadlinki
niskie ryzyko,20.194931678785956,15.859017548572702,20.194931678785956,15.859017548572702,0.0,0.0,gmina,22,POMORSKIE,2208,lęborski,2208011,Lębork
wysokie ryzyko,62.59526178928995,61.547699974238554,62.59526178928995,61.547699974238554,0.0,0.0,gmina,22,POMORSKIE,2208,lęborski,2208011,Lębork
niskie ryzyko,24.691816032083317,24.22315367109652,13.157120188710934,12.713942923792244,11.534695843372385,11.509210747304278,gmina,22,POMORSKIE,2208,lęborski,2208042,Nowa Wieś Lęborska
niskie ryzyko,18.5060504915997,17.302884093237083,0.0,0.0,18.5060504915997,17.302884093237083,gmina,22,POMORSKIE,2208,lęborski,2208052,Wicko
wysokie ryzyko,4.367777413165098,7.953500466161487,0.0,0.0,4.367777413165098,7.953500466161487,gmina,22,POMORSKIE,2208,lęborski,2208052,Wicko
niskie ryzyko,64.24517298000569,32.33110374495678,44.36860627975848,15.845913442842038,19.876566700247217,16.485190302114738,gmina,22,POMORSKIE,2208,lęborski,2208021,Łeba
wysokie ryzyko,306.53519874172736,397.09776124264016,302.8781400988404,393.4147403558932,3.657058642886985,3.6830208867469216,gmina,22,POMORSKIE,2208,lęborski,2208021,Łeba
niskie ryzyko,1158.2714808242376,1075.2233254538023,620.4402904380609,537.1955684058985,537.8311903861768,538.0277570479038,gmina,22,POMORSKIE,2209,malborski,2209032,Lichnowy
wysokie ryzyko,894.0229203188425,953.8857130753116,504.47181108462166,574.8390321170848,389.5511092342208,379.0466809582267,gmina,22,POMORSKIE,2209,malborski,2209032,Lichnowy
niskie ryzyko,92.5934989456544,95.73651865493775,15.943759257344787,14.997703660420246,76.64973968830961,80.73881499451751,gmina,22,POMORSKIE,2209,malborski,2209011,Malbork
niskie ryzyko,644.0700867442855,647.8322687506213,245.98399195631436,244.13965799752933,398.0860947879711,403.692610753092,gmina,22,POMORSKIE,2209,malborski,2209042,Malbork
wysokie ryzyko,46.020960090947554,46.02096009094756,2.0369563322583457,2.0369563322583457,43.984003758689205,43.98400375868921,gmina,22,POMORSKIE,2209,malborski,2209011,Malbork
wysokie ryzyko,436.33889305437583,452.15682598965026,158.88411212073095,179.55646152354993,277.4547809336448,272.6003644661003,gmina,22,POMORSKIE,2209,malborski,2209042,Malbork
niskie ryzyko,1182.01062170023,1143.045758402555,593.9544733753341,558.4614479026197,588.0561483248958,584.5843104999356,gmina,22,POMORSKIE,2209,malborski,2209062,Miłoradz
wysokie ryzyko,1458.753842624417,1464.364977453056,903.971962941217,883.275276897344,554.7818796832,581.0897005557122,gmina,22,POMORSKIE,2209,malborski,2209062,Miłoradz
niskie ryzyko,2712.7997134380707,2496.978144843776,2447.6478866065563,2233.3345921329624,265.1518268315145,263.64355271081376,gmina,22,POMORSKIE,2209,malborski,2209073,Nowy Staw
wysokie ryzyko,2892.804746619292,3057.43902925618,2612.728992272505,2776.314859432336,280.07575434678705,281.1241698238442,gmina,22,POMORSKIE,2209,malborski,2209073,Nowy Staw
niskie ryzyko,135.7676905473509,126.99728289738266,115.04118577811046,106.2707781281422,20.726504769240456,20.726504769240456,gmina,22,POMORSKIE,2209,malborski,2209082,Stare Pole
wysokie ryzyko,92.0705443198738,97.30662259766136,82.64666566058987,87.88274393837743,9.423878659283911,9.423878659283911,gmina,22,POMORSKIE,2209,malborski,2209082,Stare Pole
niskie ryzyko,152.45276781146012,164.65673951560998,100.8318114068563,113.05911437018668,51.62095640460382,51.5976251454233,gmina,22,POMORSKIE,2210,nowodworski,2210011,Krynica Morska
wysokie ryzyko,213.434094644519,193.3439786993702,176.25752744514,156.1674114999912,37.17656719937902,37.17656719937902,gmina,22,POMORSKIE,2210,nowodworski,2210011,Krynica Morska
niskie ryzyko,4678.777444667179,4754.845253094813,2571.4192749097247,2567.92676808404,2107.358169757454,2186.9184850107736,gmina,22,POMORSKIE,2210,nowodworski,2210023,Nowy Dwór Gdański
wysokie ryzyko,11628.360899002306,11621.6053075396,9367.752711013944,9455.729149692264,2260.60818798836,2165.876157847339,gmina,22,POMORSKIE,2210,nowodworski,2210023,Nowy Dwór Gdański
niskie ryzyko,1372.5086032882862,1354.300704392269,1021.920286099741,1004.5740965963382,350.58831718854515,349.72660779593065,gmina,22,POMORSKIE,2210,nowodworski,2210032,Ostaszewo
wysokie ryzyko,1306.3416893261845,1269.2963248223195,1110.9605416973466,1075.213484314827,195.38114762883785,194.0828405074925,gmina,22,POMORSKIE,2210,nowodworski,2210032,Ostaszewo
niskie ryzyko,2359.550093186163,2369.210462667753,1848.075090784747,1873.838704176516,511.47500240141545,495.3717584912365,gmina,22,POMORSKIE,2210,nowodworski,2210042,Stegna
wysokie ryzyko,2372.9149838107114,2469.917794486874,1701.031604174271,1781.916389769126,671.8833796364404,688.001404717748,gmina,22,POMORSKIE,2210,nowodworski,2210042,Stegna
niskie ryzyko,1129.4929944026092,1172.0379683169472,816.1557675982763,858.7007415126142,313.33722680433294,313.33722680433294,gmina,22,POMORSKIE,2210,nowodworski,2210052,Sztutowo
wysokie ryzyko,1673.362970156761,1682.7943296207025,1465.1530574776566,1474.3914330756893,208.2099126791049,208.4028965450132,gmina,22,POMORSKIE,2210,nowodworski,2210052,Sztutowo
niskie ryzyko,299.47041337128843,337.1853530640581,299.47041337128843,337.1853530640581,0.0,0.0,gmina,22,POMORSKIE,2211,pucki,2211011,Hel
wysokie ryzyko,1831.9886478543287,1882.37388597407,1831.254354691492,1881.3967389612096,0.7342931628367856,0.9771470128606358,gmina,22,POMORSKIE,2211,pucki,2211011,Hel
niskie ryzyko,633.030526092217,513.3649628413622,613.9965166298443,492.46495331447784,19.034009462372687,20.90000952688433,gmina,22,POMORSKIE,2211,pucki,2211023,Jastarnia
wysokie ryzyko,2060.3919245098155,2180.770631563994,2000.824637725839,2123.5122328530797,59.56728678397637,57.25839871091429,gmina,22,POMORSKIE,2211,pucki,2211023,Jastarnia
niskie ryzyko,251.86189761832307,238.53557181230408,47.17563451230019,50.07274704454994,204.6862631060229,188.4628247677541,gmina,22,POMORSKIE,2211,pucki,2211052,Kosakowo
wysokie ryzyko,269.8075019574471,298.4979376916666,9.268565210780666,10.17283955980344,260.5389367466664,288.3250981318632,gmina,22,POMORSKIE,2211,pucki,2211052,Kosakowo
niskie ryzyko,191.2116906724238,185.87082247376532,20.693462761718457,19.05842566474424,170.51822791070535,166.81239680902107,gmina,22,POMORSKIE,2211,pucki,2211062,Krokowa
wysokie ryzyko,249.389298924931,251.70066159552604,6.629959079223557,6.163974588007328,242.75933984570744,245.5366870075187,gmina,22,POMORSKIE,2211,pucki,2211062,Krokowa
niskie ryzyko,62.83997137942696,56.60299673845091,62.83997137942696,56.60299673845091,0.0,0.0,gmina,22,POMORSKIE,2211,pucki,2211031,Puck
niskie ryzyko,54.83891582848212,54.45420305730339,12.482862299813997,12.09814952863526,42.35605352866813,42.35605352866813,gmina,22,POMORSKIE,2211,pucki,2211072,Puck
wysokie ryzyko,131.44969052171035,141.1263342528963,131.44969052171035,141.1263342528963,0.0,0.0,gmina,22,POMORSKIE,2211,pucki,2211031,Puck
niskie ryzyko,329.20100313377526,362.16574742731825,208.19223151721255,232.88926232695695,121.00877161656273,129.2764851003613,gmina,22,POMORSKIE,2211,pucki,2211043,Władysławowo
wysokie ryzyko,510.5151979864778,536.2581191732875,277.3416709617419,307.02431364053336,233.17352702473588,229.23380553275416,gmina,22,POMORSKIE,2211,pucki,2211043,Władysławowo
niskie ryzyko,20.645854658460937,19.339561329457496,20.645854658460937,19.339561329457496,0.0,0.0,gmina,22,POMORSKIE,2213,starogardzki,2213062,Lubichowo
niskie ryzyko,19.124640275549694,18.757933449453205,3.7748582471589023,3.7748582471589023,15.349782028390797,14.983075202294303,gmina,22,POMORSKIE,2213,starogardzki,2213082,Osiek
niskie ryzyko,1.314743485240059,1.3147434852400588,1.314743485240059,1.3147434852400588,0.0,0.0,gmina,22,POMORSKIE,2213,starogardzki,2213093,Skarszewy
niskie ryzyko,24.444985399426542,8.734203752858969,24.444985399426542,8.734203752858969,0.0,0.0,gmina,22,POMORSKIE,2213,starogardzki,2213031,Starogard Gdański
niskie ryzyko,5.739764236494615,5.739764236494617,0.0,0.0,5.739764236494615,5.739764236494617,gmina,22,POMORSKIE,2213,starogardzki,2213122,Starogard Gdański
niskie ryzyko,6.973146174492318,6.796763294898936,4.973146174492318,4.488867039953215,2.0,2.307896254945721,gmina,22,POMORSKIE,2216,sztumski,2216013,Dzierzgoń
wysokie ryzyko,1.360824742268041,1.3608247422680413,0.0,0.0,1.360824742268041,1.3608247422680413,gmina,22,POMORSKIE,2216,sztumski,2216013,Dzierzgoń
niskie ryzyko,2.9301574089716844,2.8329269652515348,2.9301574089716844,2.8329269652515348,0.0,0.0,gmina,22,POMORSKIE,2216,sztumski,2216032,Stary Dzierzgoń
niskie ryzyko,99.2325925235024,110.82226185273976,65.48693920438313,65.35357086893681,33.74565331911928,45.46869098380294,gmina,22,POMORSKIE,2216,sztumski,2216053,Sztum
wysokie ryzyko,49.58064261040549,49.58064261040549,12.496191701843426,12.496191701843424,37.08445090856207,37.08445090856206,gmina,22,POMORSKIE,2216,sztumski,2216053,Sztum
niskie ryzyko,21.193278934830087,19.281741530307247,0.2107452590455692,0.2107452590455692,20.982533675784516,19.070996271261677,gmina,22,POMORSKIE,2212,słupski,2212022,Damnica
niskie ryzyko,6.8,6.800000000000001,0.0,0.0,6.8,6.800000000000001,gmina,22,POMORSKIE,2212,słupski,2212032,Dębnica Kaszubska
niskie ryzyko,11.079787645711605,11.079787645711605,2.4208680323651883,2.420868032365187,8.658919613346416,8.658919613346416,gmina,22,POMORSKIE,2212,słupski,2212042,Główczyce
wysokie ryzyko,8.270205557770023,8.270205557770023,0.7931274109487227,0.7931274109487227,7.4770781468213,7.4770781468213,gmina,22,POMORSKIE,2212,słupski,2212042,Główczyce
niskie ryzyko,1.587673581638543,1.5876735816385432,0.0,0.0,1.587673581638543,1.5876735816385432,gmina,22,POMORSKIE,2212,słupski,2212063,Kobylnica
niskie ryzyko,5.391237446025538,5.532312235560071,3.8271310565775503,4.391564238199516,1.5641063894479876,1.140747997360555,gmina,22,POMORSKIE,2212,słupski,2212053,Kępice
niskie ryzyko,4.5492618205955155,2.7615327439151653,0.5005166153009377,0.2653181375375973,4.048745205294578,2.496214606377568,gmina,22,POMORSKIE,2212,słupski,2212082,Redzikowo
niskie ryzyko,100.67225977971316,93.91358860140092,82.92043610568233,76.2448633526869,17.751823674030828,17.668725248714015,gmina,22,POMORSKIE,2212,słupski,2212092,Smołdzino
wysokie ryzyko,29.155960734880065,18.74249386028825,29.155960734880065,18.74249386028825,0.0,0.0,gmina,22,POMORSKIE,2212,słupski,2212092,Smołdzino
niskie ryzyko,26.445135547068627,25.389463449048502,1.5548388671627378,0.4991667691426161,24.89029667990589,24.89029667990589,gmina,22,POMORSKIE,2212,słupski,2212102,Ustka
niskie ryzyko,37.95211844780864,23.578449029627205,37.85240580484235,23.482712942969684,0.0997126429662978,0.095736086657521,gmina,22,POMORSKIE,2212,słupski,2212011,Ustka
wysokie ryzyko,8.461890269548066,8.337677811152355,1.6339991703635497,1.5097867119678388,6.827891099184516,6.827891099184516,gmina,22,POMORSKIE,2212,słupski,2212102,Ustka
wysokie ryzyko,661.2460939560964,611.9397856892252,623.748486002198,580.0633789347103,37.49760795389838,31.87640675451497,gmina,22,POMORSKIE,2212,słupski,2212011,Ustka
niskie ryzyko,681.4446370533766,650.6243095462662,546.1620679072914,515.4900620277059,135.28256914608522,135.1342475185603,gmina,22,POMORSKIE,2214,tczewski,2214023,Gniew
wysokie ryzyko,625.1873807747415,564.5913053200959,586.8302379175987,526.234162462953,38.35714285714286,38.357142857142854,gmina,22,POMORSKIE,2214,tczewski,2214023,Gniew
niskie ryzyko,321.5620733441323,335.0277459095231,272.75617110004987,286.2218436654407,48.80590224408238,48.80590224408238,gmina,22,POMORSKIE,2214,tczewski,2214043,Pelplin
wysokie ryzyko,383.4366225401007,373.569519724779,354.9396139490428,345.07251113372115,28.4970085910579,28.4970085910579,gmina,22,POMORSKIE,2214,tczewski,2214043,Pelplin
niskie ryzyko,36.0,37.28485894693377,0.0,0.0,36.0,37.28485894693377,gmina,22,POMORSKIE,2214,tczewski,2214052,Subkowy
niskie ryzyko,1234.7421039047258,1141.5255822676136,1214.5243789170838,1139.8023223856012,20.21772498764196,1.723259882012268,gmina,22,POMORSKIE,2214,tczewski,2214011,Tczew
niskie ryzyko,470.27853180412154,452.9987969782637,83.10332552173917,72.80375641285232,387.1752062823824,380.1950405654114,gmina,22,POMORSKIE,2214,tczewski,2214062,Tczew
wysokie ryzyko,3040.798575069203,2993.2600110682492,3035.780630764381,2940.5641224565693,5.017944304821686,52.695888611679926,gmina,22,POMORSKIE,2214,tczewski,2214011,Tczew
wysokie ryzyko,516.6510341519496,530.4428670660524,66.84756886319994,66.70331423367097,449.8034652887497,463.73955283238143,gmina,22,POMORSKIE,2214,tczewski,2214062,Tczew
niskie ryzyko,139.58827994095972,134.45785829373534,69.42464227941365,70.55980497579493,70.16363766154608,63.89805331794042,gmina,22,POMORSKIE,2215,wejherowski,2215011,Reda
wysokie ryzyko,442.4203966918816,410.62355901055065,419.9316426758414,388.1348049945104,22.488754016040232,22.488754016040236,gmina,22,POMORSKIE,2215,wejherowski,2215011,Reda
niskie ryzyko,64.53845937952093,63.243825696326695,35.03285681226319,34.59260937527491,29.505602567257732,28.651216321051788,gmina,22,POMORSKIE,2215,wejherowski,2215021,Rumia
wysokie ryzyko,2.18169496911364,2.447588353038284,0.1249873412315494,0.3915396549543173,2.05670762788209,2.0560486980839667,gmina,22,POMORSKIE,2215,wejherowski,2215021,Rumia
niskie ryzyko,136.2873805048986,99.37169026413824,100.25610874814792,83.37356530201622,36.0312717567507,15.998124962122017,gmina,22,POMORSKIE,2215,wejherowski,2215031,Wejherowo
niskie ryzyko,161.81342947752964,146.0429910561267,139.74793802337385,124.15812664232928,22.06549145415579,21.884864413797448,gmina,22,POMORSKIE,2215,wejherowski,2215102,Wejherowo
wysokie ryzyko,147.26289090376227,111.7166872581558,141.20791571901395,107.49861654574974,6.054975184748304,4.218070712406062,gmina,22,POMORSKIE,2215,wejherowski,2215031,Wejherowo
wysokie ryzyko,10.97004669537908,28.87456081838288,8.363243650659763,8.363243650659763,2.6068030447193147,20.51131716772312,gmina,22,POMORSKIE,2215,wejherowski,2215102,Wejherowo
niskie ryzyko,2.0760198338399083,1.9267078015654528,0.0,0.0,2.0760198338399083,1.9267078015654528,gmina,22,POMORSKIE,2215,wejherowski,2215082,Łęczyce
wysokie ryzyko,18.707454538280587,18.121256036763366,18.707454538280587,18.121256036763366,0.0,0.0,gmina,22,POMORSKIE,2215,wejherowski,2215082,Łęczyce
niskie ryzyko,472.1160059356662,475.6368514885279,350.2464592736255,349.5059904125692,121.86954666204068,126.13086107595872,gmina,28,WARMIŃSKO-MAZURSKIE,2861,Elbląg,2861011,Elbląg
wysokie ryzyko,1626.126653429288,1738.937071429267,1577.0807517016217,1672.5731719701644,49.04590172766647,66.36389945910251,gmina,28,WARMIŃSKO-MAZURSKIE,2861,Elbląg,2861011,Elbląg
niskie ryzyko,8.935262778542455,8.935262778542455,8.935262778542455,8.935262778542455,0.0,0.0,gmina,28,WARMIŃSKO-MAZURSKIE,2862,Olsztyn,2862011,Olsztyn
niskie ryzyko,29.6539744261802,28.9097477832358,29.6539744261802,28.9097477832358,0.0,0.0,gmina,28,WARMIŃSKO-MAZURSKIE,2801,bartoszycki,2801011,Bartoszyce
wysokie ryzyko,98.71492542575116,184.30856562188495,98.71492542575116,184.30856562188495,0.0,0.0,gmina,28,WARMIŃSKO-MAZURSKIE,2801,bartoszycki,2801011,Bartoszyce
niskie ryzyko,135.83518698088332,124.43027136661176,116.75047740941837,107.51883001133508,19.084709571464952,16.91144135527668,gmina,28,WARMIŃSKO-MAZURSKIE,2801,bartoszycki,2801063,Sępopol
wysokie ryzyko,18.031216781175736,16.775039409759913,0.0,0.0,18.031216781175736,16.775039409759913,gmina,28,WARMIŃSKO-MAZURSKIE,2801,bartoszycki,2801063,Sępopol
niskie ryzyko,30.37196738480544,31.141006808402487,3.525115729013459,3.5251157290134585,26.846851655791983,27.61589107938903,gmina,28,WARMIŃSKO-MAZURSKIE,2802,braniewski,2802022,Braniewo
niskie ryzyko,6.150245444733084,3.72744114907907,6.150245444733084,3.72744114907907,0.0,0.0,gmina,28,WARMIŃSKO-MAZURSKIE,2802,braniewski,2802011,Braniewo
wysokie ryzyko,132.63132452890812,132.02885583092194,10.635277229499373,10.635277229499374,121.99604729940872,121.39357860142258,gmina,28,WARMIŃSKO-MAZURSKIE,2802,braniewski,2802022,Braniewo
niskie ryzyko,114.89363524685444,121.96927706341216,114.89363524685444,121.96927706341216,0.0,0.0,gmina,28,WARMIŃSKO-MAZURSKIE,2802,braniewski,2802033,Frombork
wysokie ryzyko,215.18131430447684,201.39520012753465,215.18131430447684,201.39520012753465,0.0,0.0,gmina,28,WARMIŃSKO-MAZURSKIE,2802,braniewski,2802033,Frombork
niskie ryzyko,65.18396292271856,62.1372211293821,52.15346617127968,49.10672437794321,13.030496751438887,13.030496751438887,gmina,28,WARMIŃSKO-MAZURSKIE,2802,braniewski,2802053,Pieniężno
wysokie ryzyko,24.610460713522567,27.416121229558925,24.610460713522567,27.416121229558925,0.0,0.0,gmina,28,WARMIŃSKO-MAZURSKIE,2802,braniewski,2802053,Pieniężno
niskie ryzyko,26.205718063678415,26.205718063678415,26.205718063678415,26.205718063678415,0.0,0.0,gmina,28,WARMIŃSKO-MAZURSKIE,2803,działdowski,2803011,Działdowo
niskie ryzyko,2.4642857142857144,2.4642857142857144,0.0,0.0,2.4642857142857144,2.4642857142857144,gmina,28,WARMIŃSKO-MAZURSKIE,2803,działdowski,2803022,Działdowo
niskie ryzyko,14.778057966999764,14.428400126911193,10.772206501421037,10.46982070032822,4.005851465578731,3.9585794265829746,gmina,28,WARMIŃSKO-MAZURSKIE,2803,działdowski,2803043,Lidzbark
wysokie ryzyko,30.552855643695768,30.313882443021992,30.552855643695768,30.313882443021992,0.0,0.0,gmina,28,WARMIŃSKO-MAZURSKIE,2803,działdowski,2803043,Lidzbark
niskie ryzyko,2.051781305530673,1.832798438170726,1.6878495553382953,1.4688666879783487,0.3639317501923774,0.3639317501923774,gmina,28,WARMIŃSKO-MAZURSKIE,2803,działdowski,2803062,Rybno
niskie ryzyko,2067.30461146365,2061.8611056879417,282.45711852589795,301.71090440670946,1784.847492937752,1760.1502012812325,gmina,28,WARMIŃSKO-MAZURSKIE,2804,elbląski,2804012,Elbląg
wysokie ryzyko,1279.987111079976,1357.4673947041947,161.66721153585996,191.86515969222796,1118.3198995441155,1165.6022350119665,gmina,28,WARMIŃSKO-MAZURSKIE,2804,elbląski,2804012,Elbląg
niskie ryzyko,1178.5307863787948,1241.4072674417748,395.5469066820266,461.6401962745556,782.9838796967682,779.7670711672192,gmina,28,WARMIŃSKO-MAZURSKIE,2804,elbląski,2804032,Gronowo Elbląskie
wysokie ryzyko,939.9944259307684,940.9016326169764,459.2455388002278,457.954329432015,480.7488871305405,482.9473031849614,gmina,28,WARMIŃSKO-MAZURSKIE,2804,elbląski,2804032,Gronowo Elbląskie
niskie ryzyko,1921.274846027462,1926.2217770578004,1523.4870523284087,1533.64354723106,397.7877936990532,392.57822982674026,gmina,28,WARMIŃSKO-MAZURSKIE,2804,elbląski,2804042,Markusy
wysokie ryzyko,1040.08185013652,1019.4453683168229,916.2908974856396,900.0830395324095,123.7909526508803,119.36232878441322,gmina,28,WARMIŃSKO-MAZURSKIE,2804,elbląski,2804042,Markusy
wysokie ryzyko,14.565824952714625,11.33266408325722,14.565824952714625,11.33266408325722,0.0,0.0,gmina,28,WARMIŃSKO-MAZURSKIE,2804,elbląski,2804052,Milejewo
niskie ryzyko,26.948745751700216,26.057536318295416,14.948745751700216,14.057536318295416,12.0,12.0,gmina,28,WARMIŃSKO-MAZURSKIE,2804,elbląski,2804063,Młynary
wysokie ryzyko,1.5454545454545454,1.5454545454545454,1.5454545454545454,1.5454545454545454,0.0,0.0,gmina,28,WARMIŃSKO-MAZURSKIE,2804,elbląski,2804063,Młynary
niskie ryzyko,1.35528665670445,1.3552866567044504,0.0,0.0,1.35528665670445,1.3552866567044504,gmina,28,WARMIŃSKO-MAZURSKIE,2804,elbląski,2804082,Rychliki
niskie ryzyko,126.4690234713094,107.93751117845518,66.1323246899736,51.897421324335355,60.3366987813358,56.04008985411983,gmina,28,WARMIŃSKO-MAZURSKIE,2804,elbląski,2804093,Tolkmicko
wysokie ryzyko,360.6835425008845,418.66986959331706,286.60948432307373,350.61331462364126,74.0740581778108,68.05655496967579,gmina,28,WARMIŃSKO-MAZURSKIE,2804,elbląski,2804093,Tolkmicko
niskie ryzyko,46.9285601740673,41.00555437877702,46.51863079954542,40.64039414898399,0.4099293745218789,0.3651602297930356,gmina,28,WARMIŃSKO-MAZURSKIE,2805,ełcki,2805011,Ełk
niskie ryzyko,209.627202675805,198.33045780884828,111.36473242876455,100.75410201515297,98.26247024704044,97.57635579369534,gmina,28,WARMIŃSKO-MAZURSKIE,2805,ełcki,2805022,Ełk
wysokie ryzyko,12.176321887348784,12.16674957189342,0.0,0.0,12.176321887348784,12.16674957189342,gmina,28,WARMIŃSKO-MAZURSKIE,2805,ełcki,2805022,Ełk
niskie ryzyko,30.402493258930523,30.33670238373953,0.0,0.0,30.402493258930523,30.33670238373953,gmina,28,WARMIŃSKO-MAZURSKIE,2805,ełcki,2805032,Kalinowo
niskie ryzyko,106.22225189994032,83.91080202082637,20.032913036928335,16.51230698276545,86.18933886301198,67.39849503806093,gmina,28,WARMIŃSKO-MAZURSKIE,2805,ełcki,2805042,Prostki
wysokie ryzyko,0.5779421552310886,0.3495891055248347,0.5779421552310886,0.3495891055248347,0.0,0.0,gmina,28,WARMIŃSKO-MAZURSKIE,2805,ełcki,2805042,Prostki
niskie ryzyko,14.844596338291309,14.844596338291309,0.0,0.0,14.844596338291309,14.844596338291309,gmina,28,WARMIŃSKO-MAZURSKIE,2805,ełcki,2805052,Stare Juchy
niskie ryzyko,13.168114361712671,12.84280564636046,4.492626128743231,4.16731741339102,8.67548823296944,8.67548823296944,gmina,28,WARMIŃSKO-MAZURSKIE,2818,gołdapski,2818012,Banie Mazurskie
niskie ryzyko,12.648861592891713,12.586858681156915,0.0,0.0,12.648861592891713,12.586858681156915,gmina,28,WARMIŃSKO-MAZURSKIE,2818,gołdapski,2818033,Gołdap
niskie ryzyko,11.927651125451048,11.00783503667884,9.285394083835545,8.365577995063338,2.6422570416155025,2.6422570416155025,gmina,28,WARMIŃSKO-MAZURSKIE,2807,iławski,2807032,Iława
niskie ryzyko,28.24647886216485,27.720967068064276,15.081017177669324,14.555505383568756,13.165461684495522,13.16546168449552,gmina,28,WARMIŃSKO-MAZURSKIE,2807,iławski,2807043,Kisielice
niskie ryzyko,0.135884660416542,0.135884660416542,0.0,0.0,0.135884660416542,0.135884660416542,gmina,28,WARMIŃSKO-MAZURSKIE,2807,iławski,2807052,Lubawa
niskie ryzyko,14.034005281967977,10.983048088379352,0.0,0.0,14.034005281967977,10.983048088379352,gmina,28,WARMIŃSKO-MAZURSKIE,2807,iławski,2807063,Susz
niskie ryzyko,5.304347826086956,5.304347826086957,0.0,0.0,5.304347826086956,5.304347826086957,gmina,28,WARMIŃSKO-MAZURSKIE,2808,kętrzyński,2808022,Barciany
wysokie ryzyko,2.25,2.25,0.0,0.0,2.25,2.25,gmina,28,WARMIŃSKO-MAZURSKIE,2808,kętrzyński,2808022,Barciany
niskie ryzyko,27.954409707015927,27.61364751897337,2.0489403656826415,2.048940365682642,25.905469341333287,25.564707153290723,gmina,28,WARMIŃSKO-MAZURSKIE,2808,kętrzyński,2808043,Korsze
niskie ryzyko,20.6962296499122,20.6962296499122,6.0,6.0,14.696229649912196,14.696229649912196,gmina,28,WARMIŃSKO-MAZURSKIE,2809,lidzbarski,2809032,Lidzbark Warmiński
niskie ryzyko,80.33957508716938,48.22003479292307,80.33957508716938,48.22003479292307,0.0,0.0,gmina,28,WARMIŃSKO-MAZURSKIE,2809,lidzbarski,2809011,Lidzbark Warmiński
wysokie ryzyko,44.548817568561034,40.73348963095586,44.548817568561034,40.73348963095586,0.0,0.0,gmina,28,WARMIŃSKO-MAZURSKIE,2809,lidzbarski,2809011,Lidzbark Warmiński
niskie ryzyko,79.50671719346293,73.00330780914857,69.22913208229038,63.41661712508725,10.277585111172552,9.586690684061312,gmina,28,WARMIŃSKO-MAZURSKIE,2809,lidzbarski,2809053,Orneta
wysokie ryzyko,75.68860320220247,78.72878751381955,38.228969251080024,37.322101208615415,37.45963395112244,41.40668630520413,gmina,28,WARMIŃSKO-MAZURSKIE,2809,lidzbarski,2809053,Orneta
niskie ryzyko,20.38653552615895,20.38653552615895,20.38653552615895,20.38653552615895,0.0,0.0,gmina,28,WARMIŃSKO-MAZURSKIE,2811,nidzicki,2811022,Janowo
niskie ryzyko,112.00451180971794,38.912487345033206,104.40279194452523,31.816619155032008,7.601719865192684,7.095868190001199,gmina,28,WARMIŃSKO-MAZURSKIE,2811,nidzicki,2811043,Nidzica
wysokie ryzyko,1.6720545862269445,1.6041165070059398,0.0,0.0,1.6720545862269445,1.6041165070059398,gmina,28,WARMIŃSKO-MAZURSKIE,2811,nidzicki,2811043,Nidzica
niskie ryzyko,1.694201747418586,1.6942017474185862,1.694201747418586,1.6942017474185862,0.0,0.0,gmina,28,WARMIŃSKO-MAZURSKIE,2812,nowomiejski,2812022,Biskupiec
wysokie ryzyko,7.919640298176341,7.562807511094068,7.919640298176341,7.562807511094068,0.0,0.0,gmina,28,WARMIŃSKO-MAZURSKIE,2812,nowomiejski,2812022,Biskupiec
niskie ryzyko,43.83398892688537,47.012856766139194,38.79159744325114,41.6204530856685,5.04239148363423,5.392403680470696,gmina,28,WARMIŃSKO-MAZURSKIE,2812,nowomiejski,2812052,Bratian
niskie ryzyko,3.6666666666666665,4.1549955097336255,0.0,0.0,3.6666666666666665,4.1549955097336255,gmina,28,WARMIŃSKO-MAZURSKIE,2812,nowomiejski,2812032,Grodziczno
niskie ryzyko,29.691850938538973,27.020415181586316,29.691850938538973,27.020415181586316,0.0,0.0,gmina,28,WARMIŃSKO-MAZURSKIE,2812,nowomiejski,2812042,Kurzętnik
niskie ryzyko,106.18142943011996,80.35570649601999,106.18142943011996,80.35570649601999,0.0,0.0,gmina,28,WARMIŃSKO-MAZURSKIE,2812,nowomiejski,2812011,Nowe Miasto Lubawskie
wysokie ryzyko,261.9626810860317,218.26788610255088,261.9626810860317,218.26788610255088,0.0,0.0,gmina,28,WARMIŃSKO-MAZURSKIE,2812,nowomiejski,2812011,Nowe Miasto Lubawskie
niskie ryzyko,1.6174956866712316,1.3827395182021525,0.0,0.0,1.6174956866712316,1.3827395182021525,gmina,28,WARMIŃSKO-MAZURSKIE,2813,olecki,2813032,Kowale Oleckie
niskie ryzyko,358.26932262887533,323.9094118342383,349.7880176602036,315.4633885782219,8.481304968671743,8.446023256016446,gmina,28,WARMIŃSKO-MAZURSKIE,2813,olecki,2813043,Olecko
wysokie ryzyko,74.42472145052294,48.83041375037932,74.42472145052294,48.83041375037932,0.0,0.0,gmina,28,WARMIŃSKO-MAZURSKIE,2813,olecki,2813043,Olecko
niskie ryzyko,67.42233366155968,67.42233366155968,62.11463724251812,62.114637242518114,5.307696419041561,5.307696419041561,gmina,28,WARMIŃSKO-MAZURSKIE,2813,olecki,2813062,Wieliczki
wysokie ryzyko,12.541257162988607,12.54125716298861,12.541257162988607,12.54125716298861,0.0,0.0,gmina,28,WARMIŃSKO-MAZURSKIE,2813,olecki,2813062,Wieliczki
niskie ryzyko,19.25927034427723,19.25927034427723,1.1962371029739025,1.1962371029739025,18.063033241303327,18.063033241303327,gmina,28,WARMIŃSKO-MAZURSKIE,2813,olecki,2813052,Świętajno
wysokie ryzyko,4.214299327107737,4.214299327107737,0.0,0.0,4.214299327107737,4.214299327107737,gmina,28,WARMIŃSKO-MAZURSKIE,2813,olecki,2813052,Świętajno
niskie ryzyko,48.52292164758517,53.58239948751816,46.644991275882695,51.70688715763177,1.8779303717024691,1.875512329886393,gmina,28,WARMIŃSKO-MAZURSKIE,2814,olsztyński,2814033,Dobre Miasto
niskie ryzyko,0.2399482007940574,0.2380629699996949,0.0,0.0,0.2399482007940574,0.2380629699996949,gmina,28,WARMIŃSKO-MAZURSKIE,2814,olsztyński,2814093,Olsztynek
wysokie ryzyko,1.1363636363636365,1.1363636363636365,0.0,0.0,1.1363636363636365,1.1363636363636365,gmina,28,WARMIŃSKO-MAZURSKIE,2814,olsztyński,2814093,Olsztynek
niskie ryzyko,2.0,2.0,0.0,0.0,2.0,2.0,gmina,28,WARMIŃSKO-MAZURSKIE,2814,olsztyński,2814122,Świątki
niskie ryzyko,0.0573691538680865,0.0573691538680865,0.0,0.0,0.0573691538680865,0.0573691538680865,gmina,28,WARMIŃSKO-MAZURSKIE,2815,ostródzki,2815022,Dąbrówno
niskie ryzyko,4.666666666666667,4.666666666666667,4.666666666666667,4.666666666666667,0.0,0.0,gmina,28,WARMIŃSKO-MAZURSKIE,2815,ostródzki,2815052,Małdyty
niskie ryzyko,105.65177042034917,235.32104804849436,42.42024108112953,198.48273982732897,63.23152933921961,36.83830822116544,gmina,28,WARMIŃSKO-MAZURSKIE,2815,ostródzki,2815011,Ostróda
niskie ryzyko,4.415942484207587,8.235642172992485,0.0,3.819699688784898,4.415942484207587,4.415942484207587,gmina,28,WARMIŃSKO-MAZURSKIE,2815,ostródzki,2815092,Ostróda
wysokie ryzyko,70.95168556013212,67.97146255108066,53.340311107438566,50.757190255137466,17.611374452693543,17.214272295943182,gmina,28,WARMIŃSKO-MAZURSKIE,2815,ostródzki,2815011,Ostróda
niskie ryzyko,2.7671541300865146,2.2139675247056383,2.7671541300865146,2.2139675247056383,0.0,0.0,gmina,28,WARMIŃSKO-MAZURSKIE,2816,piski,2816033,Pisz
wysokie ryzyko,0.0,74.86653087090112,0.0,74.86653087090112,0.0,0.0,gmina,28,WARMIŃSKO-MAZURSKIE,2816,piski,2816033,Pisz
niskie ryzyko,6.636994773344472,6.636994773344472,6.636994773344472,6.636994773344472,0.0,0.0,gmina,28,WARMIŃSKO-MAZURSKIE,2817,szczycieński,2817052,Rozogi
wysokie ryzyko,14.16401821260959,14.164018212609593,14.16401821260959,14.164018212609593,0.0,0.0,gmina,28,WARMIŃSKO-MAZURSKIE,2817,szczycieński,2817052,Rozogi
niskie ryzyko,5.008395202299347,5.008395202299347,0.0,0.0,5.008395202299347,5.008395202299347,gmina,28,WARMIŃSKO-MAZURSKIE,2817,szczycieński,2817062,Szczytno
wysokie ryzyko,4.771218027728411,4.771218027728411,0.0,0.0,4.771218027728411,4.771218027728411,gmina,28,WARMIŃSKO-MAZURSKIE,2817,szczycieński,2817062,Szczytno
niskie ryzyko,9.071429819365417,8.759503166100739,9.071429819365417,8.759503166100739,0.0,0.0,gmina,28,WARMIŃSKO-MAZURSKIE,2817,szczycieński,2817083,Wielbark
niskie ryzyko,3.380837963206556,3.380837963206556,0.0,0.0,3.380837963206556,3.380837963206556,gmina,28,WARMIŃSKO-MAZURSKIE,2817,szczycieński,2817072,Świętajno
wysokie ryzyko,1.417223517407048,1.417223517407048,0.0,0.0,1.417223517407048,1.417223517407048,gmina,28,WARMIŃSKO-MAZURSKIE,2817,szczycieński,2817072,Świętajno
niskie ryzyko,11.0356208640693,10.72822645963917,0.0,0.0,11.0356208640693,10.72822645963917,gmina,28,WARMIŃSKO-MAZURSKIE,2819,węgorzewski,2819012,Budry
wysokie ryzyko,1.120467135276045,1.120467135276045,0.0,0.0,1.120467135276045,1.120467135276045,gmina,28,WARMIŃSKO-MAZURSKIE,2819,węgorzewski,2819012,Budry
niskie ryzyko,0.6823879915043503,0.5640461473253056,0.0,0.0,0.6823879915043503,0.5640461473253056,gmina,28,WARMIŃSKO-MAZURSKIE,2819,węgorzewski,2819033,Węgorzewo
niskie ryzyko,1694.749703063752,1476.6736047304728,1590.1669348969892,1392.1037255974434,104.5827681667629,84.56987913302933,gmina,30,WIELKOPOLSKIE,3061,Kalisz,3061011,Kalisz
wysokie ryzyko,4749.255870463479,4857.691460568966,4297.900785812623,4402.749260044333,451.355084650856,454.9422005246324,gmina,30,WIELKOPOLSKIE,3061,Kalisz,3061011,Kalisz
niskie ryzyko,932.0086964062288,951.698338458865,873.9384596181982,894.0508122619315,58.0702367880305,57.64752619693365,gmina,30,WIELKOPOLSKIE,3062,Konin,3062011,Konin
wysokie ryzyko,4012.306324489713,4253.361721260824,3894.774574100502,4137.546575405639,117.53175038921069,115.8151458551858,gmina,30,WIELKOPOLSKIE,3062,Konin,3062011,Konin
niskie ryzyko,888.2328618050742,730.2435480544916,879.1175134030948,722.643148638736,9.115348401979512,7.600399415755588,gmina,30,WIELKOPOLSKIE,3064,Poznań,3064011,Poznań
wysokie ryzyko,124.8989301576672,110.7516921488739,88.92992809891572,74.7826900901224,35.969002058751485,35.969002058751485,gmina,30,WIELKOPOLSKIE,3064,Poznań,3064011,Poznań
niskie ryzyko,3.679853351030132,3.679853351030133,3.679853351030132,3.679853351030133,0.0,0.0,gmina,30,WIELKOPOLSKIE,3001,chodzieski,3001032,Chodzież
niskie ryzyko,40.14580991549981,40.14580991549981,9.5,9.5,30.645809915499804,30.645809915499804,gmina,30,WIELKOPOLSKIE,3002,czarnkowsko-trzcianecki,3002022,Czarnków
niskie ryzyko,7.197477464685273,5.144834659980049,7.197477464685273,5.144834659980049,0.0,0.0,gmina,30,WIELKOPOLSKIE,3002,czarnkowsko-trzcianecki,3002011,Czarnków
wysokie ryzyko,3.391362242844019,3.391362242844019,3.391362242844019,3.391362242844019,0.0,0.0,gmina,30,WIELKOPOLSKIE,3002,czarnkowsko-trzcianecki,3002011,Czarnków
niskie ryzyko,55.50371298937057,52.96693978199867,31.05181383422456,29.090556853756592,24.45189915514601,23.876382928242077,gmina,30,WIELKOPOLSKIE,3002,czarnkowsko-trzcianecki,3002032,Drawsko
wysokie ryzyko,8.0,8.0,0.0,0.0,8.0,8.0,gmina,30,WIELKOPOLSKIE,3002,czarnkowsko-trzcianecki,3002032,Drawsko
niskie ryzyko,72.9091047488661,73.50305735412705,21.972778052778743,21.972778052778743,50.93632669608736,51.53027930134831,gmina,30,WIELKOPOLSKIE,3002,czarnkowsko-trzcianecki,3002043,Krzyż Wielkopolski
niskie ryzyko,217.3206686935056,340.56770878386453,193.19721519019143,316.44425528055035,24.123453503314146,24.123453503314146,gmina,30,WIELKOPOLSKIE,3002,czarnkowsko-trzcianecki,3002083,Wieleń
wysokie ryzyko,95.83229782354724,94.40313451196562,95.83229782354724,94.40313451196562,0.0,0.0,gmina,30,WIELKOPOLSKIE,3002,czarnkowsko-trzcianecki,3002083,Wieleń
niskie ryzyko,7.970228899509155,7.59043365614514,7.538855224426848,7.159059981062834,0.4313736750823066,0.4313736750823066,gmina,30,WIELKOPOLSKIE,3003,gnieźnieński,3003042,Kiszkowo
niskie ryzyko,46.89150388979483,45.79936671061161,46.89150388979483,45.79936671061161,0.0,0.0,gmina,30,WIELKOPOLSKIE,3003,gnieźnieński,3003053,Kłecko
niskie ryzyko,2.1253288725041775,2.1253288725041775,2.1253288725041775,2.1253288725041775,0.0,0.0,gmina,30,WIELKOPOLSKIE,3003,gnieźnieński,3003072,Mieleszyn
niskie ryzyko,20.326303276392053,17.941372166910227,20.326303276392053,17.941372166910227,0.0,0.0,gmina,30,WIELKOPOLSKIE,3004,gostyński,3004023,Gostyń
niskie ryzyko,21.58884140093188,17.991665056064747,17.664926459767734,14.0677501149006,3.923914941164146,3.9239149411641456,gmina,30,WIELKOPOLSKIE,3004,gostyński,3004073,Poniec
wysokie ryzyko,48.1089877914945,45.25482267574493,0.0,0.0,48.1089877914945,45.25482267574493,gmina,30,WIELKOPOLSKIE,3004,gostyński,3004073,Poniec
niskie ryzyko,3.328770612607532,3.2353612026298517,3.328770612607532,3.2353612026298517,0.0,0.0,gmina,30,WIELKOPOLSKIE,3006,jarociński,3006013,Jaraczewo
niskie ryzyko,8.929706746637464,8.929706746637464,4.929706746637465,4.929706746637464,4.0,4.0,gmina,30,WIELKOPOLSKIE,3006,jarociński,3006023,Jarocin
niskie ryzyko,310.90659215675703,316.82763933114194,292.4500985238243,298.3711456982092,18.456493632932713,18.456493632932713,gmina,30,WIELKOPOLSKIE,3006,jarociński,3006043,Żerków
wysokie ryzyko,112.0540295393876,112.0540295393876,108.45198763188128,108.45198763188128,3.6020419075063175,3.6020419075063175,gmina,30,WIELKOPOLSKIE,3006,jarociński,3006043,Żerków
niskie ryzyko,3.288722263353407,3.288722263353407,3.288722263353407,3.288722263353407,0.0,0.0,gmina,30,WIELKOPOLSKIE,3007,kaliski,3007012,Blizanów
niskie ryzyko,1.6955863534805395,1.6955863534805395,1.181401652039236,1.181401652039236,0.5141847014413036,0.5141847014413036,gmina,30,WIELKOPOLSKIE,3007,kaliski,3007022,Brzeziny
niskie ryzyko,55.753654673114106,55.038340636157,52.41794365290774,51.702629615950634,3.335711020206367,3.335711020206367,gmina,30,WIELKOPOLSKIE,3007,kaliski,3007042,Godziesze Wielkie
wysokie ryzyko,44.96484370208881,43.613287016717265,44.96484370208881,43.613287016717265,0.0,0.0,gmina,30,WIELKOPOLSKIE,3007,kaliski,3007042,Godziesze Wielkie
niskie ryzyko,23.285457277793725,23.10377817960308,23.285457277793725,23.10377817960308,0.0,0.0,gmina,30,WIELKOPOLSKIE,3007,kaliski,3007053,Koźminek
wysokie ryzyko,3.793459600074693,3.7084820874872375,3.793459600074693,3.7084820874872375,0.0,0.0,gmina,30,WIELKOPOLSKIE,3007,kaliski,3007053,Koźminek
niskie ryzyko,11.88162814894767,11.87759345797314,10.561425854218442,10.557391163243912,1.3202022947292285,1.3202022947292282,gmina,30,WIELKOPOLSKIE,3007,kaliski,3007083,Opatówek
niskie ryzyko,2.363636363636364,2.3636363636363633,2.363636363636364,2.3636363636363633,0.0,0.0,gmina,30,WIELKOPOLSKIE,3007,kaliski,3007112,Żelazków
niskie ryzyko,843.9362804385876,843.5390633740988,645.1701600246504,644.7729429601617,198.76612041393707,198.76612041393707,gmina,30,WIELKOPOLSKIE,3009,kolski,3009043,Dąbie
wysokie ryzyko,342.28809911788085,341.48495792826066,283.7261606304622,282.923019440842,58.56193848741866,58.56193848741866,gmina,30,WIELKOPOLSKIE,3009,kolski,3009043,Dąbie
niskie ryzyko,44.62183742985088,43.98871115559161,37.028312077600106,36.39518580334082,7.59352535225078,7.593525352250781,gmina,30,WIELKOPOLSKIE,3009,kolski,3009052,Grzegorzew
niskie ryzyko,254.74736342444845,252.2695486372436,116.0122692272977,113.54788509684596,138.73509419715074,138.72166354039763,gmina,30,WIELKOPOLSKIE,3009,kolski,3009072,Koło
niskie ryzyko,805.2032005410969,748.0161901675133,692.0119908263944,628.5242783459607,113.19120971470252,119.49191182155266,gmina,30,WIELKOPOLSKIE,3009,kolski,3009011,Koło
wysokie ryzyko,2055.388993887956,1863.6564504609853,1935.0624453154048,1753.3308495738934,120.3265485725514,110.32560088709172,gmina,30,WIELKOPOLSKIE,3009,kolski,3009011,Koło
wysokie ryzyko,65.4626271388597,64.04081774221268,21.404883793788738,20.274754395034435,44.05774334507097,43.766063347178246,gmina,30,WIELKOPOLSKIE,3009,kolski,3009072,Koło
niskie ryzyko,1717.298811319578,1740.5865291075704,1499.2545837585735,1528.2262153951306,218.0442275610047,212.36031371243985,gmina,30,WIELKOPOLSKIE,3009,kolski,3009082,Kościelec
wysokie ryzyko,1667.445181454956,1588.9305665543604,1444.862217026381,1371.8529423095497,222.58296442857477,217.0776242448108,gmina,30,WIELKOPOLSKIE,3009,kolski,3009082,Kościelec
niskie ryzyko,26.195166925081377,25.587572545351723,26.195166925081377,25.587572545351723,0.0,0.0,gmina,30,WIELKOPOLSKIE,3009,kolski,3009063,Kłodawa
wysokie ryzyko,7.569395331608075,7.554482540246997,7.569395331608075,7.554482540246997,0.0,0.0,gmina,30,WIELKOPOLSKIE,3009,kolski,3009063,Kłodawa
niskie ryzyko,76.44418418679284,76.44418418679284,64.44836741821526,64.44836741821526,11.995816768577576,11.995816768577576,gmina,30,WIELKOPOLSKIE,3009,kolski,3009102,Osiek Mały
niskie ryzyko,203.19193289348817,202.14658515191073,62.20180345582099,61.15645571424357,140.99012943766715,140.99012943766715,gmina,30,WIELKOPOLSKIE,3010,koniński,3010013,Golina
wysokie ryzyko,85.6297860121769,85.6297860121769,15.235499281620047,15.235499281620044,70.39428673055684,70.39428673055684,gmina,30,WIELKOPOLSKIE,3010,koniński,3010013,Golina
niskie ryzyko,998.0668189164048,993.8839145796856,718.7557392723756,714.7888325807096,279.3110796440289,279.09508199897607,gmina,30,WIELKOPOLSKIE,3010,koniński,3010052,Kramsk
wysokie ryzyko,315.1121812511542,323.974524881731,219.1293381638418,227.9916817944185,95.98284308731246,95.98284308731246,gmina,30,WIELKOPOLSKIE,3010,koniński,3010052,Kramsk
niskie ryzyko,1101.7770676619152,1078.90530236402,673.0651259700953,653.2419945840114,428.71194169181985,425.6633077800085,gmina,30,WIELKOPOLSKIE,3010,koniński,3010062,Krzymów
wysokie ryzyko,499.5904643110323,495.6163255633529,304.44693511203405,304.0621358830813,195.1435291989982,191.5541896802716,gmina,30,WIELKOPOLSKIE,3010,koniński,3010062,Krzymów
niskie ryzyko,7.441176625998003,7.441176625998002,0.0,0.0,7.441176625998003,7.441176625998002,gmina,30,WIELKOPOLSKIE,3010,koniński,3010073,Rychwał
niskie ryzyko,539.3781096744574,538.3916818620227,470.11613216943186,469.1297043569972,69.26197750502553,69.26197750502551,gmina,30,WIELKOPOLSKIE,3010,koniński,3010082,Rzgów
wysokie ryzyko,317.17742365585735,316.1341601065805,272.782686296541,271.73942274726414,44.39473735931635,44.39473735931635,gmina,30,WIELKOPOLSKIE,3010,koniński,3010082,Rzgów
niskie ryzyko,46.154484617461726,46.154484617461726,41.42645471665972,41.42645471665972,4.728029900802006,4.728029900802006,gmina,30,WIELKOPOLSKIE,3010,koniński,3010092,Skulsk
wysokie ryzyko,5.902618433162944,5.902618433162944,5.902618433162944,5.902618433162944,0.0,0.0,gmina,30,WIELKOPOLSKIE,3010,koniński,3010092,Skulsk
niskie ryzyko,200.1438386632741,197.08888648546483,178.71187482948278,176.08398822712377,21.431963833791315,21.004898258341044,gmina,30,WIELKOPOLSKIE,3010,koniński,3010112,Stare Miasto
wysokie ryzyko,174.64346678614527,177.2713533885043,174.64346678614527,177.2713533885043,0.0,0.0,gmina,30,WIELKOPOLSKIE,3010,koniński,3010112,Stare Miasto
niskie ryzyko,3.2439485984813734,1.5719467287244815,0.350697918457071,0.3506979184570709,2.8932506800243023,1.2212488102674106,gmina,30,WIELKOPOLSKIE,3010,koniński,3010123,Ślesin
niskie ryzyko,40.45874248703529,39.41097511303125,37.1379297492833,36.22000331871425,3.320812737751985,3.190971794316993,gmina,30,WIELKOPOLSKIE,3011,kościański,3011032,Kościan
niskie ryzyko,161.73961013773192,140.56733825742327,158.3819790333875,137.34297924847394,3.357631104344457,3.2243590089493437,gmina,30,WIELKOPOLSKIE,3011,kościański,3011011,Kościan
wysokie ryzyko,385.36164104040495,361.1916578429409,385.36164104040495,361.1916578429409,0.0,0.0,gmina,30,WIELKOPOLSKIE,3011,kościański,3011011,Kościan
wysokie ryzyko,17.501510702141367,17.436257766855718,17.501510702141367,17.436257766855718,0.0,0.0,gmina,30,WIELKOPOLSKIE,3011,kościański,3011032,Kościan
niskie ryzyko,11.452480194335704,11.060106639419018,7.207367380462675,6.81499382554599,4.245112813873029,4.245112813873028,gmina,30,WIELKOPOLSKIE,3011,kościański,3011043,Krzywiń
niskie ryzyko,1.9057561060234125,1.9057561060234125,1.9057561060234125,1.9057561060234125,0.0,0.0,gmina,30,WIELKOPOLSKIE,3012,krotoszyński,3012023,Kobylin
niskie ryzyko,39.382100384720715,38.07690050717311,28.814461410925407,28.81446141092541,10.567638973795306,9.262439096247698,gmina,30,WIELKOPOLSKIE,3012,krotoszyński,3012033,Koźmin Wielkopolski
niskie ryzyko,1.5028713952324426,1.5028713952324426,0.0,0.0,1.5028713952324426,1.5028713952324426,gmina,30,WIELKOPOLSKIE,3008,kępiński,3008042,Łęka Opatowska
niskie ryzyko,147.88468095798115,147.19836261814524,109.7857904305292,109.09947209069328,38.09889052745196,38.09889052745196,gmina,30,WIELKOPOLSKIE,3013,leszczyński,3013043,Rydzyna
wysokie ryzyko,86.40431441259675,84.94594992472062,63.47274466198624,63.47274466198625,22.931569750610503,21.473205262734375,gmina,30,WIELKOPOLSKIE,3013,leszczyński,3013043,Rydzyna
niskie ryzyko,241.14945640128064,232.59575919416616,164.69827687607386,156.5763308950227,76.45117952520678,76.01942829914348,gmina,30,WIELKOPOLSKIE,3014,międzychodzki,3014033,Międzychód
wysokie ryzyko,380.0383265310669,317.48643258838484,226.3431533882627,164.96947717544532,153.69517314280415,152.51695541293955,gmina,30,WIELKOPOLSKIE,3014,międzychodzki,3014033,Międzychód
niskie ryzyko,121.7772057349963,112.9247911231755,106.96174867520706,101.16918331609388,14.815457059789235,11.755607807081606,gmina,30,WIELKOPOLSKIE,3014,międzychodzki,3014043,Sieraków
wysokie ryzyko,46.91153264445556,46.83756374564472,31.137756377182704,31.06378747837187,15.773776267272853,15.773776267272853,gmina,30,WIELKOPOLSKIE,3014,międzychodzki,3014043,Sieraków
niskie ryzyko,372.9878156979413,301.633200365806,354.3981618170504,283.04354648491505,18.589653880890904,18.589653880890904,gmina,30,WIELKOPOLSKIE,3015,nowotomyski,3015063,Zbąszyń
wysokie ryzyko,37.05759874042213,21.865079428541723,37.05759874042213,21.865079428541723,0.0,0.0,gmina,30,WIELKOPOLSKIE,3015,nowotomyski,3015063,Zbąszyń
niskie ryzyko,312.11074512410175,477.85821821623966,254.37734842951275,421.2976861253531,57.73339669458901,56.560532090886525,gmina,30,WIELKOPOLSKIE,3016,obornicki,3016013,Oborniki
wysokie ryzyko,518.6042609476254,409.29967726608487,490.9707262481621,381.66614256662155,27.63353469946331,27.63353469946331,gmina,30,WIELKOPOLSKIE,3016,obornicki,3016013,Oborniki
niskie ryzyko,217.97765607268343,194.87592450698557,164.01156414980855,141.69779296008292,53.96609192287488,53.17813154690266,gmina,30,WIELKOPOLSKIE,3016,obornicki,3016023,Rogoźno
wysokie ryzyko,0.3027732797982465,0.3027732797982465,0.3027732797982465,0.3027732797982465,0.0,0.0,gmina,30,WIELKOPOLSKIE,3017,ostrowski,3017023,Nowe Skalmierzyce
niskie ryzyko,431.29987016320496,423.7096114728118,421.39752335406473,388.9365586939271,9.902346809140198,34.77305277888463,gmina,30,WIELKOPOLSKIE,3017,ostrowski,3017033,Odolanów
wysokie ryzyko,897.1464570114094,946.353313342432,888.6452700096829,937.8521263407054,8.501187001726475,8.501187001726475,gmina,30,WIELKOPOLSKIE,3017,ostrowski,3017033,Odolanów
niskie ryzyko,50.12288600828791,49.00676891746467,50.12288600828791,49.00676891746467,0.0,0.0,gmina,30,WIELKOPOLSKIE,3017,ostrowski,3017011,Ostrów Wielkopolski
niskie ryzyko,4.580152733409407,4.580152733409407,4.580152733409407,4.580152733409407,0.0,0.0,gmina,30,WIELKOPOLSKIE,3017,ostrowski,3017042,Ostrów Wielkopolski
wysokie ryzyko,30.615435487114866,28.439112096289847,30.615435487114866,28.439112096289847,0.0,0.0,gmina,30,WIELKOPOLSKIE,3017,ostrowski,3017011,Ostrów Wielkopolski
niskie ryzyko,1.3333333333333333,1.3333333333333333,1.3333333333333333,1.3333333333333333,0.0,0.0,gmina,30,WIELKOPOLSKIE,3017,ostrowski,3017052,Przygodzice
niskie ryzyko,6.746624101666178,6.746624101666178,6.746624101666178,6.746624101666178,0.0,0.0,gmina,30,WIELKOPOLSKIE,3017,ostrowski,3017063,Raszków
wysokie ryzyko,8.112319419832684,8.112319419832684,8.112319419832684,8.112319419832684,0.0,0.0,gmina,30,WIELKOPOLSKIE,3017,ostrowski,3017063,Raszków
niskie ryzyko,10.90693654375989,10.90693654375989,9.94693521693216,9.94693521693216,0.9600013268277312,0.9600013268277312,gmina,30,WIELKOPOLSKIE,3017,ostrowski,3017072,Sieroszewice
wysokie ryzyko,0.3016140209933095,0.2549742991455819,0.3016140209933095,0.2549742991455819,0.0,0.0,gmina,30,WIELKOPOLSKIE,3017,ostrowski,3017072,Sieroszewice
niskie ryzyko,45.64077616508785,45.60677060920636,35.76506975519009,35.7310641993086,9.875706409897756,9.875706409897758,gmina,30,WIELKOPOLSKIE,3017,ostrowski,3017082,Sośnie
wysokie ryzyko,31.999274954777633,31.78904151464411,13.38003693994326,13.169803499809742,18.619238014834373,18.619238014834373,gmina,30,WIELKOPOLSKIE,3017,ostrowski,3017082,Sośnie
niskie ryzyko,0.9232306738716698,0.92323067387167,0.9232306738716698,0.92323067387167,0.0,0.0,gmina,30,WIELKOPOLSKIE,3018,ostrzeszowski,3018022,Doruchów
niskie ryzyko,60.86610550139349,67.03696171563298,60.84941117409774,67.02026738833723,0.0166943272957454,0.0166943272957454,gmina,30,WIELKOPOLSKIE,3018,ostrzeszowski,3018033,Grabów nad Prosną
wysokie ryzyko,4.73672618575898,4.736726185758981,4.73672618575898,4.736726185758981,0.0,0.0,gmina,30,WIELKOPOLSKIE,3018,ostrzeszowski,3018033,Grabów nad Prosną
niskie ryzyko,158.71595529985237,157.78253071353538,154.39443801169267,135.29067262703006,4.321517288159704,22.491858086505317,gmina,30,WIELKOPOLSKIE,3019,pilski,3019011,Piła
wysokie ryzyko,2.0378634064126717,2.010268819621166,2.0378634064126717,2.010268819621166,0.0,0.0,gmina,30,WIELKOPOLSKIE,3019,pilski,3019011,Piła
niskie ryzyko,11.44395598186586,11.344779338664306,0.0,0.0,11.44395598186586,11.344779338664306,gmina,30,WIELKOPOLSKIE,3019,pilski,3019062,Szydłowo
niskie ryzyko,88.9737965293104,88.52243915749854,88.9737965293104,88.52243915749854,0.0,0.0,gmina,30,WIELKOPOLSKIE,3019,pilski,3019073,Ujście
wysokie ryzyko,9.40093583845129,9.399565078698952,9.40093583845129,9.399565078698952,0.0,0.0,gmina,30,WIELKOPOLSKIE,3019,pilski,3019073,Ujście
niskie ryzyko,72.17325574533429,72.17304384243509,68.17325574533429,68.17304384243509,4.0,4.0,gmina,30,WIELKOPOLSKIE,3019,pilski,3019083,Wyrzysk
wysokie ryzyko,27.937566273032864,27.937566273032864,24.937566273032864,24.937566273032864,3.0,3.0000000000000004,gmina,30,WIELKOPOLSKIE,3019,pilski,3019083,Wyrzysk
niskie ryzyko,20.171012512872615,19.58069615509279,20.171012512872615,19.58069615509279,0.0,0.0,gmina,30,WIELKOPOLSKIE,3020,pleszewski,3020013,Chocz
wysokie ryzyko,10.52834379594087,9.731334592131883,10.52834379594087,9.731334592131883,0.0,0.0,gmina,30,WIELKOPOLSKIE,3020,pleszewski,3020013,Chocz
niskie ryzyko,88.81084270493494,88.81084270493494,88.81084270493494,88.81084270493494,0.0,0.0,gmina,30,WIELKOPOLSKIE,3020,pleszewski,3020022,Czermin
niskie ryzyko,0.0,2.1384942350952114,0.0,2.1384942350952114,0.0,0.0,gmina,30,WIELKOPOLSKIE,3020,pleszewski,3020033,Dobrzyca
niskie ryzyko,178.3821737594873,169.44436138364435,178.3821737594873,169.44436138364435,0.0,0.0,gmina,30,WIELKOPOLSKIE,3020,pleszewski,3020042,Gizałki
wysokie ryzyko,34.190508522836545,39.06205054231734,34.190508522836545,39.06205054231734,0.0,0.0,gmina,30,WIELKOPOLSKIE,3020,pleszewski,3020042,Gizałki
niskie ryzyko,2.323052927308165,2.3230529273081655,2.323052927308165,2.3230529273081655,0.0,0.0,gmina,30,WIELKOPOLSKIE,3020,pleszewski,3020052,Gołuchów
wysokie ryzyko,3.0,3.0,3.0,3.0,0.0,0.0,gmina,30,WIELKOPOLSKIE,3020,pleszewski,3020052,Gołuchów
niskie ryzyko,2.990289529349998,2.990289529349998,2.990289529349998,2.990289529349998,0.0,0.0,gmina,30,WIELKOPOLSKIE,3020,pleszewski,3020063,Pleszew
niskie ryzyko,60.367209911254776,59.92000361099173,40.771173027736104,42.023120340366845,19.59603688351867,17.89688327062488,gmina,30,WIELKOPOLSKIE,3021,poznański,3021042,Czerwonak
wysokie ryzyko,8.719510269660919,12.763308083822436,0.0,4.043797814161518,8.719510269660919,8.719510269660917,gmina,30,WIELKOPOLSKIE,3021,poznański,3021042,Czerwonak
niskie ryzyko,14.442479650547051,11.55311999156293,14.442479650547051,11.55311999156293,0.0,0.0,gmina,30,WIELKOPOLSKIE,3021,poznański,3021052,Dopiewo
niskie ryzyko,162.44633607589196,158.51890736494897,65.08776437279222,36.191823556094626,97.35857170309974,122.32708380885435,gmina,30,WIELKOPOLSKIE,3021,poznański,3021072,Komorniki
wysokie ryzyko,69.76071285805146,42.039974961525935,10.543914701841723,3.589776764851189,59.21679815620974,38.45019819667475,gmina,30,WIELKOPOLSKIE,3021,poznański,3021072,Komorniki
niskie ryzyko,21.241537179950193,21.241537179950193,0.5127497809079006,0.5127497809079005,20.728787399042293,20.728787399042293,gmina,30,WIELKOPOLSKIE,3021,poznański,3021093,Kórnik
niskie ryzyko,148.4320886056006,115.97801180353302,145.5783448243494,113.1242680222818,2.8537437812512065,2.8537437812512065,gmina,30,WIELKOPOLSKIE,3021,poznański,3021011,Luboń
wysokie ryzyko,286.8625913575481,284.1554650043062,280.7377638869175,278.03063753367553,6.124827470630676,6.124827470630676,gmina,30,WIELKOPOLSKIE,3021,poznański,3021011,Luboń
niskie ryzyko,572.4451028343074,536.8649656884659,74.12922791018543,68.31743152964435,498.3158749241219,468.54753415882146,gmina,30,WIELKOPOLSKIE,3021,poznański,3021103,Mosina
wysokie ryzyko,180.2723657011184,177.92037289423146,0.7197304653521311,0.7197304653521311,179.55263523576627,177.20064242887932,gmina,30,WIELKOPOLSKIE,3021,poznański,3021103,Mosina
niskie ryzyko,11.309643685360609,11.309643685360609,0.0,0.0,11.309643685360609,11.309643685360609,gmina,30,WIELKOPOLSKIE,3021,poznański,3021113,Murowana Goślina
wysokie ryzyko,5.6930215520410625,5.693021552041062,0.0,0.0,5.6930215520410625,5.693021552041062,gmina,30,WIELKOPOLSKIE,3021,poznański,3021113,Murowana Goślina
niskie ryzyko,14.53966347774469,13.492406488746145,3.817488255022761,2.770231266024213,10.722175222721928,10.72217522272193,gmina,30,WIELKOPOLSKIE,3021,poznański,3021123,Pobiedziska
niskie ryzyko,217.1489292908707,205.84389596207524,0.0,0.0,217.1489292908707,205.84389596207524,gmina,30,WIELKOPOLSKIE,3021,poznański,3021021,Puszczykowo
wysokie ryzyko,563.6946893187426,540.8277525738649,0.0,0.0,563.6946893187426,540.8277525738649,gmina,30,WIELKOPOLSKIE,3021,poznański,3021021,Puszczykowo
niskie ryzyko,15.712102312936846,15.62781739886151,0.0,0.0,15.712102312936846,15.62781739886151,gmina,30,WIELKOPOLSKIE,3021,poznański,3021143,Stęszew
wysokie ryzyko,0.2316611185552811,0.2316611185552811,0.0,0.0,0.2316611185552811,0.2316611185552811,gmina,30,WIELKOPOLSKIE,3021,poznański,3021143,Stęszew
niskie ryzyko,1.0,1.0,1.0,1.0,0.0,0.0,gmina,30,WIELKOPOLSKIE,3021,poznański,3021152,Suchy Las
niskie ryzyko,20.840750803038652,17.04923418862898,0.8996823726160563,0.8934740780405156,19.941068430422597,16.155760110588467,gmina,30,WIELKOPOLSKIE,3021,poznański,3021163,Swarzędz
niskie ryzyko,10.164330721021912,9.756318169282736,10.164330721021912,9.756318169282736,0.0,0.0,gmina,30,WIELKOPOLSKIE,3022,rawicki,3022023,Jutrosin
niskie ryzyko,47.12818698117545,47.12818698117545,47.12818698117545,47.12818698117545,0.0,0.0,gmina,30,WIELKOPOLSKIE,3022,rawicki,3022042,Pakosław
niskie ryzyko,130.97675343917183,133.8171759861714,84.08876442388424,87.02442077736669,46.88798901528758,46.792755208804714,gmina,30,WIELKOPOLSKIE,3022,rawicki,3022053,Rawicz
wysokie ryzyko,6.8317632269584365,6.8317632269584365,6.8317632269584365,6.8317632269584365,0.0,0.0,gmina,30,WIELKOPOLSKIE,3022,rawicki,3022053,Rawicz
niskie ryzyko,112.93436848614306,129.22130774964543,97.0937073082756,115.99776708647876,15.84066117786745,13.223540663166702,gmina,30,WIELKOPOLSKIE,3024,szamotulski,3024011,Obrzycko
niskie ryzyko,56.40492780455307,53.06325038490089,50.40492780455307,47.06325038490089,6.0,6.0,gmina,30,WIELKOPOLSKIE,3024,szamotulski,3024042,Obrzycko
wysokie ryzyko,8.252567292074053,7.851915142369949,8.252567292074053,7.851915142369949,0.0,0.0,gmina,30,WIELKOPOLSKIE,3024,szamotulski,3024011,Obrzycko
wysokie ryzyko,75.43405888634933,69.245788895469,75.43405888634933,69.245788895469,0.0,0.0,gmina,30,WIELKOPOLSKIE,3024,szamotulski,3024042,Obrzycko
niskie ryzyko,39.67385614644455,90.75635578366948,37.200818985226334,88.28331862245128,2.473037161218217,2.4730371612182176,gmina,30,WIELKOPOLSKIE,3024,szamotulski,3024073,Szamotuły
niskie ryzyko,99.83160552023855,159.23506457037223,34.1906384083573,91.56524544137656,65.64096711188127,67.66981912899566,gmina,30,WIELKOPOLSKIE,3024,szamotulski,3024083,Wronki
wysokie ryzyko,74.08699507076001,43.63959107843332,61.609948265147246,31.16254427282056,12.47704680561276,12.47704680561276,gmina,30,WIELKOPOLSKIE,3024,szamotulski,3024083,Wronki
niskie ryzyko,118.37012604005444,113.81258183869411,112.96649996001626,108.40895575865594,5.403626080038184,5.403626080038185,gmina,30,WIELKOPOLSKIE,3023,słupecki,3023022,Lądek
wysokie ryzyko,168.27242061600404,168.27242061600404,168.27242061600404,168.27242061600404,0.0,0.0,gmina,30,WIELKOPOLSKIE,3023,słupecki,3023022,Lądek
niskie ryzyko,36.60768376746568,36.60768376746568,36.60768376746568,36.60768376746568,0.0,0.0,gmina,30,WIELKOPOLSKIE,3023,słupecki,3023062,Słupca
niskie ryzyko,114.95419902625268,111.09367980879752,109.95419902625268,106.09367980879752,5.0,5.0,gmina,30,WIELKOPOLSKIE,3023,słupecki,3023083,Zagórów
wysokie ryzyko,35.601184950065765,33.72026934748125,23.601184950065765,21.72026934748125,12.0,12.0,gmina,30,WIELKOPOLSKIE,3023,słupecki,3023083,Zagórów
niskie ryzyko,493.0593224128713,478.97602937391736,307.3447975683456,293.2615045293917,185.71452484452573,185.71452484452573,gmina,30,WIELKOPOLSKIE,3027,turecki,3027022,Brudzew
wysokie ryzyko,240.66519419086345,254.95258750056408,152.81085598781178,172.47641330146178,87.85433820305165,82.4761741991023,gmina,30,WIELKOPOLSKIE,3027,turecki,3027022,Brudzew
niskie ryzyko,192.55762045122637,190.74228807471752,93.29798189869815,91.48264952218932,99.25963855252822,99.25963855252822,gmina,30,WIELKOPOLSKIE,3027,turecki,3027033,Dobra
wysokie ryzyko,82.21078475475856,79.29545055053687,52.09190800558427,49.17657380136258,30.118876749174294,30.118876749174294,gmina,30,WIELKOPOLSKIE,3027,turecki,3027033,Dobra
niskie ryzyko,307.45988775158713,310.3841821320724,209.64381735081167,212.56811173129697,97.81607040077544,97.81607040077544,gmina,30,WIELKOPOLSKIE,3027,turecki,3027062,Przykona
wysokie ryzyko,224.5115974685186,221.58730308803337,154.2431143349238,151.31881995443854,70.2684831335948,70.2684831335948,gmina,30,WIELKOPOLSKIE,3027,turecki,3027062,Przykona
niskie ryzyko,7.252347927638767,7.252347927638766,0.0,0.0,7.252347927638767,7.252347927638766,gmina,30,WIELKOPOLSKIE,3027,turecki,3027073,Tuliszków
niskie ryzyko,21.62410862849037,21.62410862849037,14.894288360097448,14.894288360097448,6.7298202683929205,6.7298202683929205,gmina,30,WIELKOPOLSKIE,3027,turecki,3027082,Turek
niskie ryzyko,18.713023921337033,18.713023921337033,18.713023921337033,18.713023921337033,0.0,0.0,gmina,30,WIELKOPOLSKIE,3029,wolsztyński,3029012,Przemęt
niskie ryzyko,89.17586654165407,88.544639757163,83.7810592449759,83.14983246048483,5.3948072966781675,5.3948072966781675,gmina,30,WIELKOPOLSKIE,3029,wolsztyński,3029022,Siedlec
wysokie ryzyko,77.83612569279423,77.18793527387129,77.83612569279423,77.18793527387129,0.0,0.0,gmina,30,WIELKOPOLSKIE,3029,wolsztyński,3029022,Siedlec
niskie ryzyko,13.789068961239558,13.626214539588153,13.777149501048925,13.615042010667963,0.0119194601906326,0.0111725289201899,gmina,30,WIELKOPOLSKIE,3029,wolsztyński,3029033,Wolsztyn
wysokie ryzyko,28.56420219775246,28.384812170896417,28.56420219775246,28.384812170896417,0.0,0.0,gmina,30,WIELKOPOLSKIE,3029,wolsztyński,3029033,Wolsztyn
niskie ryzyko,69.41711390055278,61.27092223480406,32.457733125253036,30.925171188744432,36.95938077529974,30.345751046059632,gmina,30,WIELKOPOLSKIE,3030,wrzesiński,3030012,Kołaczkowo
wysokie ryzyko,6.083729474977236,6.0667646270001345,0.0,0.0,6.083729474977236,6.0667646270001345,gmina,30,WIELKOPOLSKIE,3030,wrzesiński,3030012,Kołaczkowo
niskie ryzyko,411.91822151894206,397.4033381412606,403.0978419713398,388.4916643382043,8.820379547602245,8.911673803056267,gmina,30,WIELKOPOLSKIE,3030,wrzesiński,3030023,Miłosław
wysokie ryzyko,440.66710009573853,471.2969961870633,423.1659532691475,454.6864101817786,17.50114682659103,16.610586005284663,gmina,30,WIELKOPOLSKIE,3030,wrzesiński,3030023,Miłosław
niskie ryzyko,728.9720654436654,722.5910232832402,337.8354207270618,331.57751644868523,391.13664471660366,391.01350683455496,gmina,30,WIELKOPOLSKIE,3030,wrzesiński,3030043,Pyzdry
wysokie ryzyko,555.2070005924259,546.9075887967019,404.0537914506991,395.7543796549753,151.15320914172668,151.15320914172668,gmina,30,WIELKOPOLSKIE,3030,wrzesiński,3030043,Pyzdry
niskie ryzyko,177.63200374263343,117.9071382794187,106.06443071119956,59.355657603370474,71.56757303143387,58.55148067604822,gmina,30,WIELKOPOLSKIE,3030,wrzesiński,3030053,Września
wysokie ryzyko,6.681504665581244,6.681504665581246,5.9327374301259335,5.932737430125934,0.7487672354553108,0.7487672354553108,gmina,30,WIELKOPOLSKIE,3030,wrzesiński,3030053,Września
niskie ryzyko,9.982160501846494,9.226675582549152,5.851851851851852,5.096366932554511,4.130308649994642,4.130308649994642,gmina,30,WIELKOPOLSKIE,3028,wągrowiecki,3028043,Mieścisko
niskie ryzyko,72.86862965879361,94.65205844989742,72.86862965879361,90.31600932331772,0.0,4.33604912657969,gmina,30,WIELKOPOLSKIE,3028,wągrowiecki,3028053,Skoki
wysokie ryzyko,57.623714203516656,44.29220145223468,47.69284756427759,34.36133481299562,9.93086663923906,9.930866639239058,gmina,30,WIELKOPOLSKIE,3028,wągrowiecki,3028053,Skoki
niskie ryzyko,65.46169192986027,60.70086827385428,64.62625290250533,59.882991085827534,0.8354390273549344,0.8178771880267461,gmina,30,WIELKOPOLSKIE,3028,wągrowiecki,3028011,Wągrowiec
niskie ryzyko,0.1276483970220904,0.1176098543604059,0.0583733736085402,0.0483348309468557,0.0692750234135502,0.0692750234135502,gmina,30,WIELKOPOLSKIE,3028,wągrowiecki,3028072,Wągrowiec
niskie ryzyko,3.2222227782527346,3.159917695645729,0.0,0.0,3.2222227782527346,3.159917695645729,gmina,30,WIELKOPOLSKIE,3031,złotowski,3031023,Jastrowie
niskie ryzyko,1076.9514352027188,1066.86094458021,749.1133365642974,747.7484353631602,327.8380986384215,319.11250921705,gmina,30,WIELKOPOLSKIE,3025,średzki,3025022,Krzykosy
wysokie ryzyko,765.2442528712307,749.274727791737,442.8123104033818,423.18145768284745,322.4319424678489,326.09327010888944,gmina,30,WIELKOPOLSKIE,3025,średzki,3025022,Krzykosy
niskie ryzyko,168.01513432293703,164.33972210586094,70.6579085177911,66.98249630071498,97.35722580514596,97.35722580514596,gmina,30,WIELKOPOLSKIE,3025,średzki,3025032,Nowe Miasto nad Wartą
wysokie ryzyko,100.21804886259618,105.9767997057658,3.0060358378463077,8.764786681015924,97.21201302474988,97.21201302474988,gmina,30,WIELKOPOLSKIE,3025,średzki,3025032,Nowe Miasto nad Wartą
niskie ryzyko,98.84977144129832,98.84977144129832,69.89699201440469,69.89699201440467,28.95277942689364,28.95277942689364,gmina,30,WIELKOPOLSKIE,3025,średzki,3025053,Zaniemyśl
wysokie ryzyko,49.529287592997235,49.529287592997235,47.279287592997235,47.279287592997235,2.25,2.25,gmina,30,WIELKOPOLSKIE,3025,średzki,3025053,Zaniemyśl
niskie ryzyko,14.744179724794677,13.713466901089602,5.3179917740997515,5.133323353595076,9.426187950694926,8.580143547494526,gmina,30,WIELKOPOLSKIE,3025,średzki,3025043,Środa Wielkopolska
wysokie ryzyko,4.431826050827505,4.431826050827505,0.0,0.0,4.431826050827505,4.431826050827505,gmina,30,WIELKOPOLSKIE,3025,średzki,3025043,Środa Wielkopolska
wysokie ryzyko,25.017907777751383,24.751295529302165,0.0,0.0,25.017907777751383,24.751295529302165,gmina,30,WIELKOPOLSKIE,3026,śremski,3026012,Brodnica
niskie ryzyko,196.37047905046143,196.36653822378705,77.0160703300724,77.0160703300724,119.35440872038902,119.35046789371464,gmina,30,WIELKOPOLSKIE,3026,śremski,3026033,Książ Wielkopolski
wysokie ryzyko,38.50389127199212,38.50389127199212,15.172663559725091,15.172663559725097,23.331227712267022,23.331227712267022,gmina,30,WIELKOPOLSKIE,3026,śremski,3026033,Książ Wielkopolski
niskie ryzyko,1296.7859696208372,1128.075189079713,882.9263296712413,731.4746844233206,413.859639949596,396.6005046563925,gmina,30,WIELKOPOLSKIE,3026,śremski,3026043,Śrem
wysokie ryzyko,868.9510004543481,886.402726066189,656.9255597803509,674.3772853921918,212.0254406739972,212.02544067399717,gmina,30,WIELKOPOLSKIE,3026,śremski,3026043,Śrem
niskie ryzyko,569.9894854229295,551.3353953100853,549.6749940259833,527.2437586760688,20.31449139694625,24.091636634016616,gmina,32,ZACHODNIOPOMORSKIE,3262,Szczecin,3262011,Szczecin
wysokie ryzyko,445.8839414318816,707.6967479368807,381.9122835415099,554.3441352990645,63.97165789037172,153.35261263781626,gmina,32,ZACHODNIOPOMORSKIE,3262,Szczecin,3262011,Szczecin
niskie ryzyko,886.4882230681283,818.5121789825597,882.6880231606934,814.7119790751249,3.800199907434812,3.800199907434812,gmina,32,ZACHODNIOPOMORSKIE,3201,białogardzki,3201011,Białogard
niskie ryzyko,18.290117199818113,18.215513966064183,0.0,0.0,18.290117199818113,18.215513966064183,gmina,32,ZACHODNIOPOMORSKIE,3201,białogardzki,3201022,Białogard
wysokie ryzyko,548.8990119469211,490.29828955492377,548.8990119469211,490.29828955492377,0.0,0.0,gmina,32,ZACHODNIOPOMORSKIE,3201,białogardzki,3201011,Białogard
wysokie ryzyko,1.4872000712303903,1.4872000712303903,0.0,0.0,1.4872000712303903,1.4872000712303903,gmina,32,ZACHODNIOPOMORSKIE,3201,białogardzki,3201022,Białogard
niskie ryzyko,64.57303879080392,41.49604305307791,59.87560525489089,36.79860951716488,4.697433535913032,4.6974335359130315,gmina,32,ZACHODNIOPOMORSKIE,3201,białogardzki,3201033,Karlino
niskie ryzyko,7.374115655258896,7.374115655258896,0.0,0.0,7.374115655258896,7.374115655258896,gmina,32,ZACHODNIOPOMORSKIE,3201,białogardzki,3201043,Tychowo
niskie ryzyko,27.6801223034626,27.01990295657749,27.44327992581529,26.783060578930176,0.2368423776473092,0.2368423776473091,gmina,32,ZACHODNIOPOMORSKIE,3202,choszczeński,3202033,Drawno
niskie ryzyko,18.123042181704587,17.845537864547342,18.123042181704587,17.845537864547342,0.0,0.0,gmina,32,ZACHODNIOPOMORSKIE,3202,choszczeński,3202042,Krzęcin
niskie ryzyko,1.5411841655393854,1.5411841655393854,0.0,0.0,1.5411841655393854,1.5411841655393854,gmina,32,ZACHODNIOPOMORSKIE,3202,choszczeński,3202063,Recz
niskie ryzyko,6.360943718499016,171.1483543766152,2.135307743067852,166.92271840118406,4.225635975431164,4.225635975431164,gmina,32,ZACHODNIOPOMORSKIE,3203,drawski,3203023,Drawsko Pomorskie
niskie ryzyko,4.235326714181484,4.235326714181484,2.2700325100144365,2.2700325100144365,1.9652942041670485,1.9652942041670485,gmina,32,ZACHODNIOPOMORSKIE,3203,drawski,3203063,Złocieniec
wysokie ryzyko,0.4351566838929523,0.4351566838929523,0.4351566838929523,0.4351566838929523,0.0,0.0,gmina,32,ZACHODNIOPOMORSKIE,3203,drawski,3203063,Złocieniec
niskie ryzyko,617.0693073922935,828.3959847551555,291.7744437245152,503.6858967738415,325.2948636677783,324.710087981314,gmina,32,ZACHODNIOPOMORSKIE,3204,goleniowski,3204023,Goleniów
wysokie ryzyko,673.2714626567507,549.9595500591266,616.8516964725104,492.0842406035793,56.419766184240295,57.875309455547374,gmina,32,ZACHODNIOPOMORSKIE,3204,goleniowski,3204023,Goleniów
niskie ryzyko,1.1871415862523111,1.1871415862523111,0.1789894027250845,0.1789894027250845,1.008152183527227,1.008152183527227,gmina,32,ZACHODNIOPOMORSKIE,3204,goleniowski,3204043,Nowogard
wysokie ryzyko,7.460540083668068,7.460540083668068,0.0,0.0,7.460540083668068,7.460540083668068,gmina,32,ZACHODNIOPOMORSKIE,3204,goleniowski,3204043,Nowogard
niskie ryzyko,11.657643852179756,11.31655854302712,0.8988605693319219,0.898860569331922,10.758783282847832,10.417697973695198,gmina,32,ZACHODNIOPOMORSKIE,3204,goleniowski,3204062,Przybiernów
niskie ryzyko,614.7930223623479,601.6733610187135,500.8616046290333,488.3370541839092,113.93141773331452,113.33630683480428,gmina,32,ZACHODNIOPOMORSKIE,3204,goleniowski,3204073,Stepnica
wysokie ryzyko,666.4828059244509,630.1590535915661,577.1508456434456,539.6347984324032,89.33196028100528,90.52425515916296,gmina,32,ZACHODNIOPOMORSKIE,3204,goleniowski,3204073,Stepnica
wysokie ryzyko,2.677073704465279,2.677073704465279,2.677073704465279,2.677073704465279,0.0,0.0,gmina,32,ZACHODNIOPOMORSKIE,3205,gryficki,3205012,Brojce
niskie ryzyko,194.3400940952192,164.27290352870386,171.1400940952192,155.48201231051223,23.2,8.790891218191636,gmina,32,ZACHODNIOPOMORSKIE,3205,gryficki,3205023,Gryfice
wysokie ryzyko,65.61810205756953,51.13431663485195,65.61810205756953,51.13431663485195,0.0,0.0,gmina,32,ZACHODNIOPOMORSKIE,3205,gryficki,3205023,Gryfice
niskie ryzyko,1.2571859128153555,1.2181819751616034,0.0,0.0,1.2571859128153555,1.2181819751616034,gmina,32,ZACHODNIOPOMORSKIE,3205,gryficki,3205032,Karnice
niskie ryzyko,11.31824396296384,5.049057745726448,11.31824396296384,5.049057745726448,0.0,0.0,gmina,32,ZACHODNIOPOMORSKIE,3205,gryficki,3205043,Płoty
niskie ryzyko,4.472025132007785,3.4065680876797866,4.269910702223811,3.2119223071755214,0.2021144297839737,0.1946457805042651,gmina,32,ZACHODNIOPOMORSKIE,3205,gryficki,3205072,Rewal
niskie ryzyko,255.8790101329483,474.8445036013958,252.97304605245264,471.9266005802817,2.9059640804956524,2.917903021114096,gmina,32,ZACHODNIOPOMORSKIE,3205,gryficki,3205083,Trzebiatów
wysokie ryzyko,319.9471656178918,290.3646105533429,319.9471656178918,290.3646105533429,0.0,0.0,gmina,32,ZACHODNIOPOMORSKIE,3205,gryficki,3205083,Trzebiatów
niskie ryzyko,20.413984800088944,42.73422138001702,20.413984800088944,42.27513198669874,0.0,0.4590893933182812,gmina,32,ZACHODNIOPOMORSKIE,3206,gryfiński,3206012,Banie
wysokie ryzyko,43.98741636525824,33.368567578446914,43.98741636525824,33.368567578446914,0.0,0.0,gmina,32,ZACHODNIOPOMORSKIE,3206,gryfiński,3206012,Banie
niskie ryzyko,225.0116775637731,257.96506460068537,95.91708231488624,129.25204558606606,129.09459524888686,128.7130190146193,gmina,32,ZACHODNIOPOMORSKIE,3206,gryfiński,3206023,Cedynia
wysokie ryzyko,501.1196243664543,461.4402206331496,402.3154093800627,361.5018026058609,98.8042149863916,99.93841802728863,gmina,32,ZACHODNIOPOMORSKIE,3206,gryfiński,3206023,Cedynia
niskie ryzyko,50.31723558978244,48.72881886423371,24.934288294621705,21.02913504753068,25.382947295160733,27.699683816703043,gmina,32,ZACHODNIOPOMORSKIE,3206,gryfiński,3206033,Chojna
wysokie ryzyko,26.94299187402586,19.31515167074088,18.192707661032465,12.48290379654798,8.750284212993396,6.832247874192898,gmina,32,ZACHODNIOPOMORSKIE,3206,gryfiński,3206033,Chojna
niskie ryzyko,61.211904519126435,112.75049741601389,32.9065098374763,70.93438571907308,28.30539468165013,41.8161116969408,gmina,32,ZACHODNIOPOMORSKIE,3206,gryfiński,3206043,Gryfino
wysokie ryzyko,80.50817236423929,169.51355243194618,44.254177114858,131.79000209899917,36.25399524938128,37.72355033294703,gmina,32,ZACHODNIOPOMORSKIE,3206,gryfiński,3206043,Gryfino
niskie ryzyko,39.13098956934321,34.93511933733318,5.161450268302274,8.190810701524349,33.96953930104093,26.744308635808828,gmina,32,ZACHODNIOPOMORSKIE,3206,gryfiński,3206053,Mieszkowice
wysokie ryzyko,2.589564541421506,10.37089677314012,0.0,8.261815292858468,2.589564541421506,2.109081480281651,gmina,32,ZACHODNIOPOMORSKIE,3206,gryfiński,3206053,Mieszkowice
niskie ryzyko,33.04587076824506,34.42518127095822,12.617299526588312,12.107699771581965,20.428571241656744,22.317481499376257,gmina,32,ZACHODNIOPOMORSKIE,3206,gryfiński,3206063,Moryń
wysokie ryzyko,14.04413563930217,18.181078839378216,0.0,6.860995861740904,14.04413563930217,11.320082977637313,gmina,32,ZACHODNIOPOMORSKIE,3206,gryfiński,3206063,Moryń
niskie ryzyko,0.0,0.9638882026758596,0.0,0.9638882026758596,0.0,0.0,gmina,32,ZACHODNIOPOMORSKIE,3206,gryfiński,3206072,Stare Czarnowo
niskie ryzyko,21.959215011943908,24.34287910722086,21.959215011943908,24.34287910722086,0.0,0.0,gmina,32,ZACHODNIOPOMORSKIE,3206,gryfiński,3206083,Trzcińsko-Zdrój
niskie ryzyko,45.42631446652789,41.874406392790576,29.00827821126325,24.028800205478085,16.418036255264635,17.84560618731249,gmina,32,ZACHODNIOPOMORSKIE,3206,gryfiński,3206092,Widuchowa
wysokie ryzyko,34.16843299315613,29.41645897350125,11.37447957587013,9.578284778424116,22.793953417286,19.838174195077137,gmina,32,ZACHODNIOPOMORSKIE,3206,gryfiński,3206092,Widuchowa
niskie ryzyko,234.66144625589396,244.17923123239945,224.6818782881572,234.1996632646627,9.97956796773676,9.97956796773676,gmina,32,ZACHODNIOPOMORSKIE,3207,kamieński,3207013,Dziwnów
wysokie ryzyko,274.1485169209053,276.5151155809911,268.3316968606266,270.72164227464634,5.816820060278683,5.7934733063447785,gmina,32,ZACHODNIOPOMORSKIE,3207,kamieński,3207013,Dziwnów
niskie ryzyko,14.82885464414351,14.46040060781714,14.221618291704516,13.853164255378148,0.607236352438993,0.6072363524389931,gmina,32,ZACHODNIOPOMORSKIE,3207,kamieński,3207023,Golczewo
wysokie ryzyko,13.35875234155311,13.358752341553108,13.35875234155311,13.358752341553108,0.0,0.0,gmina,32,ZACHODNIOPOMORSKIE,3207,kamieński,3207023,Golczewo
niskie ryzyko,79.28333685409693,73.24214405134954,21.52131237332935,17.001503789006186,57.76202448076758,56.240640262343355,gmina,32,ZACHODNIOPOMORSKIE,3207,kamieński,3207033,Kamień Pomorski
wysokie ryzyko,1.6318982639874118,1.6318982639874118,0.0,0.0,1.6318982639874118,1.6318982639874118,gmina,32,ZACHODNIOPOMORSKIE,3207,kamieński,3207033,Kamień Pomorski
niskie ryzyko,28.387020153163576,47.97944289665085,11.702350511225276,38.01498585452158,16.6846696419383,9.964457042129272,gmina,32,ZACHODNIOPOMORSKIE,3207,kamieński,3207043,Międzyzdroje
wysokie ryzyko,5.921334653423055,0.8671196655659882,0.0,0.0,5.921334653423055,0.8671196655659882,gmina,32,ZACHODNIOPOMORSKIE,3207,kamieński,3207043,Międzyzdroje
niskie ryzyko,70.24918227205188,69.08866801566785,36.394306399009885,35.334578395003945,33.85487587304199,33.75408962066391,gmina,32,ZACHODNIOPOMORSKIE,3207,kamieński,3207063,Wolin
wysokie ryzyko,17.95266499166002,17.95266499166002,7.730967936539753,7.730967936539753,10.221697055120266,10.221697055120266,gmina,32,ZACHODNIOPOMORSKIE,3207,kamieński,3207063,Wolin
niskie ryzyko,9.637704312501397,9.306701698767384,4.80583053063003,4.805830530630029,4.831873781871367,4.500871168137354,gmina,32,ZACHODNIOPOMORSKIE,3207,kamieński,3207052,Świerzno
niskie ryzyko,11.74667842415571,11.74667842415571,0.0,0.0,11.74667842415571,11.74667842415571,gmina,32,ZACHODNIOPOMORSKIE,3209,koszaliński,3209022,Biesiekierz
niskie ryzyko,139.7754128410782,129.43187674946486,53.00478233453894,52.78517739452502,86.77063050653926,76.64669935493984,gmina,32,ZACHODNIOPOMORSKIE,3209,koszaliński,3209012,Będzino
wysokie ryzyko,32.61287962299346,32.381776850437504,19.335296575420863,16.541545816040806,13.277583047572598,15.840231034396698,gmina,32,ZACHODNIOPOMORSKIE,3209,koszaliński,3209012,Będzino
niskie ryzyko,4.981371569738226,4.981371569738226,0.0,0.0,4.981371569738226,4.981371569738226,gmina,32,ZACHODNIOPOMORSKIE,3209,koszaliński,3209042,Manowo
wysokie ryzyko,1.9560774134818537,1.9560774134818537,0.0,0.0,1.9560774134818537,1.9560774134818537,gmina,32,ZACHODNIOPOMORSKIE,3209,koszaliński,3209042,Manowo
niskie ryzyko,11.837948572647,9.934232418273533,0.9951277769948504,0.9391927428707698,10.842820795652148,8.995039675402762,gmina,32,ZACHODNIOPOMORSKIE,3209,koszaliński,3209053,Mielno
niskie ryzyko,10.173302558813525,10.550938700979668,4.670537910860968,5.048174053027113,5.502764647952556,5.502764647952556,gmina,32,ZACHODNIOPOMORSKIE,3209,koszaliński,3209063,Polanów
niskie ryzyko,182.83487736087952,165.79961909197192,181.04635313187396,164.4856051232268,1.7885242290055616,1.3140139687451136,gmina,32,ZACHODNIOPOMORSKIE,3209,koszaliński,3209073,Sianów
wysokie ryzyko,7.670281362000273,7.153859307306567,7.670281362000273,7.153859307306567,0.0,0.0,gmina,32,ZACHODNIOPOMORSKIE,3209,koszaliński,3209073,Sianów
niskie ryzyko,142.46693822280992,147.13320267005258,142.46693822280992,147.13320267005258,0.0,0.0,gmina,32,ZACHODNIOPOMORSKIE,3208,kołobrzeski,3208011,Kołobrzeg
niskie ryzyko,31.269623902357097,33.89885801787731,0.7438822145166892,10.040912425445088,30.52574168784041,23.85794559243222,gmina,32,ZACHODNIOPOMORSKIE,3208,kołobrzeski,3208042,Kołobrzeg
wysokie ryzyko,38.424294395276746,38.09651082751153,4.334793664824399,4.1802741841379865,34.08950073045234,33.916236643373544,gmina,32,ZACHODNIOPOMORSKIE,3208,kołobrzeski,3208042,Kołobrzeg
wysokie ryzyko,502.0253787091915,487.3427349489157,502.0253787091915,487.3427349489157,0.0,0.0,gmina,32,ZACHODNIOPOMORSKIE,3208,kołobrzeski,3208011,Kołobrzeg
niskie ryzyko,2.8768532605969703,2.87685326059697,0.0,0.0,2.8768532605969703,2.87685326059697,gmina,32,ZACHODNIOPOMORSKIE,3208,kołobrzeski,3208052,Rymań
niskie ryzyko,28.513004111142383,23.48020171305219,28.513004111142383,23.48020171305219,0.0,0.0,gmina,32,ZACHODNIOPOMORSKIE,3208,kołobrzeski,3208072,Ustronie Morskie
niskie ryzyko,33.60956157737765,32.516968526420804,0.0,0.0,33.60956157737765,32.516968526420804,gmina,32,ZACHODNIOPOMORSKIE,3210,myśliborski,3210022,Boleszkowice
wysokie ryzyko,57.534375226744615,57.28511131517003,11.62432232711942,11.62432232711942,45.9100528996252,45.660788988050605,gmina,32,ZACHODNIOPOMORSKIE,3210,myśliborski,3210022,Boleszkowice
niskie ryzyko,5.953347207453357,5.903518318681138,0.0,0.0,5.953347207453357,5.903518318681138,gmina,32,ZACHODNIOPOMORSKIE,3210,myśliborski,3210033,Dębno
wysokie ryzyko,2.1089068271499363,2.1089068271499363,0.0,0.0,2.1089068271499363,2.1089068271499363,gmina,32,ZACHODNIOPOMORSKIE,3210,myśliborski,3210033,Dębno
niskie ryzyko,172.5101031301495,137.98393170097648,167.00756371519205,132.58389225891648,5.50253941495746,5.400039442060018,gmina,32,ZACHODNIOPOMORSKIE,3210,myśliborski,3210043,Myślibórz
wysokie ryzyko,8.533778556687155,7.971054526307686,2.3360316545903976,2.108935134282909,6.197746902096758,5.862119392024778,gmina,32,ZACHODNIOPOMORSKIE,3210,myśliborski,3210043,Myślibórz
niskie ryzyko,8.523112567720467,9.253228759660452,1.0542914921849338,3.6029711749808886,7.468821075535533,5.650257584679562,gmina,32,ZACHODNIOPOMORSKIE,3211,policki,3211022,Kołbaskowo
wysokie ryzyko,14.252552444767504,17.299393107973174,4.452047427944116,8.207315854105833,9.800505016823388,9.092077253867345,gmina,32,ZACHODNIOPOMORSKIE,3211,policki,3211022,Kołbaskowo
niskie ryzyko,136.06568723586898,149.40208244312822,61.12472531351504,81.51159430503935,74.94096192235394,67.89048813808888,gmina,32,ZACHODNIOPOMORSKIE,3211,policki,3211033,Nowe Warpno
wysokie ryzyko,60.30748818080122,63.40781744122541,23.538032266059375,30.786476514094872,36.76945591474185,32.62134092713054,gmina,32,ZACHODNIOPOMORSKIE,3211,policki,3211033,Nowe Warpno
niskie ryzyko,127.38265377832364,158.2883592054353,40.55093431972233,66.31459578355395,86.8317194586013,91.97376342188134,gmina,32,ZACHODNIOPOMORSKIE,3211,policki,3211043,Police
wysokie ryzyko,118.55464903253264,119.5507503989118,89.47686799973019,93.2734924855108,29.07778103280246,26.277257913401,gmina,32,ZACHODNIOPOMORSKIE,3211,policki,3211043,Police
niskie ryzyko,0.186723257173355,0.186723257173355,0.186723257173355,0.186723257173355,0.0,0.0,gmina,32,ZACHODNIOPOMORSKIE,3212,pyrzycki,3212062,Warnice
niskie ryzyko,1.945601534952668,1.9254286339726432,0.0,0.0,1.945601534952668,1.9254286339726432,gmina,32,ZACHODNIOPOMORSKIE,3214,stargardzki,3214033,Dobrzany
niskie ryzyko,5.790274510058519,5.780064276214336,5.790274510058519,5.780064276214336,0.0,0.0,gmina,32,ZACHODNIOPOMORSKIE,3214,stargardzki,3214042,Dolice
wysokie ryzyko,28.671907456067864,28.55536754782974,28.671907456067864,28.55536754782974,0.0,0.0,gmina,32,ZACHODNIOPOMORSKIE,3214,stargardzki,3214042,Dolice
niskie ryzyko,11.011720453388598,10.618036597774324,0.0,0.0,11.011720453388598,10.618036597774324,gmina,32,ZACHODNIOPOMORSKIE,3214,stargardzki,3214062,Kobylanka
niskie ryzyko,12.731172012297996,12.731172012297996,3.9114067723866337,3.911406772386633,8.819765239911362,8.819765239911362,gmina,32,ZACHODNIOPOMORSKIE,3214,stargardzki,3214082,Marianowo
niskie ryzyko,0.3420481305224024,1.2963297287551898,0.0,0.0,0.3420481305224024,1.2963297287551898,gmina,32,ZACHODNIOPOMORSKIE,3214,stargardzki,3214092,Stara Dąbrowa
niskie ryzyko,210.401853353118,193.10835488374224,186.54381038774352,170.72230298294318,23.85804296537445,22.386051900799053,gmina,32,ZACHODNIOPOMORSKIE,3214,stargardzki,3214011,Stargard
niskie ryzyko,34.91640916813551,35.79605222668283,26.603189465781497,27.648695460935837,8.31321970235401,8.147356765746993,gmina,32,ZACHODNIOPOMORSKIE,3214,stargardzki,3214102,Stargard
wysokie ryzyko,567.1630598573505,550.6872871188762,566.2374191347876,549.8523495155017,0.9256407225628658,0.8349376033743937,gmina,32,ZACHODNIOPOMORSKIE,3214,stargardzki,3214011,Stargard
niskie ryzyko,4.509128412322822,4.509128412322822,1.5943503501107188,1.594350350110719,2.914778062212103,2.914778062212103,gmina,32,ZACHODNIOPOMORSKIE,3215,szczecinecki,3215023,Barwice
niskie ryzyko,1.2075144372421922,1.207514437242192,0.0,0.0,1.2075144372421922,1.207514437242192,gmina,32,ZACHODNIOPOMORSKIE,3215,szczecinecki,3215052,Grzmiąca
niskie ryzyko,0.577401174151372,72.01218339784792,0.577401174151372,72.01218339784792,0.0,0.0,gmina,32,ZACHODNIOPOMORSKIE,3215,szczecinecki,3215011,Szczecinek
niskie ryzyko,5.0,5.0,0.0,0.0,5.0,5.0,gmina,32,ZACHODNIOPOMORSKIE,3215,szczecinecki,3215062,Szczecinek
wysokie ryzyko,4.086127914957463,3.919497124065008,4.086127914957463,3.919497124065008,0.0,0.0,gmina,32,ZACHODNIOPOMORSKIE,3215,szczecinecki,3215062,Szczecinek
niskie ryzyko,222.74000364471115,220.02664656243877,32.928009239497094,32.928009239497094,189.81199440521405,187.09863732294167,gmina,32,ZACHODNIOPOMORSKIE,3213,sławieński,3213032,Darłowo
niskie ryzyko,312.5972858799312,332.4904810344789,263.03607776324486,285.1241157800089,49.561208116686345,47.36636525446998,gmina,32,ZACHODNIOPOMORSKIE,3213,sławieński,3213011,Darłowo
wysokie ryzyko,300.86312681859624,311.48652270943813,10.640738194733752,10.640738194733752,290.22238862386246,300.8457845147044,gmina,32,ZACHODNIOPOMORSKIE,3213,sławieński,3213032,Darłowo
wysokie ryzyko,1174.3255849878535,1148.0421380356358,1163.1430012822186,1131.5002749904024,11.182583705634917,16.54186304523352,gmina,32,ZACHODNIOPOMORSKIE,3213,sławieński,3213011,Darłowo
niskie ryzyko,2.8601230247252576,2.775870177128493,0.0,0.0,2.8601230247252576,2.775870177128493,gmina,32,ZACHODNIOPOMORSKIE,3213,sławieński,3213052,Postomino
wysokie ryzyko,5.4658660771886325,5.175363980930024,0.0,0.0,5.4658660771886325,5.175363980930024,gmina,32,ZACHODNIOPOMORSKIE,3213,sławieński,3213052,Postomino
niskie ryzyko,104.94221807429264,91.60181474528017,101.18344422306656,88.08039840039,3.758773851226079,3.5214163448901705,gmina,32,ZACHODNIOPOMORSKIE,3213,sławieński,3213021,Sławno
niskie ryzyko,6.095099146090126,5.911431020596549,3.395099146090126,3.211431020596549,2.7,2.7,gmina,32,ZACHODNIOPOMORSKIE,3213,sławieński,3213062,Sławno
wysokie ryzyko,104.68117616394244,75.27899079486309,104.68117616394244,75.27899079486309,0.0,0.0,gmina,32,ZACHODNIOPOMORSKIE,3213,sławieński,3213021,Sławno
niskie ryzyko,15.79549569895122,14.029933785561992,11.486977312220342,9.721415398831114,4.308518386730878,4.308518386730878,gmina,32,ZACHODNIOPOMORSKIE,3217,wałecki,3217052,Wałcz
wysokie ryzyko,4.574945181441819,2.1741230944733996,4.574945181441819,2.1741230944733996,0.0,0.0,gmina,32,ZACHODNIOPOMORSKIE,3217,wałecki,3217052,Wałcz
niskie ryzyko,1.3098023722890415,1.2778069397011669,0.0,0.0,1.3098023722890415,1.2778069397011669,gmina,32,ZACHODNIOPOMORSKIE,3218,łobeski,3218032,Radowo Małe
niskie ryzyko,16.850990969397735,15.66194621903636,16.850990969397735,15.66194621903636,0.0,0.0,gmina,32,ZACHODNIOPOMORSKIE,3218,łobeski,3218043,Resko
wysokie ryzyko,77.33212850229096,67.61676586719427,77.33212850229096,67.61676586719427,0.0,0.0,gmina,32,ZACHODNIOPOMORSKIE,3218,łobeski,3218043,Resko
niskie ryzyko,9.552523989499356,9.552523989499356,0.0,0.0,9.552523989499356,9.552523989499356,gmina,32,ZACHODNIOPOMORSKIE,3218,łobeski,3218053,Węgorzyno
niskie ryzyko,58.233075416215776,141.348952681063,50.20797259557581,134.26577272204827,8.025102820639967,7.083179959014735,gmina,32,ZACHODNIOPOMORSKIE,3218,łobeski,3218023,Łobez
wysokie ryzyko,41.38712700312064,26.9835955754447,41.38712700312064,26.9835955754447,0.0,0.0,gmina,32,ZACHODNIOPOMORSKIE,3218,łobeski,3218023,Łobez
niskie ryzyko,1716.9260910984824,2241.99058661613,1498.82267773121,2024.8094844805337,218.1034133672725,217.1811021355963,gmina,32,ZACHODNIOPOMORSKIE,3263,Świnoujście,3263011,Świnoujście
wysokie ryzyko,4476.601108998485,4054.875925691464,4340.945247652725,3917.042240726498,135.65586134576023,137.83368496496558,gmina,32,ZACHODNIOPOMORSKIE,3263,Świnoujście,3263011,Świnoujście
niskie ryzyko,0.2685286645799448,0.2685286645799448,0.0,0.0,0.2685286645799448,0.2685286645799448,gmina,32,ZACHODNIOPOMORSKIE,3216,świdwiński,3216033,Połczyn-Zdrój
niskie ryzyko,20.10211418612528,13.4245283057982,20.10211418612528,13.4245283057982,0.0,0.0,gmina,32,ZACHODNIOPOMORSKIE,3216,świdwiński,3216011,Świdwin
niskie ryzyko,0.2389367659357841,0.2389367659357841,0.0,0.0,0.2389367659357841,0.2389367659357841,gmina,32,ZACHODNIOPOMORSKIE,3216,świdwiński,3216062,Świdwin
niskie ryzyko,25.352766620236764,19.96975911167138,21.94982859563961,16.566821087074224,3.4029380245971543,3.4029380245971543,gmina,10,ŁÓDZKIE,1063,Skierniewice,1063011,Skierniewice
wysokie ryzyko,14.327093393860192,13.673453353770949,14.327093393860192,13.673453353770949,0.0,0.0,gmina,10,ŁÓDZKIE,1063,Skierniewice,1063011,Skierniewice
niskie ryzyko,8.770019604739606,8.770019604739606,8.770019604739606,8.770019604739606,0.0,0.0,gmina,10,ŁÓDZKIE,1001,bełchatowski,1001032,Drużbice
niskie ryzyko,4.377895499564825,4.32672764241183,0.0,0.0,4.377895499564825,4.32672764241183,gmina,10,ŁÓDZKIE,1001,bełchatowski,1001042,Kleszczów
niskie ryzyko,28.529394344324757,28.529394344324757,14.582814435772535,14.582814435772534,13.946579908552224,13.946579908552224,gmina,10,ŁÓDZKIE,1001,bełchatowski,1001052,Kluki
niskie ryzyko,73.13494240690612,72.1307557684581,71.96183337051005,70.95764673206205,1.173109036396068,1.173109036396068,gmina,10,ŁÓDZKIE,1001,bełchatowski,1001062,Rusiec
wysokie ryzyko,38.09619589729085,42.917716398421874,38.09619589729085,42.917716398421874,0.0,0.0,gmina,10,ŁÓDZKIE,1001,bełchatowski,1001062,Rusiec
niskie ryzyko,61.95021043227662,56.23624468183874,41.95828414522602,40.654024850437864,19.9919262870506,15.582219831400874,gmina,10,ŁÓDZKIE,1001,bełchatowski,1001072,Szczerców
wysokie ryzyko,23.835469556443417,14.550807599574243,23.835469556443417,14.550807599574243,0.0,0.0,gmina,10,ŁÓDZKIE,1001,bełchatowski,1001072,Szczerców
niskie ryzyko,7.556116692167812,7.556116692167812,0.0,0.0,7.556116692167812,7.556116692167812,gmina,10,ŁÓDZKIE,1001,bełchatowski,1001083,Zelów
niskie ryzyko,1.6532778233274263,1.40402447741262,0.0,0.0,1.6532778233274263,1.40402447741262,gmina,10,ŁÓDZKIE,1021,brzeziński,1021022,Brzeziny
niskie ryzyko,1.5,1.5,0.0,0.0,1.5,1.5,gmina,10,ŁÓDZKIE,1021,brzeziński,1021043,Jeżów
niskie ryzyko,2.0,2.0,2.0,2.0,0.0,0.0,gmina,10,ŁÓDZKIE,1002,kutnowski,1002052,Krzyżanów
niskie ryzyko,145.68480623010993,138.96437689262328,138.22089471496196,127.84612821197608,7.4639115151479665,11.118248680647213,gmina,10,ŁÓDZKIE,1002,kutnowski,1002011,Kutno
niskie ryzyko,3.4285714285714284,3.4285714285714284,3.4285714285714284,3.4285714285714284,0.0,0.0,gmina,10,ŁÓDZKIE,1002,kutnowski,1002062,Kutno
wysokie ryzyko,771.6774113372039,742.9825876291773,769.0015108153447,740.3874867789018,2.6759005218592593,2.59510085027538,gmina,10,ŁÓDZKIE,1002,kutnowski,1002011,Kutno
niskie ryzyko,6.002731290150989,6.002731290150989,1.25,1.25,4.752731290150989,4.752731290150989,gmina,10,ŁÓDZKIE,1002,kutnowski,1002082,Nowe Ostrowy
niskie ryzyko,15.610953237320954,15.610953237320956,15.610953237320954,15.610953237320956,0.0,0.0,gmina,10,ŁÓDZKIE,1007,opoczyński,1007013,Białaczów
niskie ryzyko,23.064865868548445,48.60684289886767,14.06089742911459,39.60287445943382,9.003968439433855,9.003968439433855,gmina,10,ŁÓDZKIE,1007,opoczyński,1007023,Drzewica
wysokie ryzyko,53.762156358520926,53.76215635852092,53.762156358520926,53.76215635852092,0.0,0.0,gmina,10,ŁÓDZKIE,1007,opoczyński,1007023,Drzewica
niskie ryzyko,175.55538565901176,143.69956991154356,132.1173753487313,111.62054440355624,43.438010310280475,32.079025507987325,gmina,10,ŁÓDZKIE,1007,opoczyński,1007043,Opoczno
wysokie ryzyko,56.805741711870795,46.99142870634028,44.98047732913828,36.5548104168442,11.82526438273251,10.436618289496078,gmina,10,ŁÓDZKIE,1007,opoczyński,1007043,Opoczno
niskie ryzyko,1.247150960016025,1.247150960016025,1.247150960016025,1.247150960016025,0.0,0.0,gmina,10,ŁÓDZKIE,1007,opoczyński,1007052,Paradyż
niskie ryzyko,51.37846202180018,51.36067827670584,16.338224108261066,16.320440363166725,35.040237913539116,35.040237913539116,gmina,10,ŁÓDZKIE,1007,opoczyński,1007062,Poświętne
wysokie ryzyko,13.124475723988722,13.124475723988722,0.0,0.0,13.124475723988722,13.124475723988722,gmina,10,ŁÓDZKIE,1007,opoczyński,1007062,Poświętne
niskie ryzyko,9.409741924848412,9.396454779180518,6.3078585383419465,6.3078585383419465,3.101883386506465,3.0885962408385708,gmina,10,ŁÓDZKIE,1007,opoczyński,1007083,Żarnów
niskie ryzyko,1.4598427972434485,1.4598427972434482,1.4598427972434485,1.4598427972434482,0.0,0.0,gmina,10,ŁÓDZKIE,1008,pabianicki,1008042,Dobroń
niskie ryzyko,1.5061572615164711,1.5061572615164711,0.2406331751873364,0.2406331751873365,1.2655240863291348,1.2655240863291348,gmina,10,ŁÓDZKIE,1008,pabianicki,1008032,Dłutów
wysokie ryzyko,0.0435833361252293,0.0435833361252293,0.0,0.0,0.0435833361252293,0.0435833361252293,gmina,10,ŁÓDZKIE,1008,pabianicki,1008032,Dłutów
niskie ryzyko,78.48413546440365,77.71774567602846,78.48413546440365,77.71774567602846,0.0,0.0,gmina,10,ŁÓDZKIE,1008,pabianicki,1008011,Konstantynów Łódzki
wysokie ryzyko,44.8389484793654,38.0600782581514,44.8389484793654,38.0600782581514,0.0,0.0,gmina,10,ŁÓDZKIE,1008,pabianicki,1008011,Konstantynów Łódzki
niskie ryzyko,7.839976433360767,7.839976433360767,7.247546289947615,7.247546289947615,0.592430143413152,0.592430143413152,gmina,10,ŁÓDZKIE,1008,pabianicki,1008063,Lutomiersk
wysokie ryzyko,8.628213937407509,8.628213937407509,8.628213937407509,8.628213937407509,0.0,0.0,gmina,10,ŁÓDZKIE,1008,pabianicki,1008063,Lutomiersk
niskie ryzyko,115.24045075611689,108.91647109425378,93.34668775718478,81.32121345355225,21.893762998932093,27.595257640701533,gmina,10,ŁÓDZKIE,1009,pajęczański,1009013,Działoszyn
wysokie ryzyko,137.24711348793358,175.40335169001676,131.7374636418936,169.89370184397683,5.509649846039945,5.509649846039945,gmina,10,ŁÓDZKIE,1009,pajęczański,1009013,Działoszyn
niskie ryzyko,13.481718439433548,13.34751854962101,12.107691397801853,11.973491507989314,1.3740270416316955,1.3740270416316955,gmina,10,ŁÓDZKIE,1009,pajęczański,1009022,Kiełczygłów
niskie ryzyko,82.24672328752669,80.10273671453123,33.8874465734849,31.743460000489428,48.3592767140418,48.3592767140418,gmina,10,ŁÓDZKIE,1009,pajęczański,1009032,Nowa Brzeźnica
wysokie ryzyko,27.246695771895705,25.430230314213617,19.1894933207052,17.37302786302311,8.057202451190507,8.057202451190507,gmina,10,ŁÓDZKIE,1009,pajęczański,1009032,Nowa Brzeźnica
niskie ryzyko,11.122661673507825,11.122661673507825,3.1929715922285005,3.1929715922285005,7.929690081279324,7.929690081279323,gmina,10,ŁÓDZKIE,1009,pajęczański,1009043,Pajęczno
niskie ryzyko,10.363772375170356,10.363772375170356,5.034051259632507,5.034051259632507,5.329721115537849,5.329721115537848,gmina,10,ŁÓDZKIE,1009,pajęczański,1009052,Rząśnia
niskie ryzyko,6.037817810818934,6.037817810818933,0.6821424028349059,0.6821424028349059,5.3556754079840285,5.355675407984028,gmina,10,ŁÓDZKIE,1009,pajęczański,1009062,Siemkowice
wysokie ryzyko,0.9971873823248268,0.9971873823248268,0.9971873823248268,0.9971873823248268,0.0,0.0,gmina,10,ŁÓDZKIE,1009,pajęczański,1009062,Siemkowice
niskie ryzyko,21.43902675243745,18.44533527467154,11.393684505080596,8.399993027314684,10.045342247356857,10.045342247356857,gmina,10,ŁÓDZKIE,1010,piotrkowski,1010012,Aleksandrów
wysokie ryzyko,2.9499759251281708,2.9499759251281708,2.9499759251281708,2.9499759251281708,0.0,0.0,gmina,10,ŁÓDZKIE,1010,piotrkowski,1010012,Aleksandrów
niskie ryzyko,5.0,5.0,0.0,0.0,5.0,5.0,gmina,10,ŁÓDZKIE,1010,piotrkowski,1010022,Czarnocin
niskie ryzyko,10.29537354565592,10.29537354565592,0.0,0.0,10.29537354565592,10.29537354565592,gmina,10,ŁÓDZKIE,1010,piotrkowski,1010032,Gorzkowice
niskie ryzyko,8.975061244937919,8.975061244937919,7.0,7.000000000000001,1.9750612449379183,1.9750612449379183,gmina,10,ŁÓDZKIE,1010,piotrkowski,1010083,Rozprza
niskie ryzyko,26.48386041337791,26.483860413377908,0.5315344223496264,0.5315344223496264,25.95232599102828,25.95232599102828,gmina,10,ŁÓDZKIE,1010,piotrkowski,1010072,Ręczno
wysokie ryzyko,7.965860252127756,7.965860252127755,0.0,0.0,7.965860252127756,7.965860252127755,gmina,10,ŁÓDZKIE,1010,piotrkowski,1010072,Ręczno
niskie ryzyko,375.8214134375078,314.3756511828147,367.1714802073906,305.738260212282,8.64993323011722,8.637390970532712,gmina,10,ŁÓDZKIE,1010,piotrkowski,1010093,Sulejów
wysokie ryzyko,308.61279789770913,296.2125721595853,287.30452491431845,274.9401497599272,21.30827298339073,21.272422399658176,gmina,10,ŁÓDZKIE,1010,piotrkowski,1010093,Sulejów
niskie ryzyko,7.271448148396461,7.271448148396461,7.271448148396461,7.271448148396461,0.0,0.0,gmina,10,ŁÓDZKIE,1010,piotrkowski,1010113,Wolbórz
niskie ryzyko,1.4548898031233986,1.4548898031233986,1.4548898031233986,1.4548898031233986,0.0,0.0,gmina,10,ŁÓDZKIE,1010,piotrkowski,1010052,Łęki Szlacheckie
niskie ryzyko,0.8296746373970992,0.8296746373970992,0.8296746373970992,0.8296746373970992,0.0,0.0,gmina,10,ŁÓDZKIE,1011,poddębicki,1011012,Dalików
niskie ryzyko,110.9977519205166,110.634805707624,43.83906590231771,43.4761196894251,67.15868601819889,67.15868601819889,gmina,10,ŁÓDZKIE,1011,poddębicki,1011033,Poddębice
wysokie ryzyko,58.58340683673861,58.14745208014835,15.74036346561862,15.304408709028364,42.84304337111998,42.84304337111999,gmina,10,ŁÓDZKIE,1011,poddębicki,1011033,Poddębice
niskie ryzyko,59.14722900944418,58.9843744042087,57.385780766979714,57.22292616174423,1.7614482424644666,1.7614482424644669,gmina,10,ŁÓDZKIE,1011,poddębicki,1011022,Pęczniew
wysokie ryzyko,22.87553762992024,22.85248132067148,19.683311341070493,19.660255031821738,3.1922262888497452,3.1922262888497452,gmina,10,ŁÓDZKIE,1011,poddębicki,1011022,Pęczniew
niskie ryzyko,589.7521521240823,624.1290133632444,373.89093556905664,408.2677968082188,215.86121655502563,215.86121655502563,gmina,10,ŁÓDZKIE,1011,poddębicki,1011043,Uniejów
wysokie ryzyko,231.91994397996623,230.91431866367344,104.1942033409482,103.18857802465544,127.72574063901804,127.72574063901804,gmina,10,ŁÓDZKIE,1011,poddębicki,1011043,Uniejów
niskie ryzyko,3.8401707451046416,3.8401707451046416,3.8401707451046416,3.8401707451046416,0.0,0.0,gmina,10,ŁÓDZKIE,1011,poddębicki,1011052,Wartkowice
niskie ryzyko,23.531956603618205,23.53195660361821,23.531956603618205,23.53195660361821,0.0,0.0,gmina,10,ŁÓDZKIE,1011,poddębicki,1011062,Zadzim
wysokie ryzyko,16.98980175903993,16.98980175903993,16.98980175903993,16.98980175903993,0.0,0.0,gmina,10,ŁÓDZKIE,1011,poddębicki,1011062,Zadzim
niskie ryzyko,0.4843372784549256,0.4843372784549255,0.0,0.0,0.4843372784549256,0.4843372784549255,gmina,10,ŁÓDZKIE,1012,radomszczański,1012022,Dobryszyce
niskie ryzyko,298.4463907110047,304.85757736533066,236.03168753365424,243.21909694330188,62.41470317735043,61.638480422028785,gmina,10,ŁÓDZKIE,1012,radomszczański,1012032,Gidle
wysokie ryzyko,318.0156646924831,306.31029001657714,306.9414318252465,295.2360571493406,11.07423286723656,11.07423286723656,gmina,10,ŁÓDZKIE,1012,radomszczański,1012032,Gidle
niskie ryzyko,6.376796431983121,6.376796431983121,6.376796431983121,6.376796431983121,0.0,0.0,gmina,10,ŁÓDZKIE,1012,radomszczański,1012102,Masłowice
niskie ryzyko,85.67451665632582,63.87774053453822,66.42210842642537,44.62533230463775,19.252408229900468,19.252408229900468,gmina,10,ŁÓDZKIE,1012,radomszczański,1012113,Przedbórz
niskie ryzyko,16.415569801373678,17.276955056872353,16.415569801373678,17.276955056872353,0.0,0.0,gmina,10,ŁÓDZKIE,1012,radomszczański,1012011,Radomsko
niskie ryzyko,221.31085155149685,220.07477421261265,75.59997854922719,75.59997854922719,145.71087300226966,144.47479566338544,gmina,10,ŁÓDZKIE,1012,radomszczański,1012122,Radomsko
wysokie ryzyko,133.07659985423322,137.24890592161324,56.27153407349785,56.27153407349785,76.80506578073538,80.97737184811538,gmina,10,ŁÓDZKIE,1012,radomszczański,1012122,Radomsko
niskie ryzyko,3.210263460402446,2.717896459522735,2.356404909186942,1.864037908307232,0.8538585512155032,0.8538585512155032,gmina,10,ŁÓDZKIE,1012,radomszczański,1012132,Wielgomłyny
niskie ryzyko,8.267835753056037,8.076339262950645,7.510781031210663,7.488602487229591,0.7570547218453737,0.5877367757210546,gmina,10,ŁÓDZKIE,1012,radomszczański,1012092,Ładzice
niskie ryzyko,18.95723642146809,18.546291976092,5.212507406256858,5.212507406256859,13.744729015211233,13.33378456983514,gmina,10,ŁÓDZKIE,1012,radomszczański,1012142,Żytno
wysokie ryzyko,4.263182792473455,4.263182792473456,4.263182792473455,4.263182792473456,0.0,0.0,gmina,10,ŁÓDZKIE,1012,radomszczański,1012142,Żytno
niskie ryzyko,2.3262195814917965,1.4576789556942018,2.3262195814917965,1.4576789556942018,0.0,0.0,gmina,10,ŁÓDZKIE,1013,rawski,1013011,Rawa Mazowiecka
niskie ryzyko,17.560628309832932,16.785279906288686,16.076780697640903,15.362174335103871,1.483847612192029,1.4231055711848135,gmina,10,ŁÓDZKIE,1013,rawski,1013042,Rawa Mazowiecka
niskie ryzyko,6.397707725131575,6.397707725131575,3.9568736762865586,3.9568736762865586,2.440834048845016,2.440834048845016,gmina,10,ŁÓDZKIE,1014,sieradzki,1014042,Brzeźnio
niskie ryzyko,262.2969373317292,260.1606738978834,235.54430186763977,233.4137449221624,26.752635464089472,26.74692897572096,gmina,10,ŁÓDZKIE,1014,sieradzki,1014052,Burzenin
wysokie ryzyko,156.63174092808617,144.80444570026376,146.94557384665538,135.11827861883296,9.68616708143081,9.686167081430808,gmina,10,ŁÓDZKIE,1014,sieradzki,1014052,Burzenin
niskie ryzyko,18.661276359228367,18.661276359228367,18.661276359228367,18.661276359228367,0.0,0.0,gmina,10,ŁÓDZKIE,1014,sieradzki,1014023,Błaszki
niskie ryzyko,13.181827545487677,11.185176483928286,13.181827545487677,11.185176483928286,0.0,0.0,gmina,10,ŁÓDZKIE,1014,sieradzki,1014062,Goszczanów
niskie ryzyko,622.0163323021116,565.9234042558345,574.6277550098646,512.8369656658955,47.38857729224697,53.08643858993904,gmina,10,ŁÓDZKIE,1014,sieradzki,1014011,Sieradz
niskie ryzyko,405.2786500042345,399.4773316862179,344.3438984805144,338.9197817419257,60.93475152372018,60.557549944292326,gmina,10,ŁÓDZKIE,1014,sieradzki,1014082,Sieradz
wysokie ryzyko,153.6341462507799,150.51497597624623,145.447241595942,142.32807132140832,8.186904654837917,8.186904654837917,gmina,10,ŁÓDZKIE,1014,sieradzki,1014082,Sieradz
wysokie ryzyko,760.6441134449101,668.0525923659299,703.9116633655143,613.2097899085493,56.73245007939583,54.84280245738063,gmina,10,ŁÓDZKIE,1014,sieradzki,1014011,Sieradz
niskie ryzyko,98.77853045899832,93.96791830753726,57.2726672680632,52.30128723474985,41.50586319093511,41.6666310727874,gmina,10,ŁÓDZKIE,1014,sieradzki,1014093,Warta
wysokie ryzyko,78.73544873348695,78.73544873348695,35.45854870742932,35.45854870742932,43.276900026057625,43.276900026057625,gmina,10,ŁÓDZKIE,1014,sieradzki,1014093,Warta
niskie ryzyko,3.7894296551733793,3.78942965517338,3.7894296551733793,3.78942965517338,0.0,0.0,gmina,10,ŁÓDZKIE,1014,sieradzki,1014113,Złoczew
niskie ryzyko,80.01058022896233,73.39046985539633,69.24521001548806,62.9405277908766,10.765370213474268,10.449942064519725,gmina,10,ŁÓDZKIE,1015,skierniewicki,1015013,Bolimów
niskie ryzyko,0.6427042136848687,0.6427042136848686,0.6427042136848687,0.6427042136848686,0.0,0.0,gmina,10,ŁÓDZKIE,1015,skierniewicki,1015022,Głuchów
niskie ryzyko,25.64652687405659,25.57197497830712,8.851103869344144,8.805900821605855,16.79542300471245,16.766074156701265,gmina,10,ŁÓDZKIE,1015,skierniewicki,1015072,Nowy Kawęczyn
niskie ryzyko,53.21035845180948,53.14035731321725,35.69985096852444,35.69985096852443,17.510507483285046,17.440506344692817,gmina,10,ŁÓDZKIE,1015,skierniewicki,1015082,Skierniewice
wysokie ryzyko,9.5609431779287,9.5609431779287,8.937839458956466,8.937839458956466,0.6231037189722334,0.6231037189722335,gmina,10,ŁÓDZKIE,1015,skierniewicki,1015082,Skierniewice
niskie ryzyko,10.156833845555768,12.022550790746148,10.156833845555768,12.022550790746148,0.0,0.0,gmina,10,ŁÓDZKIE,1016,tomaszowski,1016022,Będków
niskie ryzyko,318.2793398342885,294.4643954741956,102.4789473154722,78.67893415808345,215.80039251881632,215.78546131611216,gmina,10,ŁÓDZKIE,1016,tomaszowski,1016053,Inowłódz
wysokie ryzyko,306.4669700915068,329.24623037870106,204.94029648060504,226.958880043816,101.52667361090178,102.28735033488503,gmina,10,ŁÓDZKIE,1016,tomaszowski,1016053,Inowłódz
niskie ryzyko,2.0,2.0,0.0,0.0,2.0,2.0,gmina,10,ŁÓDZKIE,1016,tomaszowski,1016062,Lubochnia
niskie ryzyko,4.0,4.0,4.0,4.0,0.0,0.0,gmina,10,ŁÓDZKIE,1016,tomaszowski,1016072,Rokiciny
niskie ryzyko,161.51503317040692,160.47993677634818,46.37179351909593,46.37179351909593,115.143239651311,114.10814325725224,gmina,10,ŁÓDZKIE,1016,tomaszowski,1016082,Rzeczyca
wysokie ryzyko,126.74822635369912,126.74822635369912,30.65596825109567,30.65596825109567,96.09225810260344,96.09225810260344,gmina,10,ŁÓDZKIE,1016,tomaszowski,1016082,Rzeczyca
niskie ryzyko,1605.5523402040144,1563.3418029562802,1601.2306558536177,1559.0311407680124,4.321684350396746,4.310662188267691,gmina,10,ŁÓDZKIE,1016,tomaszowski,1016011,Tomaszów Mazowiecki
niskie ryzyko,299.2274197093968,277.8231013162809,279.2628932177615,258.0401440352482,19.96452649163533,19.782957281032687,gmina,10,ŁÓDZKIE,1016,tomaszowski,1016092,Tomaszów Mazowiecki
wysokie ryzyko,4234.504882778357,4281.178240466899,4234.259246289517,4280.93260397806,0.2456364888395696,0.2456364888395696,gmina,10,ŁÓDZKIE,1016,tomaszowski,1016011,Tomaszów Mazowiecki
wysokie ryzyko,217.0351803033848,262.62820873604636,186.76156158943212,234.3044826060633,30.27361871395265,28.323726129983097,gmina,10,ŁÓDZKIE,1016,tomaszowski,1016092,Tomaszów Mazowiecki
niskie ryzyko,112.21383034595982,99.86995468504526,92.9382940051276,87.58964298603593,19.275536340832225,12.280311699009324,gmina,10,ŁÓDZKIE,1016,tomaszowski,1016103,Ujazd
wysokie ryzyko,76.02467665303315,73.66142075445882,76.02467665303315,73.66142075445882,0.0,0.0,gmina,10,ŁÓDZKIE,1016,tomaszowski,1016103,Ujazd
niskie ryzyko,1.0,1.0000000000000002,1.0,1.0000000000000002,0.0,0.0,gmina,10,ŁÓDZKIE,1016,tomaszowski,1016112,Żelechlinek
niskie ryzyko,72.41245711080413,72.06378764613365,72.41245711080413,72.06378764613365,0.0,0.0,gmina,10,ŁÓDZKIE,1017,wieluński,1017032,Konopnica
wysokie ryzyko,17.228040419805616,19.509465968181267,17.228040419805616,19.509465968181267,0.0,0.0,gmina,10,ŁÓDZKIE,1017,wieluński,1017032,Konopnica
niskie ryzyko,29.40892322111923,27.794180829455502,7.390911946937628,5.7761695552739,22.018011274181603,22.018011274181607,gmina,10,ŁÓDZKIE,1017,wieluński,1017053,Osjaków
wysokie ryzyko,2.4176925527908923,2.417692552790893,0.0,0.0,2.4176925527908923,2.417692552790893,gmina,10,ŁÓDZKIE,1017,wieluński,1017053,Osjaków
niskie ryzyko,3.49249686893129,3.49249686893129,1.527254685971412,1.527254685971412,1.965242182959878,1.965242182959878,gmina,10,ŁÓDZKIE,1017,wieluński,1017062,Ostrówek
niskie ryzyko,28.003697328939342,28.003697328939342,17.837995587068693,17.837995587068693,10.165701741870649,10.165701741870649,gmina,10,ŁÓDZKIE,1017,wieluński,1017072,Pątnów
wysokie ryzyko,20.90888931155544,20.90888931155544,9.496976511386157,9.496976511386157,11.411912800169286,11.411912800169286,gmina,10,ŁÓDZKIE,1017,wieluński,1017072,Pątnów
niskie ryzyko,20.81020391064765,20.559890019186568,19.183933132497412,18.93361924103633,1.6262707781502388,1.6262707781502388,gmina,10,ŁÓDZKIE,1017,wieluński,1017093,Wieluń
niskie ryzyko,157.19446075999704,154.67338373861728,134.76773617579877,132.246659154419,22.426724584198254,22.426724584198254,gmina,10,ŁÓDZKIE,1017,wieluński,1017102,Wierzchlas
wysokie ryzyko,59.714039793602346,64.10214993337708,59.51887869709924,63.90698883687397,0.1951610965031091,0.1951610965031091,gmina,10,ŁÓDZKIE,1017,wieluński,1017102,Wierzchlas
niskie ryzyko,1.547703268718291,1.4373439461695152,0.920690569276784,0.810331246728008,0.627012699441507,0.6270126994415071,gmina,10,ŁÓDZKIE,1018,wieruszowski,1018013,Bolesławiec
niskie ryzyko,40.49766781148204,40.49766781148204,27.188952705227344,27.188952705227344,13.308715106254695,13.308715106254695,gmina,10,ŁÓDZKIE,1018,wieruszowski,1018032,Galewice
niskie ryzyko,13.076066149603706,10.131228735796752,13.076066149603706,10.131228735796752,0.0,0.0,gmina,10,ŁÓDZKIE,1018,wieruszowski,1018073,Wieruszów
niskie ryzyko,5.603478377109651,5.603478377109649,2.331303800125971,2.33130380012597,3.2721745769836796,3.2721745769836796,gmina,10,ŁÓDZKIE,1019,zduńskowolski,1019023,Szadek
niskie ryzyko,134.42480894037303,133.84506080148623,119.32260097839593,118.74285283950906,15.10220796197717,15.10220796197717,gmina,10,ŁÓDZKIE,1019,zduńskowolski,1019032,Zapolice
wysokie ryzyko,70.54027063210717,70.48584519047449,70.54027063210717,70.48584519047449,0.0,0.0,gmina,10,ŁÓDZKIE,1019,zduńskowolski,1019032,Zapolice
niskie ryzyko,10.917295166433725,10.917295166433728,10.917295166433725,10.917295166433728,0.0,0.0,gmina,10,ŁÓDZKIE,1019,zduńskowolski,1019011,Zduńska Wola
niskie ryzyko,29.46164273683165,28.895622273607813,16.245991178815984,16.245991178815984,13.215651558015663,12.649631094791827,gmina,10,ŁÓDZKIE,1019,zduńskowolski,1019042,Zduńska Wola
niskie ryzyko,20.963733455005,23.51907632616243,3.501551984903686,2.233645846346852,17.462181470101317,21.28543047981558,gmina,10,ŁÓDZKIE,1020,zgierski,1020043,Aleksandrów Łódzki
niskie ryzyko,9.329895579711245,8.165501253542205,9.329895579711245,8.165501253542205,0.0,0.0,gmina,10,ŁÓDZKIE,1020,zgierski,1020011,Głowno
niskie ryzyko,4.669443142912153,4.669443142912152,0.819443142912152,0.8194431429121519,3.85,3.85,gmina,10,ŁÓDZKIE,1020,zgierski,1020052,Głowno
niskie ryzyko,127.6116031800953,124.13563727148038,90.6786913969849,109.7700951940346,36.932911783110384,14.365542077445776,gmina,10,ŁÓDZKIE,1020,zgierski,1020021,Ozorków
niskie ryzyko,11.52536336719277,11.513932326219493,0.0,0.0,11.52536336719277,11.513932326219493,gmina,10,ŁÓDZKIE,1020,zgierski,1020062,Ozorków
wysokie ryzyko,87.16537094596721,72.11398314402686,87.16537094596721,72.11398314402686,0.0,0.0,gmina,10,ŁÓDZKIE,1020,zgierski,1020021,Ozorków
niskie ryzyko,14.131520961175926,14.131520961175926,7.885806669650441,7.885806669650441,6.245714291525483,6.245714291525483,gmina,10,ŁÓDZKIE,1020,zgierski,1020073,Parzęczew
niskie ryzyko,3.0531823920205463,3.0531823920205463,2.5248805052280936,2.5248805052280936,0.5283018867924528,0.5283018867924528,gmina,10,ŁÓDZKIE,1020,zgierski,1020083,Stryków
niskie ryzyko,82.80372063520807,70.17961586368428,82.80372063520807,70.17961586368428,0.0,0.0,gmina,10,ŁÓDZKIE,1020,zgierski,1020031,Zgierz
niskie ryzyko,13.274696790354362,12.892611895699986,4.221473870036171,4.0304314227089835,9.053222920318191,8.862180472991003,gmina,10,ŁÓDZKIE,1020,zgierski,1020092,Zgierz
wysokie ryzyko,12.913637629052891,31.2278708069489,12.913637629052891,31.2278708069489,0.0,0.0,gmina,10,ŁÓDZKIE,1020,zgierski,1020031,Zgierz
niskie ryzyko,191.6909704559369,184.1297710803852,135.7671373292523,129.25103426256027,55.92383312668457,54.87873681782495,gmina,10,ŁÓDZKIE,1061,Łódź,1061011,Łódź
wysokie ryzyko,10.75348946603471,10.753489466034711,10.75348946603471,10.753489466034711,0.0,0.0,gmina,10,ŁÓDZKIE,1061,Łódź,1061011,Łódź
niskie ryzyko,33.76835962017918,33.76835962017918,27.730892491651577,27.730892491651577,6.037467128527608,6.037467128527608,gmina,10,ŁÓDZKIE,1003,łaski,1003032,Sędziejowice
wysokie ryzyko,12.060663289919448,11.898199854643112,6.781183459455176,6.618720024178841,5.279479830464271,5.279479830464271,gmina,10,ŁÓDZKIE,1003,łaski,1003032,Sędziejowice
niskie ryzyko,113.51545179916764,108.5669965921573,74.22735676728948,69.83881290739804,39.28809503187815,38.72818368475925,gmina,10,ŁÓDZKIE,1003,łaski,1003042,Widawa
wysokie ryzyko,86.26947215384956,77.64253604638301,77.77690587157423,69.67695780744391,8.492566282275334,7.965578238939095,gmina,10,ŁÓDZKIE,1003,łaski,1003042,Widawa
niskie ryzyko,73.13897990278767,68.29342533761283,57.245804507842145,52.84190060417183,15.893175394945525,15.451524733440989,gmina,10,ŁÓDZKIE,1003,łaski,1003023,Łask
wysokie ryzyko,1.9813143114080345,2.6058951054493824,1.9813143114080345,2.6058951054493824,0.0,0.0,gmina,10,ŁÓDZKIE,1003,łaski,1003023,Łask
niskie ryzyko,81.79351630178118,76.67696953072111,50.98833119549816,46.23560215100859,30.80518510628302,30.44136737971251,gmina,10,ŁÓDZKIE,1005,łowicki,1005022,Bielawy
wysokie ryzyko,52.60144472695393,49.97718748774918,45.91632492039187,43.29206768118712,6.685119806562057,6.685119806562057,gmina,10,ŁÓDZKIE,1005,łowicki,1005022,Bielawy
niskie ryzyko,127.76497190403325,124.73299049546382,58.2226697055901,57.015280708692615,69.54230219844314,67.71770978677121,gmina,10,ŁÓDZKIE,1005,łowicki,1005092,Nieborów
wysokie ryzyko,118.95062425116328,114.6759684909866,43.111403292019325,42.584476416856674,75.83922095914396,72.09149207412992,gmina,10,ŁÓDZKIE,1005,łowicki,1005092,Nieborów
niskie ryzyko,12.52769200471394,12.711037640324651,0.0,0.0,12.52769200471394,12.711037640324651,gmina,10,ŁÓDZKIE,1005,łowicki,1005102,Zduny
wysokie ryzyko,4.0,4.0,0.0,0.0,4.0,4.0,gmina,10,ŁÓDZKIE,1005,łowicki,1005102,Zduny
niskie ryzyko,377.9367382037097,449.49686287546984,227.5421603991592,300.3435818524908,150.39457780455055,149.15328102297906,gmina,10,ŁÓDZKIE,1005,łowicki,1005011,Łowicz
niskie ryzyko,172.26930370737765,173.24627204798438,82.78305231645147,77.59642995855575,89.48625139092616,95.64984208942865,gmina,10,ŁÓDZKIE,1005,łowicki,1005072,Łowicz
wysokie ryzyko,1669.5980560002886,1716.2736036177794,844.8178197569559,881.0057497270448,824.7802362433326,835.2678538907345,gmina,10,ŁÓDZKIE,1005,łowicki,1005011,Łowicz
wysokie ryzyko,25.943447469076048,25.528208487705065,7.125874125874126,6.710635144503144,18.81757334320192,18.81757334320192,gmina,10,ŁÓDZKIE,1005,łowicki,1005072,Łowicz
niskie ryzyko,2.059262170712476,2.059262170712476,0.0,0.0,2.059262170712476,2.059262170712476,gmina,10,ŁÓDZKIE,1006,łódzki wschodni,1006073,Koluszki
niskie ryzyko,11.336359477070005,11.336359477070005,5.951757244472477,5.951757244472477,5.384602232597528,5.384602232597528,gmina,10,ŁÓDZKIE,1006,łódzki wschodni,1006082,Nowosolna
niskie ryzyko,4.32158034632221,3.2427042377685593,4.32158034632221,3.2427042377685593,0.0,0.0,gmina,10,ŁÓDZKIE,1006,łódzki wschodni,1006103,Rzgów
niskie ryzyko,24.58673258906562,24.441504083397568,2.507314936554872,2.4597463272722857,22.07941765251075,21.981757756125283,gmina,10,ŁÓDZKIE,1004,łęczycki,1004032,Góra Świętej Małgorzaty
wysokie ryzyko,31.53221288515406,31.532212885154063,0.0,0.0,31.53221288515406,31.532212885154063,gmina,10,ŁÓDZKIE,1004,łęczycki,1004032,Góra Świętej Małgorzaty
niskie ryzyko,47.286702302705365,35.457897612612186,31.82376605408288,20.072320006677177,15.462936248622484,15.385577605935014,gmina,10,ŁÓDZKIE,1004,łęczycki,1004063,Piątek
wysokie ryzyko,8.008289410348256,2.773196379266316,8.008289410348256,2.773196379266316,0.0,0.0,gmina,10,ŁÓDZKIE,1004,łęczycki,1004063,Piątek
niskie ryzyko,3.6463206572652007,3.2609011252256006,0.0,0.0,3.6463206572652007,3.2609011252256006,gmina,10,ŁÓDZKIE,1004,łęczycki,1004011,Łęczyca
niskie ryzyko,21.44593305287941,39.11685863965312,0.0,0.0,21.44593305287941,39.11685863965312,gmina,10,ŁÓDZKIE,1004,łęczycki,1004052,Łęczyca
wysokie ryzyko,7.884161131069253,4.014290700861594,0.0,0.0,7.884161131069253,4.014290700861594,gmina,10,ŁÓDZKIE,1004,łęczycki,1004011,Łęczyca
wysokie ryzyko,16.849911030382497,8.579281934390934,0.0,0.0,16.849911030382497,8.579281934390934,gmina,10,ŁÓDZKIE,1004,łęczycki,1004052,Łęczyca
niskie ryzyko,102.67673275298505,102.67673275298502,90.24882154924912,90.2488215492491,12.427911203735915,12.42791120373592,gmina,10,ŁÓDZKIE,1004,łęczycki,1004072,Świnice Warckie
wysokie ryzyko,2.5,2.5,2.5,2.5,0.0,0.0,gmina,10,ŁÓDZKIE,1004,łęczycki,1004072,Świnice Warckie
niskie ryzyko,354.72522891201237,681.9763667198303,328.2033133375158,656.3195862951518,26.52191557449654,25.65678042467851,gmina,24,ŚLĄSKIE,2461,Bielsko-Biała,2461011,Bielsko-Biała
wysokie ryzyko,3442.804701921629,3899.006354132705,3440.605839916194,3897.9216068179394,2.1988620054356023,1.0847473147658624,gmina,24,ŚLĄSKIE,2461,Bielsko-Biała,2461011,Bielsko-Biała
niskie ryzyko,1710.3938665724158,1652.591248049387,1601.4827825358784,1563.5895315487055,108.91108403653745,89.00171650068165,gmina,24,ŚLĄSKIE,2464,Częstochowa,2464011,Częstochowa
wysokie ryzyko,7827.823562349834,8324.878868432808,7475.8629679225905,7993.19935018956,351.960594427244,331.6795182432485,gmina,24,ŚLĄSKIE,2464,Częstochowa,2464011,Częstochowa
niskie ryzyko,576.6136988727814,562.5245782301947,331.6627688173912,321.77753123150774,244.95093005539016,240.74704699868695,gmina,24,ŚLĄSKIE,2465,Dąbrowa Górnicza,2465011,Dąbrowa Górnicza
wysokie ryzyko,228.7585035398098,227.05057377479343,143.43553040951704,142.55005462875775,85.32297313029275,84.50051914603567,gmina,24,ŚLĄSKIE,2465,Dąbrowa Górnicza,2465011,Dąbrowa Górnicza
niskie ryzyko,335.3938062331816,310.4667719167428,332.82569991207737,307.7512054216749,2.5681063211041675,2.715566495067889,gmina,24,ŚLĄSKIE,2466,Gliwice,2466011,Gliwice
wysokie ryzyko,4564.381956405151,6377.2804342095405,4558.870586818532,6366.8514620662645,5.51136958661947,10.428972143276296,gmina,24,ŚLĄSKIE,2466,Gliwice,2466011,Gliwice
niskie ryzyko,75.73572500503187,73.71350198102117,75.73572500503187,73.71350198102117,0.0,0.0,gmina,24,ŚLĄSKIE,2467,Jastrzębie-Zdrój,2467011,Jastrzębie-Zdrój
wysokie ryzyko,59.92287903567725,57.3332002020103,59.92287903567725,57.3332002020103,0.0,0.0,gmina,24,ŚLĄSKIE,2467,Jastrzębie-Zdrój,2467011,Jastrzębie-Zdrój
niskie ryzyko,485.6528172110521,445.5167821797643,452.75199855152226,412.8099421979106,32.900818659529804,32.706839981853726,gmina,24,ŚLĄSKIE,2468,Jaworzno,2468011,Jaworzno
wysokie ryzyko,468.8109019841409,473.5735540199347,468.8109019841409,473.5735540199347,0.0,0.0,gmina,24,ŚLĄSKIE,2468,Jaworzno,2468011,Jaworzno
niskie ryzyko,393.64260512888063,258.2195416194966,361.7186049453272,239.6095247128871,31.924000183553396,18.610016906609538,gmina,24,ŚLĄSKIE,2469,Katowice,2469011,Katowice
wysokie ryzyko,663.302271464547,601.0696166642674,628.317084330898,569.1905046652441,34.98518713364901,31.879111999023277,gmina,24,ŚLĄSKIE,2469,Katowice,2469011,Katowice
niskie ryzyko,68.40632434337071,66.1958418177538,68.40632434337071,66.1958418177538,0.0,0.0,gmina,24,ŚLĄSKIE,2470,Mysłowice,2470011,Mysłowice
wysokie ryzyko,279.6711261931136,235.35586522311712,279.52570458440823,235.2113689956808,0.1454216087053755,0.1444962274363237,gmina,24,ŚLĄSKIE,2470,Mysłowice,2470011,Mysłowice
niskie ryzyko,89.74938148907722,79.80861460640142,89.74938148907722,79.80861460640142,0.0,0.0,gmina,24,ŚLĄSKIE,2471,Piekary Śląskie,2471011,Piekary Śląskie
wysokie ryzyko,229.4169872497679,200.22524912196383,229.4169872497679,200.22524912196383,0.0,0.0,gmina,24,ŚLĄSKIE,2471,Piekary Śląskie,2471011,Piekary Śląskie
niskie ryzyko,52.45691954562907,84.03759938638032,52.45691954562907,78.65265466705195,0.0,5.384944719328381,gmina,24,ŚLĄSKIE,2472,Ruda Śląska,2472011,Ruda Śląska
wysokie ryzyko,71.32128602070503,90.1311780105424,71.32128602070503,90.1311780105424,0.0,0.0,gmina,24,ŚLĄSKIE,2472,Ruda Śląska,2472011,Ruda Śląska
niskie ryzyko,168.87086253305097,110.17548106390684,70.36550088241808,43.532552464675405,98.50536165063284,66.64292859923144,gmina,24,ŚLĄSKIE,2473,Rybnik,2473011,Rybnik
wysokie ryzyko,493.26991960679584,476.1747269097742,419.1582567397993,403.3001569484639,74.11166286699657,72.87456996131036,gmina,24,ŚLĄSKIE,2473,Rybnik,2473011,Rybnik
niskie ryzyko,9.846932253227552,9.640056515195573,9.846932253227552,9.640056515195573,0.0,0.0,gmina,24,ŚLĄSKIE,2474,Siemianowice Śląskie,2474011,Siemianowice Śląskie
wysokie ryzyko,8.841018849356864,8.775781250732738,8.841018849356864,8.775781250732738,0.0,0.0,gmina,24,ŚLĄSKIE,2474,Siemianowice Śląskie,2474011,Siemianowice Śląskie
niskie ryzyko,754.7224237434391,581.0983875677003,697.8228969449558,533.9479692603487,56.899526798483464,47.150418307351615,gmina,24,ŚLĄSKIE,2475,Sosnowiec,2475011,Sosnowiec
wysokie ryzyko,4374.091245359986,5091.942659052556,4339.24867440641,4949.9937791555985,34.842570953576235,141.9488798969578,gmina,24,ŚLĄSKIE,2475,Sosnowiec,2475011,Sosnowiec
niskie ryzyko,109.77330170885732,121.8479300781555,109.77330170885732,121.8479300781555,0.0,0.0,gmina,24,ŚLĄSKIE,2477,Tychy,2477011,Tychy
niskie ryzyko,40.391052230942265,44.005375454052675,21.82145121730569,20.58874331779972,18.56960101363657,23.416632136252954,gmina,24,ŚLĄSKIE,2478,Zabrze,2478011,Zabrze
wysokie ryzyko,0.2440484809515274,0.2282275296703916,0.2440484809515274,0.2282275296703916,0.0,0.0,gmina,24,ŚLĄSKIE,2478,Zabrze,2478011,Zabrze
niskie ryzyko,835.4456260783367,817.6681730436769,437.811425044095,421.7895577601258,397.6342010342416,395.87861528355114,gmina,24,ŚLĄSKIE,2402,bielski,2402022,Bestwina
wysokie ryzyko,632.7122347784065,640.6713746438174,310.71488829394224,320.537781789595,321.99734648446423,320.13359285422246,gmina,24,ŚLĄSKIE,2402,bielski,2402022,Bestwina
niskie ryzyko,14.319334834805709,14.319334834805709,14.319334834805709,14.319334834805709,0.0,0.0,gmina,24,ŚLĄSKIE,2402,bielski,2402032,Buczkowice
niskie ryzyko,2850.552038590182,2816.6882357482405,1256.7522009243949,1291.176727086286,1593.7998376657868,1525.5115086619544,gmina,24,ŚLĄSKIE,2402,bielski,2402043,Czechowice-Dziedzice
wysokie ryzyko,6874.053515738288,6293.9996894573305,4457.321974927231,4186.740340335653,2416.731540811057,2107.2593491216767,gmina,24,ŚLĄSKIE,2402,bielski,2402043,Czechowice-Dziedzice
niskie ryzyko,461.2151857151283,463.49973573406425,338.59745257502556,337.0851751644423,122.61773314010276,126.41456056962194,gmina,24,ŚLĄSKIE,2402,bielski,2402052,Jasienica
wysokie ryzyko,405.7573971919686,401.23838467704786,277.42987945135536,275.5521584602557,128.32751774061325,125.68622621679216,gmina,24,ŚLĄSKIE,2402,bielski,2402052,Jasienica
niskie ryzyko,58.85510768225431,58.58200345285773,7.571455612341473,7.571455612341474,51.28365206991283,51.01054784051625,gmina,24,ŚLĄSKIE,2402,bielski,2402072,Kozy
wysokie ryzyko,50.72102669143394,42.746288417347984,38.99886239175058,29.35848869016606,11.722164299683362,13.387799727181925,gmina,24,ŚLĄSKIE,2402,bielski,2402072,Kozy
niskie ryzyko,1422.9068156389258,1376.208823766524,633.7515518911398,629.1605679199859,789.1552637477862,747.0482558465385,gmina,24,ŚLĄSKIE,2402,bielski,2402082,Porąbka
wysokie ryzyko,3800.3212202493255,3872.2524860445897,1825.69045722209,1864.0643363876452,1974.6307630272352,2008.1881496569445,gmina,24,ŚLĄSKIE,2402,bielski,2402082,Porąbka
niskie ryzyko,509.8591668268113,520.418139140824,42.79832329236845,40.190765498174734,467.0608435344428,480.2273736426493,gmina,24,ŚLĄSKIE,2402,bielski,2402093,Wilamowice
wysokie ryzyko,705.1018349607671,665.252113543927,251.9028984785032,216.79870930178404,453.1989364822638,448.4534042421428,gmina,24,ŚLĄSKIE,2402,bielski,2402093,Wilamowice
niskie ryzyko,1388.084143231182,1302.881666361964,1334.655155501148,1250.1136425240684,53.428987730034095,52.76802383789558,gmina,24,ŚLĄSKIE,2414,bieruńsko-lędziński,2414011,Bieruń
wysokie ryzyko,2009.7664130325404,2153.4557814970954,1963.3260224412709,2110.422328941658,46.44039059126975,43.03345255543654,gmina,24,ŚLĄSKIE,2414,bieruńsko-lędziński,2414011,Bieruń
niskie ryzyko,1226.8899545945098,1243.4385657403814,721.7643389255041,739.6380054232204,505.1256156690058,503.8005603171611,gmina,24,ŚLĄSKIE,2414,bieruńsko-lędziński,2414042,Bojszowy
wysokie ryzyko,1531.7956772848613,1563.518893023146,1024.4869672316306,1053.3883590080577,507.3087100532307,510.1305340150885,gmina,24,ŚLĄSKIE,2414,bieruńsko-lędziński,2414042,Bojszowy
niskie ryzyko,196.9276084021048,196.9804116489252,158.30149390250835,155.9249894160637,38.62611449959646,41.055422232861474,gmina,24,ŚLĄSKIE,2414,bieruńsko-lędziński,2414052,Chełm Śląski
wysokie ryzyko,311.94031810605645,313.2782907658109,306.35422791585364,307.84353469735197,5.586090190202782,5.43475606845889,gmina,24,ŚLĄSKIE,2414,bieruńsko-lędziński,2414052,Chełm Śląski
niskie ryzyko,6.4840113657387555,6.459158103938042,0.0,0.0,6.4840113657387555,6.459158103938042,gmina,24,ŚLĄSKIE,2414,bieruńsko-lędziński,2414021,Imielin
wysokie ryzyko,27.289025363728143,27.289025363728143,24.02555086062439,24.02555086062439,3.263474503103753,3.263474503103753,gmina,24,ŚLĄSKIE,2414,bieruńsko-lędziński,2414021,Imielin
niskie ryzyko,48.842639758570144,48.842639758570144,44.842639758570144,44.842639758570144,4.0,4.0,gmina,24,ŚLĄSKIE,2414,bieruńsko-lędziński,2414031,Lędziny
niskie ryzyko,27.64688845064679,29.07653595640968,27.64688845064679,29.07653595640968,0.0,0.0,gmina,24,ŚLĄSKIE,2401,będziński,2401042,Bobrowniki
wysokie ryzyko,7.62047198439719,7.156685428376073,7.62047198439719,7.156685428376073,0.0,0.0,gmina,24,ŚLĄSKIE,2401,będziński,2401042,Bobrowniki
niskie ryzyko,551.2478573652743,643.9974113529598,490.06133571619034,580.2127608217085,61.186521649083915,63.78465053125137,gmina,24,ŚLĄSKIE,2401,będziński,2401011,Będzin
wysokie ryzyko,2352.1314799118645,2339.870012877159,2251.309171417808,2241.97282125267,100.82230849405651,97.89719162448849,gmina,24,ŚLĄSKIE,2401,będziński,2401011,Będzin
niskie ryzyko,53.754414525758264,54.51352690392145,44.063047934213415,46.499127013369275,9.69136659154485,8.014399890552175,gmina,24,ŚLĄSKIE,2401,będziński,2401021,Czeladź
wysokie ryzyko,85.95841418669755,85.24287121716101,65.48415009827318,72.72119924309321,20.474264088424366,12.5216719740678,gmina,24,ŚLĄSKIE,2401,będziński,2401021,Czeladź
niskie ryzyko,59.55313723297314,65.48690600822367,59.55313723297314,65.48690600822367,0.0,0.0,gmina,24,ŚLĄSKIE,2401,będziński,2401052,Mierzęcice
wysokie ryzyko,57.91733918590232,57.7053481440023,57.91733918590232,57.7053481440023,0.0,0.0,gmina,24,ŚLĄSKIE,2401,będziński,2401052,Mierzęcice
niskie ryzyko,34.50732833753433,36.609330366726034,6.06482712011007,6.204562915000146,28.44250121742426,30.40476745172589,gmina,24,ŚLĄSKIE,2401,będziński,2401062,Psary
wysokie ryzyko,43.87683010707901,42.47548337822811,43.37652228929705,41.9784088028789,0.500307817781961,0.4970745753492074,gmina,24,ŚLĄSKIE,2401,będziński,2401062,Psary
niskie ryzyko,104.18401162921197,111.12255669350326,30.06808237429485,31.218483444599297,74.11592925491712,79.90407324890397,gmina,24,ŚLĄSKIE,2401,będziński,2401073,Siewierz
wysokie ryzyko,177.848487978169,171.26967769021732,42.80838566764184,40.0407981727359,135.04010231052715,131.22887951748143,gmina,24,ŚLĄSKIE,2401,będziński,2401073,Siewierz
niskie ryzyko,3.7791231339522215,4.280594309127105,0.0,0.0,3.7791231339522215,4.280594309127105,gmina,24,ŚLĄSKIE,2401,będziński,2401081,Sławków
wysokie ryzyko,0.0,11.245418851021276,0.0,0.0,0.0,11.245418851021276,gmina,24,ŚLĄSKIE,2401,będziński,2401081,Sławków
niskie ryzyko,38.00630136159495,43.94452526089292,36.028712496416745,42.2698548155736,1.9775888651782016,1.6746704453193126,gmina,24,ŚLĄSKIE,2401,będziński,2401031,Wojkowice
wysokie ryzyko,126.94736478652425,115.00194810723286,65.08358817840349,63.6079434917356,61.86377660812076,51.39400461549726,gmina,24,ŚLĄSKIE,2401,będziński,2401031,Wojkowice
niskie ryzyko,244.8628811402508,300.90541997809464,87.27876450553597,147.406394251095,157.58411663471486,153.4990257269996,gmina,24,ŚLĄSKIE,2403,cieszyński,2403042,Brenna
wysokie ryzyko,266.7306130128436,267.4242473037197,116.54375747594466,117.83965504605604,150.18685553689892,149.58459225766367,gmina,24,ŚLĄSKIE,2403,cieszyński,2403042,Brenna
niskie ryzyko,71.9187892429627,71.9187892429627,30.70313340911187,30.70313340911187,41.21565583385083,41.21565583385083,gmina,24,ŚLĄSKIE,2403,cieszyński,2403052,Chybie
wysokie ryzyko,16.031080557237154,16.031080557237154,13.728953973052278,13.728953973052278,2.3021265841848777,2.3021265841848777,gmina,24,ŚLĄSKIE,2403,cieszyński,2403052,Chybie
niskie ryzyko,124.53603540182353,110.6357440198468,115.78145704914228,92.83249510784842,8.75457835268124,17.80324891199839,gmina,24,ŚLĄSKIE,2403,cieszyński,2403011,Cieszyn
wysokie ryzyko,441.7999549017347,352.09768509061894,428.07248814322065,339.57943626858133,13.727466758514014,12.518248822037595,gmina,24,ŚLĄSKIE,2403,cieszyński,2403011,Cieszyn
niskie ryzyko,30.4946060065289,30.4946060065289,4.413773650113846,4.413773650113846,26.080832356415055,26.080832356415055,gmina,24,ŚLĄSKIE,2403,cieszyński,2403062,Dębowiec
wysokie ryzyko,5.629575146842366,4.887856718696505,1.7548406769324594,1.0131222487865987,3.874734469909906,3.874734469909906,gmina,24,ŚLĄSKIE,2403,cieszyński,2403062,Dębowiec
niskie ryzyko,68.78005608195488,60.71489232798236,52.40496794358117,47.22885846523762,16.375088138373705,13.486033862744742,gmina,24,ŚLĄSKIE,2403,cieszyński,2403072,Goleszów
wysokie ryzyko,23.28996453006439,19.028274512850256,18.460234450780973,18.812029597347248,4.829730079283415,0.2162449155030095,gmina,24,ŚLĄSKIE,2403,cieszyński,2403072,Goleszów
niskie ryzyko,15.35070460116398,13.141165636960912,13.68378274393189,11.474243779728823,1.66692185723209,1.66692185723209,gmina,24,ŚLĄSKIE,2403,cieszyński,2403082,Hażlach
niskie ryzyko,12.6729343979243,14.606636878685125,5.962846714309666,5.962846714309666,6.710087683614633,8.643790164375456,gmina,24,ŚLĄSKIE,2403,cieszyński,2403092,Istebna
wysokie ryzyko,18.62586167530568,18.62586167530568,18.62586167530568,18.62586167530568,0.0,0.0,gmina,24,ŚLĄSKIE,2403,cieszyński,2403092,Istebna
niskie ryzyko,659.9278919391047,883.3910997172729,330.9607559195231,424.23406117252006,328.9671360195815,459.15703854475294,gmina,24,ŚLĄSKIE,2403,cieszyński,2403103,Skoczów
wysokie ryzyko,1936.7385227614257,2174.5317344482382,1450.979258259625,1279.426447329054,485.7592645018004,895.1052871191838,gmina,24,ŚLĄSKIE,2403,cieszyński,2403103,Skoczów
niskie ryzyko,817.3284286372976,832.4359626935806,631.0233499609826,651.1097854742915,186.30507867631505,181.32617721928912,gmina,24,ŚLĄSKIE,2403,cieszyński,2403113,Strumień
wysokie ryzyko,1183.7112481093757,1098.7947885635842,1117.375580855204,1032.4591213094125,66.33566725417157,66.33566725417157,gmina,24,ŚLĄSKIE,2403,cieszyński,2403113,Strumień
niskie ryzyko,34.35516347373897,38.55212838451921,29.091609360794504,33.64002622063846,5.263554112944467,4.91210216388075,gmina,24,ŚLĄSKIE,2403,cieszyński,2403021,Ustroń
wysokie ryzyko,94.4611942875734,60.79109891715627,94.4611942875734,60.79109891715627,0.0,0.0,gmina,24,ŚLĄSKIE,2403,cieszyński,2403021,Ustroń
niskie ryzyko,35.9076610572429,23.23746245199846,26.908306120216963,14.91772209285458,8.999354937025936,8.319740359143879,gmina,24,ŚLĄSKIE,2403,cieszyński,2403031,Wisła
wysokie ryzyko,6.710231413191872,9.37165913249484,6.710231413191872,9.37165913249484,0.0,0.0,gmina,24,ŚLĄSKIE,2403,cieszyński,2403031,Wisła
niskie ryzyko,163.94487693064485,166.986011923496,151.54955829496967,154.64791275223328,12.3953186356752,12.338099171262725,gmina,24,ŚLĄSKIE,2403,cieszyński,2403122,Zebrzydowice
wysokie ryzyko,71.57764880129879,70.7076698133272,64.16867422857739,63.29869524060579,7.408974572721411,7.40897457272141,gmina,24,ŚLĄSKIE,2403,cieszyński,2403122,Zebrzydowice
niskie ryzyko,8.479520792379198,8.4795207923792,0.0,0.0,8.479520792379198,8.4795207923792,gmina,24,ŚLĄSKIE,2404,częstochowski,2404013,Blachownia
wysokie ryzyko,11.253877036268891,11.253877036268891,0.0,0.0,11.253877036268891,11.253877036268891,gmina,24,ŚLĄSKIE,2404,częstochowski,2404013,Blachownia
niskie ryzyko,21.667745873952363,21.667745873952363,20.66029401428473,20.66029401428473,1.0074518596676338,1.0074518596676338,gmina,24,ŚLĄSKIE,2404,częstochowski,2404022,Dąbrowa Zielona
wysokie ryzyko,2.6488248182461023,2.6488248182461027,2.6488248182461023,2.6488248182461027,0.0,0.0,gmina,24,ŚLĄSKIE,2404,częstochowski,2404022,Dąbrowa Zielona
niskie ryzyko,261.6246564325654,260.5662242980242,140.7142668874714,139.75877762925867,120.91038954509403,120.80744666876556,gmina,24,ŚLĄSKIE,2404,częstochowski,2404042,Kamienica Polska
wysokie ryzyko,463.7085258169338,463.0032821036539,133.28866112877552,132.78313541433158,330.41986468815827,330.2201466893223,gmina,24,ŚLĄSKIE,2404,częstochowski,2404042,Kamienica Polska
niskie ryzyko,66.46414225224981,63.89612496879204,39.354439971713745,37.08601163980234,27.109702280536077,26.8101133289897,gmina,24,ŚLĄSKIE,2404,częstochowski,2404063,Koniecpol
wysokie ryzyko,31.465074084086424,32.754222732791625,11.01068993097684,10.631111531101704,20.454384153109583,22.123111201689923,gmina,24,ŚLĄSKIE,2404,częstochowski,2404063,Koniecpol
niskie ryzyko,27.467446010000515,27.467446010000515,27.356937909694512,27.356937909694512,0.110508100306002,0.110508100306002,gmina,24,ŚLĄSKIE,2404,częstochowski,2404082,Kruszyna
wysokie ryzyko,21.91529239084895,21.91529239084895,21.91529239084895,21.91529239084895,0.0,0.0,gmina,24,ŚLĄSKIE,2404,częstochowski,2404082,Kruszyna
niskie ryzyko,363.8569578767681,365.12952086874026,221.3985929613412,226.94395529402817,142.4583649154269,138.18556557471211,gmina,24,ŚLĄSKIE,2404,częstochowski,2404052,Kłomnice
wysokie ryzyko,489.08788463668105,465.3633874160844,314.14674565507795,303.56043565763406,174.9411389816031,161.8029517584503,gmina,24,ŚLĄSKIE,2404,częstochowski,2404052,Kłomnice
niskie ryzyko,110.7997947966328,107.84286872651144,84.8683837664875,81.91145769636614,25.93141103014529,25.93141103014529,gmina,24,ŚLĄSKIE,2404,częstochowski,2404102,Mstów
wysokie ryzyko,130.02254612720216,135.70281818655107,109.0848458520447,114.76511791139362,20.93770027515746,20.93770027515746,gmina,24,ŚLĄSKIE,2404,częstochowski,2404102,Mstów
niskie ryzyko,18.07526454781061,18.07052142138325,15.168141432866356,15.163398306438996,2.907123114944256,2.907123114944256,gmina,24,ŚLĄSKIE,2404,częstochowski,2404112,Mykanów
wysokie ryzyko,4.357329120792723,4.357329120792723,0.0,0.0,4.357329120792723,4.357329120792723,gmina,24,ŚLĄSKIE,2404,częstochowski,2404112,Mykanów
niskie ryzyko,623.3337765651908,623.3144805167324,350.10223330368126,350.0971979007355,273.23154326150956,273.2172826159969,gmina,24,ŚLĄSKIE,2404,częstochowski,2404132,Poczesna
wysokie ryzyko,1149.6193026144174,1149.717512040208,511.7150155907666,511.4961324785559,637.9042870236508,638.2213795616522,gmina,24,ŚLĄSKIE,2404,częstochowski,2404132,Poczesna
niskie ryzyko,23.35434003815436,22.952061946891344,16.051917157125214,16.051917157125214,7.302422881029147,6.900144789766131,gmina,24,ŚLĄSKIE,2404,częstochowski,2404143,Przyrów
wysokie ryzyko,16.64599726805455,16.64599726805455,16.64599726805455,16.64599726805455,0.0,0.0,gmina,24,ŚLĄSKIE,2404,częstochowski,2404143,Przyrów
niskie ryzyko,263.0558312613795,263.09337940490263,252.27149350577375,252.7268813027716,10.784337755605756,10.366498102131011,gmina,24,ŚLĄSKIE,2405,gliwicki,2405032,Gierałtowice
wysokie ryzyko,674.9317118742526,676.3398761907537,667.0104429438605,667.2213816800031,7.921268930392192,9.118494510750574,gmina,24,ŚLĄSKIE,2405,gliwicki,2405032,Gierałtowice
niskie ryzyko,9.78979400488446,9.78979400488446,9.78979400488446,9.78979400488446,0.0,0.0,gmina,24,ŚLĄSKIE,2405,gliwicki,2405011,Knurów
wysokie ryzyko,0.8930186184403179,0.893018618440318,0.8930186184403179,0.893018618440318,0.0,0.0,gmina,24,ŚLĄSKIE,2405,gliwicki,2405042,Pilchowice
niskie ryzyko,22.205790344325766,16.453720646662124,18.666035915345084,12.91396621768144,3.5397544289806833,3.5397544289806833,gmina,24,ŚLĄSKIE,2405,gliwicki,2405021,Pyskowice
wysokie ryzyko,84.17703979016036,78.67092579241718,77.42005268074325,71.91393868300008,6.756987109417097,6.756987109417097,gmina,24,ŚLĄSKIE,2405,gliwicki,2405021,Pyskowice
niskie ryzyko,36.509500499471145,36.509500499471145,36.509500499471145,36.509500499471145,0.0,0.0,gmina,24,ŚLĄSKIE,2405,gliwicki,2405063,Sośnicowice
wysokie ryzyko,57.44038750875309,57.44038750875309,57.44038750875309,57.44038750875309,0.0,0.0,gmina,24,ŚLĄSKIE,2405,gliwicki,2405063,Sośnicowice
niskie ryzyko,219.75263274164053,229.58429876578305,212.60509825154773,222.30825134334617,7.147534490092795,7.276047422436855,gmina,24,ŚLĄSKIE,2406,kłobucki,2406023,Krzepice
wysokie ryzyko,97.67692124071752,129.12381455160644,97.67692124071752,129.12381455160644,0.0,0.0,gmina,24,ŚLĄSKIE,2406,kłobucki,2406023,Krzepice
niskie ryzyko,103.79494194436955,93.7337808059728,82.98544464748073,72.92428350908396,20.809497296888836,20.809497296888836,gmina,24,ŚLĄSKIE,2406,kłobucki,2406013,Kłobuck
niskie ryzyko,70.84575157249874,70.81593829714592,65.32350535756737,65.29369208221455,5.522246214931371,5.522246214931372,gmina,24,ŚLĄSKIE,2406,kłobucki,2406032,Lipie
niskie ryzyko,104.51146695684416,83.90452594393528,87.1937048773902,66.58676386448131,17.31776207945397,17.31776207945397,gmina,24,ŚLĄSKIE,2406,kłobucki,2406042,Miedźno
wysokie ryzyko,9.338240106298342,3.9320102778373807,9.338240106298342,3.9320102778373807,0.0,0.0,gmina,24,ŚLĄSKIE,2406,kłobucki,2406042,Miedźno
niskie ryzyko,6.998788334769543,6.998788334769543,0.0,0.0,6.998788334769543,6.998788334769543,gmina,24,ŚLĄSKIE,2406,kłobucki,2406052,Opatów
niskie ryzyko,63.79555737343962,76.47084979415465,63.79555737343962,76.47084979415465,0.0,0.0,gmina,24,ŚLĄSKIE,2406,kłobucki,2406062,Panki
wysokie ryzyko,10.318598620341012,10.033888673419568,10.318598620341012,10.033888673419568,0.0,0.0,gmina,24,ŚLĄSKIE,2406,kłobucki,2406062,Panki
niskie ryzyko,38.55908747779645,40.00982124824632,15.306644279913888,17.417073851523508,23.252443197882563,22.592747396722817,gmina,24,ŚLĄSKIE,2406,kłobucki,2406072,Popów
wysokie ryzyko,4.621174920621092,3.7236685542186776,4.621174920621092,3.7236685542186776,0.0,0.0,gmina,24,ŚLĄSKIE,2406,kłobucki,2406072,Popów
niskie ryzyko,67.4444603264293,67.04611814109987,66.61906590895356,66.22072372362413,0.8253944174757282,0.8253944174757281,gmina,24,ŚLĄSKIE,2406,kłobucki,2406082,Przystajń
wysokie ryzyko,17.84196659992485,17.84196659992485,17.84196659992485,17.84196659992485,0.0,0.0,gmina,24,ŚLĄSKIE,2406,kłobucki,2406082,Przystajń
niskie ryzyko,7.665513206901041,7.664608944464685,7.665513206901041,7.664608944464685,0.0,0.0,gmina,24,ŚLĄSKIE,2406,kłobucki,2406092,Wręczyca Wielka
niskie ryzyko,4.786352213625959,4.786352213625959,4.076245403518791,4.076245403518791,0.7101068101071677,0.7101068101071677,gmina,24,ŚLĄSKIE,2407,lubliniecki,2407032,Ciasna
niskie ryzyko,24.90718636717627,24.590240483465852,18.018565703605535,17.701619819895114,6.888620663570734,6.888620663570734,gmina,24,ŚLĄSKIE,2407,lubliniecki,2407042,Herby
niskie ryzyko,0.3128938492943995,0.3128938492943995,0.0,0.0,0.3128938492943995,0.3128938492943995,gmina,24,ŚLĄSKIE,2407,lubliniecki,2407062,Koszęcin
niskie ryzyko,51.17563474086623,50.74511297406596,0.0,0.0,51.17563474086623,50.74511297406596,gmina,24,ŚLĄSKIE,2407,lubliniecki,2407011,Lubliniec
wysokie ryzyko,3.338791077880468,3.221113696458504,0.0,0.0,3.338791077880468,3.221113696458504,gmina,24,ŚLĄSKIE,2407,lubliniecki,2407011,Lubliniec
niskie ryzyko,3.5745728350340307,7.872417870435817,3.5745728350340307,7.872417870435817,0.0,0.0,gmina,24,ŚLĄSKIE,2408,mikołowski,2408031,Orzesze
niskie ryzyko,22.196335453854132,22.13176879378143,5.181359509799824,5.11679284972712,17.01497594405431,17.01497594405431,gmina,24,ŚLĄSKIE,2409,myszkowski,2409023,Koziegłowy
niskie ryzyko,133.32370784163464,119.7969467314392,106.83807599162176,93.32933871819108,26.485631850012908,26.46760801324811,gmina,24,ŚLĄSKIE,2409,myszkowski,2409011,Myszków
wysokie ryzyko,45.19094466401479,35.91479661539646,26.55756415941731,17.281416110798986,18.633380504597476,18.633380504597476,gmina,24,ŚLĄSKIE,2409,myszkowski,2409011,Myszków
niskie ryzyko,365.12971350024054,382.9606197272384,183.8725969905543,203.35375566598037,181.25711650968623,179.60686406125802,gmina,24,ŚLĄSKIE,2409,myszkowski,2409042,Poraj
wysokie ryzyko,757.703130539531,697.1935377523403,540.6718815248404,482.7485623605645,217.03124901469067,214.4449753917758,gmina,24,ŚLĄSKIE,2409,myszkowski,2409042,Poraj
niskie ryzyko,12.01508872333447,12.014861861869989,0.0,0.0,12.01508872333447,12.014861861869989,gmina,24,ŚLĄSKIE,2409,myszkowski,2409053,Żarki
wysokie ryzyko,7.09598719435792,7.09230533676929,0.0,0.0,7.09598719435792,7.09230533676929,gmina,24,ŚLĄSKIE,2409,myszkowski,2409053,Żarki
niskie ryzyko,326.9682730947337,296.18088885800876,241.9609255440272,220.506866348406,85.0073475507065,75.67402250960272,gmina,24,ŚLĄSKIE,2410,pszczyński,2410012,Goczałkowice-Zdrój
wysokie ryzyko,436.3256782384534,467.0853295246481,380.3943993020199,404.4776107341238,55.9312789364335,62.60771879052432,gmina,24,ŚLĄSKIE,2410,pszczyński,2410012,Goczałkowice-Zdrój
niskie ryzyko,1187.064350586038,1150.0227859609306,898.5053126455992,864.2556529710662,288.5590379404388,285.7671329898645,gmina,24,ŚLĄSKIE,2410,pszczyński,2410032,Miedźna
wysokie ryzyko,3725.1668619430393,3178.6655371637444,3017.7906184377075,2518.174628802739,707.3762435053318,660.4909083610053,gmina,24,ŚLĄSKIE,2410,pszczyński,2410032,Miedźna
niskie ryzyko,12.792891634771586,19.78297824082674,11.834886444922931,11.834886444922931,0.9580051898486532,7.948091795903808,gmina,24,ŚLĄSKIE,2410,pszczyński,2410042,Pawłowice
wysokie ryzyko,1.900307874240509,1.9003078742405095,1.900307874240509,1.9003078742405095,0.0,0.0,gmina,24,ŚLĄSKIE,2410,pszczyński,2410042,Pawłowice
niskie ryzyko,104.5002146052994,116.50268565776165,49.29662120859042,61.32457712212695,55.20359339670897,55.17810853563469,gmina,24,ŚLĄSKIE,2410,pszczyński,2410053,Pszczyna
wysokie ryzyko,84.5017693431186,83.0885934327129,15.816800648777148,15.25153028461487,68.68496869434145,67.83706314809803,gmina,24,ŚLĄSKIE,2410,pszczyński,2410053,Pszczyna
niskie ryzyko,3.637650903387737,3.637650903387737,0.0,0.0,3.637650903387737,3.637650903387737,gmina,24,ŚLĄSKIE,2410,pszczyński,2410062,Suszec
niskie ryzyko,1.3227625667969172,1.3227625667969172,1.3227625667969172,1.3227625667969172,0.0,0.0,gmina,24,ŚLĄSKIE,2411,raciborski,2411033,Krzanowice
niskie ryzyko,95.44931889880324,128.53272419106264,87.59225302827889,125.34913821994752,7.857065870524361,3.1835859711151056,gmina,24,ŚLĄSKIE,2411,raciborski,2411042,Krzyżanowice
wysokie ryzyko,262.77124870654563,240.97051651879823,262.3637662240324,240.8337183024546,0.4074824825132091,0.1367982163436896,gmina,24,ŚLĄSKIE,2411,raciborski,2411042,Krzyżanowice
niskie ryzyko,526.3597960429945,500.1846508250915,505.50184535995993,479.66901581745736,20.857950683034655,20.515635007634177,gmina,24,ŚLĄSKIE,2411,raciborski,2411053,Kuźnia Raciborska
wysokie ryzyko,1073.1035894488984,1030.0754741976702,1041.4301231720965,999.213677537716,31.67346627680176,30.861796659954088,gmina,24,ŚLĄSKIE,2411,raciborski,2411053,Kuźnia Raciborska
niskie ryzyko,816.6906793290045,730.8670475393383,816.6906793290045,730.8670475393383,0.0,0.0,gmina,24,ŚLĄSKIE,2411,raciborski,2411062,Nędza
wysokie ryzyko,1103.5475882192509,1151.12812185491,1103.5475882192509,1151.12812185491,0.0,0.0,gmina,24,ŚLĄSKIE,2411,raciborski,2411062,Nędza
niskie ryzyko,37.90110801936682,34.88992234425678,37.90110801936682,34.88992234425678,0.0,0.0,gmina,24,ŚLĄSKIE,2411,raciborski,2411072,Pietrowice Wielkie
niskie ryzyko,1215.6972649988284,1207.4036922306705,1149.4030294154682,1123.0634211651168,66.29423558336012,84.34027106555365,gmina,24,ŚLĄSKIE,2411,raciborski,2411011,Racibórz
wysokie ryzyko,6184.049094490605,6627.644816780009,6101.700641008316,6553.1882925946875,82.34845348228941,74.45652418532174,gmina,24,ŚLĄSKIE,2411,raciborski,2411011,Racibórz
niskie ryzyko,218.2287810877612,218.2287810877612,193.91338085899503,193.91338085899503,24.31540022876613,24.315400228766133,gmina,24,ŚLĄSKIE,2411,raciborski,2411082,Rudnik
wysokie ryzyko,149.61022502223815,149.61022502223815,134.19189742150013,134.19189742150013,15.41832760073802,15.418327600738024,gmina,24,ŚLĄSKIE,2411,raciborski,2411082,Rudnik
niskie ryzyko,145.46420102755016,197.27554938182865,143.70555170612317,195.51690006040164,1.7586493214270082,1.7586493214270085,gmina,24,ŚLĄSKIE,2412,rybnicki,2412013,Czerwionka-Leszczyny
wysokie ryzyko,11.893692098496626,11.893692098496626,0.0,0.0,11.893692098496626,11.893692098496626,gmina,24,ŚLĄSKIE,2412,rybnicki,2412013,Czerwionka-Leszczyny
niskie ryzyko,18.88235772012625,14.052244075024907,0.0,0.0,18.88235772012625,14.052244075024907,gmina,24,ŚLĄSKIE,2412,rybnicki,2412042,Lyski
wysokie ryzyko,13.49615020937458,13.1545538021541,0.0,0.0,13.49615020937458,13.1545538021541,gmina,24,ŚLĄSKIE,2412,rybnicki,2412042,Lyski
niskie ryzyko,26.62551194427576,31.30734569765473,23.975372345612023,23.975372345612023,2.6501395986637335,7.331973352042705,gmina,24,ŚLĄSKIE,2413,tarnogórski,2413011,Kalety
wysokie ryzyko,0.2480665426361763,0.2480665426361763,0.2480665426361763,0.2480665426361763,0.0,0.0,gmina,24,ŚLĄSKIE,2413,tarnogórski,2413011,Kalety
niskie ryzyko,153.16342395073167,115.92891219738569,132.7638611072774,99.47447440855886,20.399562843454284,16.454437788826812,gmina,24,ŚLĄSKIE,2413,tarnogórski,2413052,Krupski Młyn
wysokie ryzyko,54.2817291264278,83.04453984726234,54.2817291264278,83.04453984726234,0.0,0.0,gmina,24,ŚLĄSKIE,2413,tarnogórski,2413052,Krupski Młyn
niskie ryzyko,51.76519646368554,50.62844307442517,46.53649442745372,45.39974103819334,5.2287020362318275,5.228702036231827,gmina,24,ŚLĄSKIE,2413,tarnogórski,2413041,Tarnowskie Góry
niskie ryzyko,34.67129687399801,32.494874973481004,28.913911132608973,27.700337954178508,5.757385741389034,4.7945370193024965,gmina,24,ŚLĄSKIE,2413,tarnogórski,2413082,Tworóg
wysokie ryzyko,43.2865696648814,40.96271444871475,43.2865696648814,40.96271444871475,0.0,0.0,gmina,24,ŚLĄSKIE,2413,tarnogórski,2413082,Tworóg
niskie ryzyko,52.6588261535986,53.24056803428555,4.547885906668366,3.8365972588989057,48.110940246930234,49.40397077538665,gmina,24,ŚLĄSKIE,2413,tarnogórski,2413092,Zbrosławice
wysokie ryzyko,56.27828303167277,41.692627846207984,22.217462373923883,8.65624240105775,34.06082065774888,33.03638544515024,gmina,24,ŚLĄSKIE,2413,tarnogórski,2413092,Zbrosławice
niskie ryzyko,163.64714777511634,171.32246778060588,133.89211613505805,141.61050724491312,29.7550316400583,29.711960535692747,gmina,24,ŚLĄSKIE,2415,wodzisławski,2415052,Godów
wysokie ryzyko,201.97587436402597,190.23266663497603,201.97587436402597,190.23266663497603,0.0,0.0,gmina,24,ŚLĄSKIE,2415,wodzisławski,2415052,Godów
niskie ryzyko,887.7386811919789,868.0293222468872,415.0862050048645,397.0082150065856,472.6524761871144,471.02110724030155,gmina,24,ŚLĄSKIE,2415,wodzisławski,2415062,Gorzyce
wysokie ryzyko,977.4876202275694,1028.526943721595,668.7357771572499,728.6855926709662,308.7518430703195,299.84135105062876,gmina,24,ŚLĄSKIE,2415,wodzisławski,2415062,Gorzyce
niskie ryzyko,14.689396558168342,14.689396558168344,0.7343533555555718,0.7343533555555717,13.955043202612767,13.95504320261277,gmina,24,ŚLĄSKIE,2415,wodzisławski,2415092,Mszana
wysokie ryzyko,2.5974447637136966,2.597444763713696,2.5974447637136966,2.597444763713696,0.0,0.0,gmina,24,ŚLĄSKIE,2415,wodzisławski,2415092,Mszana
niskie ryzyko,1.513155337207003,1.513155337207003,0.919905280793264,0.919905280793264,0.593250056413739,0.593250056413739,gmina,24,ŚLĄSKIE,2415,wodzisławski,2415031,Rydułtowy
niskie ryzyko,253.0329384518335,328.80758595248335,168.09580189268394,126.4629341772956,84.93713655914956,202.3446517751877,gmina,24,ŚLĄSKIE,2415,wodzisławski,2415041,Wodzisław Śląski
wysokie ryzyko,508.2526811789742,346.3422930932212,446.0317977085517,298.3196003266107,62.22088347042247,48.02269276661048,gmina,24,ŚLĄSKIE,2415,wodzisławski,2415041,Wodzisław Śląski
niskie ryzyko,1.469852754780739,1.469852754780739,1.469852754780739,1.469852754780739,0.0,0.0,gmina,24,ŚLĄSKIE,2416,zawierciański,2416032,Irządze
niskie ryzyko,6.142840068185351,6.008749031250337,6.142840068185351,6.008749031250337,0.0,0.0,gmina,24,ŚLĄSKIE,2416,zawierciański,2416042,Kroczyce
niskie ryzyko,35.07534993327924,34.49511084811344,35.07534993327924,34.49511084811344,0.0,0.0,gmina,24,ŚLĄSKIE,2416,zawierciański,2416073,Pilica
wysokie ryzyko,6.346501356473008,6.3465013564730075,6.346501356473008,6.3465013564730075,0.0,0.0,gmina,24,ŚLĄSKIE,2416,zawierciański,2416073,Pilica
niskie ryzyko,60.46353267075119,46.957864485030726,56.734946978370466,43.22927879265,3.728585692380723,3.7285856923807223,gmina,24,ŚLĄSKIE,2416,zawierciański,2416083,Szczekociny
wysokie ryzyko,24.319336941774573,15.05830917284593,21.123708467968832,11.86268069904019,3.1956284738057414,3.1956284738057414,gmina,24,ŚLĄSKIE,2416,zawierciański,2416083,Szczekociny
niskie ryzyko,30.432758869095377,25.80897731921786,19.53820870180137,17.362517713860598,10.894550167294003,8.446459605357262,gmina,24,ŚLĄSKIE,2416,zawierciański,2416021,Zawiercie
wysokie ryzyko,19.27485330268325,18.855740903593464,19.27485330268325,18.855740903593464,0.0,0.0,gmina,24,ŚLĄSKIE,2416,zawierciański,2416021,Zawiercie
niskie ryzyko,23.40393120926325,27.815994370044407,23.40393120926325,27.815994370044407,0.0,0.0,gmina,24,ŚLĄSKIE,2416,zawierciański,2416102,Żarnowiec
wysokie ryzyko,7.322544451993198,7.322544451993197,7.322544451993198,7.322544451993197,0.0,0.0,gmina,24,ŚLĄSKIE,2416,zawierciański,2416102,Żarnowiec
niskie ryzyko,2.840432547060755,2.609461630197558,2.840432547060755,2.609461630197558,0.0,0.0,gmina,24,ŚLĄSKIE,2479,Żory,2479011,Żory
niskie ryzyko,305.02762773081326,325.86166724917655,232.61500599748993,247.30328371403183,72.41262173332332,78.55838353514474,gmina,24,ŚLĄSKIE,2417,żywiecki,2417022,Czernichów
wysokie ryzyko,619.847053378991,625.2263404715599,534.8594523198562,540.3023208368752,84.98760105913465,84.92401963468478,gmina,24,ŚLĄSKIE,2417,żywiecki,2417022,Czernichów
niskie ryzyko,74.16707006177452,93.34192433443675,37.469089927469504,60.28701563245524,36.69798013430502,33.054908701981525,gmina,24,ŚLĄSKIE,2417,żywiecki,2417032,Gilowice
wysokie ryzyko,80.34770855343086,72.20033067687436,27.33112107402192,26.32351173946944,53.01658747940893,45.87681893740492,gmina,24,ŚLĄSKIE,2417,żywiecki,2417032,Gilowice
niskie ryzyko,181.00180430403572,168.56264902307362,90.4815699945778,79.75046029558509,90.52023430945792,88.81218872748855,gmina,24,ŚLĄSKIE,2417,żywiecki,2417042,Jeleśnia
wysokie ryzyko,162.27812424943212,160.27956325779877,127.39165040894764,126.5098044650816,34.88647384048446,33.769758792717184,gmina,24,ŚLĄSKIE,2417,żywiecki,2417042,Jeleśnia
niskie ryzyko,51.09603187530187,58.4235935956623,27.052509947703733,21.928280266497044,24.043521927598135,36.49531332916525,gmina,24,ŚLĄSKIE,2417,żywiecki,2417052,Koszarawa
niskie ryzyko,28.96703454488766,28.60808760041641,21.71004524817304,21.71004524817304,7.256989296714617,6.898042352243371,gmina,24,ŚLĄSKIE,2417,żywiecki,2417062,Lipowa
wysokie ryzyko,13.006279380661253,2.8229274508839057,13.006279380661253,2.8229274508839057,0.0,0.0,gmina,24,ŚLĄSKIE,2417,żywiecki,2417062,Lipowa
niskie ryzyko,95.15197804246024,89.4275498503051,46.62138470531552,42.91016470755645,48.53059333714471,46.51738514274864,gmina,24,ŚLĄSKIE,2417,żywiecki,2417092,Milówka
wysokie ryzyko,151.94055889025256,130.66028255009977,112.76029848240232,91.48002214224954,39.18026040785023,39.18026040785023,gmina,24,ŚLĄSKIE,2417,żywiecki,2417092,Milówka
niskie ryzyko,258.1260067698389,228.40926516621465,181.2669452154892,158.10768370153403,76.8590615543497,70.30158146468064,gmina,24,ŚLĄSKIE,2417,żywiecki,2417102,Radziechowy-Wieprz
wysokie ryzyko,501.2003034810934,416.51453463456613,468.9706550203044,384.2848861737772,32.22964846078896,32.22964846078896,gmina,24,ŚLĄSKIE,2417,żywiecki,2417102,Radziechowy-Wieprz
niskie ryzyko,210.73642046838177,230.47699946063352,80.98259865761855,100.8930904611365,129.75382181076318,129.58390899949703,gmina,24,ŚLĄSKIE,2417,żywiecki,2417112,Rajcza
wysokie ryzyko,151.58439292563244,144.9895326787778,67.27597338474204,60.95531835941781,84.30841954089038,84.03421431935999,gmina,24,ŚLĄSKIE,2417,żywiecki,2417112,Rajcza
niskie ryzyko,78.75537442426202,77.72516506783028,21.88005109003369,20.84984173360195,56.87532333422832,56.87532333422832,gmina,24,ŚLĄSKIE,2417,żywiecki,2417142,Ujsoły
wysokie ryzyko,96.18342273132627,96.18342273132627,3.78514115802069,3.78514115802069,92.3982815733056,92.3982815733056,gmina,24,ŚLĄSKIE,2417,żywiecki,2417142,Ujsoły
niskie ryzyko,814.926102376841,784.3891738372655,610.7351076170711,586.1782097766602,204.19099475976984,198.21096406060528,gmina,24,ŚLĄSKIE,2417,żywiecki,2417152,Węgierska Górka
wysokie ryzyko,1210.253348610031,1243.6140693327736,960.3500563993472,947.2246298215036,249.9032922106838,296.38943951127004,gmina,24,ŚLĄSKIE,2417,żywiecki,2417152,Węgierska Górka
niskie ryzyko,58.24429936486831,106.74104289684428,42.777544527640224,91.2742880596162,15.466754837228088,15.466754837228088,gmina,24,ŚLĄSKIE,2417,żywiecki,2417082,Łodygowice
wysokie ryzyko,19.27501372066266,18.09224251023233,14.291151745339963,13.108380534909632,4.983861975322697,4.983861975322697,gmina,24,ŚLĄSKIE,2417,żywiecki,2417082,Łodygowice
niskie ryzyko,244.05049909837916,440.5667364313,169.96189864456258,374.861042353502,74.08860045381655,65.705694077798,gmina,24,ŚLĄSKIE,2417,żywiecki,2417072,Łękawica
wysokie ryzyko,322.1588424759966,300.4089599731241,289.17270169353657,244.6179044618841,32.986140782460026,55.79105551123996,gmina,24,ŚLĄSKIE,2417,żywiecki,2417072,Łękawica
niskie ryzyko,79.81199543748498,66.35723849913684,46.43783827179429,33.59358705162494,33.3741571656907,32.763651447511904,gmina,24,ŚLĄSKIE,2417,żywiecki,2417122,Ślemień
wysokie ryzyko,9.104699519548848,6.14397611795818,9.104699519548848,6.14397611795818,0.0,0.0,gmina,24,ŚLĄSKIE,2417,żywiecki,2417122,Ślemień
niskie ryzyko,219.60573250042603,209.41600414110917,144.35056454417509,134.35382540997924,75.25516795625094,75.06217873112992,gmina,24,ŚLĄSKIE,2417,żywiecki,2417132,Świnna
wysokie ryzyko,279.41759394110113,234.70341022247487,278.4833887576848,233.76920503905853,0.934205183416346,0.9342051834163458,gmina,24,ŚLĄSKIE,2417,żywiecki,2417132,Świnna
niskie ryzyko,207.72551594231763,209.53055147569808,205.92446644681152,204.82437527670857,1.8010494955061127,4.706176198989505,gmina,24,ŚLĄSKIE,2417,żywiecki,2417011,Żywiec
wysokie ryzyko,907.4193896749716,658.6812652790608,903.7400232541214,658.3396850588883,3.6793664208503145,0.3415802201723788,gmina,24,ŚLĄSKIE,2417,żywiecki,2417011,Żywiec
niskie ryzyko,107.96877522347116,75.78409709112492,91.0163227807533,62.628878658094905,16.952452442717856,13.15521843303002,gmina,26,ŚWIĘTOKRZYSKIE,2661,Kielce,2661011,Kielce
wysokie ryzyko,158.46077543408524,125.5955575100628,40.830505032067265,30.299019068801258,117.63027040201796,95.29653844126152,gmina,26,ŚWIĘTOKRZYSKIE,2661,Kielce,2661011,Kielce
niskie ryzyko,1463.1921727727367,1511.6616334639912,1050.4948878024595,1098.9643484937144,412.6972849702769,412.6972849702769,gmina,26,ŚWIĘTOKRZYSKIE,2601,buski,2601033,Nowy Korczyn
wysokie ryzyko,2151.634658160695,2096.858834631104,1657.907280852067,1603.1314573224763,493.72737730862775,493.7273773086278,gmina,26,ŚWIĘTOKRZYSKIE,2601,buski,2601033,Nowy Korczyn
niskie ryzyko,2232.126666704425,2229.2245795054705,1520.9375256022809,1521.5495394109817,711.1891411021442,707.6750400944886,gmina,26,ŚWIĘTOKRZYSKIE,2601,buski,2601043,Pacanów
wysokie ryzyko,1543.348595130432,1545.6347052653778,1042.064516767715,1040.599893692113,501.2840783627168,505.03481157326473,gmina,26,ŚWIĘTOKRZYSKIE,2601,buski,2601043,Pacanów
niskie ryzyko,297.72242184011856,284.7806517506522,186.0728482675059,168.35344442650506,111.64957357261264,116.42720732414716,gmina,26,ŚWIĘTOKRZYSKIE,2601,buski,2601052,Solec-Zdrój
wysokie ryzyko,300.1799585516485,320.98338220658786,154.60399667978123,169.37951917967652,145.57596187186726,151.60386302691134,gmina,26,ŚWIĘTOKRZYSKIE,2601,buski,2601052,Solec-Zdrój
niskie ryzyko,431.90543857951167,416.7708604239782,386.29466846608074,371.16818099975967,45.61077011343093,45.60267942421851,gmina,26,ŚWIĘTOKRZYSKIE,2601,buski,2601083,Wiślica
wysokie ryzyko,392.49320640109806,441.47792354821945,335.92012071968395,381.5831035222158,56.57308568141414,59.89482002600363,gmina,26,ŚWIĘTOKRZYSKIE,2601,buski,2601083,Wiślica
niskie ryzyko,40.39597401765502,40.09230894528559,34.139165598340526,33.83550052597109,6.256808419314495,6.256808419314495,gmina,26,ŚWIĘTOKRZYSKIE,2602,jędrzejowski,2602012,Imielno
wysokie ryzyko,33.595948162065035,33.595948162065035,28.715482424592665,28.715482424592665,4.880465737472368,4.880465737472369,gmina,26,ŚWIĘTOKRZYSKIE,2602,jędrzejowski,2602012,Imielno
niskie ryzyko,7.588069768162883,7.5880697681628835,6.326109482636418,6.326109482636418,1.261960285526465,1.261960285526465,gmina,26,ŚWIĘTOKRZYSKIE,2602,jędrzejowski,2602033,Małogoszcz
wysokie ryzyko,7.395014077179142,7.395014077179142,0.0,0.0,7.395014077179142,7.395014077179142,gmina,26,ŚWIĘTOKRZYSKIE,2602,jędrzejowski,2602033,Małogoszcz
niskie ryzyko,120.29586554101388,118.46417353706202,102.25218943366916,100.42049742971732,18.04367610734471,18.043676107344705,gmina,26,ŚWIĘTOKRZYSKIE,2602,jędrzejowski,2602083,Sobków
wysokie ryzyko,42.06914666487699,42.069146664877,41.06914666487699,41.069146664877,1.0,1.0,gmina,26,ŚWIĘTOKRZYSKIE,2602,jędrzejowski,2602083,Sobków
niskie ryzyko,7.865324268636008,7.865324268636007,7.865324268636008,7.865324268636007,0.0,0.0,gmina,26,ŚWIĘTOKRZYSKIE,2602,jędrzejowski,2602072,Słupia
niskie ryzyko,89.91879709398154,89.91879709398154,79.06763260659983,79.06763260659983,10.85116448738172,10.85116448738172,gmina,26,ŚWIĘTOKRZYSKIE,2603,kazimierski,2603012,Bejsce
wysokie ryzyko,84.35343553433498,84.35343553433498,70.8480549993777,70.8480549993777,13.505380534957276,13.505380534957276,gmina,26,ŚWIĘTOKRZYSKIE,2603,kazimierski,2603012,Bejsce
niskie ryzyko,68.6694169522107,84.67999578655814,48.574135636268736,64.66603320255719,20.09528131594196,20.01396258400095,gmina,26,ŚWIĘTOKRZYSKIE,2603,kazimierski,2603043,Opatowiec
wysokie ryzyko,29.86179532933059,29.86179532933059,20.36864046158058,20.368640461580583,9.49315486775001,9.49315486775001,gmina,26,ŚWIĘTOKRZYSKIE,2603,kazimierski,2603043,Opatowiec
niskie ryzyko,36.82505580045143,36.82505580045143,30.34923752494676,30.34923752494676,6.475818275504674,6.475818275504674,gmina,26,ŚWIĘTOKRZYSKIE,2604,kielecki,2604033,Chęciny
wysokie ryzyko,36.09555094906869,36.095550949068695,36.09555094906869,36.095550949068695,0.0,0.0,gmina,26,ŚWIĘTOKRZYSKIE,2604,kielecki,2604033,Chęciny
niskie ryzyko,141.09781938399271,150.47207998460632,36.859102157050295,46.32435865601243,104.23871722694244,104.14772132859387,gmina,26,ŚWIĘTOKRZYSKIE,2604,kielecki,2604053,Daleszyce
wysokie ryzyko,119.43491063750756,115.30843785337316,74.950814829824,70.96570944272129,44.48409580768356,44.34272841065186,gmina,26,ŚWIĘTOKRZYSKIE,2604,kielecki,2604053,Daleszyce
niskie ryzyko,158.4952910577217,127.35684273027584,83.58554669706143,73.24415403591868,74.90974436066024,54.11268869435716,gmina,26,ŚWIĘTOKRZYSKIE,2604,kielecki,2604123,Morawica
wysokie ryzyko,220.7322653141621,259.2642040957034,170.5391258908728,146.41258542431788,50.19313942328934,112.85161867138552,gmina,26,ŚWIĘTOKRZYSKIE,2604,kielecki,2604123,Morawica
niskie ryzyko,50.94149994253766,50.083193191637775,50.023583226289,49.254381158207714,0.9179167162486612,0.8288120334300614,gmina,26,ŚWIĘTOKRZYSKIE,2604,kielecki,2604133,Nowa Słupia
wysokie ryzyko,5.839432344433056,5.839432344433057,5.839432344433056,5.839432344433057,0.0,0.0,gmina,26,ŚWIĘTOKRZYSKIE,2604,kielecki,2604133,Nowa Słupia
niskie ryzyko,201.87995887597785,194.91586622426777,39.82529442796642,37.85142679272772,162.05466444801144,157.06443943154002,gmina,26,ŚWIĘTOKRZYSKIE,2604,kielecki,2604172,Nowiny
wysokie ryzyko,8.448147419698925,8.402520974993282,7.706854587970937,7.661228143265293,0.7412928317279879,0.7412928317279879,gmina,26,ŚWIĘTOKRZYSKIE,2604,kielecki,2604172,Nowiny
niskie ryzyko,9.304599938012966,9.304599938012968,1.4002772069014962,1.4002772069014964,7.9043227311114705,7.904322731111471,gmina,26,ŚWIĘTOKRZYSKIE,2604,kielecki,2604162,Raków
niskie ryzyko,15.32231486341401,14.251661539834748,15.32231486341401,14.251661539834748,0.0,0.0,gmina,26,ŚWIĘTOKRZYSKIE,2605,konecki,2605023,Gowarczów
niskie ryzyko,3.2183706100833867,3.2183706100833867,0.7631045753531225,0.7631045753531226,2.455266034730264,2.455266034730264,gmina,26,ŚWIĘTOKRZYSKIE,2605,konecki,2605043,Radoszyce
niskie ryzyko,1.1061683804298394,1.1061683804298394,1.1061683804298394,1.1061683804298394,0.0,0.0,gmina,26,ŚWIĘTOKRZYSKIE,2605,konecki,2605052,Ruda Maleniecka
wysokie ryzyko,2.8455524719615473,2.8455524719615477,2.8455524719615473,2.8455524719615477,0.0,0.0,gmina,26,ŚWIĘTOKRZYSKIE,2605,konecki,2605052,Ruda Maleniecka
niskie ryzyko,22.19804764204993,23.388889354236053,10.256395662861337,11.622182287650723,11.941651979188594,11.766707066585328,gmina,26,ŚWIĘTOKRZYSKIE,2605,konecki,2605083,Stąporków
wysokie ryzyko,8.254773279197394,8.254773279197396,0.0,0.0,8.254773279197394,8.254773279197396,gmina,26,ŚWIĘTOKRZYSKIE,2605,konecki,2605083,Stąporków
niskie ryzyko,9.415742472105029,8.764649339328493,9.415742472105029,8.764649339328493,0.0,0.0,gmina,26,ŚWIĘTOKRZYSKIE,2605,konecki,2605062,Słupia Konecka
wysokie ryzyko,2.094072527957373,2.0940725279573726,2.094072527957373,2.0940725279573726,0.0,0.0,gmina,26,ŚWIĘTOKRZYSKIE,2605,konecki,2605062,Słupia Konecka
niskie ryzyko,183.63661557418612,180.77819200810217,118.11755806814227,115.56348852551686,65.51905750604385,65.21470348258528,gmina,26,ŚWIĘTOKRZYSKIE,2606,opatowski,2606053,Ożarów
wysokie ryzyko,169.83298468655514,172.89784943947717,112.86354188076824,116.96681301609831,56.96944280578688,55.931036423378856,gmina,26,ŚWIĘTOKRZYSKIE,2606,opatowski,2606053,Ożarów
niskie ryzyko,264.96909142571485,265.9239382792388,187.6896054138931,188.64445226741705,77.27948601182176,77.27948601182176,gmina,26,ŚWIĘTOKRZYSKIE,2606,opatowski,2606072,Tarłów
wysokie ryzyko,319.788879016377,318.4793178783466,251.26388218847632,249.9543210504459,68.52499682790068,68.52499682790068,gmina,26,ŚWIĘTOKRZYSKIE,2606,opatowski,2606072,Tarłów
niskie ryzyko,126.74928055134336,118.57124873871452,49.28894708523701,41.4135739345684,77.46033346610635,77.15767480414611,gmina,26,ŚWIĘTOKRZYSKIE,2607,ostrowiecki,2607022,Bałtów
wysokie ryzyko,111.24610320581914,108.9953108659385,48.11021945816446,27.628411349767667,63.135883747654674,81.36689951617083,gmina,26,ŚWIĘTOKRZYSKIE,2607,ostrowiecki,2607022,Bałtów
niskie ryzyko,391.89900293778794,378.2896450155227,237.27763708752408,223.66827916525884,154.6213658502639,154.6213658502639,gmina,26,ŚWIĘTOKRZYSKIE,2607,ostrowiecki,2607032,Bodzechów
wysokie ryzyko,635.9083383270182,679.0840574725999,576.9762988325651,620.1520179781468,58.93203949445315,58.93203949445315,gmina,26,ŚWIĘTOKRZYSKIE,2607,ostrowiecki,2607032,Bodzechów
niskie ryzyko,145.71503440620188,144.2737477009188,140.16199389806152,138.7207071927784,5.5530405081403815,5.5530405081403815,gmina,26,ŚWIĘTOKRZYSKIE,2607,ostrowiecki,2607053,Kunów
wysokie ryzyko,57.28509290598217,57.28509290598217,57.28509290598217,57.28509290598217,0.0,0.0,gmina,26,ŚWIĘTOKRZYSKIE,2607,ostrowiecki,2607053,Kunów
niskie ryzyko,114.4084820574394,53.44164372017976,106.45739703196864,44.049880823728074,7.951085025470781,9.39176289645169,gmina,26,ŚWIĘTOKRZYSKIE,2607,ostrowiecki,2607011,Ostrowiec Świętokrzyski
wysokie ryzyko,245.93255923633205,319.7870179946953,232.3848767144887,309.9692910470541,13.547682521843324,9.817726947641212,gmina,26,ŚWIĘTOKRZYSKIE,2607,ostrowiecki,2607011,Ostrowiec Świętokrzyski
niskie ryzyko,385.6123262517429,380.8183764974075,364.1359983825416,359.39967944675743,21.476327869201263,21.4186970506501,gmina,26,ŚWIĘTOKRZYSKIE,2607,ostrowiecki,2607043,Ćmielów
wysokie ryzyko,489.11978195915816,486.9558676597695,456.40465736976415,454.4995700288901,32.71512458939401,32.456297630879455,gmina,26,ŚWIĘTOKRZYSKIE,2607,ostrowiecki,2607043,Ćmielów
niskie ryzyko,57.91303601334071,57.88103770363778,57.10614806350641,57.07414975380348,0.8068879498342951,0.806887949834295,gmina,26,ŚWIĘTOKRZYSKIE,2608,pińczowski,2608022,Kije
wysokie ryzyko,21.026411875564225,21.026411875564225,21.026411875564225,21.026411875564225,0.0,0.0,gmina,26,ŚWIĘTOKRZYSKIE,2608,pińczowski,2608022,Kije
niskie ryzyko,55.90534989168964,55.8274492196938,54.06217170583883,53.98427103384299,1.8431781858508107,1.8431781858508107,gmina,26,ŚWIĘTOKRZYSKIE,2608,pińczowski,2608032,Michałów
niskie ryzyko,230.3331759736221,189.65426374315192,171.11600376347334,134.4510971782607,59.21717221014876,55.20316656489123,gmina,26,ŚWIĘTOKRZYSKIE,2608,pińczowski,2608043,Pińczów
wysokie ryzyko,66.68493405367471,64.59040367273417,20.201061452193393,18.106531071252867,46.48387260148131,46.48387260148131,gmina,26,ŚWIĘTOKRZYSKIE,2608,pińczowski,2608043,Pińczów
niskie ryzyko,11.32049197796796,11.32049197796796,11.32049197796796,11.32049197796796,0.0,0.0,gmina,26,ŚWIĘTOKRZYSKIE,2608,pińczowski,2608052,Złota
niskie ryzyko,2122.2381411830015,2091.1465732725105,1750.6683556806754,1723.6261136306466,371.56978550232634,367.52045964186425,gmina,26,ŚWIĘTOKRZYSKIE,2609,sandomierski,2609022,Dwikozy
wysokie ryzyko,1757.3760810582964,1721.8281997744182,1416.624447318683,1386.6532166261586,340.75163373961345,335.17498314825946,gmina,26,ŚWIĘTOKRZYSKIE,2609,sandomierski,2609022,Dwikozy
niskie ryzyko,1059.9324998299069,1054.1848894582731,635.4628617782873,633.132486208053,424.4696380516193,421.05240325022027,gmina,26,ŚWIĘTOKRZYSKIE,2609,sandomierski,2609043,Koprzywnica
wysokie ryzyko,1344.6074589571435,1340.8846170055915,859.7128941572701,855.2866066617855,484.89456479987354,485.5980103438059,gmina,26,ŚWIĘTOKRZYSKIE,2609,sandomierski,2609043,Koprzywnica
niskie ryzyko,1702.4950078175527,1699.0027705701516,919.0574536693453,916.334581566892,783.4375541482075,782.6681890032595,gmina,26,ŚWIĘTOKRZYSKIE,2609,sandomierski,2609072,Samborzec
wysokie ryzyko,1667.4444475986795,1668.8804594967814,900.8792080081528,902.3152199062548,766.5652395905269,766.5652395905269,gmina,26,ŚWIĘTOKRZYSKIE,2609,sandomierski,2609072,Samborzec
niskie ryzyko,1790.1159603329431,1344.52913537252,1702.6293173712902,1281.1101148587145,87.48664296165276,63.4190205138054,gmina,26,ŚWIĘTOKRZYSKIE,2609,sandomierski,2609011,Sandomierz
wysokie ryzyko,2633.054711090053,3082.2669403012196,2435.9431792197306,2794.8709772693937,197.11153187032167,287.3959630318258,gmina,26,ŚWIĘTOKRZYSKIE,2609,sandomierski,2609011,Sandomierz
niskie ryzyko,31.94767698591857,31.94767698591857,16.526439307530335,16.526439307530335,15.421237678388236,15.421237678388234,gmina,26,ŚWIĘTOKRZYSKIE,2609,sandomierski,2609082,Wilczyce
wysokie ryzyko,33.886057820139925,33.886057820139925,8.00427354021851,8.00427354021851,25.881784279921416,25.881784279921416,gmina,26,ŚWIĘTOKRZYSKIE,2609,sandomierski,2609082,Wilczyce
niskie ryzyko,269.90216804490973,247.300072724149,98.54813390350256,76.77868802780316,171.3540341414072,170.52138469634585,gmina,26,ŚWIĘTOKRZYSKIE,2609,sandomierski,2609093,Zawichost
wysokie ryzyko,139.27104300993105,135.74247795651954,79.92203474363039,76.39346969021886,59.34900826630066,59.34900826630066,gmina,26,ŚWIĘTOKRZYSKIE,2609,sandomierski,2609093,Zawichost
niskie ryzyko,982.9723442495168,975.284131555788,368.1639829121609,363.8492292371275,614.8083613373558,611.4349023186604,gmina,26,ŚWIĘTOKRZYSKIE,2609,sandomierski,2609052,Łoniów
wysokie ryzyko,1088.5746305608914,1096.2628432546203,540.7649801094549,533.6595770368253,547.8096504514366,562.6032662177948,gmina,26,ŚWIĘTOKRZYSKIE,2609,sandomierski,2609052,Łoniów
niskie ryzyko,11.696706627072636,11.260639090437444,5.4414491037115,5.005381567076308,6.255257523361137,6.255257523361137,gmina,26,ŚWIĘTOKRZYSKIE,2610,skarżyski,2610022,Bliżyn
niskie ryzyko,14.0,14.0,0.0,0.0,14.0,14.0,gmina,26,ŚWIĘTOKRZYSKIE,2610,skarżyski,2610042,Skarżysko Kościelne
niskie ryzyko,42.410783288402136,41.95358542527613,17.558755568495904,17.766178378602813,24.852027719906232,24.18740704667331,gmina,26,ŚWIĘTOKRZYSKIE,2610,skarżyski,2610011,Skarżysko-Kamienna
wysokie ryzyko,86.77480276890657,91.72505851366604,3.7515037185696025,4.645228204999028,83.02329905033697,87.07983030866703,gmina,26,ŚWIĘTOKRZYSKIE,2610,skarżyski,2610011,Skarżysko-Kamienna
niskie ryzyko,9.791407193824885,6.637736372871546,2.26904644445637,1.886894529890218,7.522360749368514,4.750841842981329,gmina,26,ŚWIĘTOKRZYSKIE,2610,skarżyski,2610053,Suchedniów
niskie ryzyko,13.510558573638326,13.510558573638326,0.0,0.0,13.510558573638326,13.510558573638326,gmina,26,ŚWIĘTOKRZYSKIE,2610,skarżyski,2610032,Łączna
niskie ryzyko,157.17906639881076,151.48718694646044,90.9201404412973,88.49232402120482,66.25892595751344,62.9948629252556,gmina,26,ŚWIĘTOKRZYSKIE,2611,starachowicki,2611022,Brody
wysokie ryzyko,133.83713949693606,128.68417984046576,74.23010102892283,70.87129022302753,59.60703846801323,57.81288961743822,gmina,26,ŚWIĘTOKRZYSKIE,2611,starachowicki,2611022,Brody
niskie ryzyko,58.341846926821006,50.64011919418447,4.09108330529818,4.09108330529818,54.25076362152282,46.54903588888629,gmina,26,ŚWIĘTOKRZYSKIE,2611,starachowicki,2611042,Pawłów
niskie ryzyko,125.09791577664296,101.13839763419828,115.79805742501706,96.09337908084204,9.299858351625884,5.045018553356254,gmina,26,ŚWIĘTOKRZYSKIE,2611,starachowicki,2611011,Starachowice
wysokie ryzyko,353.13122755558254,452.7288056813479,238.04285952285633,330.7955033279491,115.0883680327262,121.9333023533988,gmina,26,ŚWIĘTOKRZYSKIE,2611,starachowicki,2611011,Starachowice
niskie ryzyko,113.559618761897,108.05940765108716,50.98065010106053,45.785181309933165,62.57896866083646,62.27422634115399,gmina,26,ŚWIĘTOKRZYSKIE,2611,starachowicki,2611053,Wąchock
wysokie ryzyko,110.85186501566638,86.00466997330278,101.92193212976034,77.07473708739674,8.929932885906037,8.929932885906037,gmina,26,ŚWIĘTOKRZYSKIE,2611,starachowicki,2611053,Wąchock
niskie ryzyko,1119.2812960366218,1115.613542802295,549.6470808448878,545.9793276105607,569.6342151917339,569.6342151917339,gmina,26,ŚWIĘTOKRZYSKIE,2612,staszowski,2612043,Osiek
wysokie ryzyko,1150.982037614746,1154.6045416320717,619.370998121286,622.9935021386119,531.6110394934598,531.6110394934598,gmina,26,ŚWIĘTOKRZYSKIE,2612,staszowski,2612043,Osiek
niskie ryzyko,1436.969289103631,1434.8673610885508,1215.2520801519638,1214.5788046682378,221.7172089516669,220.2885564203129,gmina,26,ŚWIĘTOKRZYSKIE,2612,staszowski,2612053,Połaniec
wysokie ryzyko,1723.4055199686584,1723.007227498866,1496.6295045093198,1495.3847162630254,226.77601545933857,227.6225112358408,gmina,26,ŚWIĘTOKRZYSKIE,2612,staszowski,2612053,Połaniec
niskie ryzyko,1115.8041799638356,1112.1892211160562,861.9156180938393,859.5725151201027,253.88856186999604,252.61670599595348,gmina,26,ŚWIĘTOKRZYSKIE,2612,staszowski,2612062,Rytwiany
wysokie ryzyko,1193.6756471084084,1194.964366429116,1016.8499475070322,1018.415311264513,176.82569960137627,176.54905516460292,gmina,26,ŚWIĘTOKRZYSKIE,2612,staszowski,2612062,Rytwiany
niskie ryzyko,761.4271960674974,698.9403655135287,484.9088552117825,424.13064703628385,276.518340855715,274.8097184772449,gmina,26,ŚWIĘTOKRZYSKIE,2612,staszowski,2612073,Staszów
wysokie ryzyko,1367.36289232019,1861.0759941968672,1168.7574395711506,1673.292217523467,198.60545274903953,187.783776673401,gmina,26,ŚWIĘTOKRZYSKIE,2612,staszowski,2612073,Staszów
niskie ryzyko,18.203669268958425,18.09431843948453,10.165148342496543,10.055797513022648,8.038520926461885,8.038520926461885,gmina,26,ŚWIĘTOKRZYSKIE,2612,staszowski,2612083,Szydłów
wysokie ryzyko,15.926128354177816,15.68750285499583,7.458598365466357,7.2199728662843725,8.467529988711458,8.467529988711458,gmina,26,ŚWIĘTOKRZYSKIE,2612,staszowski,2612083,Szydłów
niskie ryzyko,1455.311896013974,1464.0417642786315,764.9391052510952,759.2325134592703,690.3727907628792,704.8092508193613,gmina,26,ŚWIĘTOKRZYSKIE,2612,staszowski,2612022,Łubnice
wysokie ryzyko,880.410222305554,872.4143335240323,444.6565035219986,444.493267007948,435.75371878355537,427.9210665160841,gmina,26,ŚWIĘTOKRZYSKIE,2612,staszowski,2612022,Łubnice
niskie ryzyko,64.75444600384378,64.72326521863593,47.76555260371454,47.73437181850669,16.988893400129246,16.988893400129246,gmina,26,ŚWIĘTOKRZYSKIE,2613,włoszczowski,2613012,Kluczewsko
niskie ryzyko,1.198093554106959,1.198093554106959,0.0,0.0,1.198093554106959,1.198093554106959,gmina,26,ŚWIĘTOKRZYSKIE,2613,włoszczowski,2613022,Krasocin
niskie ryzyko,6.719057703493436,6.719057703493436,0.0,0.0,6.719057703493436,6.719057703493436,gmina,26,ŚWIĘTOKRZYSKIE,2613,włoszczowski,2613063,Włoszczowa
