gmina,powiat,wojewodztwo,teryt_gmi,pop_risk_total,pop_ge65,pop_outside_ge65,outside_share,risk_class_max,priority_score_v12,rank,new_large_siren_gap_count,gap_count_not_priced_as_integration,estimated_new_siren_gap_cost_pln,new_siren_cost_per_pop_outside_ge65_pln
Kraków,Kraków,MAŁOPOLSKIE,1261011,146079.24772486763,133598.7414893672,12480.506235500434,0.0854365450937068,wysokie ryzyko,69.82,210,8,79,320000,25.64
Wrocław,Wrocław,DOLNOŚLĄSKIE,0264011,152388.1727038349,143210.78664385178,9177.386059983131,0.0602237424148349,wysokie ryzyko,69.98,205,19,78,760000,82.81
Niepołomice,wielicki,MAŁOPOLSKIE,1219043,14087.922488359569,5560.510596758666,8527.4118916009,0.6052994611978343,wysokie ryzyko,77.69,56,1,37,40000,4.69
Łomianki,warszawski zachodni,MAZOWIECKIE,1432053,24032.52501165602,15529.185428865136,8503.339582790886,0.3538263074174136,wysokie ryzyko,75.6,85,2,22,80000,9.41
Szczucin,dąbrowski,MAŁOPOLSKIE,1204073,12680.424923166936,4408.00046943995,8272.424453726984,0.6523775428545296,wysokie ryzyko,78.93,40,0,129,0,0.0
Kęty,oświęcimski,MAŁOPOLSKIE,1213043,21656.85983385052,14730.71108697987,6926.148746870651,0.3198131585099336,wysokie ryzyko,74.67,106,4,43,160000,23.1
Wieliszew,legionowski,MAZOWIECKIE,1408052,17502.22103535614,10686.7517484914,6815.469286864737,0.3894059658540962,wysokie ryzyko,74.03,118,4,50,160000,23.48
Jabłonna,legionowski,MAZOWIECKIE,1408022,19412.658120196873,12654.419302553546,6758.238817643328,0.3481356739400915,wysokie ryzyko,73.29,129,4,34,160000,23.67
Czernica,wrocławski,DOLNOŚLĄSKIE,0223012,9659.14199065696,4255.682413163813,5403.459577493146,0.5594140331221732,wysokie ryzyko,79.46,36,2,14,80000,14.81
Warszawa,Warszawa,MAZOWIECKIE,1465011,412200.60372604686,406969.9453568008,5230.6583692460845,0.0126895941489751,wysokie ryzyko,67.57,257,11,83,440000,84.12
Czosnów,nowodworski,MAZOWIECKIE,1414022,9868.29022445353,4859.534491332995,5008.755733120536,0.5075606431506124,wysokie ryzyko,76.27,76,5,85,200000,39.93
Gorzyce,tarnobrzeski,PODKARPACKIE,1820022,12951.957817908566,8172.450661242165,4779.507156666401,0.3690181225001996,wysokie ryzyko,74.47,110,5,31,200000,41.85
Świdnica,świdnicki,DOLNOŚLĄSKIE,0219011,4978.707900280474,239.33110672271857,4739.376793557754,0.951929072458893,wysokie ryzyko,90.09,1,2,4,80000,16.88
Nowy Dwór Mazowiecki,nowodworski,MAZOWIECKIE,1414011,20674.505183698755,16221.382283099414,4453.122900599341,0.2153919941992371,wysokie ryzyko,78.72,43,3,12,120000,26.95
Włocławek,Włocławek,KUJAWSKO-POMORSKIE,0464011,4630.421564311363,188.85843050915648,4441.563133802207,0.9592135558531498,wysokie ryzyko,85.76,2,4,18,160000,36.02
Nowy Dwór Gdański,nowodworski,POMORSKIE,2210023,16307.138343669483,11939.17198592367,4367.966357745814,0.267856092570741,wysokie ryzyko,71.66,165,10,154,400000,91.58
Baranów Sandomierski,tarnobrzeski,PODKARPACKIE,1820013,10569.023883793789,6401.800807715917,4167.223076077869,0.3942864659874371,wysokie ryzyko,73.58,124,3,64,120000,28.8
Czechowice-Dziedzice,bielski,ŚLĄSKIE,2402043,9724.605554328473,5714.074175851626,4010.531378476844,0.412410699443921,wysokie ryzyko,75.45,89,6,34,240000,59.84
Żabno,tarnowski,MAŁOPOLSKIE,1216153,14715.08947438746,10890.136313495852,3824.953160891606,0.2599340743084966,wysokie ryzyko,71.51,169,6,48,240000,62.75
Gdańsk,Gdańsk,POMORSKIE,2261011,34942.38962388813,31305.46042335547,3636.929200532659,0.1040835855727021,wysokie ryzyko,68.26,246,4,65,160000,43.99
Leoncin,nowodworski,MAZOWIECKIE,1414032,5314.552128959217,1861.765268039656,3452.786860919561,0.6496853878062803,wysokie ryzyko,78.28,52,0,54,0,0.0
Lubsza,brzeski,OPOLSKIE,1601052,6222.530620154048,2775.335998313214,3447.1946218408348,0.5539859636328305,wysokie ryzyko,76.89,65,6,18,240000,69.62
Lewin Brzeski,brzeski,OPOLSKIE,1601043,8885.944590747524,5567.9849044436405,3317.9596863038823,0.3733941453741117,wysokie ryzyko,72.99,135,4,23,160000,48.22
Chełmek,oświęcimski,MAŁOPOLSKIE,1213033,5119.4485241788825,1856.8812418419025,3262.5672823369805,0.637288814786993,wysokie ryzyko,79.29,37,3,4,120000,36.78
Kąty Wrocławskie,wrocławski,DOLNOŚLĄSKIE,0223043,7449.713180413748,4199.15515180022,3250.558028613529,0.4363333124233109,wysokie ryzyko,75.1,95,2,26,80000,24.61
Kunice,legnicki,DOLNOŚLĄSKIE,0209042,4295.851611317405,1057.6970481861588,3238.1545631312465,0.7537864098006414,wysokie ryzyko,81.2,22,2,19,80000,24.71
Chełmno,chełmiński,KUJAWSKO-POMORSKIE,0404022,3518.7985206895255,533.487559759219,2985.3109609303065,0.8483892849725652,wysokie ryzyko,82.82,12,0,100,0,0.0
Tarnobrzeg,Tarnobrzeg,PODKARPACKIE,1864011,9531.615482932915,6604.866566215023,2926.748916717894,0.3070569644734894,wysokie ryzyko,72.45,145,4,33,160000,54.67
Elbląg,elbląski,WARMIŃSKO-MAZURSKIE,2804012,3347.291722543626,444.1243300617579,2903.167392481868,0.8673183077917495,wysokie ryzyko,82.8,13,2,110,80000,27.56
Zławieś Wielka,toruński,KUJAWSKO-POMORSKIE,0415092,3252.691260129342,367.94296857741296,2884.748291551929,0.886880450939945,wysokie ryzyko,83.3,11,3,36,120000,41.6
Chełmiec,nowosądecki,MAŁOPOLSKIE,1210022,7874.728424234969,5041.304817593495,2833.423606641474,0.3598122314823501,wysokie ryzyko,74.54,109,2,24,80000,28.23
Karczew,otwocki,MAZOWIECKIE,1417043,4236.543170720582,1406.0137042145798,2830.529466506002,0.668122417840148,wysokie ryzyko,79.89,32,5,31,200000,70.66
Łubniany,opolski,OPOLSKIE,1609052,4053.480275321237,1238.7130900996772,2814.767185221559,0.6944075199671448,wysokie ryzyko,80.28,29,2,4,80000,28.42
Legionowo,legionowski,MAZOWIECKIE,1408011,25795.799866861467,22983.66522104715,2812.1346458143153,0.109015214117354,wysokie ryzyko,80.79,26,4,11,160000,56.9
Pysznica,stalowowolski,PODKARPACKIE,1818032,4605.491325809882,1808.880501683825,2796.6108241260567,0.6072339792398304,wysokie ryzyko,78.37,50,5,25,200000,71.52
Porąbka,bielski,ŚLĄSKIE,2402082,5223.228035888251,2459.4420091132297,2763.786026775021,0.5291337096112476,wysokie ryzyko,80.19,30,2,11,80000,28.95
Miękinia,średzki,DOLNOŚLĄSKIE,0218033,3265.991680339529,585.4102460847234,2680.581434254806,0.8207557448450499,wysokie ryzyko,82.68,14,3,31,120000,44.77
Tryńcza,przeworski,PODKARPACKIE,1814082,2737.82095399109,144.7015653650751,2593.119388626015,0.9471471773367304,wysokie ryzyko,85.13,3,1,24,40000,15.43
Legnica,Legnica,DOLNOŚLĄSKIE,0262011,84056.0289819587,81562.54213660318,2493.4868453555205,0.0296645805845849,wysokie ryzyko,67.24,272,3,13,120000,48.13
Jarosław,jarosławski,PODKARPACKIE,1804042,5021.639766660498,2545.672904100044,2475.966862560454,0.4930594342905299,wysokie ryzyko,76.22,78,6,46,240000,96.93
Siechnice,wrocławski,DOLNOŚLĄSKIE,0223083,5960.612945279999,3487.139675141263,2473.473270138736,0.4149696168575068,wysokie ryzyko,73.91,119,3,13,120000,48.51
Kwidzyn,kwidzyński,POMORSKIE,2207032,4699.996863017724,2284.566337979981,2415.4305250377424,0.513921731319384,wysokie ryzyko,76.42,71,4,55,160000,66.24
Zaleszany,stalowowolski,PODKARPACKIE,1818062,9275.688539148574,6887.054236682077,2388.634302466496,0.2575155787503136,wysokie ryzyko,71.24,177,2,53,80000,33.49
Pruszcz Gdański,gdański,POMORSKIE,2204042,6774.392574913903,4472.8852556653155,2301.507319248589,0.3397363370660341,wysokie ryzyko,73.25,130,4,47,160000,69.52
Grębów,tarnobrzeski,PODKARPACKIE,1820032,3925.429744951128,1645.7598179408417,2279.669927010286,0.5807440395392093,wysokie ryzyko,76.77,68,1,20,40000,17.55
Nisko,niżański,PODKARPACKIE,1812053,5370.736499202896,3123.6718153823085,2247.0646838205885,0.4183904170599486,wysokie ryzyko,75.2,90,3,22,120000,53.4
Maciejowice,garwoliński,MAZOWIECKIE,1403073,3059.747061944702,895.2965032842928,2164.4505586604096,0.7073952568107824,wysokie ryzyko,79.63,34,0,83,0,0.0
Oświęcim,oświęcimski,MAŁOPOLSKIE,1213062,8451.463913906053,6337.171137022942,2114.2927768831114,0.250168822634887,wysokie ryzyko,71.73,161,4,43,160000,75.68
Zator,oświęcimski,MAŁOPOLSKIE,1213093,4149.055281169882,2110.0839607587595,2038.9713204111213,0.4914302611644658,wysokie ryzyko,76.05,83,1,28,40000,19.62
Radomyśl nad Sanem,stalowowolski,PODKARPACKIE,1818042,6978.813281708026,4951.132921139786,2027.6803605682408,0.2905480170794851,wysokie ryzyko,71.73,162,2,33,80000,39.45
Grodków,brzeski,OPOLSKIE,1601033,2027.074224641949,20.844931614549008,2006.2292930274,0.98971673984053,wysokie ryzyko,85.08,4,2,8,80000,39.88
Wilków,opolski,LUBELSKIE,0612072,3128.090660553381,1121.8617060677834,2006.2289544855976,0.6413589541329604,wysokie ryzyko,78.58,47,0,38,0,0.0
Wadowice,wadowicki,MAŁOPOLSKIE,1218093,12226.803009959916,10241.610944369757,1985.1920655901615,0.1623639527007207,wysokie ryzyko,70.71,189,4,27,160000,80.6
Kozienice,kozienicki,MAZOWIECKIE,1407053,3967.305671502586,2002.122340190594,1965.1833313119923,0.495344572370118,wysokie ryzyko,75.46,88,0,61,0,0.0
Bydgoszcz,Bydgoszcz,KUJAWSKO-POMORSKIE,0461011,7794.184654232682,5883.185106206172,1910.999548026511,0.2451827397993105,wysokie ryzyko,71.72,163,4,22,160000,83.73
Wilga,garwoliński,MAZOWIECKIE,1403132,2913.9470164052336,1007.1330592707236,1906.8139571345096,0.6543749582265346,wysokie ryzyko,78.69,44,1,55,40000,20.98
Strzegom,świdnicki,DOLNOŚLĄSKIE,0219063,3199.6375170803685,1355.7898381585892,1843.8476789217796,0.576267676909936,wysokie ryzyko,80.03,31,4,12,160000,86.78
Przemyśl,przemyski,PODKARPACKIE,1813082,1935.3526611131017,164.31869037749726,1771.0339707356045,0.915096254197418,wysokie ryzyko,84.38,7,1,24,40000,22.59
Sobienie-Jeziory,otwocki,MAZOWIECKIE,1417072,4043.7253433584606,2300.515858932985,1743.2094844254757,0.4310899817388875,wysokie ryzyko,74.09,117,1,51,40000,22.95
Popielów,opolski,OPOLSKIE,1609092,2888.6627887937243,1212.0042372113944,1676.6585515823297,0.580427233696767,wysokie ryzyko,77.7,55,2,22,80000,47.71
Nowa Dęba,tarnobrzeski,PODKARPACKIE,1820043,3832.528923216253,2184.693776713649,1647.8351465026035,0.429960263710089,wysokie ryzyko,75.05,96,3,14,120000,72.82
Magnuszew,kozienicki,MAZOWIECKIE,1407063,4420.480563140045,2786.4428744506154,1634.03768868943,0.3696515945154857,wysokie ryzyko,72.88,137,1,72,40000,24.48
Wyszków,wyszkowski,MAZOWIECKIE,1435053,2753.822780116775,1163.966119134739,1589.856660982036,0.5773271513552585,wysokie ryzyko,76.99,63,1,38,40000,25.16
Nieporęt,legionowski,MAZOWIECKIE,1408032,2089.5826865539793,499.88191584107983,1589.7007707128996,0.760774283277846,wysokie ryzyko,81.09,24,1,29,40000,25.16
Samborzec,sandomierski,ŚWIĘTOKRZYSKIE,2609072,3369.939455416232,1819.936661677498,1550.0027937387345,0.4599497451645725,wysokie ryzyko,75.51,87,3,33,120000,77.42
Wiązownica,jarosławski,PODKARPACKIE,1804112,4759.761444262626,3216.9000227063557,1542.861421556271,0.3241467959315528,wysokie ryzyko,73.5,127,3,17,120000,77.78
Turawa,opolski,OPOLSKIE,1609132,3809.818509565512,2276.0512762870662,1533.767233278446,0.4025827554324532,wysokie ryzyko,74.55,107,3,16,120000,78.24
Szczurowa,brzeski,MAŁOPOLSKIE,1202072,7464.8772692405555,6005.555608775572,1459.3216604649829,0.1954917151120755,wysokie ryzyko,70.0,204,0,51,0,0.0
Spytkowice,wadowicki,MAŁOPOLSKIE,1218062,2999.5691569378005,1544.9863215159708,1454.5828354218297,0.4849305881337918,wysokie ryzyko,76.8,66,3,20,120000,82.5
Prochowice,legnicki,DOLNOŚLĄSKIE,0209073,5207.659999571057,3755.151423797357,1452.5085757736992,0.2789177050524303,wysokie ryzyko,71.25,176,1,14,40000,27.54
Tarnów,Tarnów,MAŁOPOLSKIE,1263011,3845.047358899867,2451.2326640109777,1393.814694888889,0.3624961059745394,wysokie ryzyko,76.35,72,3,13,120000,86.09
Skawina,krakowski,MAŁOPOLSKIE,1206113,4467.431134397133,3089.8617762087997,1377.5693581883336,0.3083582749785873,wysokie ryzyko,73.05,134,3,32,120000,87.11
Czermin,mielecki,PODKARPACKIE,1811032,6212.814275478366,4844.74026387374,1368.0740116046247,0.2202019810900089,wysokie ryzyko,70.41,194,0,73,0,0.0
Kłodzko,kłodzki,DOLNOŚLĄSKIE,0208072,4149.3017574263795,2818.3531379020387,1330.9486195243403,0.3207644797446273,wysokie ryzyko,72.59,143,2,26,80000,60.11
Małkinia Górna,ostrowski,MAZOWIECKIE,1416053,2293.064869047181,966.290767446256,1326.7741016009254,0.5786029516697577,wysokie ryzyko,77.26,61,0,39,0,0.0
Toruń,Toruń,KUJAWSKO-POMORSKIE,0463011,2501.216806397324,1175.275113288894,1325.9416931084302,0.5301186565343273,wysokie ryzyko,77.11,62,1,16,40000,30.17
Wieliczka,wielicki,MAŁOPOLSKIE,1219053,2735.3962980358447,1421.123928796726,1314.2723692391187,0.4804687241051082,wysokie ryzyko,76.13,79,2,12,80000,60.87
Dobrzeń Wielki,opolski,OPOLSKIE,1609032,4311.946486972778,2999.631723310472,1312.314763662306,0.3043439355351607,wysokie ryzyko,72.81,139,2,15,80000,60.96
Gronowo Elbląskie,elbląski,WARMIŃSKO-MAZURSKIE,2804032,2118.5252123095634,854.7924454822544,1263.7327668273088,0.596515330327185,wysokie ryzyko,77.29,60,1,74,40000,31.65
Kotla,głogowski,DOLNOŚLĄSKIE,0203042,1638.282182494886,393.22099874694845,1245.0611837479375,0.7599796891228316,wysokie ryzyko,81.36,21,1,12,40000,32.13
Gniewoszów,kozienicki,MAZOWIECKIE,1407032,1539.2372841433191,299.7620409918863,1239.475243151433,0.8052528716137991,wysokie ryzyko,81.45,20,0,30,0,0.0
Łącko,nowosądecki,MAŁOPOLSKIE,1210092,4327.867112016742,3098.6236747784665,1229.2434372382763,0.2840298478262336,wysokie ryzyko,72.27,148,3,33,120000,97.62
Pacanów,buski,ŚWIĘTOKRZYSKIE,2601043,3775.475261834857,2563.002042369996,1212.473219464861,0.3211445276099112,wysokie ryzyko,71.45,173,0,70,0,0.0
Wierzchosławice,tarnowski,MAŁOPOLSKIE,1216112,7032.993097474,5834.913628374579,1198.0794690994212,0.1703512931826605,wysokie ryzyko,69.58,213,2,29,80000,66.77
Leżajsk,leżajski,PODKARPACKIE,1808042,4222.831496047713,3032.715705884154,1190.1157901635593,0.281828860866797,wysokie ryzyko,71.56,167,4,20,160000,134.44
Stegna,nowodworski,POMORSKIE,2210042,4732.465076996874,3549.1066949590186,1183.3583820378558,0.2500511599736497,wysokie ryzyko,70.6,193,2,37,80000,67.6
Legnickie Pole,legnicki,DOLNOŚLĄSKIE,0209052,1269.700505135978,97.75391412194114,1171.9465910140368,0.9230102581462922,wysokie ryzyko,84.6,6,4,7,160000,136.52
Łoniów,sandomierski,ŚWIĘTOKRZYSKIE,2609052,2071.546974810408,908.9289630216158,1162.6180117887925,0.5612317876089667,wysokie ryzyko,76.32,75,1,24,40000,34.41
Głogów,głogowski,DOLNOŚLĄSKIE,0203022,3827.3002759691017,2676.1938312842276,1151.1064446848743,0.3007619893093978,wysokie ryzyko,70.33,196,2,13,80000,69.5
Miłoradz,malborski,POMORSKIE,2209062,2640.7644643246467,1497.9264363165512,1142.838028008096,0.4327678759114047,wysokie ryzyko,73.79,122,3,34,120000,105.0
Radymno,jarosławski,PODKARPACKIE,1804082,4162.454494244338,3030.408601738555,1132.0458925057833,0.2719659503956445,wysokie ryzyko,70.06,201,1,32,40000,35.33
Łubnice,staszowski,ŚWIĘTOKRZYSKIE,2612022,2335.722118319528,1209.5956087730938,1126.1265095464346,0.4821320570259633,wysokie ryzyko,74.23,113,0,47,0,0.0
Oława,oławski,DOLNOŚLĄSKIE,0215042,1753.398143099461,628.547133886676,1124.8510092127851,0.6415262920402091,wysokie ryzyko,76.93,64,2,16,80000,71.12
Konstancin-Jeziorna,piaseczyński,MAZOWIECKIE,1418023,5176.252875585606,4061.3975037323185,1114.8553718532871,0.2153788461749292,wysokie ryzyko,70.61,192,1,41,40000,35.88
Osiek,staszowski,ŚWIĘTOKRZYSKIE,2612043,2270.2633336513677,1169.0180789661738,1101.2452546851937,0.4850737966656982,wysokie ryzyko,74.27,112,0,27,0,0.0
Bochnia,bocheński,MAŁOPOLSKIE,1201022,10937.345015535377,9852.753474522808,1084.591541012568,0.0991640603338394,wysokie ryzyko,67.13,278,1,40,40000,36.88
Nysa,nyski,OPOLSKIE,1607053,34189.13891028111,33121.25957276836,1067.8793375127505,0.0312344613391718,wysokie ryzyko,66.2,314,3,14,120000,112.37
Olszewo-Borki,ostrołęcki,MAZOWIECKIE,1415092,2902.5529120650995,1857.2603544794376,1045.2925575856618,0.3601286830089034,wysokie ryzyko,71.94,156,0,43,0,0.0
Chełmno,chełmiński,KUJAWSKO-POMORSKIE,0404011,1285.0571142146891,242.96849664942113,1042.088617565268,0.8109278615231809,wysokie ryzyko,83.41,10,2,8,80000,76.77
Rząśnik,wyszkowski,MAZOWIECKIE,1435032,1398.87316327206,361.3343050497176,1037.5388582223422,0.7416961633572753,wysokie ryzyko,78.81,41,0,56,0,0.0
Pęcław,głogowski,DOLNOŚLĄSKIE,0203052,1936.0961658805609,908.2957771427652,1027.8003887377956,0.5308622613124897,wysokie ryzyko,74.73,105,1,18,40000,38.92
Niemodlin,opolski,OPOLSKIE,1609073,2191.4372486879606,1165.2334011674998,1026.2038475204606,0.4682789106258283,wysokie ryzyko,74.23,114,3,10,120000,116.94
Padew Narodowa,mielecki,PODKARPACKIE,1811062,5163.282403969097,4146.358609193765,1016.9237947753325,0.1969529681339155,wysokie ryzyko,68.46,241,2,27,80000,78.67
Bojszowy,bieruńsko-lędziński,ŚLĄSKIE,2414042,2758.685631879371,1746.2513061571349,1012.4343257222364,0.3669988033513298,wysokie ryzyko,73.31,128,2,6,80000,79.02
Ochotnica Dolna,nowotarski,MAŁOPOLSKIE,1211102,1781.5724739156915,770.6839991113645,1010.8884748043268,0.5674136133134737,wysokie ryzyko,76.57,69,2,14,80000,79.14
Sieciechów,kozienicki,MAZOWIECKIE,1407072,3112.0192762673273,2103.505349032109,1008.5139272352184,0.3240705913765637,wysokie ryzyko,70.67,191,0,36,0,0.0
Bochnia,bocheński,MAŁOPOLSKIE,1201011,3963.5245670919408,2963.3133796733173,1000.2111874186232,0.2523539769938864,wysokie ryzyko,69.76,212,1,7,40000,39.99
Miedźna,pszczyński,ŚLĄSKIE,2410032,4912.231212529077,3916.295931083306,995.9352814457708,0.2027460105919994,wysokie ryzyko,70.88,185,4,10,160000,160.65
Radzymin,wołomiński,MAZOWIECKIE,1434093,1593.269598571104,597.555686185278,995.713912385826,0.6249500481769154,wysokie ryzyko,76.33,73,1,31,40000,40.17
Krzeszyce,sulęciński,LUBUSKIE,0807012,1062.368843199677,74.35433858909859,988.0145046105785,0.9300108064491464,wysokie ryzyko,82.34,16,0,67,0,0.0
Sadlinki,kwidzyński,POMORSKIE,2207062,2850.3186469491925,1870.9139163334216,979.4047306157706,0.3436123647663274,wysokie ryzyko,70.95,183,1,45,40000,40.84
Łowicz,łowicki,ŁÓDZKIE,1005011,2047.5347942039984,1072.3599801561152,975.1748140478832,0.4762677619976627,wysokie ryzyko,78.69,45,2,5,80000,82.04
Obrowo,toruński,KUJAWSKO-POMORSKIE,0415072,956.1310110065727,0.0,956.1310110065727,1.0,wysokie ryzyko,84.68,5,1,13,40000,41.84
Czerwieńsk,zielonogórski,LUBUSKIE,0809033,1723.293423898565,794.0403162822647,929.2531076163,0.5392309253487856,wysokie ryzyko,73.84,121,0,15,0,0.0
Lichnowy,malborski,POMORSKIE,2209032,2052.29440114308,1124.9121015226824,927.3822996203976,0.4518758610381957,wysokie ryzyko,73.86,120,2,26,80000,86.26
Igołomia-Wawrzeńczyce,krakowski,MAŁOPOLSKIE,1206022,1712.517572281506,788.5721970055877,923.9453752759184,0.5395246099839955,wysokie ryzyko,75.03,97,1,17,40000,43.29
Wilamowice,bielski,ŚLĄSKIE,2402093,1214.9610017875784,294.7012217708716,920.2597800167066,0.7574397685709447,wysokie ryzyko,79.29,38,1,20,40000,43.47
Poczesna,częstochowski,ŚLĄSKIE,2404132,1772.9530791796085,861.8172488944479,911.1358302851604,0.5139085974608909,wysokie ryzyko,74.31,111,2,10,80000,87.8
Koprzywnica,sandomierski,ŚWIĘTOKRZYSKIE,2609043,2404.53995878705,1495.1757559355574,909.3642028514928,0.3781863551605163,wysokie ryzyko,71.48,170,1,9,40000,43.99
Nowy Korczyn,buski,ŚWIĘTOKRZYSKIE,2601033,3614.826830933432,2708.4021686545266,906.4246622789046,0.2507518906638316,wysokie ryzyko,68.57,239,0,37,0,0.0
Słubice,słubicki,LUBUSKIE,0805053,993.074605923378,86.67349462093048,906.4011113024476,0.9127220713288304,wysokie ryzyko,81.11,23,1,19,40000,44.13
Przemyśl,Przemyśl,PODKARPACKIE,1862011,28036.25564385989,27131.2649117134,904.990732146488,0.0322793009038882,wysokie ryzyko,66.77,291,2,6,80000,88.4
Świdnica,świdnicki,DOLNOŚLĄSKIE,0219072,1188.0869301776108,295.5134572181164,892.5734729594944,0.7512694991317351,wysokie ryzyko,80.7,27,3,15,120000,134.44
Medyka,przemyski,PODKARPACKIE,1813062,3851.227318385298,2960.5124254184893,890.714892966809,0.2312807890395466,wysokie ryzyko,68.66,238,2,11,80000,89.82
Lubań,lubański,DOLNOŚLĄSKIE,0210042,884.8140513882124,0.960148647062181,883.8539027411503,0.9989148582738308,wysokie ryzyko,83.64,8,1,23,40000,45.26
Lelis,ostrołęcki,MAZOWIECKIE,1415062,1903.1920022329648,1025.344368254153,877.8476339788112,0.4612501696880062,wysokie ryzyko,72.29,147,0,37,0,0.0
Sadowne,węgrowski,MAZOWIECKIE,1433072,1492.2413500777077,616.2837710095519,875.9575790681557,0.5870079789857993,wysokie ryzyko,74.86,100,0,73,0,0.0
Borowa,mielecki,PODKARPACKIE,1811022,5312.2443114212,4444.696365261678,867.5479461595227,0.163311002902166,wysokie ryzyko,66.75,292,0,37,0,0.0
Białe Błota,bydgoski,KUJAWSKO-POMORSKIE,0403012,1299.2861365451026,442.73773619802785,856.5484003470749,0.6592453934933071,wysokie ryzyko,77.3,59,0,18,0,0.0
Stalowa Wola,stalowowolski,PODKARPACKIE,1818011,5347.471673153909,4496.840639769157,850.6310333847525,0.1590716296180125,wysokie ryzyko,67.14,277,1,21,40000,47.02
Puławy,puławski,LUBELSKIE,0614092,5250.593570984187,4405.881704009084,844.7118669751028,0.1608793092733642,wysokie ryzyko,67.46,259,3,15,120000,142.06
Dragacz,świecki,KUJAWSKO-POMORSKIE,0414022,3027.364594099101,2185.743847777407,841.6207463216938,0.2780044227121404,wysokie ryzyko,69.05,228,1,21,40000,47.53
Czarna,łańcucki,PODKARPACKIE,1810032,1092.426532788726,251.70403639469157,840.7224963940346,0.7695917951094193,wysokie ryzyko,79.16,39,2,17,80000,95.16
Opole,Opole,OPOLSKIE,1661011,18288.28970009504,17448.858235329357,839.4314647656804,0.0458999435448202,wysokie ryzyko,63.83,383,1,18,40000,47.65
Tczew,tczewski,POMORSKIE,2214062,986.9295659560712,149.9508943849391,836.978671571132,0.8480632260320656,wysokie ryzyko,80.67,28,1,17,40000,47.79
Jemielno,górowski,DOLNOŚLĄSKIE,0204022,1329.859081593277,499.09840232245693,830.76067927082,0.6246982787646211,wysokie ryzyko,75.14,94,1,13,40000,48.15
Oława,oławski,DOLNOŚLĄSKIE,0215011,7913.938274872755,7087.6918857264955,826.2463891462589,0.1044039466127304,wysokie ryzyko,68.23,248,2,9,80000,96.82
Nowy Sącz,Nowy Sącz,MAŁOPOLSKIE,1262011,13701.445844302812,12878.880882576164,822.5649617266492,0.0600349022339623,wysokie ryzyko,64.93,353,1,30,40000,48.63
Skoczów,cieszyński,ŚLĄSKIE,2403103,2596.6664147005304,1781.9400141791482,814.726400521382,0.3137585929054899,wysokie ryzyko,70.71,190,2,18,80000,98.19
Deszczno,gorzowski,LUBUSKIE,0801032,2569.067951114621,1758.609544589923,810.4584065246978,0.315467874710387,wysokie ryzyko,69.49,217,1,56,40000,49.35
Otmuchów,nyski,OPOLSKIE,1607063,3726.544543406944,2916.1672693837672,810.377274023177,0.2174607775605173,wysokie ryzyko,68.1,252,3,14,120000,148.08
Mielec,mielecki,PODKARPACKIE,1811052,8810.302060102225,8007.606902942163,802.6951571600631,0.0911086988487145,wysokie ryzyko,65.41,339,0,21,0,0.0
Wojnicz,tarnowski,MAŁOPOLSKIE,1216133,4136.1667190401295,3338.21297186015,797.9537471799792,0.1929210791979774,wysokie ryzyko,67.29,267,1,23,40000,50.13
Stubno,przemyski,PODKARPACKIE,1813092,2474.564065620428,1676.8088440920887,797.7552215283391,0.3223821248403703,wysokie ryzyko,69.0,230,0,14,0,0.0
Gubin,krośnieński,LUBUSKIE,0802052,1131.5882374812022,344.86150156723374,786.7267359139687,0.6952411750630606,wysokie ryzyko,76.1,80,1,18,40000,50.84
Radków,kłodzki,DOLNOŚLĄSKIE,0208123,1678.289010721468,893.7332640793071,784.555746642161,0.4674735648211709,wysokie ryzyko,73.13,133,2,11,80000,101.97
Gorzyce,wodzisławski,ŚLĄSKIE,2415062,1865.226301419548,1083.8219821621144,781.4043192574339,0.4189327153829745,wysokie ryzyko,71.96,155,1,12,40000,51.19
Puszczykowo,poznański,WIELKOPOLSKIE,3021021,780.8436186096133,0.0,780.8436186096133,1.0,wysokie ryzyko,83.43,9,1,2,40000,51.23
Nowogród Bobrzański,zielonogórski,LUBUSKIE,0809053,966.697302451337,187.21633554895791,779.4809669023791,0.8063340664402213,wysokie ryzyko,78.29,51,1,13,40000,51.32
Solec Kujawski,bydgoski,KUJAWSKO-POMORSKIE,0403083,2480.9565304192993,1704.4468799348967,776.5096504844028,0.3129880112624009,wysokie ryzyko,68.79,235,2,13,80000,103.03
Suchy Dąb,gdański,POMORSKIE,2204072,3451.7025918905347,2691.283792569452,760.4187993210827,0.2203025258049805,wysokie ryzyko,67.69,256,2,25,80000,105.21
Słupno,płocki,MAZOWIECKIE,1419122,1772.6964724565198,1019.2364767549584,753.4599957015614,0.4250361003186585,wysokie ryzyko,71.16,180,0,23,0,0.0
Słubice,płocki,MAZOWIECKIE,1419112,1541.8103867290515,797.1024374485285,744.707949280523,0.4830087770133783,wysokie ryzyko,71.54,168,0,52,0,0.0
Jarosław,jarosławski,PODKARPACKIE,1804011,6155.477103495819,5413.51092129444,741.9661822013808,0.1205375586207612,wysokie ryzyko,66.84,286,0,17,0,0.0
Lubicz,toruński,KUJAWSKO-POMORSKIE,0415042,2019.3543573450993,1284.905422019373,734.4489353257263,0.3637048310289267,wysokie ryzyko,69.88,209,1,10,40000,54.46
Niechlów,górowski,DOLNOŚLĄSKIE,0204032,1423.760779863554,692.2615952299761,731.4991846335779,0.5137795583213642,wysokie ryzyko,72.22,151,2,16,80000,109.36
Olesno,dąbrowski,MAŁOPOLSKIE,1204052,4732.342565723151,4001.29362751409,731.0489382090612,0.1544792939344934,wysokie ryzyko,66.12,317,0,28,0,0.0
Dąbrówka,wołomiński,MAZOWIECKIE,1434052,1470.038695639836,743.1715049038712,726.8671907359646,0.4944544608872319,wysokie ryzyko,72.08,153,0,29,0,0.0
Bestwina,bielski,ŚLĄSKIE,2402022,1468.1578608567431,748.5263133380372,719.6315475187059,0.4901595167012661,wysokie ryzyko,72.6,142,2,14,80000,111.17
Dwikozy,sandomierski,ŚWIĘTOKRZYSKIE,2609022,3879.614222241298,3167.292802999358,712.3214192419398,0.1836062501158745,wysokie ryzyko,66.58,298,1,12,40000,56.15
Grudziądz,grudziądzki,KUJAWSKO-POMORSKIE,0406012,1714.9764903572786,1003.0431214813516,711.9333688759273,0.4151271885526613,wysokie ryzyko,70.36,195,0,32,0,0.0
Sulechów,zielonogórski,LUBUSKIE,0809063,1032.6179415971371,333.40936607115805,699.2085755259791,0.6771222417891771,wysokie ryzyko,76.09,81,1,6,40000,57.21
Wińsko,wołowski,DOLNOŚLĄSKIE,0222022,1087.4495259653593,392.6359784087101,694.8135475566492,0.6389386642472843,wysokie ryzyko,74.83,102,1,9,40000,57.57
Bogdaniec,gorzowski,LUBUSKIE,0801022,1391.6578123569725,698.2032625720071,693.4545497849651,0.4982938647902966,wysokie ryzyko,71.89,159,0,73,0,0.0
Radłów,tarnowski,MAŁOPOLSKIE,1216053,5561.379405323492,4875.611579249375,685.767826074117,0.123308944794826,wysokie ryzyko,64.43,363,1,27,40000,58.33
Mosina,poznański,WIELKOPOLSKIE,3021103,752.7174685354257,74.84895837553756,677.8685101598882,0.9005616828301164,wysokie ryzyko,81.02,25,2,17,80000,118.02
Malbork,malborski,POMORSKIE,2209042,1080.4089797986612,404.8681040770453,675.540875721616,0.6252640327438836,wysokie ryzyko,75.15,92,1,14,40000,59.21
Góra Kalwaria,piaseczyński,MAZOWIECKIE,1418013,1243.117742018641,572.7227511955331,670.3949908231077,0.5392851925148173,wysokie ryzyko,72.65,141,0,22,0,0.0
Świecie,świecki,KUJAWSKO-POMORSKIE,0414093,2510.945337376608,1844.357811310868,666.5875260657399,0.2654727349668946,wysokie ryzyko,67.22,274,0,36,0,0.0
Mędrzechów,dąbrowski,MAŁOPOLSKIE,1204042,3364.7749743950626,2700.4088125524904,664.3661618425724,0.1974474272122806,wysokie ryzyko,65.63,329,0,47,0,0.0
Ryjewo,kwidzyński,POMORSKIE,2207052,1002.8266621350614,341.43733904120654,661.389323093855,0.6595250685554455,wysokie ryzyko,74.9,99,0,41,0,0.0
Mysłakowice,karkonoski,DOLNOŚLĄSKIE,0206072,1511.25558271178,851.0953243703752,660.1602583414046,0.4368289956334325,wysokie ryzyko,71.4,174,1,27,40000,60.59
Krzykosy,średzki,WIELKOPOLSKIE,3025022,1842.1956880739497,1191.925646967679,650.2700411062704,0.3529864092702008,wysokie ryzyko,69.26,222,1,34,40000,61.51
Oborniki Śląskie,trzebnicki,DOLNOŚLĄSKIE,0220013,1065.7078528115555,415.7939392293351,649.9139135822204,0.6098424740585465,wysokie ryzyko,74.78,103,2,3,80000,123.09
Włocławek,włocławski,KUJAWSKO-POMORSKIE,0418132,651.4240134909642,6.146311826050798,645.2777016649134,0.9905648061803664,wysokie ryzyko,81.71,18,2,20,80000,123.98
Środa Śląska,średzki,DOLNOŚLĄSKIE,0218043,838.9119313208919,198.2305299767678,640.6814013441241,0.7637051964863011,wysokie ryzyko,76.25,77,1,5,40000,62.43
Wielka Nieszawka,toruński,KUJAWSKO-POMORSKIE,0415082,2236.391237960287,1604.1951513085075,632.1960866517795,0.2826858180809085,wysokie ryzyko,67.24,273,1,32,40000,63.27
Śrem,śremski,WIELKOPOLSKIE,3026043,2165.736970075185,1539.8518894515923,625.8850806235932,0.2889940418765928,wysokie ryzyko,67.11,280,1,22,40000,63.91
Bojadła,zielonogórski,LUBUSKIE,0809022,2030.8148746783288,1406.0125556214334,624.8023190568953,0.3076608935887674,wysokie ryzyko,66.98,284,1,9,40000,64.02
Krzymów,koniński,WIELKOPOLSKIE,3010062,1601.3675319729475,977.5120610821292,623.8554708908181,0.389576695190144,wysokie ryzyko,69.21,224,1,28,40000,64.12
Nowa Wieś Wielka,bydgoski,KUJAWSKO-POMORSKIE,0403052,1504.9695389000372,889.8493553326194,615.1201835674176,0.4087260025322513,wysokie ryzyko,69.44,219,1,13,40000,65.03
Stary Sącz,nowosądecki,MAŁOPOLSKIE,1210163,1789.3372075507264,1175.342408686526,613.9947988642002,0.3431409106529708,wysokie ryzyko,68.89,234,1,20,40000,65.15
Żmigród,trzebnicki,DOLNOŚLĄSKIE,0220063,3363.8839247409123,2750.7663020100176,613.1176227308949,0.1822647976113258,wysokie ryzyko,65.34,342,0,34,0,0.0
Otwock,otwocki,MAZOWIECKIE,1417021,1706.568666271309,1093.985678247864,612.5829880234451,0.3589559565522089,wysokie ryzyko,75.15,93,2,8,80000,130.59
Leśna,lubański,DOLNOŚLĄSKIE,0210033,2267.966274768956,1667.7439868742704,600.2222878946857,0.2646522104725001,wysokie ryzyko,67.45,260,1,13,40000,66.64
Alwernia,chrzanowski,MAŁOPOLSKIE,1203013,600.1616835973186,15.240435068235218,584.9212485290834,0.9746061178433028,wysokie ryzyko,81.99,17,1,5,40000,68.39
Ozimek,opolski,OPOLSKIE,1609083,1073.452892808144,490.99456219379033,582.4583306143538,0.5426025999991928,wysokie ryzyko,72.26,149,1,14,40000,68.67
Bystrzyca Kłodzka,kłodzki,DOLNOŚLĄSKIE,0208063,1395.9924802856117,816.1282053042112,579.8642749814003,0.4153777926244729,wysokie ryzyko,69.57,214,0,33,0,0.0
Gdów,wielicki,MAŁOPOLSKIE,1219022,4445.550821389243,3869.638684613702,575.9121367755408,0.1295479817719342,wysokie ryzyko,65.08,350,1,16,40000,69.46
Wisznia Mała,trzebnicki,DOLNOŚLĄSKIE,0220042,571.5115939931407,0.4201059886879861,571.0914880044526,0.999264921319001,wysokie ryzyko,82.35,15,1,6,40000,70.04
Tuszów Narodowy,mielecki,PODKARPACKIE,1811092,6695.090458730023,6125.524366375395,569.5660923546274,0.0850722026633628,wysokie ryzyko,62.96,407,1,29,40000,70.23
Tarnów Opolski,opolski,OPOLSKIE,1609112,620.8716526708972,51.667117972137746,569.2045346987594,0.9167829329139549,wysokie ryzyko,81.71,19,1,7,40000,70.27
Pułtusk,pułtuski,MAZOWIECKIE,1424043,4649.366544081728,4081.612900712712,567.7536433690152,0.1221141929736041,wysokie ryzyko,63.09,403,1,14,40000,70.45
Pruszcz Gdański,gdański,POMORSKIE,2204011,7102.0002104627,6535.324602361821,566.675608100879,0.0797909872300552,wysokie ryzyko,74.86,101,2,5,80000,141.17
Kalisz,Kalisz,WIELKOPOLSKIE,3061011,6444.005573527232,5888.067720709612,555.9378528176189,0.0862720937271501,wysokie ryzyko,65.87,324,1,8,40000,71.95
Słońsk,sulęciński,LUBUSKIE,0807032,959.6662146486752,409.7103600003358,549.9558546483395,0.5730699343726225,wysokie ryzyko,71.63,166,0,17,0,0.0
Wadowice Górne,mielecki,PODKARPACKIE,1811102,2822.3085195059907,2273.614817301122,548.6937022048688,0.1944130836202523,wysokie ryzyko,64.99,352,0,35,0,0.0
Laszki,jarosławski,PODKARPACKIE,1804052,2057.73582094687,1510.7893501724964,546.9464707743733,0.2658001407210257,wysokie ryzyko,66.51,301,1,10,40000,73.13
Ostaszewo,nowodworski,POMORSKIE,2210032,2678.8502926144706,2132.8808277970875,545.969464817383,0.2038073819662892,wysokie ryzyko,65.43,337,1,12,40000,73.26
Nowy Staw,malborski,POMORSKIE,2209073,5605.604460057362,5060.376878879061,545.2275811783015,0.0972647258762745,wysokie ryzyko,62.25,430,0,27,0,0.0
Pyzdry,wrzesiński,WIELKOPOLSKIE,3030043,1284.1790660360912,741.8892121777609,542.2898538583304,0.4222852312428908,wysokie ryzyko,68.79,236,0,48,0,0.0
Brochów,sochaczewski,MAZOWIECKIE,1428022,1847.6363389157837,1306.527987907618,541.108351008166,0.2928651811025189,wysokie ryzyko,66.68,296,0,44,0,0.0
Dęblin,rycki,LUBELSKIE,0616011,7869.700916170728,7330.751711710876,538.9492044598529,0.0684840771206966,wysokie ryzyko,68.31,244,1,7,40000,74.22
Markusy,elbląski,WARMIŃSKO-MAZURSKIE,2804042,2961.3566961639817,2439.777949814048,521.5787463499335,0.1761283086990381,wysokie ryzyko,63.54,390,0,58,0,0.0
Sztutowo,nowodworski,POMORSKIE,2210052,2802.8559645593705,2281.308825075933,521.5471394834378,0.1860770393049536,wysokie ryzyko,64.43,364,0,32,0,0.0
Przeciszów,oświęcimski,MAŁOPOLSKIE,1213082,1721.9711492630802,1208.5379576240157,513.4331916390645,0.2981659662874078,wysokie ryzyko,66.49,302,0,12,0,0.0
Dąbrowa Chełmińska,bydgoski,KUJAWSKO-POMORSKIE,0403022,979.5130898645324,468.0406975706687,511.47239229386344,0.5221700430410794,wysokie ryzyko,71.13,182,1,35,40000,78.21
Nowe,świecki,KUJAWSKO-POMORSKIE,0414063,781.2883980348238,271.3463796600856,509.9420183747382,0.6526937039605303,wysokie ryzyko,73.58,125,0,19,0,0.0
Bolesławiec,bolesławiecki,DOLNOŚLĄSKIE,0201022,533.6110421800331,31.953798754802865,501.6572434252303,0.940117808236768,wysokie ryzyko,78.52,48,0,25,0,0.0
Jelcz-Laskowice,oławski,DOLNOŚLĄSKIE,0215033,531.3163749472577,32.76504776052454,498.5513271867332,0.9383323208064556,wysokie ryzyko,79.68,33,1,3,40000,80.23
Żurawica,przemyski,PODKARPACKIE,1813102,2549.382054601811,2052.9220151098416,496.46003949196984,0.1947374025779404,wysokie ryzyko,65.23,344,2,5,80000,161.14
Mietków,wrocławski,DOLNOŚLĄSKIE,0223062,1148.6301407905564,652.4304793537385,496.1996614368179,0.4319925481803076,wysokie ryzyko,69.55,215,1,7,40000,80.61
Kamienna Góra,kamiennogórski,DOLNOŚLĄSKIE,0207022,813.488855305593,324.5556124892728,488.9332428163203,0.6010325029377925,wysokie ryzyko,72.52,144,0,26,0,0.0
Łaziska,opolski,LUBELSKIE,0612042,2544.411685017246,2056.507101363484,487.90458365376185,0.1917553619670846,wysokie ryzyko,63.73,387,0,29,0,0.0
Głogów,głogowski,DOLNOŚLĄSKIE,0203011,542.1824619641627,56.18891933357209,485.99354263059064,0.896365295310334,wysokie ryzyko,78.0,54,0,10,0,0.0
Darłowo,sławieński,ZACHODNIOPOMORSKIE,3213032,523.6031304633074,43.56874743423084,480.0343830290765,0.9167905138464711,wysokie ryzyko,78.05,53,0,12,0,0.0
Staszów,staszowski,ŚWIĘTOKRZYSKIE,2612073,2128.7900883876873,1653.6662947829332,475.1237936047545,0.2231895930916354,wysokie ryzyko,64.27,367,0,20,0,0.0
Brzeszcze,oświęcimski,MAŁOPOLSKIE,1213023,2636.2048652322756,2170.3608516851473,465.8440135471284,0.1767100955206237,wysokie ryzyko,64.24,369,0,24,0,0.0
Kosakowo,pucki,POMORSKIE,2211052,521.6693995757702,56.44419972308086,465.2251998526893,0.8918008229561055,wysokie ryzyko,79.61,35,1,7,40000,85.98
Świebodzice,świdnicki,DOLNOŚLĄSKIE,0219021,600.2784417924586,137.36213169161732,462.9163101008412,0.7711693072277461,wysokie ryzyko,78.46,49,2,6,80000,172.82
Rzewnie,makowski,MAZOWIECKIE,1411082,615.5072014961976,152.61119687023574,462.8960046259619,0.752056196094436,wysokie ryzyko,74.55,108,0,36,0,0.0
Oświęcim,oświęcimski,MAŁOPOLSKIE,1213011,15527.43108133379,15066.410074951214,461.0210063825758,0.029690745620941,wysokie ryzyko,61.83,452,0,20,0,0.0
Częstochowa,Częstochowa,ŚLĄSKIE,2464011,9538.21742892225,9077.34575045847,460.87167846378145,0.0483184286684746,wysokie ryzyko,61.83,453,1,18,40000,86.79
Santok,gorzowski,LUBUSKIE,0801062,987.2387380539268,528.5373462282917,458.70139182563514,0.4646306654556935,wysokie ryzyko,68.67,237,0,38,0,0.0
Lesko,leski,PODKARPACKIE,1821033,2833.388209663609,2377.8052093280016,455.5830003356072,0.1607908859018284,wysokie ryzyko,63.06,405,0,21,0,0.0
Węgierska Górka,żywiecki,ŚLĄSKIE,2417152,2025.179450986872,1571.0851640164185,454.0942869704536,0.2242242220802571,wysokie ryzyko,65.68,328,0,23,0,0.0
Terespol,bialski,LUBELSKIE,0601162,849.636577208661,397.18736962472326,452.4492075839379,0.5325208680049818,wysokie ryzyko,70.01,203,0,28,0,0.0
Kamienica Polska,częstochowski,ŚLĄSKIE,2404042,725.3331822494993,274.0029280162469,451.3302542332523,0.6222385315856186,wysokie ryzyko,73.52,126,1,11,40000,88.63
Połaniec,staszowski,ŚWIĘTOKRZYSKIE,2612053,3160.3748090722893,2711.8815846612833,448.4932244110055,0.1419114033954277,wysokie ryzyko,62.42,426,0,38,0,0.0
Dąbrowa Tarnowska,dąbrowski,MAŁOPOLSKIE,1204023,589.5451766085833,144.99902219581713,444.5461544127662,0.7540493452428222,wysokie ryzyko,74.13,116,0,6,0,0.0
Kościelec,kolski,WIELKOPOLSKIE,3009082,3384.743992774534,2944.116800784954,440.6271919895795,0.1301803601484169,wysokie ryzyko,62.76,416,0,24,0,0.0
Sanok,sanocki,PODKARPACKIE,1817052,1962.985787127763,1522.5993978178162,440.38638930994694,0.2243451746812285,wysokie ryzyko,64.06,374,1,20,40000,90.83
Świerzawa,złotoryjski,DOLNOŚLĄSKIE,0226043,1075.375425874283,635.347467326105,440.02795854817833,0.4091854323251196,wysokie ryzyko,68.43,243,0,11,0,0.0
Dąbrowa,opolski,OPOLSKIE,1609022,1377.651409247394,939.7487571259412,437.90265212145306,0.3178617240777024,wysokie ryzyko,66.66,297,1,10,40000,91.34
Skoroszyce,nyski,OPOLSKIE,1607092,1450.9307835041657,1015.8747114102412,435.0560720939245,0.2998461932437699,wysokie ryzyko,66.79,290,2,1,80000,183.88
Rytwiany,staszowski,ŚWIĘTOKRZYSKIE,2612062,2309.479827072244,1878.7655656008717,430.7142614713723,0.186498386529487,wysokie ryzyko,64.05,375,0,27,0,0.0
Czarny Dunajec,nowotarski,MAŁOPOLSKIE,1211033,909.2473560195403,482.7281831158065,426.5191729037339,0.4690903636727954,wysokie ryzyko,69.17,225,0,18,0,0.0
Iłów,sochaczewski,MAZOWIECKIE,1428032,524.6674164764469,99.27690700104492,425.3905094754019,0.8107812608837667,wysokie ryzyko,75.19,91,0,9,0,0.0
Łososina Dolna,nowosądecki,MAŁOPOLSKIE,1210102,1287.3833558126162,864.3912394829833,422.99211632963306,0.3285673334363049,wysokie ryzyko,65.85,325,0,39,0,0.0
Radgoszcz,dąbrowski,MAŁOPOLSKIE,1204062,1208.297441708638,789.1138737114372,419.1835679972008,0.3469208437654545,wysokie ryzyko,66.35,307,0,36,0,0.0
Krokowa,pucki,POMORSKIE,2211062,440.6009895973548,27.323421840942014,413.2775677564128,0.9379860179934876,wysokie ryzyko,77.54,57,0,8,0,0.0
Cedry Wielkie,gdański,POMORSKIE,2204022,6607.491303687335,6194.549927051281,412.941376636054,0.0624959394809359,wysokie ryzyko,60.64,489,0,35,0,0.0
Barcin,żniński,KUJAWSKO-POMORSKIE,0419013,637.9860739177484,225.08759579945817,412.8984781182902,0.6471904246792739,wysokie ryzyko,73.25,131,1,11,40000,96.88
Czernichów,krakowski,MAŁOPOLSKIE,1206012,3290.097045496462,2883.607060797222,406.4899846992404,0.1235495424840584,wysokie ryzyko,62.25,431,0,21,0,0.0
Brok,ostrowski,MAZOWIECKIE,1416043,411.1089965329938,5.711104031115237,405.3978925018785,0.9861080538755446,wysokie ryzyko,78.77,42,0,18,0,0.0
Ostrołęka,Ostrołęka,MAZOWIECKIE,1461011,5635.427804264001,5231.8970501604235,403.5307541035761,0.0716060551424769,wysokie ryzyko,62.06,437,1,2,40000,99.13
Skarbimierz,brzeski,OPOLSKIE,1601022,689.7365155843765,288.5400103988459,401.19650518553067,0.5816663263733667,wysokie ryzyko,70.23,198,0,8,0,0.0
Krzywcza,przemyski,PODKARPACKIE,1813052,1136.5939809629608,737.5019694967305,399.0920114662304,0.3511297949405875,wysokie ryzyko,66.38,305,0,19,0,0.0
Poraj,myszkowski,ŚLĄSKIE,2409042,1122.8328440397715,724.5444785153948,398.2883655243769,0.3547174164334199,wysokie ryzyko,67.16,276,2,8,80000,200.86
Lubawka,kamiennogórski,DOLNOŚLĄSKIE,0207033,1401.2449114926612,1006.6880069395854,394.5569045530757,0.2815759767025866,wysokie ryzyko,65.06,351,0,5,0,0.0
Krosno Odrzańskie,krośnieński,LUBUSKIE,0802063,2325.5369524221405,1936.6811102975516,388.8558421245892,0.1672112075964134,wysokie ryzyko,62.09,436,1,16,40000,102.87
Ścinawa,lubiński,DOLNOŚLĄSKIE,0211043,901.2511675346911,517.3374166128572,383.913750921834,0.4259786447456183,wysokie ryzyko,66.7,295,1,8,40000,104.19
Goleniów,goleniowski,ZACHODNIOPOMORSKIE,3204023,1290.3407700490443,908.6261401970256,381.7146298520186,0.2958246679576823,wysokie ryzyko,64.42,365,1,22,40000,104.79
Długołęka,wrocławski,DOLNOŚLĄSKIE,0223022,455.2594262187332,75.08484405618212,380.1745821625511,0.8350724010707096,wysokie ryzyko,76.79,67,1,9,40000,105.21
Pomiechówek,nowodworski,MAZOWIECKIE,1414052,1042.0729834944432,665.4295714766677,376.6434120177755,0.3614366920393191,wysokie ryzyko,65.58,331,1,18,40000,106.2
Kramsk,koniński,WIELKOPOLSKIE,3010052,1313.179000167559,937.8850774362174,375.29392273134135,0.2857903779175988,wysokie ryzyko,64.41,366,0,41,0,0.0
Krościenko nad Dunajcem,nowotarski,MAŁOPOLSKIE,1211062,1717.1746645375547,1343.951811667636,373.2228528699188,0.2173470530270314,wysokie ryzyko,63.41,394,0,15,0,0.0
Głuchołazy,nyski,OPOLSKIE,1607013,2129.747410342264,1757.7679393770543,371.97947096520966,0.1746589615082242,wysokie ryzyko,64.54,360,1,11,40000,107.53
Grybów,nowosądecki,MAŁOPOLSKIE,1210042,800.6423397059848,429.7151040584438,370.9272356475409,0.4632870599670688,wysokie ryzyko,68.96,233,1,7,40000,107.84
Krotoszyce,legnicki,DOLNOŚLĄSKIE,0209032,953.3644388056777,584.904153353235,368.46028545244263,0.3864841926703595,wysokie ryzyko,66.28,312,0,12,0,0.0
Borzęcin,brzeski,MAŁOPOLSKIE,1202012,1274.7555926305515,907.671623834086,367.0839687964658,0.2879641955827478,wysokie ryzyko,64.27,368,1,20,40000,108.97
Gorzów Wielkopolski,Gorzów Wielkopolski,LUBUSKIE,0861011,4881.600077077938,4515.9404787937765,365.6595982841611,0.0749056851258983,wysokie ryzyko,60.44,500,0,19,0,0.0
Chojnów,legnicki,DOLNOŚLĄSKIE,0209011,1129.7354271791712,765.3993588320013,364.3360683471699,0.3224968072895423,wysokie ryzyko,76.33,74,1,3,40000,109.79
Muszyna,nowosądecki,MAŁOPOLSKIE,1210113,847.699220868849,483.37260309904315,364.3266177698058,0.4297828861944563,wysokie ryzyko,67.94,253,0,23,0,0.0
Wietrzychowice,tarnowski,MAŁOPOLSKIE,1216122,3767.717543830089,3407.2662027436336,360.4513410864555,0.0956683554149967,wysokie ryzyko,60.74,486,0,15,0,0.0
Jasło,jasielski,PODKARPACKIE,1805011,7894.70614869168,7535.221438389732,359.484710301948,0.0455349070036662,wysokie ryzyko,59.81,515,0,27,0,0.0
Gawłuszowice,mielecki,PODKARPACKIE,1811042,2727.410415352796,2370.04522362848,357.36519172431645,0.1310272886371193,wysokie ryzyko,61.32,470,1,19,40000,111.93
Cisek,kędzierzyńsko-kozielski,OPOLSKIE,1603032,2229.2878497297543,1872.164934645236,357.1229150845178,0.1601959635350859,wysokie ryzyko,61.86,449,0,21,0,0.0
Gąbin,płocki,MAZOWIECKIE,1419063,955.7926956091768,599.5499336118969,356.24276199727996,0.372719695006905,wysokie ryzyko,65.5,334,0,30,0,0.0
Władysławowo,pucki,POMORSKIE,2211043,839.7162011202531,485.5339024789545,354.1822986412986,0.4217880971794865,wysokie ryzyko,68.23,249,1,4,40000,112.94
Świnoujście,Świnoujście,ZACHODNIOPOMORSKIE,3263011,6193.527200096967,5839.767925383935,353.7592747130327,0.0571175782851965,wysokie ryzyko,59.35,532,0,14,0,0.0
Marciszów,kamiennogórski,DOLNOŚLĄSKIE,0207042,967.82958068806,614.1740017193632,353.6555789686968,0.3654110041948418,wysokie ryzyko,66.3,311,0,18,0,0.0
Nozdrzec,brzozowski,PODKARPACKIE,1802062,959.7902441068892,610.3453457379796,349.44489836890955,0.3640846534068259,wysokie ryzyko,65.98,321,0,33,0,0.0
Nowa Sarzyna,leżajski,PODKARPACKIE,1808053,2520.824572126755,2176.576104631433,344.2484674953222,0.1365618501587711,wysokie ryzyko,61.97,443,1,7,40000,116.2
Uniejów,poddębicki,ŁÓDZKIE,1011043,821.6720961040485,478.0851389100048,343.58695719404363,0.4181558054887812,wysokie ryzyko,66.36,306,0,25,0,0.0
Tomice,wadowicki,MAŁOPOLSKIE,1218082,1011.8108041765712,668.8265107228261,342.9842934537449,0.3389806592674916,wysokie ryzyko,65.45,336,0,21,0,0.0
Dzierżoniów,dzierżoniowski,DOLNOŚLĄSKIE,0202052,1036.7546340561328,696.4285246044049,340.32610945172786,0.3282609966451345,wysokie ryzyko,65.47,335,0,5,0,0.0
Paczków,nyski,OPOLSKIE,1607073,576.8191326133417,240.26748598024255,336.55164663309915,0.5834613098014196,wysokie ryzyko,70.91,184,1,8,40000,118.85
Siedlisko,nowosolski,LUBUSKIE,0804082,585.4587262840607,248.95304312417343,336.5056831598873,0.5747726834574791,wysokie ryzyko,69.37,221,1,6,40000,118.87
Długosiodło,wyszkowski,MAZOWIECKIE,1435022,336.0960016957163,0.0,336.0960016957163,1.0,wysokie ryzyko,77.37,58,0,14,0,0.0
Dąbrowa Górnicza,Dąbrowa Górnicza,ŚLĄSKIE,2465011,805.3722024125912,475.09829922690824,330.2739031856829,0.4100885307393364,wysokie ryzyko,65.94,323,0,4,0,0.0
Wołów,wołowski,DOLNOŚLĄSKIE,0222033,425.74194917893794,95.5043269324356,330.2376222465024,0.775675553896862,wysokie ryzyko,72.78,140,0,10,0,0.0
Gródek nad Dunajcem,nowosądecki,MAŁOPOLSKIE,1210032,1112.576166877038,788.3828617400416,324.1933051369965,0.291389762596655,wysokie ryzyko,63.79,385,0,32,0,0.0
Stronie Śląskie,kłodzki,DOLNOŚLĄSKIE,0208133,1519.219811545705,1195.109147876005,324.1106636696999,0.2133402034429362,wysokie ryzyko,62.88,409,1,6,40000,123.41
Chojnów,legnicki,DOLNOŚLĄSKIE,0209022,591.5892049133761,268.1465491048143,323.4426558085617,0.5467352228915706,wysokie ryzyko,68.23,250,0,18,0,0.0
Solec nad Wisłą,lipski,MAZOWIECKIE,1409063,1025.247119564876,703.1862475161327,322.06087204874336,0.3141299945182279,wysokie ryzyko,63.82,384,0,35,0,0.0
Płock,Płock,MAZOWIECKIE,1462011,1298.9139250003736,976.887107009478,322.0268179908958,0.247920059822904,wysokie ryzyko,62.65,419,0,13,0,0.0
Kłomnice,częstochowski,ŚLĄSKIE,2404052,852.9448425134492,535.5453386164191,317.39950389703,0.372121956868536,wysokie ryzyko,65.13,347,0,21,0,0.0
Inowłódz,tomaszowski,ŁÓDZKIE,1016053,624.7463099257953,307.41924379607724,317.3270661297181,0.5079294764740728,wysokie ryzyko,67.27,269,0,8,0,0.0
Zagórz,sanocki,PODKARPACKIE,1817073,1223.555908051885,911.3288184154464,312.22708963643817,0.2551800760241176,wysokie ryzyko,63.6,389,1,20,40000,128.11
Brzeźnica,wadowicki,MAŁOPOLSKIE,1218022,2445.009017815715,2133.5976352022144,311.4113826135009,0.1273661488953136,wysokie ryzyko,60.35,501,0,14,0,0.0
Brenna,cieszyński,ŚLĄSKIE,2403042,511.5934941530944,203.82252198148063,307.7709721716138,0.6015928186911487,wysokie ryzyko,70.07,200,0,16,0,0.0
Kuryłówka,leżajski,PODKARPACKIE,1808032,668.2718430028843,360.71448797489586,307.5573550279884,0.4602279121113007,wysokie ryzyko,67.36,265,1,9,40000,130.06
Witnica,gorzowski,LUBUSKIE,0801073,394.8680068778518,87.47410617606437,307.39390070178746,0.7784725410708608,wysokie ryzyko,73.25,132,1,23,40000,130.13
Lądek-Zdrój,kłodzki,DOLNOŚLĄSKIE,0208083,1512.8728057491016,1205.541893835755,307.33091191334654,0.2031439197964637,wysokie ryzyko,61.97,444,0,12,0,0.0
Trzebownisko,rzeszowski,PODKARPACKIE,1816132,2353.1908937967023,2047.4274744698307,305.7634193268716,0.1299356631597127,wysokie ryzyko,61.1,480,0,19,0,0.0
Unisław,chełmiński,KUJAWSKO-POMORSKIE,0404072,607.7202719567271,303.3573823906539,304.36288956607314,0.5008272779614391,wysokie ryzyko,67.26,270,0,23,0,0.0
Sobótka,wrocławski,DOLNOŚLĄSKIE,0223073,643.4019557539881,339.7048778960182,303.6970778579699,0.4720176479757109,wysokie ryzyko,66.82,288,1,10,40000,131.71
Chotcza,lipski,MAZOWIECKIE,1409012,463.4250019726736,159.8887390390475,303.5362629336261,0.6549846504645955,wysokie ryzyko,70.33,197,1,12,40000,131.78
Dubiecko,przemyski,PODKARPACKIE,1813023,1795.72437829347,1498.2906463312224,297.4337319622474,0.165634401112774,wysokie ryzyko,60.99,483,0,22,0,0.0
Zwierzyn,strzelecko-drezdenecki,LUBUSKIE,0806052,683.9219169954106,388.2127659667736,295.70915102863694,0.4323726783427841,wysokie ryzyko,65.57,332,0,35,0,0.0
Szczawnica,nowotarski,MAŁOPOLSKIE,1211023,489.01434749260955,193.36997929112417,295.64436820148546,0.6045719715942558,wysokie ryzyko,75.01,98,1,3,40000,135.3
Sandomierz,sandomierski,ŚWIĘTOKRZYSKIE,2609011,4423.170671422996,4138.572496591021,284.59817483197446,0.0643425714206988,wysokie ryzyko,58.8,558,0,9,0,0.0
Trzcianne,moniecki,PODLASKIE,2008072,287.9296958211746,4.244965440958931,283.6847303802157,0.9852569377088656,wysokie ryzyko,76.06,82,0,3,0,0.0
Grudziądz,Grudziądz,KUJAWSKO-POMORSKIE,0462011,626.6315877576111,343.61076247591336,283.02082528169774,0.4516542587559019,wysokie ryzyko,66.54,299,1,6,40000,141.33
Piwniczna-Zdrój,nowosądecki,MAŁOPOLSKIE,1210133,562.3269622590985,281.69085768766706,280.6361045714315,0.4990621531715301,wysokie ryzyko,68.99,232,1,11,40000,142.53
Libiąż,chrzanowski,MAŁOPOLSKIE,1203043,1613.257232636478,1333.5423570292585,279.7148756072197,0.1733851675656792,wysokie ryzyko,61.14,476,2,9,80000,286.01
Nowy Targ,nowotarski,MAŁOPOLSKIE,1211092,4355.237322228725,4075.6690446440007,279.56827758472434,0.0641912844009289,wysokie ryzyko,59.31,536,0,18,0,0.0
Skwierzyna,międzyrzecki,LUBUSKIE,0803053,853.1066003712617,574.9840109484339,278.1225894228277,0.3260115316207753,wysokie ryzyko,63.39,396,0,22,0,0.0
Ruja,legnicki,DOLNOŚLĄSKIE,0209082,389.0706174975803,111.10488387473669,277.9657336228437,0.7144351722334118,wysokie ryzyko,71.94,157,1,2,40000,143.9
Przeworsk,przeworski,PODKARPACKIE,1814062,520.551116266796,242.8585386363004,277.69257763049563,0.5334588073156122,wysokie ryzyko,69.22,223,2,4,80000,288.09
Prószków,opolski,OPOLSKIE,1609103,449.0080106145008,174.26616558278303,274.7418450317178,0.6118862882996523,wysokie ryzyko,70.1,199,1,4,40000,145.59
Wieprz,wadowicki,MAŁOPOLSKIE,1218102,571.6995372564136,297.8182562469596,273.8812810094539,0.4790650738039956,wysokie ryzyko,66.82,289,0,17,0,0.0
Brudzew,turecki,WIELKOPOLSKIE,3027022,733.7245166037347,460.1556535561574,273.5688630475774,0.3728495598237243,wysokie ryzyko,64.02,377,0,15,0,0.0
Zakopane,tatrzański,MAŁOPOLSKIE,1217011,393.3619577779673,121.6216093604158,271.74034841755144,0.6908150192066488,wysokie ryzyko,73.64,123,1,9,40000,147.2
Radymno,jarosławski,PODKARPACKIE,1804021,806.1724862381232,536.4037941577338,269.7686920803894,0.3346289989865847,wysokie ryzyko,64.9,354,0,4,0,0.0
Laskowa,limanowski,MAŁOPOLSKIE,1207062,600.6601777417939,331.4711403026809,269.189037439113,0.4481552921506134,wysokie ryzyko,65.52,333,0,5,0,0.0
Lubań,lubański,DOLNOŚLĄSKIE,0210011,1349.648169900776,1081.1077463453666,268.54042355540923,0.1989706869866329,wysokie ryzyko,63.53,391,0,6,0,0.0
Błonie,warszawski zachodni,MAZOWIECKIE,1432013,1961.9249749035896,1694.6944164001393,267.2305585034503,0.1362083473740285,wysokie ryzyko,61.04,481,1,7,40000,149.68
Krasiczyn,przemyski,PODKARPACKIE,1813042,706.7671154491471,442.83295921375,263.9341562353971,0.3734386482705384,wysokie ryzyko,64.23,370,0,15,0,0.0
Męcinka,jaworski,DOLNOŚLĄSKIE,0205032,271.7532643047901,11.53291710167243,260.2203472031176,0.9575610724265764,wysokie ryzyko,75.98,84,0,4,0,0.0
Cybinka,słubicki,LUBUSKIE,0805013,267.80923696232594,9.0778599146296,258.73137704769636,0.9661032605984886,wysokie ryzyko,75.59,86,0,9,0,0.0
Dąbie,kolski,WIELKOPOLSKIE,3009043,1186.2243795564684,928.8963206551124,257.32805890135575,0.2169303407822145,wysokie ryzyko,60.51,497,0,22,0,0.0
Solec-Zdrój,buski,ŚWIĘTOKRZYSKIE,2601052,597.9023803917671,340.6768449472871,257.22553544447993,0.4302132653760912,wysokie ryzyko,65.15,346,0,11,0,0.0
Kazimierz Dolny,puławski,LUBELSKIE,0614043,940.0408354053154,683.8000581452775,256.240777260038,0.2725847299490507,wysokie ryzyko,62.59,422,1,6,40000,156.1
Białobrzegi,białobrzeski,MAZOWIECKIE,1401013,2296.383631040356,2041.8381244826037,254.5455065577526,0.1108462467320554,wysokie ryzyko,58.64,564,0,9,0,0.0
Strumień,cieszyński,ŚLĄSKIE,2403113,2001.0396767466732,1748.3989308161867,252.64074593048664,0.1262547409061046,wysokie ryzyko,59.22,540,0,23,0,0.0
Jasienica,bielski,ŚLĄSKIE,2402052,866.9725829070969,616.0273320263809,250.945250880716,0.2894500423984074,wysokie ryzyko,63.18,401,1,8,40000,159.4
Dobromierz,świdnicki,DOLNOŚLĄSKIE,0219032,1404.0601864171556,1156.380042087129,247.6801443300268,0.1764027972063295,wysokie ryzyko,60.53,495,0,12,0,0.0
Polanica-Zdrój,kłodzki,DOLNOŚLĄSKIE,0208051,983.7193945821832,740.8071414780967,242.91225310408657,0.2469324631006783,wysokie ryzyko,66.04,319,1,3,40000,164.67
Goworowo,ostrołęcki,MAZOWIECKIE,1415042,362.2871799688291,120.37197552296588,241.91520444586325,0.6677443139629656,wysokie ryzyko,69.04,229,0,21,0,0.0
Olszyna,lubański,DOLNOŚLĄSKIE,0210053,461.6704526311203,221.50382644973664,240.1666261813837,0.5202122527284183,wysokie ryzyko,67.34,266,0,5,0,0.0
Brzeg Dolny,wołowski,DOLNOŚLĄSKIE,0222013,1741.7523629116245,1504.967798990887,236.7845639207373,0.1359461706283625,wysokie ryzyko,60.61,491,1,6,40000,168.93
Nowy Targ,nowotarski,MAŁOPOLSKIE,1211011,1926.2548924792304,1690.4110915849878,235.84380089424275,0.1224364448417803,wysokie ryzyko,60.5,498,0,6,0,0.0
Żagań,żagański,LUBUSKIE,0810092,403.6724744909226,168.0339307836061,235.6385437073165,0.5837369615168431,wysokie ryzyko,67.13,279,0,11,0,0.0
Młodzieszyn,sochaczewski,MAZOWIECKIE,1428042,782.7411071542851,548.0053542151783,234.73575293910693,0.2998893897274753,wysokie ryzyko,61.4,467,0,23,0,0.0
Warka,grójecki,MAZOWIECKIE,1406113,1415.0795368931026,1180.5951142696867,234.48442262341575,0.1657040586836844,wysokie ryzyko,59.43,528,0,10,0,0.0
Hanna,włodawski,LUBELSKIE,0619022,405.22744945106376,170.9491932934843,234.27825615757945,0.578140144442193,wysokie ryzyko,67.4,263,0,25,0,0.0
Koło,kolski,WIELKOPOLSKIE,3009011,2860.592194429053,2627.074436141799,233.5177582872539,0.0816326628947758,wysokie ryzyko,59.51,525,1,5,40000,171.29
Sławatycze,bialski,LUBELSKIE,0601142,413.65942330546386,180.44060465821636,233.21881864724753,0.5637942846403592,wysokie ryzyko,66.87,285,0,16,0,0.0
Zawichost,sandomierski,ŚWIĘTOKRZYSKIE,2609093,409.1732110548407,178.47016864713294,230.70304240770787,0.5638273380922466,wysokie ryzyko,67.08,282,0,19,0,0.0
Nadarzyn,pruszkowski,MAZOWIECKIE,1421052,311.95882364568104,81.58782943292414,230.3709942127569,0.7384660306143782,wysokie ryzyko,71.48,171,1,10,40000,173.63
Przyłęk,zwoleński,MAZOWIECKIE,1436032,230.23810164154804,0.0,230.23810164154804,1.0,wysokie ryzyko,76.48,70,0,6,0,0.0
Międzychód,międzychodzki,WIELKOPOLSKIE,3014033,621.1877829323474,391.04143026433655,230.14635266801093,0.3704940100102963,wysokie ryzyko,62.87,411,1,13,40000,173.8
Brańszczyk,wyszkowski,MAZOWIECKIE,1435012,906.4530354736236,676.702106637227,229.75092883639664,0.2534614810091636,wysokie ryzyko,60.53,496,0,17,0,0.0
Pleśna,tarnowski,MAŁOPOLSKIE,1216042,578.5946758382431,349.05320663655266,229.54146920169055,0.3967224013410436,wysokie ryzyko,63.98,379,0,15,0,0.0
Cedynia,gryfiński,ZACHODNIOPOMORSKIE,3206023,726.1313019302274,498.232491694949,227.8988102352785,0.3138534444520845,wysokie ryzyko,62.14,434,0,14,0,0.0
Nowa Sól,nowosolski,LUBUSKIE,0804052,1693.1960316655927,1466.4041920808202,226.79183958477265,0.1339430493241104,wysokie ryzyko,58.93,552,0,7,0,0.0
Jordanów,suski,MAŁOPOLSKIE,1215052,317.7792760572271,92.60929125013276,225.16998480709435,0.7085735344382393,wysokie ryzyko,71.36,175,1,9,40000,177.64
Jelenia Góra,Jelenia Góra,DOLNOŚLĄSKIE,0261011,5434.777458411464,5210.33837592712,224.43908248434417,0.0412968303121551,wysokie ryzyko,58.69,562,0,9,0,0.0
Ciężkowice,tarnowski,MAŁOPOLSKIE,1216013,524.7476307898152,301.58539539055937,223.16223539925585,0.4252753558188856,wysokie ryzyko,65.13,348,1,17,40000,179.24
Radomsko,radomszczański,ŁÓDZKIE,1012122,354.3874514057301,131.87151262272505,222.51593878300503,0.6278888767092704,wysokie ryzyko,68.14,251,0,11,0,0.0
Rzezawa,bocheński,MAŁOPOLSKIE,1201072,2307.622078334883,2085.6895377353903,221.93254059949277,0.0961736944203763,wysokie ryzyko,57.86,590,0,16,0,0.0
Kłaj,wielicki,MAŁOPOLSKIE,1219032,1874.45730813218,1653.8260860306557,220.63122210152423,0.1177040528713744,wysokie ryzyko,60.33,503,0,6,0,0.0
Przewóz,żarski,LUBUSKIE,0811072,472.713368956877,255.42969409278592,217.28367486409107,0.4596520621863619,wysokie ryzyko,64.14,371,0,5,0,0.0
Tuchów,tarnowski,MAŁOPOLSKIE,1216103,1054.9155436861747,838.2668595188178,216.64868416735695,0.2053706436160044,wysokie ryzyko,59.96,509,0,14,0,0.0
Sanok,sanocki,PODKARPACKIE,1817011,23167.0440631515,22952.568567327045,214.47549582445097,0.0092577842576639,wysokie ryzyko,59.59,521,1,4,40000,186.5
Rudnik nad Sanem,niżański,PODKARPACKIE,1812063,1219.4042876930257,1004.9890278684564,214.41525982456903,0.175836071751247,wysokie ryzyko,59.64,518,0,11,0,0.0
Rajcza,żywiecki,ŚLĄSKIE,2417112,362.3208133940142,148.25857204236058,214.06224135165357,0.5908085691971182,wysokie ryzyko,68.45,242,0,23,0,0.0
Bodzechów,ostrowiecki,ŚWIĘTOKRZYSKIE,2607032,1027.8073412648062,814.2539359200891,213.55340534471708,0.207775715127624,wysokie ryzyko,61.5,465,1,3,40000,187.31
Janowice Wielkie,karkonoski,DOLNOŚLĄSKIE,0206052,407.1257752327735,194.6902458295004,212.4355294032732,0.521793367864792,wysokie ryzyko,66.35,308,0,7,0,0.0
Łabiszyn,żniński,KUJAWSKO-POMORSKIE,0419043,1292.4783103081534,1080.5132187801453,211.96509152800803,0.1639989544408456,wysokie ryzyko,58.09,580,0,17,0,0.0
Golina,koniński,WIELKOPOLSKIE,3010013,288.821718905665,77.43730273744104,211.384416168224,0.7318854585075937,wysokie ryzyko,69.55,216,0,16,0,0.0
Rzeczyca,tomaszowski,ŁÓDZKIE,1016082,288.26325952410605,77.0277617701916,211.23549775391444,0.7327867522994197,wysokie ryzyko,70.03,202,0,7,0,0.0
Siewierz,będziński,ŚLĄSKIE,2401073,282.03249960738094,72.87646804193668,209.15603156544427,0.741602587845768,wysokie ryzyko,71.46,172,0,7,0,0.0
Zakliczyn,tarnowski,MAŁOPOLSKIE,1216143,2755.2106768932836,2547.488202250028,207.7224746432559,0.0753925920748388,wysokie ryzyko,56.95,621,0,22,0,0.0
Bodzanów,płocki,MAZOWIECKIE,1419023,589.6186104795968,383.6196232910104,205.99898718858623,0.3493766708296849,wysokie ryzyko,61.8,455,0,7,0,0.0
Sieniawa,przeworski,PODKARPACKIE,1814073,1324.5052858211752,1118.7728909387474,205.7323948824279,0.1553277265744369,wysokie ryzyko,58.81,557,0,16,0,0.0
Strzyżów,strzyżowski,PODKARPACKIE,1819043,2376.2272984210226,2171.5483363182775,204.6789621027451,0.086136104167624,wysokie ryzyko,60.66,488,1,8,40000,195.43
Stepnica,goleniowski,ZACHODNIOPOMORSKIE,3204073,1281.2758282867987,1078.0124502724789,203.2633780143198,0.1586413897202013,wysokie ryzyko,58.41,570,0,10,0,0.0
Siedlce,siedlecki,MAZOWIECKIE,1426082,203.61258635453365,1.122879100877331,202.48970725365632,0.9944852176332452,wysokie ryzyko,74.75,104,0,9,0,0.0
Jadów,wołomiński,MAZOWIECKIE,1434063,351.42851039608985,150.5798522232206,200.84865817286925,0.5715206712924222,wysokie ryzyko,66.02,320,0,10,0,0.0
Włodawa,włodawski,LUBELSKIE,0619062,248.65298427201037,48.04408076566616,200.60890350634423,0.8067826094815376,wysokie ryzyko,71.15,181,1,10,40000,199.39
Nowe Miasto nad Wartą,średzki,WIELKOPOLSKIE,3025032,268.2331831855332,73.66394435563741,194.56923882989585,0.7253734848134541,wysokie ryzyko,69.9,208,0,5,0,0.0
Golub-Dobrzyń,golubsko-dobrzyński,KUJAWSKO-POMORSKIE,0405011,192.88712968963625,0.0,192.88712968963625,1.0,wysokie ryzyko,78.67,46,1,4,40000,207.38
Żagań,żagański,LUBUSKIE,0810021,4551.085925110941,4358.381895328701,192.7040297822413,0.0423424283683555,wysokie ryzyko,57.58,602,0,10,0,0.0
Trzebiechów,zielonogórski,LUBUSKIE,0809082,1004.474532175346,812.7562129726382,191.71831920270768,0.1908642907924323,wysokie ryzyko,58.09,581,0,15,0,0.0
Obryte,pułtuski,MAZOWIECKIE,1424022,531.5110632303254,343.45797252446465,188.0530907058607,0.353808422279951,wysokie ryzyko,61.44,466,0,14,0,0.0
Serock,legionowski,MAZOWIECKIE,1408043,531.7425829097677,346.1326872742969,185.6098956354708,0.3490596796287937,wysokie ryzyko,61.66,459,0,9,0,0.0
Drwinia,bocheński,MAŁOPOLSKIE,1201032,4967.781211434614,4783.570535693434,184.21067574118007,0.0370810766217264,wysokie ryzyko,55.82,659,0,16,0,0.0
Koło,kolski,WIELKOPOLSKIE,3009072,320.20999056330817,137.41715302108642,182.79283754222172,0.5708530118646691,wysokie ryzyko,66.12,318,0,21,0,0.0
Łańcut,łańcucki,PODKARPACKIE,1810042,615.1977390685604,432.56881195013057,182.62892711842983,0.2968621558898103,wysokie ryzyko,61.34,469,0,10,0,0.0
Prudnik,prudnicki,OPOLSKIE,1610043,2038.0269448159256,1855.7330737036848,182.2938711122414,0.0894462517171018,wysokie ryzyko,58.08,582,0,7,0,0.0
Jordanów,suski,MAŁOPOLSKIE,1215011,232.871771923734,53.63363077986757,179.2381411438664,0.7696859935542866,wysokie ryzyko,70.79,187,0,6,0,0.0
Bolków,jaworski,DOLNOŚLĄSKIE,0205023,380.0429930643133,201.2799042334,178.76308883091323,0.4703759629654896,wysokie ryzyko,66.19,315,1,8,40000,223.76
Konin,Konin,WIELKOPOLSKIE,3062011,4944.315020895941,4768.7130337187,175.6019871772412,0.0355159382917759,wysokie ryzyko,57.34,608,0,6,0,0.0
Szprotawa,żagański,LUBUSKIE,0810073,2948.700937689783,2773.6651340493945,175.0358036403884,0.0593603106381902,wysokie ryzyko,55.48,667,0,12,0,0.0
Milicz,milicki,DOLNOŚLĄSKIE,0213033,781.4445874059355,606.5415969860273,174.90299041990815,0.2238200804493532,wysokie ryzyko,58.5,565,0,18,0,0.0
Łochów,węgrowski,MAZOWIECKIE,1433053,202.05927847986248,27.293888497619182,174.7653899822433,0.8649213799883023,wysokie ryzyko,71.24,178,0,13,0,0.0
Gniew,tczewski,POMORSKIE,2214023,1306.632017828118,1132.99230582489,173.63971200322808,0.1328910585643322,wysokie ryzyko,57.01,619,0,23,0,0.0
Kudowa-Zdrój,kłodzki,DOLNOŚLĄSKIE,0208031,1011.8909735579388,838.7438768046053,173.1470967533336,0.1711124036856719,wysokie ryzyko,67.44,261,0,3,0,0.0
Rybnik,Rybnik,ŚLĄSKIE,2473011,662.1407821398468,489.5237576222174,172.61702451762943,0.2606953523686931,wysokie ryzyko,62.81,413,0,10,0,0.0
Annopol,kraśnicki,LUBELSKIE,0607023,972.846296569059,800.8497619105208,171.99653465853822,0.1767972343268603,wysokie ryzyko,57.97,585,0,14,0,0.0
Elbląg,Elbląg,WARMIŃSKO-MAZURSKIE,2861011,2098.2426593649543,1927.3272109752472,170.91544838970714,0.0814564738863119,wysokie ryzyko,55.83,658,0,13,0,0.0
Leżajsk,leżajski,PODKARPACKIE,1808011,1125.277999462278,954.9584394908992,170.31955997137874,0.1513577623065297,wysokie ryzyko,58.11,578,0,6,0,0.0
Pieńsk,zgorzelecki,DOLNOŚLĄSKIE,0225043,191.37960238667324,21.196190593579615,170.18341179309363,0.8892452992416938,wysokie ryzyko,72.04,154,0,7,0,0.0
Przykona,turecki,WIELKOPOLSKIE,3027062,531.9714852201057,363.8869316857355,168.08455353437023,0.3159653443921424,wysokie ryzyko,60.18,506,0,16,0,0.0
Szubin,nakielski,KUJAWSKO-POMORSKIE,0410053,535.4736632963029,367.9613244403764,167.51233885592654,0.3128302105928859,wysokie ryzyko,61.89,447,1,9,40000,238.79
Górzyca,słubicki,LUBUSKIE,0805022,459.9882695960699,293.46110494690987,166.52716464916006,0.3620248072747437,wysokie ryzyko,60.67,487,0,5,0,0.0
Kędzierzyn-Koźle,kędzierzyńsko-kozielski,OPOLSKIE,1603011,2400.6396286912363,2234.770311928208,165.86931676302825,0.0690938009939691,wysokie ryzyko,57.26,612,1,7,40000,241.15
Wojaszówka,krośnieński,PODKARPACKIE,1807092,471.77928564479384,308.62013583968667,163.1591498051072,0.3458378838785028,wysokie ryzyko,61.7,458,0,11,0,0.0
Nowiny,kielecki,ŚWIĘTOKRZYSKIE,2604172,210.3281062956768,47.53214901593736,162.7959572797394,0.7740095232487986,wysokie ryzyko,71.82,160,1,4,40000,245.71
Będzin,będziński,ŚLĄSKIE,2401011,2903.379337277139,2741.370507133998,162.00883014314044,0.0558000906264891,wysokie ryzyko,56.4,641,0,6,0,0.0
Dobczyce,myślenicki,MAŁOPOLSKIE,1209013,3985.619105403989,3823.6302322900056,161.9888731139839,0.0406433401762721,wysokie ryzyko,55.13,681,0,16,0,0.0
Nowy Duninów,płocki,MAZOWIECKIE,1419092,422.4083863256165,260.88286481801225,161.52552150760425,0.3823918433832683,wysokie ryzyko,62.17,432,0,15,0,0.0
Czorsztyn,nowotarski,MAŁOPOLSKIE,1211042,1529.8924119140215,1369.4539647140996,160.4384471999221,0.1048691044876811,wysokie ryzyko,58.31,571,1,2,40000,249.32
Kruszwica,inowrocławski,KUJAWSKO-POMORSKIE,0407063,208.99167209761836,49.691466580298176,159.3002055173202,0.7622323125053152,wysokie ryzyko,69.13,226,0,16,0,0.0
Czernichów,żywiecki,ŚLĄSKIE,2417022,924.8746811098042,767.4744583173461,157.40022279245795,0.1701854597247547,wysokie ryzyko,59.28,538,0,8,0,0.0
Wałbrzych,Wałbrzych,DOLNOŚLĄSKIE,0265011,716.6344615473777,559.5331854535772,157.10127609380052,0.219220934135072,wysokie ryzyko,63.37,397,1,1,40000,254.61
Szczytna,kłodzki,DOLNOŚLĄSKIE,0208143,533.324095051943,376.30565051110233,157.01844454084073,0.2944146832997447,wysokie ryzyko,61.12,478,0,14,0,0.0
Komorniki,poznański,WIELKOPOLSKIE,3021072,232.20704893394344,75.63167907463395,156.5753698593095,0.6742920620977828,wysokie ryzyko,66.84,287,0,4,0,0.0
Brwinów,pruszkowski,MAZOWIECKIE,1421033,176.88298605226956,21.364311220387375,155.51867483188218,0.8792178281404965,niskie ryzyko,60.58,492,0,6,0,0.0
Złotoryja,złotoryjski,DOLNOŚLĄSKIE,0226021,251.78599771285377,97.8900034525011,153.8959942603527,0.6112174452046434,wysokie ryzyko,69.4,220,1,0,40000,259.92
Gorlice,gorlicki,MAŁOPOLSKIE,1205011,832.6103828516284,678.8909070969205,153.7194757547079,0.18462353931767,wysokie ryzyko,58.11,579,0,7,0,0.0
Bogatynia,zgorzelecki,DOLNOŚLĄSKIE,0225033,1291.5604628307028,1139.6309926126764,151.9294702180263,0.1176324876692521,wysokie ryzyko,55.93,655,1,2,40000,263.28
Brody,żarski,LUBUSKIE,0811033,151.60970199179388,0.0,151.60970199179388,1.0,wysokie ryzyko,72.92,136,0,3,0,0.0
Kłodzko,kłodzki,DOLNOŚLĄSKIE,0208021,2907.9082951542805,2756.413675392425,151.4946197618554,0.0520974543847565,wysokie ryzyko,56.33,646,0,6,0,0.0
Szaflary,nowotarski,MAŁOPOLSKIE,1211142,522.3669674531567,372.4686358114974,149.8983316416593,0.2869598213158481,wysokie ryzyko,59.93,511,0,8,0,0.0
Ujsoły,żywiecki,ŚLĄSKIE,2417142,174.9387971555883,25.665192248054375,149.27360490753392,0.8532904497723962,wysokie ryzyko,72.11,152,0,10,0,0.0
Braniewo,braniewski,WARMIŃSKO-MAZURSKIE,2802022,163.00329191371355,14.160392958512832,148.84289895520072,0.9131281780124496,wysokie ryzyko,71.72,164,0,4,0,0.0
Daleszyce,kielecki,ŚWIĘTOKRZYSKIE,2604053,260.53273002150024,111.8099169868743,148.72281303462597,0.5708411876786181,wysokie ryzyko,64.54,361,0,14,0,0.0
Racibórz,raciborski,ŚLĄSKIE,2411011,7399.746359489433,7251.103670423784,148.6426890656495,0.0200875383890733,wysokie ryzyko,54.67,695,0,9,0,0.0
Wodzisław Śląski,wodzisławski,ŚLĄSKIE,2415041,761.2856196308078,614.1275996012357,147.15802002957204,0.1933019831649225,wysokie ryzyko,59.54,524,0,5,0,0.0
Tarłów,opatowski,ŚWIĘTOKRZYSKIE,2606072,584.7579704420918,438.9534876023694,145.80448283972245,0.2493415912390053,wysokie ryzyko,58.46,567,0,14,0,0.0
Nieborów,łowicki,ŁÓDZKIE,1005092,246.71559615519652,101.33407299760944,145.38152315758708,0.5892676645627818,wysokie ryzyko,65.77,326,0,8,0,0.0
Krzeszów,niżański,PODKARPACKIE,1812042,822.960900706744,677.7050423654939,145.25585834125008,0.1765039605362866,wysokie ryzyko,57.75,595,0,13,0,0.0
Góra,górowski,DOLNOŚLĄSKIE,0204013,256.0686869630512,111.39364215892512,144.6750448041261,0.5649853034354083,wysokie ryzyko,63.96,381,0,7,0,0.0
Maków Podhalański,suski,MAŁOPOLSKIE,1215063,432.67069310151334,288.1465497298025,144.52414337171092,0.3340280395136507,wysokie ryzyko,61.12,479,0,13,0,0.0
Żarów,świdnicki,DOLNOŚLĄSKIE,0219083,317.6271112335372,174.26493202283842,143.36217921069877,0.4513537230935267,wysokie ryzyko,62.02,442,0,4,0,0.0
Książ Wielkopolski,śremski,WIELKOPOLSKIE,3026033,234.87437032245356,92.18873388979748,142.68563643265605,0.6074976858342026,wysokie ryzyko,64.82,355,0,23,0,0.0
Żyraków,dębicki,PODKARPACKIE,1803072,894.5034007998111,752.274891996122,142.22850880368912,0.1590027591583407,wysokie ryzyko,56.43,640,0,9,0,0.0
Podegrodzie,nowosądecki,MAŁOPOLSKIE,1210142,3495.730121107894,3353.5143279583954,142.21579314949835,0.0406827152619053,wysokie ryzyko,54.65,696,0,9,0,0.0
Jasło,jasielski,PODKARPACKIE,1805042,655.5161671958647,513.6661624217521,141.8500047741126,0.2163943650404713,wysokie ryzyko,58.04,584,0,13,0,0.0
Mszana Dolna,limanowski,MAŁOPOLSKIE,1207092,281.11153249737634,139.95767380931008,141.15385868806626,0.5021275983737298,wysokie ryzyko,63.33,398,0,17,0,0.0
Goczałkowice-Zdrój,pszczyński,ŚLĄSKIE,2410012,763.2939513331871,622.3553248460471,140.93862648714,0.1846452814685263,wysokie ryzyko,57.15,613,0,6,0,0.0
Bałtów,ostrowiecki,ŚWIĘTOKRZYSKIE,2607022,237.9953837571625,97.39916654340146,140.596217213761,0.5907518666715725,wysokie ryzyko,65.43,338,0,10,0,0.0
Zabrodzie,wyszkowski,MAZOWIECKIE,1435062,244.17395126274684,104.20867069009157,139.96528057265527,0.5732195422518418,wysokie ryzyko,64.1,372,0,8,0,0.0
Bircza,przemyski,PODKARPACKIE,1813013,346.7324689601714,207.92867286377623,138.80379609639513,0.4003195792786839,wysokie ryzyko,61.23,473,0,18,0,0.0
Żórawina,wrocławski,DOLNOŚLĄSKIE,0223092,136.56125091325384,0.4474456306869527,136.1138052825669,0.9967234802867236,wysokie ryzyko,74.18,115,0,6,0,0.0
Kielce,Kielce,ŚWIĘTOKRZYSKIE,2661011,266.4295506575564,131.84682781282055,134.58272284473583,0.50513436858855,wysokie ryzyko,65.71,327,0,3,0,0.0
Ciechocinek,aleksandrowski,KUJAWSKO-POMORSKIE,0401021,7398.6737520586275,7264.132447147202,134.54130491142558,0.018184516498513,wysokie ryzyko,54.22,710,0,3,0,0.0
Tolkmicko,elbląski,WARMIŃSKO-MAZURSKIE,2804093,487.15256597219394,352.7418090130473,134.4107569591466,0.2759110109394735,wysokie ryzyko,58.84,554,0,9,0,0.0
Grybów,nowosądecki,MAŁOPOLSKIE,1210011,307.0638911372795,173.25099485791316,133.81289627936633,0.4357819337980785,wysokie ryzyko,63.15,402,1,2,40000,298.92
Lewin Kłodzki,kłodzki,DOLNOŚLĄSKIE,0208092,152.55466248133652,18.816194880290784,133.73846760104573,0.8766593260786588,wysokie ryzyko,72.25,150,0,7,0,0.0
Rzekuń,ostrołęcki,MAZOWIECKIE,1415102,288.9634493357373,155.33895796087654,133.62449137486078,0.4624269667393359,wysokie ryzyko,62.34,427,0,9,0,0.0
Dąbie,krośnieński,LUBUSKIE,0802042,131.74203277136613,0.0752872651778376,131.6667455061883,0.9994285250986792,wysokie ryzyko,72.35,146,0,5,0,0.0
Dobra,turecki,WIELKOPOLSKIE,3027033,274.76840520598495,145.38988990428243,129.37851530170252,0.4708638724481865,wysokie ryzyko,61.56,463,0,13,0,0.0
Nowa Ruda,kłodzki,DOLNOŚLĄSKIE,0208112,159.97671632264843,33.014041760444066,126.96267456220436,0.7936322077404075,wysokie ryzyko,70.72,188,0,8,0,0.0
Somianka,wyszkowski,MAZOWIECKIE,1435042,385.29214200420745,258.8492184732336,126.44292353097389,0.3281741560397385,wysokie ryzyko,58.65,563,0,11,0,0.0
Przytoczna,międzyrzecki,LUBUSKIE,0803032,126.05824356469309,0.0,126.05824356469309,1.0,wysokie ryzyko,71.94,158,0,18,0,0.0
Brody,starachowicki,ŚWIĘTOKRZYSKIE,2611022,291.0162058957468,165.15024147022012,125.86596442552668,0.4325050010122691,wysokie ryzyko,61.38,468,0,7,0,0.0
Miastkowo,łomżyński,PODLASKIE,2007032,238.27603782444916,112.59519581685618,125.68084200759296,0.5274590057611619,wysokie ryzyko,63.4,395,0,3,0,0.0
Jeleśnia,żywiecki,ŚLĄSKIE,2417042,343.2799285534678,217.8732204035255,125.4067081499424,0.3653190813642621,wysokie ryzyko,60.55,494,0,13,0,0.0
Morawica,kielecki,ŚWIĘTOKRZYSKIE,2604123,379.2275563718838,254.12467258793424,125.10288378394958,0.3298886952752698,wysokie ryzyko,60.0,507,1,5,40000,319.74
Starachowice,starachowicki,ŚWIĘTOKRZYSKIE,2611011,478.2291433322255,353.8409169478734,124.38822638435208,0.2601017276313076,wysokie ryzyko,58.78,559,0,8,0,0.0
Pszczyna,pszczyński,ŚLĄSKIE,2410053,189.001983948418,65.11342185736757,123.88856209105042,0.6554881568061307,wysokie ryzyko,66.22,313,0,5,0,0.0
Dzierżoniów,dzierżoniowski,DOLNOŚLĄSKIE,0202021,1801.6032577302672,1678.7451413042568,122.8581164260106,0.0681937690214838,wysokie ryzyko,55.15,679,0,5,0,0.0
Raba Wyżna,nowotarski,MAŁOPOLSKIE,1211112,261.7086057948551,139.1176875063452,122.59091828850993,0.468425246912228,wysokie ryzyko,62.06,438,0,8,0,0.0
Ożarów,opatowski,ŚWIĘTOKRZYSKIE,2606053,353.46960026074123,230.98109994891053,122.48850031183072,0.3465319230323501,wysokie ryzyko,59.34,533,0,6,0,0.0
Osiek,oświęcimski,MAŁOPOLSKIE,1213052,176.63649710198112,54.21072726473416,122.42576983724696,0.6930944161928462,wysokie ryzyko,66.73,294,0,4,0,0.0
Aleksandrów Kujawski,aleksandrowski,KUJAWSKO-POMORSKIE,0401042,671.7902700883756,549.5128134560352,122.27745663234032,0.1820173081939017,wysokie ryzyko,56.37,643,0,17,0,0.0
Raciążek,aleksandrowski,KUJAWSKO-POMORSKIE,0401072,561.8758043734886,440.3197412648268,121.55606310866176,0.2163397358677885,wysokie ryzyko,56.51,633,0,11,0,0.0
Międzylesie,kłodzki,DOLNOŚLĄSKIE,0208103,542.2820724814345,420.7731599781523,121.50891250328218,0.224069573141646,wysokie ryzyko,56.97,620,0,20,0,0.0
Osiecznica,bolesławiecki,DOLNOŚLĄSKIE,0201052,266.69619438042906,145.19177765683628,121.5044167235928,0.4555911155982702,wysokie ryzyko,61.77,456,0,9,0,0.0
Kostomłoty,średzki,DOLNOŚLĄSKIE,0218012,170.30687803897092,48.857872016846784,121.44900602212414,0.7131186210479018,wysokie ryzyko,66.4,304,0,2,0,0.0
Zamość,Zamość,LUBELSKIE,0664011,132.55679604805806,11.386253328825326,121.17054271923271,0.9141028323836576,wysokie ryzyko,71.24,179,0,8,0,0.0
Malbork,malborski,POMORSKIE,2209011,138.61445903660194,17.980715589603133,120.6337434469988,0.8702825396818435,wysokie ryzyko,69.97,206,0,4,0,0.0
Krasnystaw,krasnostawski,LUBELSKIE,0606011,637.7248707616641,519.5114571422773,118.21341361938678,0.1853674194613095,wysokie ryzyko,57.45,605,0,9,0,0.0
Odrzywół,przysuski,MAZOWIECKIE,1423043,249.76664897445647,131.76855782216668,117.9980911522898,0.47243333582282,wysokie ryzyko,61.81,454,0,7,0,0.0
Biłgoraj,biłgorajski,LUBELSKIE,0602032,326.092857643268,208.64589724004,117.44696040322803,0.3601641607609515,wysokie ryzyko,60.45,499,0,10,0,0.0
Lubomierz,lwówecki,DOLNOŚLĄSKIE,0212023,183.1681932581696,66.01469043153796,117.15350282663164,0.6395952307151253,wysokie ryzyko,65.4,340,0,9,0,0.0
Mielec,mielecki,PODKARPACKIE,1811011,2494.035001299595,2378.09028560417,115.94471569542594,0.0464888085512069,wysokie ryzyko,53.51,730,0,6,0,0.0
Police,policki,ZACHODNIOPOMORSKIE,3211043,245.9373028108563,130.02780231945252,115.90950049140376,0.4712969491275043,wysokie ryzyko,61.71,457,0,11,0,0.0
Sokołów Małopolski,rzeszowski,PODKARPACKIE,1816113,384.4386262355416,270.5359531598139,113.90267307572766,0.2962831133569306,wysokie ryzyko,59.14,543,0,3,0,0.0
Józefów nad Wisłą,opolski,LUBELSKIE,0612023,313.6744478065893,199.8174837673004,113.8569640392889,0.3629781285515891,wysokie ryzyko,59.58,522,0,9,0,0.0
Rzgów,koniński,WIELKOPOLSKIE,3010082,856.5555333303148,742.8988184659729,113.65671486434188,0.1326904216267695,wysokie ryzyko,54.91,690,0,13,0,0.0
Janowiec,puławski,LUBELSKIE,0614032,471.7941183407358,358.31431826044184,113.47980008029394,0.2405282212491198,wysokie ryzyko,56.82,622,0,7,0,0.0
Bardo,ząbkowicki,DOLNOŚLĄSKIE,0224013,866.1506820342986,752.8645862784651,113.2860957558334,0.1307925954520548,wysokie ryzyko,55.21,676,0,6,0,0.0
Lubień,myślenicki,MAŁOPOLSKIE,1209022,196.17835024577997,82.93795149976181,113.24039874601816,0.5772318841714498,wysokie ryzyko,63.47,393,0,12,0,0.0
Czerwińsk nad Wisłą,płoński,MAZOWIECKIE,1420043,172.62343323199198,60.682590755468865,111.9408424765231,0.6484684053646623,wysokie ryzyko,64.82,356,0,11,0,0.0
Nowe Warpno,policki,ZACHODNIOPOMORSKIE,3211033,196.3731754166702,84.66275757957442,111.71041783709578,0.5688680116317589,wysokie ryzyko,63.2,400,0,14,0,0.0
Wiązowna,otwocki,MAZOWIECKIE,1417082,272.4562893413059,161.46326852526136,110.99302081604452,0.407379183957848,wysokie ryzyko,59.9,512,0,14,0,0.0
Marki,wołomiński,MAZOWIECKIE,1434021,216.0628774091642,105.27288806253736,110.78998934662684,0.5127673512225832,wysokie ryzyko,65.12,349,0,3,0,0.0
Nakło nad Notecią,nakielski,KUJAWSKO-POMORSKIE,0410033,550.1165278456319,439.42985798859934,110.68666985703264,0.2012058614026815,wysokie ryzyko,56.37,644,0,13,0,0.0
Ełk,ełcki,WARMIŃSKO-MAZURSKIE,2805022,221.8035245631538,111.36473242876455,110.4387921343892,0.4979127015763184,wysokie ryzyko,61.52,464,0,13,0,0.0
Poddębice,poddębicki,ŁÓDZKIE,1011033,169.5811587572552,59.57942936793633,110.00172938931888,0.6486671644152371,wysokie ryzyko,64.57,358,0,17,0,0.0
Janów Podlaski,bialski,LUBELSKIE,0601053,117.07828710595663,7.675681412878534,109.4026056930781,0.9344397530693972,wysokie ryzyko,69.96,207,0,8,0,0.0
Gromnik,tarnowski,MAŁOPOLSKIE,1216022,315.60913692097614,206.27757433778137,109.33156258319482,0.3464144405000854,wysokie ryzyko,59.39,531,0,5,0,0.0
Radziechowy-Wieprz,żywiecki,ŚLĄSKIE,2417102,759.3263102509322,650.2376002357936,109.08871001513864,0.1436651259707943,wysokie ryzyko,56.29,647,0,7,0,0.0
Czchów,brzeski,MAŁOPOLSKIE,1202033,1055.3701662032388,946.7909999193276,108.57916628391132,0.1028825427902058,wysokie ryzyko,53.97,720,0,15,0,0.0
Łowicz,łowicki,ŁÓDZKIE,1005072,198.2127511764537,89.9089264423256,108.30382473412809,0.5464019044754262,wysokie ryzyko,62.8,414,0,10,0,0.0
Skarżysko-Kamienna,skarżyski,ŚWIĘTOKRZYSKIE,2610011,129.1855860573087,21.310259287065502,107.8753267702432,0.8350415093707749,wysokie ryzyko,68.26,247,0,7,0,0.0
Rytro,nowosądecki,MAŁOPOLSKIE,1210152,338.95255881694914,231.55967188160295,107.3928869353462,0.3168375164659653,wysokie ryzyko,60.91,484,0,2,0,0.0
Łękawica,żywiecki,ŚLĄSKIE,2417072,566.2093415743758,459.1346003380992,107.07474123627658,0.1891080442766088,wysokie ryzyko,56.05,652,0,7,0,0.0
Sochaczew,sochaczewski,MAZOWIECKIE,1428011,515.0586805995474,408.3278320954982,106.7308485040492,0.2072207546911169,wysokie ryzyko,57.39,606,0,5,0,0.0
Łambinowice,nyski,OPOLSKIE,1607042,2122.4549529455744,2016.390420363061,106.06453258251348,0.0499725718255247,wysokie ryzyko,53.8,721,0,3,0,0.0
Fredropol,przemyski,PODKARPACKIE,1813032,146.36368893656885,40.51991387234713,105.84377506422172,0.7231559673936091,wysokie ryzyko,66.16,316,0,9,0,0.0
Niedźwiedź,limanowski,MAŁOPOLSKIE,1207102,118.89416864699903,13.087203061533558,105.80696558546546,0.8899256102257636,wysokie ryzyko,70.83,186,0,11,0,0.0
Pińczów,pińczowski,ŚWIĘTOKRZYSKIE,2608043,297.0181100272968,191.31706521566673,105.70104481163008,0.3558740738129262,wysokie ryzyko,58.7,561,0,11,0,0.0
Księżpol,biłgorajski,LUBELSKIE,0602082,144.31189220052585,39.973705913637694,104.33818628688816,0.7230047690172825,wysokie ryzyko,66.46,303,0,8,0,0.0
Zielona Góra,Zielona Góra,LUBUSKIE,0862011,180.62405049169496,76.33869333049132,104.28535716120363,0.5773614138168087,wysokie ryzyko,63.33,399,0,3,0,0.0
Sieradz,sieradzki,ŁÓDZKIE,1014011,1382.6604457470216,1278.5394183753788,104.1210273716428,0.0753048426979398,wysokie ryzyko,56.24,649,1,0,40000,384.17
Zbójna,łomżyński,PODLASKIE,2007092,142.12758097216798,38.87096765754793,103.25661331462004,0.7265065134320423,wysokie ryzyko,65.63,330,0,12,0,0.0
Zgorzelec,zgorzelecki,DOLNOŚLĄSKIE,0225072,366.1544906202942,263.42576726770875,102.72872335258546,0.2805611455933669,wysokie ryzyko,57.06,618,0,7,0,0.0
Dukla,krośnieński,PODKARPACKIE,1807023,177.7022749232284,75.0999084279921,102.60236649523628,0.5773835283738654,wysokie ryzyko,62.92,408,0,13,0,0.0
Firlej,lubartowski,LUBELSKIE,0608032,236.50887213133723,134.1508873845026,102.35798474683465,0.4327870824651076,wysokie ryzyko,59.72,517,0,17,0,0.0
Wiślica,buski,ŚWIĘTOKRZYSKIE,2601083,824.3986449806098,722.2147891857646,102.18385579484509,0.1239495678662214,wysokie ryzyko,54.34,706,0,11,0,0.0
Kołaczyce,jasielski,PODKARPACKIE,1805053,486.5614033016087,385.60479117383704,100.95661212777163,0.2074899723708476,wysokie ryzyko,57.14,614,0,6,0,0.0
Drohiczyn,siemiatycki,PODLASKIE,2010023,119.6195179008435,18.718772334070504,100.900745566773,0.843514063067976,wysokie ryzyko,67.78,254,0,15,0,0.0
Klucze,olkuski,MAŁOPOLSKIE,1212042,101.50910048992982,0.635509987739821,100.87359050219,0.9937393791820384,wysokie ryzyko,72.86,138,0,5,0,0.0
Brzostek,dębicki,PODKARPACKIE,1803023,509.58224636695934,409.0688990844282,100.51334728253116,0.19724656421831,wysokie ryzyko,56.01,653,0,14,0,0.0
Będzino,koszaliński,ZACHODNIOPOMORSKIE,3209012,172.38829246407167,72.3400789099598,100.04821355411188,0.5803654768200888,wysokie ryzyko,62.45,425,0,13,0,0.0
Zatory,pułtuski,MAZOWIECKIE,1424072,136.69308411652656,36.656751706911805,100.03633240961476,0.7318317020657529,wysokie ryzyko,65.39,341,0,15,0,0.0
Bieruń,bieruńsko-lędziński,ŚLĄSKIE,2414011,3397.8505562637224,3297.981177942419,99.86937832130384,0.029391927828374,wysokie ryzyko,52.43,753,0,13,0,0.0
Czarna,dębicki,PODKARPACKIE,1803032,386.52298919579187,286.81032716735575,99.7126620284362,0.257973431893147,wysokie ryzyko,57.32,609,0,11,0,0.0
Radom,Radom,MAZOWIECKIE,1463011,202.8558745582352,103.30651398969488,99.54936056854034,0.4907393526824486,wysokie ryzyko,62.69,417,0,9,0,0.0
Łomża,łomżyński,PODLASKIE,2007022,249.6937524286592,150.3322931898585,99.36145923880068,0.3979333013836201,wysokie ryzyko,59.49,526,0,12,0,0.0
Biała Podlaska,Biała Podlaska,LUBELSKIE,0661011,179.48122605083122,80.24860854648396,99.23261750434726,0.5528857791301437,wysokie ryzyko,69.06,227,0,1,0,0.0
Mirsk,lwówecki,DOLNOŚLĄSKIE,0212043,344.5478096332424,246.27361659721603,98.2741930360264,0.285226578977923,wysokie ryzyko,58.06,583,0,1,0,0.0
Mała Wieś,płocki,MAZOWIECKIE,1419082,399.1319480861646,301.4316217458383,97.70032634032634,0.2447820246131607,wysokie ryzyko,55.59,665,0,10,0,0.0
Biecz,gorlicki,MAŁOPOLSKIE,1205023,649.1284417898057,551.6594724258262,97.46896936397974,0.1501535953273499,wysokie ryzyko,55.3,672,0,8,0,0.0
Branice,głubczycki,OPOLSKIE,1602023,395.0159717806198,297.76653932680546,97.24943245381432,0.2461911401086935,wysokie ryzyko,57.32,610,0,2,0,0.0
Krościenko Wyżne,krośnieński,PODKARPACKIE,1807062,372.70351155529585,275.65593804410787,97.047573511188,0.2603881382984759,wysokie ryzyko,59.29,537,0,4,0,0.0
Kamienna Góra,kamiennogórski,DOLNOŚLĄSKIE,0207011,7622.923265334763,7526.126711962536,96.79655337222638,0.0126980883845976,wysokie ryzyko,52.75,745,0,2,0,0.0
Złotoryja,złotoryjski,DOLNOŚLĄSKIE,0226062,153.96012782097893,57.19872903266543,96.76139878831349,0.6284834921728909,wysokie ryzyko,64.07,373,0,7,0,0.0
Stężyca,rycki,LUBELSKIE,0616052,1113.3640673422758,1018.7544526464476,94.60961469582816,0.0849763500286764,wysokie ryzyko,52.6,749,0,14,0,0.0
Kostrzyn nad Odrą,gorzowski,LUBUSKIE,0801011,476.993981351882,382.6610192999657,94.33296205191633,0.1977655185177823,wysokie ryzyko,55.12,683,0,5,0,0.0
Brodnica,brodnicki,KUJAWSKO-POMORSKIE,0402011,748.2952615296815,654.0072548873229,94.28800664235862,0.1260037467691737,wysokie ryzyko,59.87,513,0,1,0,0.0
Bolesław,dąbrowski,MAŁOPOLSKIE,1204012,2696.179935598382,2602.2811039359385,93.89883166244368,0.0348266191075277,wysokie ryzyko,52.3,757,0,5,0,0.0
Białobrzegi,łańcucki,PODKARPACKIE,1810022,1301.910366158795,1208.2173021554286,93.6930640033663,0.0719658330087668,wysokie ryzyko,52.62,748,0,17,0,0.0
Reda,wejherowski,POMORSKIE,2215011,582.0086766328413,489.35628495525503,92.65239167758632,0.1591941759590567,wysokie ryzyko,54.36,705,0,6,0,0.0
Besko,sanocki,PODKARPACKIE,1817022,2169.6604648841753,2077.159284822968,92.50118006120744,0.0426339427566356,wysokie ryzyko,52.66,747,0,10,0,0.0
Gubin,krośnieński,LUBUSKIE,0802011,2598.4336468051724,2505.988089719609,92.44555708556403,0.035577416879291,wysokie ryzyko,53.66,725,0,2,0,0.0
Sosnowiec,Sosnowiec,ŚLĄSKIE,2475011,5128.813669103425,5037.0715713513655,91.74209775205968,0.0178875864227091,wysokie ryzyko,51.69,776,0,11,0,0.0
Nowogród,łomżyński,PODLASKIE,2007043,213.78247534703297,122.4483529326355,91.33412241439748,0.4272292303947498,wysokie ryzyko,59.02,547,0,8,0,0.0
Solina,leski,PODKARPACKIE,1821052,881.9660491219307,790.7173473000555,91.2487018218753,0.1034605605428019,wysokie ryzyko,53.05,738,0,8,0,0.0
Reńska Wieś,kędzierzyńsko-kozielski,OPOLSKIE,1603062,277.852301309344,187.2179968252916,90.6343044840524,0.3261959827467675,wysokie ryzyko,56.67,628,0,9,0,0.0
Gilowice,żywiecki,ŚLĄSKIE,2417032,154.5147786152054,64.80021100149142,89.71456761371395,0.58062127401505,wysokie ryzyko,62.97,406,0,7,0,0.0
Nowogrodziec,bolesławiecki,DOLNOŚLĄSKIE,0201043,195.46939595812393,105.9216863355678,89.54770962255613,0.4581162651249009,wysokie ryzyko,60.0,508,0,13,0,0.0
Mszana Dolna,limanowski,MAŁOPOLSKIE,1207021,237.8989921040097,148.7810281639721,89.11796394003758,0.3746042097609018,wysokie ryzyko,58.42,569,0,4,0,0.0
Przecław,mielecki,PODKARPACKIE,1811073,297.3283114461454,208.28232223279815,89.04598921334724,0.2994870847658111,wysokie ryzyko,57.29,611,0,10,0,0.0
Krynica Morska,nowodworski,POMORSKIE,2210011,365.8868624559791,277.08933885199633,88.79752360398284,0.2426912051663684,wysokie ryzyko,54.9,692,0,3,0,0.0
Milówka,żywiecki,ŚLĄSKIE,2417092,247.0925369327128,159.38168318771784,87.71085374499494,0.3549716832155072,wysokie ryzyko,58.3,572,0,10,0,0.0
Wojcieszów,złotoryjski,DOLNOŚLĄSKIE,0226011,118.62057428872389,32.08572376505229,86.53485052367158,0.729509623794644,wysokie ryzyko,67.29,268,0,5,0,0.0
Prostki,ełcki,WARMIŃSKO-MAZURSKIE,2805042,106.8001940551714,20.610855192159423,86.18933886301198,0.8070148151461958,wysokie ryzyko,66.52,300,0,8,0,0.0
Łańcut,łańcucki,PODKARPACKIE,1810011,227.0890476882553,141.38648268616987,85.70256500208548,0.3773962939848018,wysokie ryzyko,59.28,539,0,4,0,0.0
Olszanica,leski,PODKARPACKIE,1821042,875.0115301946158,789.3370585233986,85.67447167121725,0.0979123916826124,wysokie ryzyko,53.69,724,0,7,0,0.0
Drezdenko,strzelecko-drezdenecki,LUBUSKIE,0806023,1239.4329954078312,1153.8216623646374,85.61133304319378,0.0690729820493633,wysokie ryzyko,51.68,777,0,10,0,0.0
Oborniki,obornicki,WIELKOPOLSKIE,3016013,830.7150060717272,745.3480746776748,85.36693139405233,0.1027631988950509,wysokie ryzyko,52.37,755,0,9,0,0.0
Warta,sieradzki,ŁÓDZKIE,1014093,177.51397919248527,92.73121597549252,84.78276321699273,0.4776117554384801,wysokie ryzyko,59.96,510,0,5,0,0.0
Komańcza,sanocki,PODKARPACKIE,1817042,246.94472409328745,162.452516304448,84.49220778883947,0.3421502852473217,wysokie ryzyko,57.09,616,0,14,0,0.0
Poronin,tatrzański,MAŁOPOLSKIE,1217052,148.156288579548,63.865506796766034,84.29078178278196,0.5689315154349631,wysokie ryzyko,62.63,421,0,6,0,0.0
Szczecin,Szczecin,ZACHODNIOPOMORSKIE,3262011,1015.8734268548112,931.5872775674932,84.28614928731797,0.0829691446386894,wysokie ryzyko,51.76,775,0,15,0,0.0
Pcim,myślenicki,MAŁOPOLSKIE,1209042,307.86217056491853,224.1285173063225,83.73365325859608,0.271984223020799,wysokie ryzyko,55.56,666,0,12,0,0.0
Sochocin,płoński,MAZOWIECKIE,1420113,304.704308477857,221.02885331018967,83.6754551676673,0.2746119855858488,wysokie ryzyko,55.61,663,0,11,0,0.0
Głogówek,prudnicki,OPOLSKIE,1610023,458.8821788216138,375.3122402183211,83.56993860329268,0.1821163306404621,wysokie ryzyko,54.02,716,0,5,0,0.0
Spytkowice,nowotarski,MAŁOPOLSKIE,1211132,105.4155295925888,22.254684544283805,83.160845048305,0.7888860907847831,wysokie ryzyko,66.33,309,0,8,0,0.0
Zbrosławice,tarnogórski,ŚLĄSKIE,2413092,108.93710918527135,26.76534828059225,82.1717609046791,0.7543045847207865,wysokie ryzyko,65.98,322,0,9,0,0.0
Ostróda,ostródzki,WARMIŃSKO-MAZURSKIE,2815011,176.60345598048127,95.7605521885681,80.84290379191316,0.4577651289046583,wysokie ryzyko,62.64,420,0,3,0,0.0
Bierawa,kędzierzyńsko-kozielski,OPOLSKIE,1603022,674.7229482253592,593.8989555241778,80.82399270118124,0.1197884152506782,wysokie ryzyko,52.99,741,0,8,0,0.0
Wyszogród,płocki,MAZOWIECKIE,1419153,360.8127619171619,280.00928310241017,80.80347881475166,0.2239485055500978,wysokie ryzyko,54.61,698,0,22,0,0.0
Dydnia,brzozowski,PODKARPACKIE,1802032,664.8123805342696,585.0349296243508,79.77745090991894,0.1199999477233059,wysokie ryzyko,52.31,756,0,11,0,0.0
Boleszkowice,myśliborski,ZACHODNIOPOMORSKIE,3210022,91.14393680412226,11.62432232711942,79.51961447700285,0.8724619241310446,wysokie ryzyko,67.06,283,0,4,0,0.0
Koszyce,proszowicki,MAŁOPOLSKIE,1214023,640.8190005988736,561.3569724392797,79.46202815959393,0.1240007366905993,wysokie ryzyko,52.71,746,0,10,0,0.0
Nasielsk,nowodworski,MAZOWIECKIE,1414043,111.59628121897958,32.23749390327705,79.35878731570256,0.7111239411282974,wysokie ryzyko,63.89,382,0,5,0,0.0
Kwidzyn,kwidzyński,POMORSKIE,2207011,321.2337074704644,241.9298192862131,79.30388818425124,0.2468728727403016,wysokie ryzyko,56.25,648,0,2,0,0.0
Haczów,brzozowski,PODKARPACKIE,1802042,349.87092582471865,270.6598925517021,79.2110332730165,0.2264007307446298,wysokie ryzyko,54.65,697,0,14,0,0.0
Strzelin,strzeliński,DOLNOŚLĄSKIE,0217043,225.54755181680804,146.37213882329195,79.17541299351612,0.3510364548661702,wysokie ryzyko,57.53,603,0,6,0,0.0
Otyń,nowosolski,LUBUSKIE,0804073,211.05365636066568,132.05864512916577,78.99501123149989,0.3742887595205021,wysokie ryzyko,59.76,516,0,4,0,0.0
Grodzisk Mazowiecki,grodziski,MAZOWIECKIE,1405043,86.88081952050665,8.165401509413986,78.71541801109267,0.9060160625270496,niskie ryzyko,62.78,415,0,3,0,0.0
Bolesławiec,bolesławiecki,DOLNOŚLĄSKIE,0201011,190.88234321269476,112.19084589672217,78.69149731597263,0.4122513166568211,wysokie ryzyko,57.67,596,0,5,0,0.0
Jastarnia,pucki,POMORSKIE,2211023,2693.4224506020323,2614.8211543556836,78.60129624634905,0.0291826839970017,wysokie ryzyko,50.94,796,0,4,0,0.0
Wyśmierzyce,białobrzeski,MAZOWIECKIE,1401063,288.75614331696744,210.190154557988,78.56598875897939,0.2720842156169732,wysokie ryzyko,55.3,673,0,5,0,0.0
Wronki,szamotulski,WIELKOPOLSKIE,3024083,173.91860059099858,95.80058667350454,78.11801391749403,0.4491642277021468,wysokie ryzyko,59.02,548,0,5,0,0.0
Czyżew,wysokomazowiecki,PODLASKIE,2013033,121.02605622291028,42.96793238129841,78.05812384161187,0.6449695733110689,wysokie ryzyko,62.48,424,0,13,0,0.0
Łapanów,bocheński,MAŁOPOLSKIE,1201052,504.90633010300394,426.9258182729208,77.98051183008313,0.1544455024245282,wysokie ryzyko,53.04,740,0,12,0,0.0
Pelplin,tczewski,POMORSKIE,2214043,704.998695884233,627.6957850490926,77.30291083514028,0.1096497217462003,wysokie ryzyko,52.07,763,0,8,0,0.0
Warlubie,świecki,KUJAWSKO-POMORSKIE,0414112,237.64469153001252,160.5977442304731,77.04694729953943,0.324210681094928,wysokie ryzyko,56.4,642,0,9,0,0.0
Bobowa,gorlicki,MAŁOPOLSKIE,1205033,380.4601780799803,303.7531389326142,76.70703914736606,0.2016164728053108,wysokie ryzyko,54.23,709,0,11,0,0.0
Świnna,żywiecki,ŚLĄSKIE,2417132,499.0233264415272,422.8339533018599,76.1893731396673,0.1526769774129882,wysokie ryzyko,53.6,729,0,9,0,0.0
Wleń,lwówecki,DOLNOŚLĄSKIE,0212053,1475.9798112191943,1400.1621201264163,75.81769109277789,0.0513677019946165,wysokie ryzyko,52.39,754,0,4,0,0.0
Joniec,płoński,MAZOWIECKIE,1420062,174.4003724688999,99.16136118498623,75.23901128391364,0.4314154277241048,wysokie ryzyko,57.86,591,0,13,0,0.0
Dębica,dębicki,PODKARPACKIE,1803042,284.93483767936516,210.19725083744933,74.7375868419158,0.262297118353837,wysokie ryzyko,55.23,674,0,8,0,0.0
Korytnica,węgrowski,MAZOWIECKIE,1433032,73.95957254921078,0.0,73.95957254921078,1.0,wysokie ryzyko,69.0,231,0,4,0,0.0
Gidle,radomszczański,ŁÓDZKIE,1012032,616.4620554034877,542.9731193589008,73.48893604458699,0.1192108020281749,wysokie ryzyko,51.88,767,0,12,0,0.0
Nowa Sól,nowosolski,LUBUSKIE,0804011,468.6812866225616,395.6589037731999,73.02238284936165,0.1558039224812661,wysokie ryzyko,53.99,718,0,7,0,0.0
Stryszawa,suski,MAŁOPOLSKIE,1215072,208.18421392289605,135.49006552775768,72.69414839513837,0.3491818472944431,wysokie ryzyko,56.54,631,0,16,0,0.0
Zaręby Kościelne,ostrowski,MAZOWIECKIE,1416112,102.08417969765227,29.70332815081324,72.38085154683904,0.7090310345953011,wysokie ryzyko,63.51,392,0,13,0,0.0
Września,wrzesiński,WIELKOPOLSKIE,3030053,184.31350840821463,111.9971681413255,72.31634026688917,0.3923550741963203,wysokie ryzyko,57.76,593,0,8,0,0.0
Zawadzkie,strzelecki,OPOLSKIE,1611073,277.7484022880022,205.4823157448612,72.26608654314099,0.2601854266229298,wysokie ryzyko,54.12,712,0,5,0,0.0
Pszczółki,gdański,POMORSKIE,2204062,163.80982694823143,91.87620955604557,71.93361739218588,0.4391288284244324,wysokie ryzyko,59.02,549,0,3,0,0.0
Wąchock,starachowicki,ŚWIĘTOKRZYSKIE,2611053,224.41148377756335,152.90258223082088,71.50890154674249,0.3186508120842073,wysokie ryzyko,55.79,660,0,5,0,0.0
Sztum,sztumski,POMORSKIE,2216053,148.81323513390788,77.98313090622656,70.83010422768135,0.4759664297597299,wysokie ryzyko,59.16,541,0,4,0,0.0
Różan,makowski,MAZOWIECKIE,1411073,183.65156538156631,113.00673781505095,70.64482756651537,0.3846677125770157,wysokie ryzyko,56.44,639,0,7,0,0.0
Dobrcz,bydgoski,KUJAWSKO-POMORSKIE,0403032,69.98642572892004,0.0,69.98642572892004,1.0,wysokie ryzyko,69.46,218,0,10,0,0.0
Jabłonka,nowotarski,MAŁOPOLSKIE,1211052,207.17522519717423,137.25389735609684,69.92132784107741,0.3374985004820504,wysokie ryzyko,57.49,604,0,6,0,0.0
Limanowa,limanowski,MAŁOPOLSKIE,1207072,114.5343971896146,44.92769077509808,69.60670641451654,0.607736261965747,wysokie ryzyko,61.27,471,0,10,0,0.0
Sieradz,sieradzki,ŁÓDZKIE,1014082,558.9127962550144,489.7911400764564,69.1216561785581,0.1236716293520323,wysokie ryzyko,51.85,770,0,10,0,0.0
Katowice,Katowice,ŚLĄSKIE,2469011,1056.9448765934276,990.0356892762252,66.90918731720241,0.0633043300544236,wysokie ryzyko,52.18,760,0,6,0,0.0
Łapsze Niżne,nowotarski,MAŁOPOLSKIE,1211082,1392.1783315202515,1325.889881602547,66.288449917705,0.0476149128433268,wysokie ryzyko,51.79,773,0,4,0,0.0
Szelków,makowski,MAZOWIECKIE,1411102,388.0962709091268,321.8224545211234,66.27381638800338,0.1707664344023585,wysokie ryzyko,52.08,762,0,11,0,0.0
Zagrodno,złotoryjski,DOLNOŚLĄSKIE,0226052,149.69595928440185,83.57698045735552,66.11897882704635,0.4416884673649028,wysokie ryzyko,57.76,594,0,10,0,0.0
Wąsosz,górowski,DOLNOŚLĄSKIE,0204043,486.75954842213355,421.6198182566807,65.13973016545283,0.1338232200613383,wysokie ryzyko,51.19,789,0,13,0,0.0
Kołobrzeg,kołobrzeski,ZACHODNIOPOMORSKIE,3208042,69.69391829763384,5.078675879341088,64.61524241829275,0.9271288513632971,wysokie ryzyko,67.5,258,0,5,0,0.0
Gryfino,gryfiński,ZACHODNIOPOMORSKIE,3206043,141.72007688336572,77.1606869523343,64.55938993103142,0.4555415954520204,wysokie ryzyko,57.94,588,0,9,0,0.0
Lublin,Lublin,LUBELSKIE,0663011,2127.968164682524,2063.5475520534073,64.42061262911679,0.0302732971753493,wysokie ryzyko,49.27,839,0,13,0,0.0
Milejów,łęczyński,LUBELSKIE,0610042,85.59973940416447,21.255525169860164,64.3442142343043,0.7516870341216708,niskie ryzyko,51.03,792,0,7,0,0.0
Młynarze,makowski,MAZOWIECKIE,1411052,244.45524874520535,180.18826679332727,64.26698195187812,0.2628987607415348,wysokie ryzyko,53.99,719,0,6,0,0.0
Wojkowice,będziński,ŚLĄSKIE,2401031,164.9536661481192,101.11230067482025,63.84136547329896,0.3870260477628485,wysokie ryzyko,62.27,429,0,1,0,0.0
Bystra-Sidzina,suski,MAŁOPOLSKIE,1215042,204.47940438821172,140.71277810302325,63.766626285188494,0.3118486503615063,wysokie ryzyko,55.85,657,0,8,0,0.0
Bukowina Tatrzańska,tatrzański,MAŁOPOLSKIE,1217032,221.86324020430655,158.2280478665923,63.63519233771425,0.2868217027711066,wysokie ryzyko,55.46,668,0,7,0,0.0
Piaseczno,piaseczyński,MAZOWIECKIE,1418043,221.1210176161745,157.52896845326816,63.592049162906335,0.2875893474463403,wysokie ryzyko,54.83,693,0,11,0,0.0
Kozy,bielski,ŚLĄSKIE,2402072,109.57613437368823,46.57031800409205,63.0058163695962,0.5749957938352436,wysokie ryzyko,61.15,475,0,9,0,0.0
Ulanów,niżański,PODKARPACKIE,1812073,789.1586575096007,726.6968177805088,62.46183972909186,0.0791499138160718,wysokie ryzyko,51.05,791,0,7,0,0.0
Gogolin,krapkowicki,OPOLSKIE,1605013,176.99747408775758,115.49637511486485,61.50109897289275,0.3474687946247172,wysokie ryzyko,55.23,675,0,3,0,0.0
Trzebiel,żarski,LUBUSKIE,0811082,91.99424714286172,30.73496666613684,61.25928047672488,0.6659033839539202,wysokie ryzyko,61.27,472,0,4,0,0.0
Rydzyna,leszczyński,WIELKOPOLSKIE,3013043,234.28899537057788,173.25853509251544,61.03046027806246,0.2604922189432321,wysokie ryzyko,56.77,623,0,5,0,0.0
Zabór,zielonogórski,LUBUSKIE,0809092,87.19856039866289,26.428953338330707,60.769607060332206,0.6969106689663199,wysokie ryzyko,61.86,450,0,5,0,0.0
Darłowo,sławieński,ZACHODNIOPOMORSKIE,3213011,1486.9228708677847,1426.1790790454634,60.74379182232126,0.0408520125774045,wysokie ryzyko,49.65,828,0,7,0,0.0
Lwówek Śląski,lwówecki,DOLNOŚLĄSKIE,0212033,341.08956162369157,280.41928881464054,60.67027280905104,0.1778719715732191,wysokie ryzyko,52.25,758,0,10,0,0.0
Jedlińsk,radomski,MAZOWIECKIE,1425052,78.5674508741203,18.092128703306233,60.47532217081407,0.769724886043545,wysokie ryzyko,63.97,380,0,8,0,0.0
Liw,węgrowski,MAZOWIECKIE,1433042,98.87577351414252,39.226679116935095,59.64909439720742,0.6032730999436947,wysokie ryzyko,60.56,493,0,10,0,0.0
Kamień Pomorski,kamieński,ZACHODNIOPOMORSKIE,3207033,80.91523511808434,21.52131237332935,59.39392274475499,0.7340264495070423,wysokie ryzyko,62.55,423,0,13,0,0.0
Łuków,łukowski,LUBELSKIE,0611011,282.19782912687435,223.1302822992325,59.067546827641834,0.2093125486131413,wysokie ryzyko,54.12,713,0,3,0,0.0
Babice,chrzanowski,MAŁOPOLSKIE,1203022,459.96407336378235,401.55770031112627,58.40637305265605,0.1269802935379756,wysokie ryzyko,51.79,774,0,2,0,0.0
Bobrowice,krośnieński,LUBUSKIE,0802022,121.76710406316096,63.780681447003616,57.98642261615736,0.4762076183242367,wysokie ryzyko,60.62,490,0,3,0,0.0
Niemcza,dzierżoniowski,DOLNOŚLĄSKIE,0202073,59.26139894870842,1.4723158136940224,57.789083135014394,0.975155567708276,niskie ryzyko,57.08,617,0,3,0,0.0
Krosno,Krosno,PODKARPACKIE,1861011,2579.309909134446,2521.953923372708,57.35598576173784,0.0222369501077073,wysokie ryzyko,50.46,808,0,4,0,0.0
Czudec,strzyżowski,PODKARPACKIE,1819012,476.61464974459955,419.55652293302074,57.05812681157885,0.1197154280552522,wysokie ryzyko,50.93,797,0,9,0,0.0
Płońsk,płoński,MAZOWIECKIE,1420092,56.70576115324635,0.0,56.70576115324635,1.0,wysokie ryzyko,68.5,240,0,9,0,0.0
Grabów nad Pilicą,kozienicki,MAZOWIECKIE,1407042,202.097680460144,145.50534791694213,56.592332543201834,0.2800246515167823,wysokie ryzyko,53.44,731,0,5,0,0.0
Nowa Brzeźnica,pajęczański,ŁÓDZKIE,1009032,109.4934190594224,53.076939894190104,56.4164791652323,0.5152499542882565,wysokie ryzyko,57.83,592,0,10,0,0.0
Piątnica,łomżyński,PODLASKIE,2007052,303.1053510636709,246.91964181421528,56.18570924945563,0.1853669328247957,wysokie ryzyko,51.96,766,0,5,0,0.0
Łódź,Łódź,ŁÓDZKIE,1061011,202.44445992197163,146.52062679528703,55.92383312668457,0.2762428428431153,wysokie ryzyko,54.47,704,0,8,0,0.0
Sulików,zgorzelecki,DOLNOŚLĄSKIE,0225052,156.86792611922274,101.4253364078556,55.442589711367134,0.3534348358072233,wysokie ryzyko,55.73,662,0,7,0,0.0
Opoczno,opoczyński,ŁÓDZKIE,1007043,232.36112737088257,177.09785267786958,55.26327469301299,0.237833562430624,wysokie ryzyko,53.15,736,0,5,0,0.0
Kargowa,zielonogórski,LUBUSKIE,0809043,55.36921980116506,0.5577271209916044,54.81149268017346,0.9899271269670326,wysokie ryzyko,68.29,245,0,4,0,0.0
Mińsk Mazowiecki,miński,MAZOWIECKIE,1412112,79.83128588957844,25.162330064927783,54.66895582465065,0.6848061535707695,niskie ryzyko,49.1,846,0,11,0,0.0
Lubliniec,lubliniecki,ŚLĄSKIE,2407011,54.514425818746695,0.0,54.514425818746695,1.0,wysokie ryzyko,67.44,262,0,1,0,0.0
Rabka-Zdrój,nowotarski,MAŁOPOLSKIE,1211123,227.6507712592736,173.15130045370677,54.499470805566794,0.2393994560356522,wysokie ryzyko,52.98,742,0,11,0,0.0
Rudna,lubiński,DOLNOŚLĄSKIE,0211032,150.50418016833666,96.2041944356638,54.29998573267286,0.360787226454037,wysokie ryzyko,55.08,685,0,6,0,0.0
Pawłów,starachowicki,ŚWIĘTOKRZYSKIE,2611042,58.341846926821006,4.09108330529818,54.25076362152282,0.9298773775463488,niskie ryzyko,54.01,717,0,7,0,0.0
Ćmielów,ostrowiecki,ŚWIĘTOKRZYSKIE,2607043,874.7321082109011,820.5406557523058,54.19145245859527,0.0619520558922132,wysokie ryzyko,49.39,833,0,12,0,0.0
Rogoźno,obornicki,WIELKOPOLSKIE,3016023,217.97765607268343,164.01156414980855,53.96609192287488,0.2475762557281567,niskie ryzyko,40.76,1106,0,6,0,0.0
Góra Świętej Małgorzaty,łęczycki,ŁÓDZKIE,1004032,56.11894547421968,2.507314936554872,53.61163053766481,0.9553214174755528,wysokie ryzyko,67.76,255,0,5,0,0.0
Pruszcz,świecki,KUJAWSKO-POMORSKIE,0414083,76.09890038725243,22.714285714285715,53.384614672966705,0.7015162426960553,wysokie ryzyko,61.96,445,0,6,0,0.0
Kuźnia Raciborska,raciborski,ŚLĄSKIE,2411053,1599.463385491893,1546.9319685320563,52.53141695983642,0.0328431506693609,wysokie ryzyko,49.17,844,0,6,0,0.0
Pilzno,dębicki,PODKARPACKIE,1803063,262.0387051015573,209.51215297707583,52.52655212448144,0.2004534105147708,wysokie ryzyko,52.52,750,0,6,0,0.0
Goniądz,moniecki,PODLASKIE,2008013,136.03346431608756,83.58805709819006,52.445407217897504,0.3855331295249181,wysokie ryzyko,55.39,671,0,8,0,0.0
Horodło,hrubieszowski,LUBELSKIE,0604032,93.5556041725127,41.23354419331825,52.32205997919445,0.5592616331429459,wysokie ryzyko,58.3,573,0,5,0,0.0
Łukowa,biłgorajski,LUBELSKIE,0602092,114.03885496446377,61.8152629808236,52.22359198364016,0.4579456010840675,wysokie ryzyko,56.36,645,0,6,0,0.0
Poniec,gostyński,WIELKOPOLSKIE,3004073,69.69782919242638,17.664926459767734,52.03290273265865,0.7465498328362963,wysokie ryzyko,69.77,211,0,2,0,0.0
Wizna,łomżyński,PODLASKIE,2007082,88.96764844992326,37.3680074340995,51.59964101582377,0.5799820711780124,wysokie ryzyko,59.32,534,0,10,0,0.0
Krzyż Wielkopolski,czarnkowsko-trzcianecki,WIELKOPOLSKIE,3002043,72.9091047488661,21.972778052778743,50.93632669608736,0.6986277896503664,niskie ryzyko,48.61,860,0,10,0,0.0
Tomaszów Mazowiecki,tomaszowski,ŁÓDZKIE,1016092,516.2626000127816,466.0244548071936,50.23814520558798,0.0973112234051899,wysokie ryzyko,50.04,822,0,7,0,0.0
Janów Lubelski,janowski,LUBELSKIE,0605053,226.5651547374544,176.52247589584871,50.04267884160568,0.2208754426495793,wysokie ryzyko,52.07,764,0,4,0,0.0
Brześć Kujawski,włocławski,KUJAWSKO-POMORSKIE,0418043,117.20099877909334,67.4558934328894,49.74510534620394,0.4244426742468821,wysokie ryzyko,58.26,576,0,3,0,0.0
Ząbkowice Śląskie,ząbkowicki,DOLNOŚLĄSKIE,0224053,50.14477326674025,0.9799183052464228,49.16485496149383,0.9804582164519152,niskie ryzyko,55.17,678,0,5,0,0.0
Łęknica,żarski,LUBUSKIE,0811011,49.07248317122034,0.0,49.07248317122034,1.0,wysokie ryzyko,67.09,281,0,3,0,0.0
Sękowa,gorlicki,MAŁOPOLSKIE,1205092,87.92419656399261,39.15325375766862,48.77094280632397,0.5546930732637143,wysokie ryzyko,59.1,544,0,7,0,0.0
Poświętne,opoczyński,ŁÓDZKIE,1007062,64.5029377457889,16.338224108261066,48.16471363752784,0.746705736525501,wysokie ryzyko,61.62,461,0,5,0,0.0
Kowal,włocławski,KUJAWSKO-POMORSKIE,0418092,47.879190639670746,0.0,47.879190639670746,1.0,niskie ryzyko,54.98,688,0,8,0,0.0
Widawa,łaski,ŁÓDZKIE,1003042,199.7849239530172,152.0042626388637,47.78066131415349,0.2391604950401058,wysokie ryzyko,52.19,759,0,9,0,0.0
Orneta,lidzbarski,WARMIŃSKO-MAZURSKIE,2809053,155.19532039566542,107.4581013333704,47.737219062295,0.3075944489859005,wysokie ryzyko,54.76,694,0,3,0,0.0
Koniecpol,częstochowski,ŚLĄSKIE,2404063,97.92921633633624,50.36512990269058,47.564086433645656,0.4856986322681028,wysokie ryzyko,56.49,635,0,12,0,0.0
Łabowa,nowosądecki,MAŁOPOLSKIE,1210082,127.52443510499587,80.35452607309684,47.169909031899046,0.3698891823599313,wysokie ryzyko,54.91,691,0,9,0,0.0
Fabianki,włocławski,KUJAWSKO-POMORSKIE,0418072,46.95045409303616,0.0,46.95045409303616,1.0,wysokie ryzyko,67.25,271,0,4,0,0.0
Rawicz,rawicki,WIELKOPOLSKIE,3022053,137.80851666613026,90.92052765084269,46.88798901528758,0.3402401400842552,wysokie ryzyko,54.55,700,0,4,0,0.0
Mstów,częstochowski,ŚLĄSKIE,2404102,240.82234092383496,193.9532296185322,46.86911130530275,0.194621110007921,wysokie ryzyko,50.46,809,0,6,0,0.0
Siemiatycze,siemiatycki,PODLASKIE,2010092,131.08701581419726,84.32386072342634,46.763155090770915,0.356733691741469,wysokie ryzyko,53.65,726,0,3,0,0.0
Łukowica,limanowski,MAŁOPOLSKIE,1207082,96.58795092678444,50.31144067503431,46.27651025175011,0.4791126616489526,niskie ryzyko,45.46,962,0,6,0,0.0
Stare Bogaczowice,wałbrzyski,DOLNOŚLĄSKIE,0221072,66.16749331435416,20.042413882580753,46.1250794317734,0.6970957659320484,wysokie ryzyko,61.86,451,0,5,0,0.0
Puławy,puławski,LUBELSKIE,0614011,1846.8021322000552,1801.2495765612227,45.55255563883277,0.0246656395098304,wysokie ryzyko,49.53,829,0,2,0,0.0
Garwolin,garwoliński,MAZOWIECKIE,1403011,1184.681237405891,1139.2966635049015,45.38457390098904,0.038309523665934,wysokie ryzyko,51.59,779,0,2,0,0.0
Myszków,myszkowski,ŚLĄSKIE,2409011,178.51465250564945,133.39564015103906,45.11901235461038,0.2527468290211219,wysokie ryzyko,52.16,761,0,7,0,0.0
Poznań,Poznań,WIELKOPOLSKIE,3064011,1013.1317919627414,968.0474415020104,45.084350460730995,0.0444999859035012,wysokie ryzyko,49.07,848,0,5,0,0.0
Chełm Śląski,bieruńsko-lędziński,ŚLĄSKIE,2414052,508.8679265081613,464.655721818362,44.21220468979924,0.0868834571539657,wysokie ryzyko,48.83,852,0,8,0,0.0
Rajgród,grajewski,PODLASKIE,2004043,71.78557223385916,27.63562462259164,44.1499476112675,0.6150253628603557,wysokie ryzyko,58.97,551,0,6,0,0.0
Wolin,kamieński,ZACHODNIOPOMORSKIE,3207063,88.2018472637119,44.12527433554964,44.07657292816226,0.4997239207063216,wysokie ryzyko,56.45,638,0,12,0,0.0
Gorlice,gorlicki,MAŁOPOLSKIE,1205042,571.813194563906,527.7428461152151,44.07034844869095,0.077071233870882,wysokie ryzyko,49.32,837,0,3,0,0.0
Leszno,warszawski zachodni,MAZOWIECKIE,1432042,43.92635414042363,0.0,43.92635414042363,1.0,wysokie ryzyko,67.21,275,0,2,0,0.0
Chybie,cieszyński,ŚLĄSKIE,2403052,87.94986980019985,44.43208738216415,43.51778241803571,0.4948021244021992,wysokie ryzyko,56.77,624,0,4,0,0.0
Jasienica Rosielna,brzozowski,PODKARPACKIE,1802052,188.58290659122576,145.17996111943955,43.40294547178618,0.2301531260511688,wysokie ryzyko,52.51,751,0,4,0,0.0
Ostrówek,lubartowski,LUBELSKIE,0608112,113.4480499560087,70.20633618804911,43.24171376795962,0.3811587222938365,wysokie ryzyko,55.09,684,0,3,0,0.0
Choroszcz,białostocki,PODLASKIE,2002013,80.03286201036526,36.83117500912044,43.20168700124482,0.5397993513670629,wysokie ryzyko,59.41,530,0,3,0,0.0
Bieżuń,żuromiński,MAZOWIECKIE,1437013,121.20083521291616,78.02738506491892,43.17345014799723,0.3562141306382377,wysokie ryzyko,54.32,707,0,6,0,0.0
Czernikowo,toruński,KUJAWSKO-POMORSKIE,0415032,44.06976724353581,1.0,43.06976724353581,0.9773087070218942,wysokie ryzyko,67.4,264,0,2,0,0.0
Kołaczkowo,wrzesiński,WIELKOPOLSKIE,3030012,75.50084337553001,32.457733125253036,43.04311025027698,0.5701010521986745,wysokie ryzyko,58.84,555,0,4,0,0.0
Werbkowice,hrubieszowski,LUBELSKIE,0604082,102.42164640710531,59.57360461433778,42.84804179276752,0.4183494729469122,wysokie ryzyko,55.02,686,0,10,0,0.0
Puck,pucki,POMORSKIE,2211072,54.83891582848212,12.482862299813997,42.35605352866813,0.7723721902370164,niskie ryzyko,50.68,802,0,3,0,0.0
Wejherowo,wejherowski,POMORSKIE,2215031,283.5502714086609,241.46402446716183,42.086246941499,0.1484260506343973,wysokie ryzyko,50.0,823,0,7,0,0.0
Wilczyce,sandomierski,ŚWIĘTOKRZYSKIE,2609082,65.83373480605849,24.530712847748845,41.30302195830965,0.6273838493286978,wysokie ryzyko,59.87,514,0,1,0,0.0
Pakość,inowrocławski,KUJAWSKO-POMORSKIE,0407073,1602.0908883180325,1561.1901818674853,40.90070645054729,0.0255295793445821,wysokie ryzyko,46.34,943,0,6,0,0.0
Józefów,otwocki,MAZOWIECKIE,1417011,361.2677118935671,320.7224015073149,40.54531038625218,0.1122306507097905,wysokie ryzyko,48.68,859,0,8,0,0.0
Korczew,siedlecki,MAZOWIECKIE,1426022,170.69036181281052,130.3354801970973,40.35488161571323,0.2364215599939313,wysokie ryzyko,50.64,804,0,5,0,0.0
Rudnik,raciborski,ŚLĄSKIE,2411082,367.83900610999933,328.1052782804952,39.73372782950415,0.1080193431623782,wysokie ryzyko,49.43,832,0,4,0,0.0
Lubaczów,lubaczowski,PODKARPACKIE,1809042,62.16132271500699,22.45728809019404,39.70403462481295,0.6387257041946374,niskie ryzyko,47.54,889,0,7,0,0.0
Baligród,leski,PODKARPACKIE,1821012,89.62830281111205,49.92817540982605,39.70012740128599,0.4429418627389651,wysokie ryzyko,55.61,664,0,6,0,0.0
Dynów,rzeszowski,PODKARPACKIE,1816011,1076.271150350649,1036.762655317713,39.50849503293559,0.036708681655235,wysokie ryzyko,47.35,899,0,7,0,0.0
Widuchowa,gryfiński,ZACHODNIOPOMORSKIE,3206092,79.59474745968402,40.38275778713337,39.21198967255064,0.492645443625688,wysokie ryzyko,56.66,629,0,4,0,0.0
Bobrowniki,lipnowski,KUJAWSKO-POMORSKIE,0408023,395.1987848394268,356.3269362972807,38.87184854214608,0.0983602430810613,wysokie ryzyko,48.0,876,0,7,0,0.0
Kraśnik,kraśnicki,LUBELSKIE,0607052,86.67108829999319,48.12790808881509,38.54318021117812,0.4447063140336862,wysokie ryzyko,56.61,630,0,2,0,0.0
Mielnik,siemiatycki,PODLASKIE,2010052,90.2470795690586,51.70692366843576,38.540155900622864,0.4270515576200034,wysokie ryzyko,54.52,702,0,7,0,0.0
Sułów,zamojski,LUBELSKIE,0620122,44.82251000191812,6.358322493895697,38.46418750802242,0.858144434713192,wysokie ryzyko,63.71,388,0,2,0,0.0
Łęczyca,łęczycki,ŁÓDZKIE,1004052,38.29584408326191,0.0,38.29584408326191,1.0,wysokie ryzyko,66.33,310,0,2,0,0.0
Ciechanowiec,wysokomazowiecki,PODLASKIE,2013023,171.02742416553673,132.8221018289072,38.20532233662954,0.2233871118800852,wysokie ryzyko,50.4,812,0,7,0,0.0
Tokarnia,myślenicki,MAŁOPOLSKIE,1209082,282.1479439584339,243.98416277175016,38.16378118668375,0.1352615959246757,wysokie ryzyko,50.34,814,0,4,0,0.0
Nowa Ruda,kłodzki,DOLNOŚLĄSKIE,0208041,1088.4301791445646,1050.3262960113914,38.10388313317297,0.0350081097191922,wysokie ryzyko,49.85,824,0,2,0,0.0
Kowary,karkonoski,DOLNOŚLĄSKIE,0206021,67.77853412122283,29.675155696039937,38.10337842518289,0.5621747197576519,wysokie ryzyko,62.3,428,0,2,0,0.0
Budzów,suski,MAŁOPOLSKIE,1215032,74.31523029397925,36.429153215464794,37.88607707851447,0.509802323543144,wysokie ryzyko,56.54,632,0,6,0,0.0
Żyrzyn,puławski,LUBELSKIE,0614112,264.6710831995371,226.951233286944,37.719849912593105,0.1425159464215283,wysokie ryzyko,49.75,826,0,4,0,0.0
Ustka,słupski,POMORSKIE,2212011,699.198212403905,661.6008918070403,37.59732059686468,0.0537720490840526,wysokie ryzyko,57.62,599,0,1,0,0.0
Kamionka Wielka,nowosądecki,MAŁOPOLSKIE,1210052,75.67211616107988,38.08855396683956,37.58356219424032,0.4966632902697984,niskie ryzyko,48.34,867,0,2,0,0.0
Bielawy,łowicki,ŁÓDZKIE,1005022,134.3949610287351,96.90465611589003,37.49030491284507,0.2789561797992503,wysokie ryzyko,52.44,752,0,4,0,0.0
Krynica-Zdrój,nowosądecki,MAŁOPOLSKIE,1210073,317.4916773164786,280.0113598117385,37.48031750474013,0.1180513386099863,wysokie ryzyko,50.42,811,0,3,0,0.0
Sępopol,bartoszycki,WARMIŃSKO-MAZURSKIE,2801063,153.86640376205906,116.75047740941837,37.115926352640685,0.2412217706084638,wysokie ryzyko,50.68,803,0,4,0,0.0
Ozorków,zgierski,ŁÓDZKIE,1020021,214.7769741260625,177.8440623429521,36.932911783110384,0.1719593635835132,wysokie ryzyko,51.38,783,0,3,0,0.0
Liszki,krakowski,MAŁOPOLSKIE,1206072,1717.3261193742378,1680.4069473596892,36.91917201454824,0.0214980553769256,wysokie ryzyko,47.18,909,0,2,0,0.0
Mieszkowice,gryfiński,ZACHODNIOPOMORSKIE,3206053,41.72055411076471,5.161450268302274,36.559103842462434,0.8762851937536822,wysokie ryzyko,63.74,386,0,5,0,0.0
Zarszyn,sanocki,PODKARPACKIE,1817082,1363.1093060076532,1326.5701365066109,36.53916950104243,0.0268057516297502,wysokie ryzyko,46.56,936,0,5,0,0.0
Burzenin,sieradzki,ŁÓDZKIE,1014052,418.9286782598154,382.4898757142952,36.43880254552028,0.0869809216616134,wysokie ryzyko,47.68,885,0,5,0,0.0
Brudzeń Duży,płocki,MAZOWIECKIE,1419032,51.86689966062521,15.865505578982546,36.00139408164266,0.6941111637133989,wysokie ryzyko,59.43,529,0,5,0,0.0
Subkowy,tczewski,POMORSKIE,2214052,36.0,0.0,36.0,1.0,niskie ryzyko,53.36,734,0,5,0,0.0
Świecie nad Osą,grudziądzki,KUJAWSKO-POMORSKIE,0406062,35.637791541868836,0.0,35.637791541868836,1.0,niskie ryzyko,55.15,680,0,1,0,0.0
Głuszyca,wałbrzyski,DOLNOŚLĄSKIE,0221053,55.806018385920055,20.741454975587487,35.06456341033257,0.6283294243973409,wysokie ryzyko,59.56,523,0,4,0,0.0
Wysokie Mazowieckie,wysokomazowiecki,PODLASKIE,2013102,55.44229344686056,20.695256161432074,34.74703728542849,0.6267243853960023,wysokie ryzyko,58.87,553,0,4,0,0.0
Moryń,gryfiński,ZACHODNIOPOMORSKIE,3206063,47.09000640754723,12.617299526588312,34.47270688095891,0.7320599318379767,wysokie ryzyko,59.48,527,0,5,0,0.0
Nowe Miasto,płoński,MAZOWIECKIE,1420083,114.04982178208068,79.7201192960285,34.32970248605216,0.3010061914138474,wysokie ryzyko,51.08,790,0,7,0,0.0
Chojna,gryfiński,ZACHODNIOPOMORSKIE,3206033,77.2602274638083,43.126995955654166,34.133231508154125,0.4417956383074779,wysokie ryzyko,54.12,714,0,7,0,0.0
Wiązów,strzeliński,DOLNOŚLĄSKIE,0217053,364.0341493466585,330.0776533803608,33.956495966297666,0.0932783257483955,wysokie ryzyko,46.9,920,0,5,0,0.0
Ręczno,piotrkowski,ŁÓDZKIE,1010072,34.449720665505666,0.5315344223496264,33.918186243156036,0.984570718946878,wysokie ryzyko,64.48,362,0,5,0,0.0
Mokobody,siedlecki,MAZOWIECKIE,1426042,46.881180481862685,12.99807670749078,33.883103774371904,0.7227442531546436,wysokie ryzyko,59.6,519,0,7,0,0.0
Baborów,głubczycki,OPOLSKIE,1602013,154.00446007309688,120.39103160757736,33.61342846551955,0.21826269479186,wysokie ryzyko,50.47,807,0,3,0,0.0
Kościelisko,tatrzański,MAŁOPOLSKIE,1217042,33.58097319365817,0.0,33.58097319365817,1.0,wysokie ryzyko,65.25,343,0,6,0,0.0
Ślemień,żywiecki,ŚLĄSKIE,2417122,88.91669495703383,55.54253779134313,33.3741571656907,0.3753418543257563,wysokie ryzyko,53.8,722,0,5,0,0.0
Gręboszów,dąbrowski,MAŁOPOLSKIE,1204032,3271.650056472982,3238.2856276670536,33.36442880592864,0.0101980432595218,wysokie ryzyko,45.35,967,0,7,0,0.0
Jaworzno,Jaworzno,ŚLĄSKIE,2468011,954.463719195193,921.5629005356632,32.900818659529804,0.0344704759309991,wysokie ryzyko,50.17,818,0,1,0,0.0
Zawoja,suski,MAŁOPOLSKIE,1215082,187.72438343555257,154.99648895059607,32.72789448495649,0.1743401357138683,wysokie ryzyko,49.1,847,0,7,0,0.0
Biłgoraj,biłgorajski,LUBELSKIE,0602011,841.2458163509846,808.6098195225813,32.63599682840318,0.0387948399790755,wysokie ryzyko,46.91,919,0,2,0,0.0
Drawsko,czarnkowsko-trzcianecki,WIELKOPOLSKIE,3002032,63.50371298937057,31.05181383422456,32.45189915514601,0.5110236492876865,wysokie ryzyko,55.44,670,0,5,0,0.0
Wschowa,wschowski,LUBUSKIE,0812033,32.424513896984294,0.0,32.424513896984294,1.0,wysokie ryzyko,64.57,359,0,6,0,0.0
Lyski,rybnicki,ŚLĄSKIE,2412042,32.37850792950083,0.0,32.37850792950083,1.0,wysokie ryzyko,65.21,345,0,3,0,0.0
Małomice,żagański,LUBUSKIE,0810053,432.6699857896109,400.3205883708172,32.34939741879376,0.0747669089173287,wysokie ryzyko,47.34,901,0,5,0,0.0
Tułowice,opolski,OPOLSKIE,1609123,35.30310693157507,3.4586541596159357,31.84445277195914,0.9020297514799608,wysokie ryzyko,64.01,378,0,4,0,0.0
Jedlicze,krośnieński,PODKARPACKIE,1807043,360.8224118293093,329.09757736451286,31.724834464796423,0.087923680527373,wysokie ryzyko,48.49,862,0,3,0,0.0
Ustka,słupski,POMORSKIE,2212102,34.907025816616695,3.1888380375262875,31.718187779090407,0.9086476729848376,wysokie ryzyko,62.69,418,0,5,0,0.0
Gryfów Śląski,lwówecki,DOLNOŚLĄSKIE,0212013,496.23775636142653,464.6636860964308,31.57407026499575,0.0636269003320241,wysokie ryzyko,46.55,937,0,4,0,0.0
Rumia,wejherowski,POMORSKIE,2215021,66.72015434863457,35.15784415349474,31.562310195139823,0.4730551136050504,wysokie ryzyko,56.15,651,0,2,0,0.0
Szczebrzeszyn,zamojski,LUBELSKIE,0620133,80.13063603884808,48.63160564234994,31.499030396498146,0.3930959736950936,wysokie ryzyko,52.9,743,0,6,0,0.0
Lubowidz,żuromiński,MAZOWIECKIE,1437033,73.06094538641602,41.65867724614779,31.40226814026823,0.4298092226179535,niskie ryzyko,41.18,1092,0,5,0,0.0
Nowe Miasto nad Pilicą,grójecki,MAZOWIECKIE,1406083,220.00276255473096,188.66000630176072,31.342756252970275,0.1424652849310154,wysokie ryzyko,47.49,892,0,7,0,0.0
Zaniemyśl,średzki,WIELKOPOLSKIE,3025053,148.37905903429555,117.17627960740192,31.20277942689364,0.2102909913971188,wysokie ryzyko,49.32,838,0,6,0,0.0
Sierpc,sierpecki,MAZOWIECKIE,1427052,42.04906319788967,11.01464513425537,31.034418063634305,0.7380525439432819,niskie ryzyko,46.77,927,0,6,0,0.0
Ułęż,rycki,LUBELSKIE,0616062,176.38774258567437,145.38362615691625,31.004116428758056,0.1757725110275101,wysokie ryzyko,48.78,855,0,6,0,0.0
Dzierzkowice,kraśnicki,LUBELSKIE,0607032,118.02884080502648,87.08029356211732,30.948547242909164,0.2622117359775947,wysokie ryzyko,50.5,806,0,7,0,0.0
Łapy,białostocki,PODLASKIE,2002063,372.8750014305325,341.99097818137966,30.884023249152808,0.0828267465790585,wysokie ryzyko,48.18,872,0,2,0,0.0
Ceranów,sokołowski,MAZOWIECKIE,1429032,340.7438688664242,309.99004802059636,30.753820845827825,0.0902549499955455,wysokie ryzyko,46.83,922,0,5,0,0.0
Biały Dunajec,tatrzański,MAŁOPOLSKIE,1217022,187.57812264835388,156.92223830943726,30.655884338916607,0.1634299560422945,wysokie ryzyko,48.75,856,0,5,0,0.0
Czarnków,czarnkowsko-trzcianecki,WIELKOPOLSKIE,3002022,40.14580991549981,9.5,30.645809915499804,0.7633626019752521,niskie ryzyko,47.7,882,0,6,0,0.0
Sieraków,międzychodzki,WIELKOPOLSKIE,3014043,168.68873837945188,138.09950505238976,30.58923332706209,0.1813353613342821,wysokie ryzyko,48.4,864,0,7,0,0.0
Kalinowo,ełcki,WARMIŃSKO-MAZURSKIE,2805032,30.402493258930523,0.0,30.402493258930523,1.0,niskie ryzyko,51.86,769,0,8,0,0.0
Czeladź,będziński,ŚLĄSKIE,2401021,139.7128287124558,109.5471980324866,30.16563067996922,0.2159116736663701,wysokie ryzyko,51.42,781,0,2,0,0.0
Stare Pole,malborski,POMORSKIE,2209082,227.83823486722468,197.6878514387003,30.15038342852437,0.1323324131531077,wysokie ryzyko,47.48,894,0,6,0,0.0
Piława Górna,dzierżoniowski,DOLNOŚLĄSKIE,0202041,258.6187224210816,228.59325241644063,30.025470004640976,0.1160993671438592,wysokie ryzyko,49.38,834,0,2,0,0.0
Sulejów,piotrkowski,ŁÓDZKIE,1010093,684.4342113352169,654.476005121709,29.95820621350795,0.0437707608961634,wysokie ryzyko,46.72,931,0,4,0,0.0
Dębowiec,cieszyński,ŚLĄSKIE,2403062,36.12418115337127,6.168614327046305,29.95556682632496,0.8292386393242681,wysokie ryzyko,62.88,410,0,4,0,0.0
Krapkowice,krapkowicki,OPOLSKIE,1605023,578.6400640721411,548.8337203674163,29.80634370472483,0.0515110265524386,wysokie ryzyko,46.54,939,0,3,0,0.0
Godów,wodzisławski,ŚLĄSKIE,2415052,365.62302213914234,335.86799049908404,29.7550316400583,0.0813817233553051,wysokie ryzyko,46.75,929,0,4,0,0.0
Kołbiel,otwocki,MAZOWIECKIE,1417052,210.88618215978164,181.29723173032616,29.588950429455465,0.1403076774704796,wysokie ryzyko,46.94,916,0,9,0,0.0
Opatowiec,kazimierski,ŚWIĘTOKRZYSKIE,2603043,98.53121228154129,68.94277609784932,29.588436183691968,0.30029505877941,wysokie ryzyko,50.54,805,0,9,0,0.0
Przeworsk,przeworski,PODKARPACKIE,1814011,1759.495759555239,1729.9472092883946,29.548550266844305,0.01679376043186,wysokie ryzyko,47.26,903,0,1,0,0.0
Rokitno,bialski,LUBELSKIE,0601122,102.68772799854324,73.24973220642033,29.437995792122926,0.286674915940691,wysokie ryzyko,50.07,820,0,6,0,0.0
Brańsk,bielski,PODLASKIE,2003052,30.28183607309708,0.9884981835850144,29.293337889512063,0.9673567289249276,niskie ryzyko,51.03,793,0,5,0,0.0
Baboszewo,płoński,MAZOWIECKIE,1420032,38.28842050864888,8.995981427698581,29.2924390809503,0.765046943483435,wysokie ryzyko,60.32,504,0,5,0,0.0
Pionki,radomski,MAZOWIECKIE,1425082,50.20247544608587,20.962011142631347,29.240464303454523,0.5824506469776942,wysokie ryzyko,55.86,656,0,4,0,0.0
Tykocin,białostocki,PODLASKIE,2002123,107.12890362118338,78.11453956823453,29.014364052948856,0.2708360029105313,wysokie ryzyko,49.33,835,0,6,0,0.0
Psary,będziński,ŚLĄSKIE,2401062,78.38415844461335,49.44134940940712,28.942809035206224,0.3692430920931219,wysokie ryzyko,53.42,732,0,2,0,0.0
Janikowo,inowrocławski,KUJAWSKO-POMORSKIE,0407053,28.935509556542662,0.0,28.935509556542662,1.0,wysokie ryzyko,66.75,293,0,2,0,0.0
Jawor,jaworski,DOLNOŚLĄSKIE,0205011,3818.4630043770544,3789.5739405897593,28.88906378729495,0.0075656262098597,wysokie ryzyko,48.33,868,0,2,0,0.0
Bielsko-Biała,Bielsko-Biała,ŚLĄSKIE,2461011,3797.5299308336416,3768.8091532537096,28.72077757993214,0.0075630154608491,wysokie ryzyko,44.83,983,0,7,0,0.0
Kodeń,bialski,LUBELSKIE,0601062,114.90940560660836,86.22221158437586,28.687194022232497,0.2496505300918789,wysokie ryzyko,48.96,850,0,10,0,0.0
Terespol,bialski,LUBELSKIE,0601021,3082.666092741004,3054.0872040105555,28.57888873044847,0.0092708350079645,wysokie ryzyko,44.27,1006,0,7,0,0.0
Sośnie,ostrowski,WIELKOPOLSKIE,3017082,77.64005111986549,49.14510669513335,28.49494442473213,0.3670134680970248,wysokie ryzyko,52.07,765,0,5,0,0.0
Czerwonak,poznański,WIELKOPOLSKIE,3021042,69.08672018091569,40.771173027736104,28.31554715317959,0.4098551368342623,wysokie ryzyko,54.06,715,0,4,0,0.0
Stara Kamienica,karkonoski,DOLNOŚLĄSKIE,0206092,33.62231051505397,5.686408995752243,27.93590151930173,0.8308739373159313,wysokie ryzyko,61.13,477,0,6,0,0.0
Ziębice,ząbkowicki,DOLNOŚLĄSKIE,0224063,258.0181987793161,230.1333744651438,27.884824314172313,0.1080730911466532,wysokie ryzyko,47.49,893,0,3,0,0.0
Paszowice,jaworski,DOLNOŚLĄSKIE,0205052,27.656017325104916,0.0,27.656017325104916,1.0,wysokie ryzyko,64.05,376,0,3,0,0.0
Maszewo,krośnieński,LUBUSKIE,0802072,176.14824592913274,148.6471592865784,27.501086642554355,0.1561246692948533,wysokie ryzyko,46.72,932,0,2,0,0.0
Działoszyn,pajęczański,ŁÓDZKIE,1009013,252.48756424405045,225.0841513990784,27.40341284497204,0.1085337130445139,wysokie ryzyko,46.77,928,0,5,0,0.0
Mucharz,wadowicki,MAŁOPOLSKIE,1218052,109.33337961887042,81.99093868247323,27.342440936397185,0.2500831953764832,wysokie ryzyko,50.2,817,0,1,0,0.0
Jeżów Sudecki,karkonoski,DOLNOŚLĄSKIE,0206062,83.50426497442189,56.19262379675651,27.311641177665383,0.3270688172158774,wysokie ryzyko,58.28,574,0,1,0,0.0
Lipsko,lipski,MAZOWIECKIE,1409033,80.26340660245162,53.0471425290628,27.216264073388825,0.3390868295460251,wysokie ryzyko,50.79,800,0,3,0,0.0
Brzozów,brzozowski,PODKARPACKIE,1802013,1263.3526892148143,1236.239294464889,27.113394749925433,0.0214614612225004,wysokie ryzyko,45.97,949,0,3,0,0.0
Marcinowice,świdnicki,DOLNOŚLĄSKIE,0219052,304.73380882323914,277.7167727385908,27.01703608464835,0.088657822999612,wysokie ryzyko,45.94,950,0,3,0,0.0
Stare Kurowo,strzelecko-drezdenecki,LUBUSKIE,0806032,151.11197272286037,124.70704837120216,26.4049243516582,0.1747374736486623,wysokie ryzyko,47.36,898,0,7,0,0.0
Tarnów,tarnowski,MAŁOPOLSKIE,1216092,571.4006118589033,545.0043570860555,26.396254772847858,0.0461957061735977,wysokie ryzyko,45.61,957,0,3,0,0.0
Miłosław,wrzesiński,WIELKOPOLSKIE,3030023,852.5853216146807,826.2637952404873,26.321526374193276,0.0308726009079582,wysokie ryzyko,44.41,997,0,4,0,0.0
Pielgrzymka,złotoryjski,DOLNOŚLĄSKIE,0226032,88.06023451410422,61.789893843638986,26.270340670465245,0.2983224018811537,wysokie ryzyko,50.88,798,0,4,0,0.0
Lubień Kujawski,włocławski,KUJAWSKO-POMORSKIE,0418113,48.48642618878663,22.265871595960128,26.220554592826502,0.5407813413744749,wysokie ryzyko,55.46,669,0,2,0,0.0
Zawidów,zgorzelecki,DOLNOŚLĄSKIE,0225011,249.88915320536728,223.6836746976211,26.2054785077462,0.1048684113400058,wysokie ryzyko,47.39,897,0,3,0,0.0
Łaskarzew,garwoliński,MAZOWIECKIE,1403062,56.59020408035708,30.393132433995987,26.197071646361092,0.4629259086813279,wysokie ryzyko,54.55,701,0,3,0,0.0
Promna,białobrzeski,MAZOWIECKIE,1401022,175.72906244210205,149.6947676838409,26.034294758261165,0.148150194375724,wysokie ryzyko,47.04,914,0,3,0,0.0
Korsze,kętrzyński,WARMIŃSKO-MAZURSKIE,2808043,27.954409707015927,2.0489403656826415,25.905469341333287,0.9267042163595248,niskie ryzyko,49.33,836,0,3,0,0.0
Boguchwała,rzeszowski,PODKARPACKIE,1816033,73.0295169620799,47.32798565779763,25.701531304282273,0.3519334698273799,wysokie ryzyko,50.96,795,0,5,0,0.0
Jodłowa,dębicki,PODKARPACKIE,1803052,44.78132075166572,19.23923264574826,25.542088105917458,0.5703737111185443,wysokie ryzyko,56.51,634,0,3,0,0.0
Frysztak,strzyżowski,PODKARPACKIE,1819022,194.8812472374004,169.5270891993045,25.354158038095875,0.1301005530163194,wysokie ryzyko,46.84,921,0,6,0,0.0
Skołyszyn,jasielski,PODKARPACKIE,1805092,428.25103805549287,402.9251851273344,25.32585292815841,0.0591378669930431,wysokie ryzyko,44.71,990,0,7,0,0.0
Tczew,tczewski,POMORSKIE,2214011,4275.540678973928,4250.305009681465,25.235669292463648,0.0059023340408305,wysokie ryzyko,43.47,1035,0,1,0,0.0
Myszyniec,ostrołęcki,MAZOWIECKIE,1415083,198.35312254698843,173.2516949295855,25.101427617402912,0.1265491931515046,wysokie ryzyko,46.13,947,0,6,0,0.0
Wilków,namysłowski,OPOLSKIE,1606052,25.06873635826215,0.0,25.06873635826215,1.0,niskie ryzyko,51.84,771,0,3,0,0.0
Brodnica,śremski,WIELKOPOLSKIE,3026012,25.017907777751383,0.0,25.017907777751383,1.0,wysokie ryzyko,64.58,357,0,1,0,0.0
Dorohusk,chełmski,LUBELSKIE,0603042,66.83940436816032,41.8263627510884,25.01304161707192,0.3742259802211397,wysokie ryzyko,51.25,785,0,6,0,0.0
Stargard,stargardzki,ZACHODNIOPOMORSKIE,3214011,777.5649132104685,752.7812295225311,24.783683687937316,0.0318734593946743,wysokie ryzyko,45.53,960,0,2,0,0.0
Wejherowo,wejherowski,POMORSKIE,2215102,172.7834761729087,148.11118167403362,24.672294498875104,0.1427931365044706,wysokie ryzyko,46.79,925,0,4,0,0.0
Jeziora Wielkie,mogileński,KUJAWSKO-POMORSKIE,0409022,29.50632953590999,4.975737968961729,24.530591566948264,0.8313670982727241,wysokie ryzyko,62.06,439,0,2,0,0.0
Osjaków,wieluński,ŁÓDZKIE,1017053,31.826615773910124,7.390911946937628,24.435703826972496,0.7677757509802117,wysokie ryzyko,58.83,556,0,7,0,0.0
Bejsce,kazimierski,ŚWIĘTOKRZYSKIE,2603012,174.27223262831652,149.91568760597752,24.356545022339,0.1397614792385545,wysokie ryzyko,46.34,944,0,4,0,0.0
Włodawa,włodawski,LUBELSKIE,0619011,194.074075106841,169.87911292597056,24.19496218087046,0.1246686975967847,wysokie ryzyko,46.43,941,0,2,0,0.0
Miłkowice,legnicki,DOLNOŚLĄSKIE,0209062,316.30282665129283,292.1433689751391,24.159457676153774,0.0763807833522408,wysokie ryzyko,45.33,968,0,5,0,0.0
Wieleń,czarnkowsko-trzcianecki,WIELKOPOLSKIE,3002083,313.15296651705285,289.0295130137387,24.123453503314146,0.0770340890320146,wysokie ryzyko,45.33,969,0,4,0,0.0
Koszarawa,żywiecki,ŚLĄSKIE,2417052,51.09603187530187,27.052509947703733,24.043521927598135,0.4705555606798495,niskie ryzyko,41.22,1091,0,4,0,0.0
Garwolin,garwoliński,MAZOWIECKIE,1403042,189.5501096939838,165.5292824833196,24.0208272106642,0.126725472485583,wysokie ryzyko,46.43,942,0,4,0,0.0
Międzyrzecz,międzyrzecki,LUBUSKIE,0803023,79.55857255573098,55.936216463793215,23.62235609193776,0.2969177969525564,wysokie ryzyko,49.07,849,0,4,0,0.0
Łeba,lęborski,POMORSKIE,2208021,370.78037172173305,347.24674637859886,23.5336253431342,0.06347052632224,wysokie ryzyko,44.57,994,0,2,0,0.0
Wola Uhruska,włodawski,LUBELSKIE,0619072,31.69071591121266,8.176712611303252,23.514003299909405,0.741983973028195,wysokie ryzyko,57.6,600,0,6,0,0.0
Popów,kłobucki,ŚLĄSKIE,2406072,43.18026239841755,19.92781920053498,23.252443197882563,0.538497033281917,wysokie ryzyko,53.75,723,0,6,0,0.0
Gryfice,gryficki,ZACHODNIOPOMORSKIE,3205023,259.95819615278873,236.7581961527887,23.2,0.0892451184203646,wysokie ryzyko,44.93,981,0,2,0,0.0
Kadzidło,ostrołęcki,MAZOWIECKIE,1415052,36.053484315113266,12.858524233098125,23.194960082015143,0.6433486394626231,wysokie ryzyko,56.18,650,0,5,0,0.0
Dynów,rzeszowski,PODKARPACKIE,1816052,1034.3377408617366,1011.376107601466,22.96163326027049,0.0221993574759637,wysokie ryzyko,43.76,1024,0,7,0,0.0
Wicko,lęborski,POMORSKIE,2208052,22.8738279047648,0.0,22.8738279047648,1.0,wysokie ryzyko,62.87,412,0,4,0,0.0
Adamów,zamojski,LUBELSKIE,0620012,25.387551380736955,2.583706115861362,22.80384526487559,0.8982294086927276,niskie ryzyko,49.19,842,0,3,0,0.0
Nowa Sucha,sochaczewski,MAZOWIECKIE,1428052,186.86803468949333,164.1089767718357,22.75905791765762,0.1217921404025835,wysokie ryzyko,45.44,963,0,3,0,0.0
Wierzchlas,wieluński,ŁÓDZKIE,1017102,216.9085005535994,194.286614872898,22.621885680701364,0.1042922966272193,wysokie ryzyko,45.25,974,0,4,0,0.0
Międzyzdroje,kamieński,ZACHODNIOPOMORSKIE,3207043,34.30835480658663,11.702350511225276,22.606004295361355,0.6589066838909274,wysokie ryzyko,56.47,637,0,4,0,0.0
Cieszyn,cieszyński,ŚLĄSKIE,2403011,566.3359903035582,543.853945192363,22.482045111195255,0.0396973625129224,wysokie ryzyko,44.27,1007,0,4,0,0.0
Zawady,białostocki,PODLASKIE,2002152,52.22220255984334,29.754817812048607,22.46738474779473,0.430226678433345,wysokie ryzyko,51.63,778,0,3,0,0.0
Zdzieszowice,krapkowicki,OPOLSKIE,1605053,102.13696296550704,79.69223644293776,22.44472652256931,0.2197512621375787,wysokie ryzyko,47.57,887,0,4,0,0.0
Świętajno,olecki,WARMIŃSKO-MAZURSKIE,2813052,23.473569671384965,1.1962371029739025,22.27733256841106,0.9490389778921372,wysokie ryzyko,61.6,462,0,6,0,0.0
Żerków,jarociński,WIELKOPOLSKIE,3006043,422.96062169614464,400.90208615570555,22.05853554043903,0.0521526932034015,wysokie ryzyko,44.12,1014,0,3,0,0.0
Jabłonna Lacka,sokołowski,MAZOWIECKIE,1429042,100.56718249456374,78.65075345978948,21.916429034774257,0.2179282395224602,wysokie ryzyko,47.01,915,0,6,0,0.0
Osiek Jasielski,jasielski,PODKARPACKIE,1805082,211.0700634688821,189.4567547449583,21.613308723923787,0.1023987408195867,wysokie ryzyko,45.43,964,0,3,0,0.0
Kolonowskie,strzelecki,OPOLSKIE,1611033,210.15213746859823,188.55494484837453,21.597192620223694,0.1027693216941504,wysokie ryzyko,44.6,992,0,4,0,0.0
Radzanów,mławski,MAZOWIECKIE,1413042,65.2874011317507,43.70495169658141,21.58244943516929,0.3305760232608382,niskie ryzyko,37.7,1191,0,4,0,0.0
Pątnów,wieluński,ŁÓDZKIE,1017072,48.91258664049478,27.33497209845485,21.577614542039935,0.4411464619655957,wysokie ryzyko,51.58,780,0,4,0,0.0
Ostrowiec Świętokrzyski,ostrowiecki,ŚWIĘTOKRZYSKIE,2607011,360.34104129377147,338.84227374645735,21.498767547314102,0.0596622784629937,wysokie ryzyko,43.66,1030,0,3,0,0.0
Zakrzówek,kraśnicki,LUBELSKIE,0607102,54.77132246995408,33.31223736539299,21.459085104561087,0.3917941750691323,wysokie ryzyko,51.39,782,0,3,0,0.0
Stare Miasto,koniński,WIELKOPOLSKIE,3010112,374.78730544941936,353.35534161562805,21.431963833791315,0.0571843376821196,wysokie ryzyko,44.32,1004,0,4,0,0.0
Goleszów,cieszyński,ŚLĄSKIE,2403072,92.07002061201928,70.86520239436214,21.20481821765712,0.2303118656507495,wysokie ryzyko,48.4,865,0,3,0,0.0
Korczyna,krośnieński,PODKARPACKIE,1807052,94.4835507861791,73.31660377682667,21.16694700935243,0.2240278528191036,niskie ryzyko,35.76,1240,0,3,0,0.0
Wieniawa,przysuski,MAZOWIECKIE,1423082,27.13892945065442,5.99400960617244,21.14491984448198,0.7791361071529701,wysokie ryzyko,58.47,566,0,2,0,0.0
Grodzisko Dolne,leżajski,PODKARPACKIE,1808022,111.28350418102566,90.2198818474606,21.063622333565043,0.1892789276234571,wysokie ryzyko,47.21,907,0,2,0,0.0
Lubaczów,lubaczowski,PODKARPACKIE,1809011,81.51726733185208,60.52276257046256,20.994504761389525,0.2575467192235739,wysokie ryzyko,50.45,810,0,2,0,0.0
Damnica,słupski,POMORSKIE,2212022,21.193278934830087,0.2107452590455692,20.982533675784516,0.990056033344646,niskie ryzyko,55.74,661,0,1,0,0.0
Walim,wałbrzyski,DOLNOŚLĄSKIE,0221082,54.957642343377415,34.1362116030861,20.821430740291312,0.3788632454463426,wysokie ryzyko,51.24,787,0,4,0,0.0
Kłobuck,kłobucki,ŚLĄSKIE,2406013,103.79494194436955,82.98544464748073,20.809497296888836,0.2004866220556488,niskie ryzyko,34.39,1268,0,4,0,0.0
Nowy Żmigród,jasielski,PODKARPACKIE,1805072,205.19714642533268,184.4279688796707,20.769177545661996,0.101215723061819,wysokie ryzyko,45.36,966,0,3,0,0.0
Kórnik,poznański,WIELKOPOLSKIE,3021093,21.241537179950193,0.5127497809079006,20.728787399042293,0.97586098517428,niskie ryzyko,49.79,825,0,2,0,0.0
Jedlina-Zdrój,wałbrzyski,DOLNOŚLĄSKIE,0221021,82.70836144431061,61.99070611927159,20.71765532503902,0.2504904578358583,wysokie ryzyko,49.16,845,0,3,0,0.0
Jedwabne,łomżyński,PODLASKIE,2007013,20.592553681648223,0.0,20.592553681648223,1.0,wysokie ryzyko,62.05,440,0,0,0,0.0
Łodygowice,żywiecki,ŚLĄSKIE,2417082,77.51931308553097,57.06869627298019,20.450616812550784,0.2638131840769356,wysokie ryzyko,48.82,853,0,3,0,0.0
Krupski Młyn,tarnogórski,ŚLĄSKIE,2413052,207.44515307715943,187.0455902337052,20.399562843454284,0.0983371389538643,wysokie ryzyko,44.73,989,0,2,0,0.0
Stąporków,konecki,ŚWIĘTOKRZYSKIE,2605083,30.452820921247323,10.256395662861337,20.196425258385982,0.6632037573995216,wysokie ryzyko,55.96,654,0,5,0,0.0
Szczerców,bełchatowski,ŁÓDZKIE,1001072,85.78567998872003,65.79375370166943,19.9919262870506,0.2330450290733761,wysokie ryzyko,47.22,906,0,3,0,0.0
Swarzędz,poznański,WIELKOPOLSKIE,3021163,20.840750803038652,0.8996823726160563,19.941068430422597,0.956830616079106,niskie ryzyko,49.51,830,0,3,0,0.0
Zebrzydowice,cieszyński,ŚLĄSKIE,2403122,235.52252573194363,215.71823252354704,19.804293208396608,0.084086620364018,wysokie ryzyko,44.37,999,0,5,0,0.0
Klukowo,wysokomazowiecki,PODLASKIE,2013042,33.520433000115915,13.728604488634222,19.791828511481697,0.5904407174994802,wysokie ryzyko,55.13,682,0,1,0,0.0
Chojnice,chojnicki,POMORSKIE,2202032,40.236732058998946,20.454055482351876,19.782676576647063,0.4916571392438086,wysokie ryzyko,52.85,744,0,4,0,0.0
Białogard,białogardzki,ZACHODNIOPOMORSKIE,3201022,19.777317271048503,0.0,19.777317271048503,1.0,wysokie ryzyko,61.93,446,0,7,0,0.0
Wąwolnica,puławski,LUBELSKIE,0614103,229.10581631854055,209.35034195528664,19.755474363253946,0.0862286024890203,wysokie ryzyko,44.74,988,0,4,0,0.0
Blachownia,częstochowski,ŚLĄSKIE,2404013,19.733397828648087,0.0,19.733397828648087,1.0,wysokie ryzyko,62.15,433,0,1,0,0.0
Chorzele,przasnyski,MAZOWIECKIE,1422023,88.92076046220336,69.19176649903481,19.728993963168545,0.2218716288594331,wysokie ryzyko,47.74,881,0,3,0,0.0
Hrubieszów,hrubieszowski,LUBELSKIE,0604042,33.61361553715907,14.06066995251775,19.55294558464132,0.5816971864578505,niskie ryzyko,41.49,1083,0,7,0,0.0
Łaszczów,tomaszowski,LUBELSKIE,0618063,20.0970201824259,0.6471845134954131,19.44983566893049,0.9677969914136152,wysokie ryzyko,61.63,460,0,2,0,0.0
Ujazd,tomaszowski,ŁÓDZKIE,1016103,188.238506998993,168.96297065816077,19.275536340832225,0.1023995390110873,wysokie ryzyko,44.57,995,0,4,0,0.0
Przedbórz,radomszczański,ŁÓDZKIE,1012113,85.67451665632582,66.42210842642537,19.252408229900468,0.2247156912145702,niskie ryzyko,34.51,1266,0,3,0,0.0
Tyczyn,rzeszowski,PODKARPACKIE,1816143,28.05046510601663,8.869228021646736,19.18123708436989,0.6838117304605993,wysokie ryzyko,58.22,577,0,2,0,0.0
Żarki,myszkowski,ŚLĄSKIE,2409053,19.11107591769239,0.0,19.11107591769239,1.0,wysokie ryzyko,63.08,404,0,1,0,0.0
Sobków,jędrzejowski,ŚWIĘTOKRZYSKIE,2602083,162.36501220589088,143.32133609854617,19.04367610734471,0.1172892844869553,wysokie ryzyko,45.88,952,0,2,0,0.0
Jarocin,niżański,PODKARPACKIE,1812022,19.03591292269308,0.0,19.03591292269308,1.0,wysokie ryzyko,61.89,448,0,3,0,0.0
Gierałtowice,gliwicki,ŚLĄSKIE,2405032,937.9875431356322,919.2819364496344,18.70560668599795,0.0199422762305204,wysokie ryzyko,43.06,1042,0,3,0,0.0
Kamienica,limanowski,MAŁOPOLSKIE,1207052,54.96955750999455,36.35079673515923,18.618760774835323,0.3387103993232993,niskie ryzyko,36.49,1225,0,4,0,0.0
Zbąszyń,nowotomyski,WIELKOPOLSKIE,3015063,410.0454144383634,391.4557605574725,18.589653880890904,0.0453355975370509,wysokie ryzyko,45.2,975,0,1,0,0.0
Zabrze,Zabrze,ŚLĄSKIE,2478011,40.63510071189379,22.065499698257216,18.56960101363657,0.456984249781896,wysokie ryzyko,51.2,788,0,4,0,0.0
Żnin,żniński,KUJAWSKO-POMORSKIE,0419063,110.17999348005846,91.62196464229896,18.558028837759498,0.1684337441998335,niskie ryzyko,35.15,1255,0,2,0,0.0
Nawojowa,nowosądecki,MAŁOPOLSKIE,1210122,18.52652030409009,0.0,18.52652030409009,1.0,niskie ryzyko,49.45,831,0,6,0,0.0
Odolanów,ostrowski,WIELKOPOLSKIE,3017033,1328.4463271746145,1310.0427933637477,18.403533810866673,0.0138534266943309,wysokie ryzyko,42.83,1049,0,2,0,0.0
Stanisławów,miński,MAZOWIECKIE,1412143,40.88384733766878,22.62598436722144,18.257862970447345,0.4465788852906038,wysokie ryzyko,53.08,737,0,2,0,0.0
Dobra,limanowski,MAŁOPOLSKIE,1207032,20.59145780144019,2.3974436251814017,18.194014176258783,0.8835709618862574,niskie ryzyko,47.47,895,0,5,0,0.0
Skierniewice,skierniewicki,ŁÓDZKIE,1015082,62.77130162973818,44.637690427480905,18.13361120225728,0.2888837849694421,wysokie ryzyko,47.76,880,0,7,0,0.0
Pokój,namysłowski,OPOLSKIE,1606032,55.53458103259153,37.43716764216309,18.09741339042844,0.3258764728918658,wysokie ryzyko,48.38,866,0,5,0,0.0
Chełm,chełmski,LUBELSKIE,0603032,25.02623314683113,7.013302832822889,18.012930314008244,0.7197619477260034,niskie ryzyko,45.04,978,0,3,0,0.0
Kalwaria Zebrzydowska,wadowicki,MAŁOPOLSKIE,1218033,22.356414952548153,4.472007205259487,17.884407747288666,0.7999676059533072,wysokie ryzyko,59.09,545,0,3,0,0.0
Maków Mazowiecki,makowski,MAZOWIECKIE,1411011,26.670484073896212,8.865095396584438,17.80538867731177,0.6676065056778939,niskie ryzyko,43.91,1019,0,1,0,0.0
Brzeg,brzeski,OPOLSKIE,1601011,1517.713229565033,1499.9493985172594,17.76383104777385,0.0117043395957382,wysokie ryzyko,42.57,1057,0,1,0,0.0
Smołdzino,słupski,POMORSKIE,2212092,129.82822051459323,112.0763968405624,17.751823674030828,0.1367331663614341,wysokie ryzyko,44.41,998,0,3,0,0.0
Wołomin,wołomiński,MAZOWIECKIE,1434123,31.88230522638152,14.375223537172808,17.50708168920871,0.5491159301342551,wysokie ryzyko,53.05,739,0,4,0,0.0
Aleksandrów Łódzki,zgierski,ŁÓDZKIE,1020043,20.963733455005,3.501551984903686,17.462181470101317,0.8329709737810226,niskie ryzyko,45.81,953,0,5,0,0.0
Praszka,oleski,OPOLSKIE,1608043,54.80364525407937,37.398418514464595,17.405226739614776,0.3175925006251148,wysokie ryzyko,48.82,854,0,3,0,0.0
Augustów,augustowski,PODLASKIE,2001022,17.356508378672775,0.0,17.356508378672775,1.0,niskie ryzyko,50.38,813,0,2,0,0.0
Miedźno,kłobucki,ŚLĄSKIE,2406042,113.84970706314252,96.53194498368856,17.31776207945397,0.1521107302441219,wysokie ryzyko,44.33,1003,0,4,0,0.0
Kołbaskowo,policki,ZACHODNIOPOMORSKIE,3211022,22.77566501248797,5.50633892012905,17.269326092358924,0.7582358663463875,wysokie ryzyko,56.75,625,0,1,0,0.0
Kondratowice,strzeliński,DOLNOŚLĄSKIE,0217022,176.9851697521051,159.76037200604003,17.22479774606505,0.0973233959104654,wysokie ryzyko,43.57,1032,0,2,0,0.0
Miastko,bytowski,POMORSKIE,2201063,17.09542534680327,0.0,17.09542534680327,1.0,niskie ryzyko,50.28,815,0,2,0,0.0
Koziegłowy,myszkowski,ŚLĄSKIE,2409023,22.196335453854132,5.181359509799824,17.01497594405431,0.7665668947663998,niskie ryzyko,44.34,1001,0,3,0,0.0
Murowana Goślina,poznański,WIELKOPOLSKIE,3021113,17.002665237401672,0.0,17.002665237401672,1.0,wysokie ryzyko,61.16,474,0,1,0,0.0
Zagórów,słupecki,WIELKOPOLSKIE,3023083,150.55538397631844,133.55538397631844,17.0,0.1129152578341137,wysokie ryzyko,43.86,1022,0,2,0,0.0
Kluczewsko,włoszczowski,ŚWIĘTOKRZYSKIE,2613012,64.75444600384378,47.76555260371454,16.988893400129246,0.2623587174094702,niskie ryzyko,38.88,1154,0,1,0,0.0
Nowy Kawęczyn,skierniewicki,ŁÓDZKIE,1015072,25.64652687405659,8.851103869344144,16.79542300471245,0.65488099371858,niskie ryzyko,42.13,1070,0,5,0,0.0
Przeworno,strzeliński,DOLNOŚLĄSKIE,0217032,34.86147385474398,18.072863856804993,16.788609997938984,0.4815806144023477,niskie ryzyko,40.62,1108,0,2,0,0.0
Pokrzywnica,pułtuski,MAZOWIECKIE,1424032,20.286376221817648,3.674359167401656,16.612017054415993,0.8188755287181382,niskie ryzyko,45.42,965,0,1,0,0.0
Zduny,łowicki,ŁÓDZKIE,1005102,16.52769200471394,0.0,16.52769200471394,1.0,wysokie ryzyko,62.13,435,0,2,0,0.0
Szydłów,staszowski,ŚWIĘTOKRZYSKIE,2612083,34.12979762313624,17.6237467079629,16.506050915173343,0.483625806910266,wysokie ryzyko,50.85,799,0,4,0,0.0
Korfantów,nyski,OPOLSKIE,1607033,53.99933548964347,37.56376180622492,16.43557368341856,0.3043662210726785,niskie ryzyko,35.06,1258,0,2,0,0.0
Główczyce,słupski,POMORSKIE,2212042,19.349993203481628,3.213995443313911,16.135997760167715,0.8339019859327071,wysokie ryzyko,57.88,589,0,2,0,0.0
Szczawa,limanowski,MAŁOPOLSKIE,1207132,21.863736002365105,5.7881242356510105,16.075611766714093,0.7352637154498718,niskie ryzyko,43.75,1025,0,4,0,0.0
Tyszowce,tomaszowski,LUBELSKIE,0618123,113.64095123317614,97.69140726733268,15.949543965843452,0.1403503208373987,wysokie ryzyko,44.71,991,0,2,0,0.0
Stęszew,poznański,WIELKOPOLSKIE,3021143,15.943763431492128,0.0,15.943763431492128,1.0,wysokie ryzyko,61.02,482,0,4,0,0.0
Łask,łaski,ŁÓDZKIE,1003023,75.1202942141957,59.22711881925018,15.893175394945525,0.2115696638464728,wysokie ryzyko,45.71,955,0,4,0,0.0
Obrzycko,szamotulski,WIELKOPOLSKIE,3024011,121.1869357782171,105.34627460034964,15.84066117786745,0.1307126141621178,wysokie ryzyko,45.66,956,0,2,0,0.0
Dziwnów,kamieński,ZACHODNIOPOMORSKIE,3207013,508.8099631767993,493.01357514878384,15.796388028015445,0.0310457521888709,wysokie ryzyko,41.59,1081,0,3,0,0.0
Ludwin,łęczyński,LUBELSKIE,0610022,15.72566797754033,0.0,15.72566797754033,1.0,niskie ryzyko,48.27,869,0,3,0,0.0
Narol,lubaczowski,PODKARPACKIE,1809053,91.24246027231796,75.73434583177979,15.50811444053818,0.1699659828796088,wysokie ryzyko,44.13,1013,0,1,0,0.0
Dębe Wielkie,miński,MAZOWIECKIE,1412052,81.43023959848722,65.96131385486137,15.46892574362585,0.1899653718311449,wysokie ryzyko,45.27,972,0,3,0,0.0
Piątek,łęczycki,ŁÓDZKIE,1004063,55.29499171305362,39.832055464431136,15.462936248622484,0.2796444265488896,wysokie ryzyko,47.06,913,0,4,0,0.0
Urszulin,włodawski,LUBELSKIE,0619052,15.367763734277586,0.0,15.367763734277586,1.0,wysokie ryzyko,62.05,441,0,2,0,0.0
Osiek,starogardzki,POMORSKIE,2213082,19.124640275549694,3.7748582471589023,15.349782028390797,0.8026180784176659,niskie ryzyko,44.98,979,0,1,0,0.0
Ostrów Lubelski,lubartowski,LUBELSKIE,0608103,17.03920987763229,1.7494770788253808,15.289732798806906,0.8973263965060988,niskie ryzyko,48.22,871,0,2,0,0.0
Wyszki,bielski,PODLASKIE,2003082,15.286835642253454,0.0,15.286835642253454,1.0,wysokie ryzyko,60.86,485,0,5,0,0.0
Szerzyny,tarnowski,MAŁOPOLSKIE,1216162,64.06565550024399,48.78925138696109,15.276404113282902,0.2384491970619847,niskie ryzyko,33.89,1285,0,3,0,0.0
Ojrzeń,ciechanowski,MAZOWIECKIE,1402062,23.032096195168457,7.799374070831421,15.232722124337036,0.6613693341352261,niskie ryzyko,41.54,1082,0,4,0,0.0
Kietrz,głubczycki,OPOLSKIE,1602043,465.0903482187889,449.8987135109998,15.191634707789005,0.0326638356740151,wysokie ryzyko,43.38,1037,0,1,0,0.0
Jordanów Śląski,wrocławski,DOLNOŚLĄSKIE,0223032,164.57061737435333,149.46377309292265,15.106844281430693,0.0917955132116126,wysokie ryzyko,43.77,1023,0,2,0,0.0
Zapolice,zduńskowolski,ŁÓDZKIE,1019032,204.96507957248025,189.86287161050308,15.10220796197717,0.0736818583608369,wysokie ryzyko,42.8,1051,0,4,0,0.0
Stare Juchy,ełcki,WARMIŃSKO-MAZURSKIE,2805052,14.844596338291309,0.0,14.844596338291309,1.0,niskie ryzyko,47.99,877,0,4,0,0.0
Lubsko,żarski,LUBUSKIE,0811063,243.44673487366435,228.72485361318292,14.72188126048141,0.0604726995748013,wysokie ryzyko,42.13,1071,0,4,0,0.0
Lidzbark Warmiński,lidzbarski,WARMIŃSKO-MAZURSKIE,2809032,20.6962296499122,6.0,14.696229649912196,0.7100921229860118,niskie ryzyko,42.71,1052,0,3,0,0.0
Glinojeck,ciechanowski,MAZOWIECKIE,1402033,45.634607586713805,31.10330108494055,14.531306501773251,0.3184273355295366,wysokie ryzyko,46.65,933,0,6,0,0.0
Namysłów,namysłowski,OPOLSKIE,1606023,23.092323309560868,8.889274329790897,14.20304897976997,0.6150550028844223,niskie ryzyko,40.37,1116,0,3,0,0.0
Jastrzębia,radomski,MAZOWIECKIE,1425042,19.99034815850661,5.806862235894021,14.18348592261259,0.7095167032684725,niskie ryzyko,42.63,1055,0,4,0,0.0
Krasnystaw,krasnostawski,LUBELSKIE,0606052,29.121074832449096,15.017632468336554,14.103442364112544,0.4843036338891354,niskie ryzyko,39.36,1137,0,2,0,0.0
Lipinki,gorlicki,MAŁOPOLSKIE,1205052,22.377777861507887,8.343194543191084,14.034583318316804,0.6271660843705912,niskie ryzyko,41.48,1085,0,3,0,0.0
Susz,iławski,WARMIŃSKO-MAZURSKIE,2807063,14.034005281967977,0.0,14.034005281967977,1.0,niskie ryzyko,47.96,879,0,2,0,0.0
Kosów Lacki,sokołowski,MAZOWIECKIE,1429053,349.4546675857736,335.4367182533821,14.017949332391538,0.04011378479857,wysokie ryzyko,41.04,1097,0,5,0,0.0
Skarżysko Kościelne,skarżyski,ŚWIĘTOKRZYSKIE,2610042,14.0,0.0,14.0,1.0,niskie ryzyko,47.99,878,0,1,0,0.0
Przytyk,radomski,MAZOWIECKIE,1425093,88.32037969443745,74.35643492126191,13.963944773175545,0.1581055790462709,wysokie ryzyko,45.27,973,0,2,0,0.0
Mszana,wodzisławski,ŚLĄSKIE,2415092,17.28684132188204,3.3317981192692683,13.955043202612767,0.8072639149494701,wysokie ryzyko,60.34,502,0,1,0,0.0
Rokietnica,jarosławski,PODKARPACKIE,1804092,22.69586397783376,8.742425000399162,13.9534389774346,0.6148009606976155,wysokie ryzyko,56.49,636,0,1,0,0.0
Kluki,bełchatowski,ŁÓDZKIE,1001052,28.529394344324757,14.582814435772535,13.946579908552224,0.4888494911679246,niskie ryzyko,37.45,1197,0,2,0,0.0
Środa Wielkopolska,średzki,WIELKOPOLSKIE,3025043,19.17600577562218,5.3179917740997515,13.858014001522433,0.7226746885495656,wysokie ryzyko,54.61,699,0,5,0,0.0
Żytno,radomszczański,ŁÓDZKIE,1012142,23.220419213941543,9.475690198730312,13.744729015211233,0.5919242408405312,wysokie ryzyko,51.88,768,0,2,0,0.0
Wiśniowa,strzyżowski,PODKARPACKIE,1819052,114.82462464203982,101.13315426424076,13.691470377799028,0.1192381026324407,wysokie ryzyko,43.32,1038,0,3,0,0.0
Czerwionka-Leszczyny,rybnicki,ŚLĄSKIE,2412013,157.35789312604678,143.70555170612317,13.652341419923632,0.0867598132429737,wysokie ryzyko,43.68,1029,0,2,0,0.0
Inowrocław,inowrocławski,KUJAWSKO-POMORSKIE,0407042,14.075325100592154,0.4414738979324372,13.633851202659717,0.9686349057817596,niskie ryzyko,48.12,873,0,2,0,0.0
Wólka,lubelski,LUBELSKIE,0609142,30.00811185865192,16.39101229110801,13.617099567543914,0.4537806187768471,wysokie ryzyko,51.0,794,0,1,0,0.0
Myślenice,myślenicki,MAŁOPOLSKIE,1209033,563.8075863075785,550.2635378279646,13.544048479613968,0.0240224658350467,wysokie ryzyko,41.35,1087,0,3,0,0.0
Łączna,skarżyski,ŚWIĘTOKRZYSKIE,2610032,13.510558573638326,0.0,13.510558573638326,1.0,niskie ryzyko,48.69,858,0,2,0,0.0
Turośl,kolneński,PODLASKIE,2006062,34.30905706318417,20.817338511588257,13.491718551595916,0.3932407272735396,niskie ryzyko,37.22,1202,0,1,0,0.0
Sabnie,sokołowski,MAZOWIECKIE,1429072,13.441006487283904,0.0,13.441006487283904,1.0,niskie ryzyko,47.55,888,0,3,0,0.0
Narewka,hajnowski,PODLASKIE,2005092,13.43859588743884,0.0,13.43859588743884,1.0,niskie ryzyko,47.35,900,0,6,0,0.0
Mściwojów,jaworski,DOLNOŚLĄSKIE,0205042,31.941850353441264,18.549306893309655,13.39254346013161,0.4192788868503593,wysokie ryzyko,49.19,843,0,1,0,0.0
Kocmyrzów-Luborzyca,krakowski,MAŁOPOLSKIE,1206052,13.327339520807952,0.0,13.327339520807952,1.0,niskie ryzyko,49.27,840,0,1,0,0.0
Galewice,wieruszowski,ŁÓDZKIE,1018032,40.49766781148204,27.188952705227344,13.308715106254695,0.3286291736158042,niskie ryzyko,37.83,1184,0,1,0,0.0
Zamość,zamojski,LUBELSKIE,0620142,14.384802344218013,1.0931608260974852,13.291641518120528,0.9240058500673886,wysokie ryzyko,58.44,568,0,3,0,0.0
Wasilków,białostocki,PODLASKIE,2002133,140.9699321224764,127.75190819985724,13.218023922619151,0.0937648456206616,wysokie ryzyko,42.17,1067,0,3,0,0.0
Zduńska Wola,zduńskowolski,ŁÓDZKIE,1019042,29.46164273683165,16.245991178815984,13.215651558015663,0.4485714417239212,niskie ryzyko,37.19,1205,0,3,0,0.0
Radziłów,grajewski,PODLASKIE,2004032,13.206896551724135,0.0,13.206896551724135,1.0,wysokie ryzyko,60.29,505,0,1,0,0.0
Bierutów,oleśnicki,DOLNOŚLĄSKIE,0214023,103.45187691296546,90.28136597126206,13.170510941703387,0.1273105074041701,wysokie ryzyko,42.65,1054,0,4,0,0.0
Kisielice,iławski,WARMIŃSKO-MAZURSKIE,2807043,28.24647886216485,15.081017177669324,13.165461684495522,0.4660921366071645,niskie ryzyko,38.5,1167,0,2,0,0.0
Kolno,kolneński,PODLASKIE,2006032,19.670637097112497,6.536002966226746,13.13463413088575,0.6677279472973358,wysokie ryzyko,53.28,735,0,4,0,0.0
Gródek,białostocki,PODLASKIE,2002042,17.69443732090484,4.569267782331927,13.125169538572912,0.7417681218416801,niskie ryzyko,42.04,1074,0,1,0,0.0
Rogóźno,grudziądzki,KUJAWSKO-POMORSKIE,0406052,17.135327552820108,4.026364635634132,13.108962917185972,0.7650255226681394,wysokie ryzyko,55.19,677,0,3,0,0.0
Pieniężno,braniewski,WARMIŃSKO-MAZURSKIE,2802053,89.79442363624113,76.76392688480225,13.030496751438887,0.1451147657478784,wysokie ryzyko,43.53,1033,0,2,0,0.0
Krasnobród,zamojski,LUBELSKIE,0620043,38.39030915201474,25.392576190003005,12.997732962011728,0.3385680722326145,wysokie ryzyko,46.8,924,0,2,0,0.0
Przechlewo,człuchowski,POMORSKIE,2203062,12.994973739457324,0.0,12.994973739457324,1.0,niskie ryzyko,47.7,883,0,4,0,0.0
Gołdap,gołdapski,WARMIŃSKO-MAZURSKIE,2818033,12.648861592891713,0.0,12.648861592891713,1.0,niskie ryzyko,47.16,911,0,4,0,0.0
Głogów Małopolski,rzeszowski,PODKARPACKIE,1816063,26.30523391562207,13.6570239790635,12.64820993655857,0.4808248418215772,niskie ryzyko,38.51,1165,0,1,0,0.0
Świnice Warckie,łęczycki,ŁÓDZKIE,1004072,105.17673275298505,92.74882154924912,12.427911203735915,0.1181621721690456,wysokie ryzyko,42.52,1060,0,4,0,0.0
Budry,węgorzewski,WARMIŃSKO-MAZURSKIE,2819012,12.156087999345344,0.0,12.156087999345344,1.0,wysokie ryzyko,59.32,535,0,4,0,0.0
Młynary,elbląski,WARMIŃSKO-MAZURSKIE,2804063,28.49420029715476,16.494200297154762,12.0,0.421138332532822,wysokie ryzyko,51.25,786,0,1,0,0.0
Osiek Mały,kolski,WIELKOPOLSKIE,3009102,76.44418418679284,64.44836741821526,11.995816768577576,0.1569225559300308,niskie ryzyko,31.67,1322,0,1,0,0.0
Strzegowo,mławski,MAZOWIECKIE,1413052,53.529685287876816,41.70561279861547,11.82407248926135,0.2208881375945473,wysokie ryzyko,43.7,1027,0,3,0,0.0
Biesiekierz,koszaliński,ZACHODNIOPOMORSKIE,3209022,11.74667842415571,0.0,11.74667842415571,1.0,niskie ryzyko,50.15,819,0,1,0,0.0
Myślibórz,myśliborski,ZACHODNIOPOMORSKIE,3210043,181.04388168683667,169.34359536978243,11.700286317054218,0.0646267977025203,wysokie ryzyko,40.9,1101,0,3,0,0.0
Sarnaki,łosicki,MAZOWIECKIE,1410052,28.080430930841697,16.39057582404455,11.689855106797149,0.416298992547076,wysokie ryzyko,47.5,890,0,2,0,0.0
Syców,oleśnicki,DOLNOŚLĄSKIE,0214073,11.588067519678535,0.0,11.588067519678535,1.0,wysokie ryzyko,59.15,542,0,2,0,0.0
Kluczbork,kluczborski,OPOLSKIE,1604023,172.0860233366351,160.5211720774713,11.56485125916378,0.0672038962544947,wysokie ryzyko,41.25,1090,0,3,0,0.0
Nowa Wieś Lęborska,lęborski,POMORSKIE,2208042,24.691816032083317,13.157120188710934,11.534695843372385,0.4671465164159969,niskie ryzyko,37.6,1192,0,2,0,0.0
Łęczyca,łęczycki,ŁÓDZKIE,1004011,11.530481788334454,0.0,11.530481788334454,1.0,wysokie ryzyko,59.03,546,0,0,0,0.0
Ozorków,zgierski,ŁÓDZKIE,1020062,11.52536336719277,0.0,11.52536336719277,1.0,niskie ryzyko,48.25,870,0,2,0,0.0
Zakroczym,nowodworski,MAZOWIECKIE,1414063,56.6263062808556,45.11760253588632,11.508703744969282,0.2032395277185893,wysokie ryzyko,44.81,984,0,2,0,0.0
Szydłowo,pilski,WIELKOPOLSKIE,3019062,11.44395598186586,0.0,11.44395598186586,1.0,niskie ryzyko,47.63,886,0,3,0,0.0
Jakubów,miński,MAZOWIECKIE,1412082,13.66368163489263,2.2405918437343613,11.423089791158269,0.8360184389826083,niskie ryzyko,44.06,1015,0,3,0,0.0
Choceń,włocławski,KUJAWSKO-POMORSKIE,0418052,13.524706031125088,2.1672261627865836,11.357479868338505,0.8397579838113275,niskie ryzyko,44.95,980,0,2,0,0.0
Sędziejowice,łaski,ŁÓDZKIE,1003032,45.82902291009863,34.51207595110675,11.316946958991878,0.2469384298502715,wysokie ryzyko,45.57,958,0,2,0,0.0
Klembów,wołomiński,MAZOWIECKIE,1434072,39.336536800216216,28.103036338151327,11.233500462064889,0.2855742110475557,niskie ryzyko,32.95,1307,0,3,0,0.0
Zielonka,wołomiński,MAZOWIECKIE,1434041,26.30612578235269,15.15165062958354,11.154475152769152,0.4240257666620018,niskie ryzyko,38.18,1176,0,1,0,0.0
Radziejów,radziejowski,KUJAWSKO-POMORSKIE,0411062,11.154273081159786,0.0,11.154273081159786,1.0,niskie ryzyko,47.19,908,0,3,0,0.0
Imielno,jędrzejowski,ŚWIĘTOKRZYSKIE,2602012,73.99192217972006,62.85464802293319,11.137274156786862,0.15052013555933,wysokie ryzyko,42.28,1064,0,5,0,0.0
Rzeszów,Rzeszów,PODKARPACKIE,1863011,649.8852098235329,638.8464662365795,11.03874358695338,0.01698568211754,wysokie ryzyko,40.25,1119,0,3,0,0.0
Kobylanka,stargardzki,ZACHODNIOPOMORSKIE,3214062,11.011720453388598,0.0,11.011720453388598,1.0,niskie ryzyko,47.12,912,0,3,0,0.0
Koronowo,bydgoski,KUJAWSKO-POMORSKIE,0403043,2007.6534314678563,1996.6796728852012,10.973758582655268,0.0054659626062213,wysokie ryzyko,39.18,1144,0,4,0,0.0
Kazanów,zwoleński,MAZOWIECKIE,1436013,30.99843269854282,20.0853611408058,10.91307155773702,0.3520523654813691,niskie ryzyko,33.65,1290,0,2,0,0.0
Zawiercie,zawierciański,ŚLĄSKIE,2416021,49.70761217177863,38.81306200448462,10.894550167294003,0.2191726717760013,wysokie ryzyko,44.21,1009,0,3,0,0.0
Rybczewice,świdnicki,LUBELSKIE,0617042,79.84612135170437,68.97407311638986,10.872048235314526,0.136162509227287,wysokie ryzyko,42.27,1065,0,3,0,0.0
Mielno,koszaliński,ZACHODNIOPOMORSKIE,3209053,11.837948572647,0.9951277769948504,10.842820795652148,0.915937480984314,niskie ryzyko,44.89,982,0,5,0,0.0
Bolimów,skierniewicki,ŁÓDZKIE,1015013,80.01058022896233,69.24521001548806,10.765370213474268,0.1345493331340372,niskie ryzyko,29.68,1349,0,2,0,0.0
Przybiernów,goleniowski,ZACHODNIOPOMORSKIE,3204062,11.657643852179756,0.8988605693319219,10.758783282847832,0.92289517669869,niskie ryzyko,45.28,971,0,3,0,0.0
Iłowa,żagański,LUBUSKIE,0810043,52.63211472912469,41.88234112616495,10.74977360295973,0.2042436192861389,wysokie ryzyko,42.87,1048,0,3,0,0.0
Pobiedziska,poznański,WIELKOPOLSKIE,3021123,14.53966347774469,3.817488255022761,10.722175222721928,0.7374431491577473,niskie ryzyko,42.51,1061,0,1,0,0.0
Frampol,biłgorajski,LUBELSKIE,0602053,36.06530305724173,25.36485323930748,10.700449817934246,0.2966965174519905,niskie ryzyko,33.15,1300,0,2,0,0.0
Spiczyn,łęczyński,LUBELSKIE,0610062,67.54211576951745,56.87021944289483,10.671896326622615,0.1580035834684197,niskie ryzyko,29.83,1346,0,4,0,0.0
Koźmin Wielkopolski,krotoszyński,WIELKOPOLSKIE,3012033,39.382100384720715,28.814461410925407,10.567638973795306,0.2683360935694351,niskie ryzyko,33.03,1306,0,2,0,0.0
Lesznowola,piaseczyński,MAZOWIECKIE,1418032,41.13744518581736,30.59888222496243,10.53856296085493,0.2561793255087273,wysokie ryzyko,44.48,996,0,3,0,0.0
Błędów,grójecki,MAZOWIECKIE,1406022,20.409722323978567,9.930526792329117,10.47919553164945,0.5134413572759813,wysokie ryzyko,49.2,841,0,5,0,0.0
Pyskowice,gliwicki,ŚLĄSKIE,2405021,106.38283013448611,96.08608859608832,10.29674153839778,0.0967895056503096,wysokie ryzyko,41.16,1093,0,2,0,0.0
Gorzkowice,piotrkowski,ŁÓDZKIE,1010032,10.29537354565592,0.0,10.29537354565592,1.0,niskie ryzyko,47.5,891,0,1,0,0.0
Świeradów-Zdrój,lubański,DOLNOŚLĄSKIE,0210021,27.818908409066875,17.55380465687794,10.265103752188937,0.3689973596822829,wysokie ryzyko,46.59,934,0,1,0,0.0
Dębno,brzeski,MAŁOPOLSKIE,1202042,37.99255196924368,27.746459015067753,10.246092954175923,0.2696868839574267,niskie ryzyko,32.09,1319,0,3,0,0.0
Dołhobyczów,hrubieszowski,LUBELSKIE,0604022,10.189164027056185,0.0,10.189164027056185,1.0,niskie ryzyko,46.34,945,0,2,0,0.0
Skrwilno,rypiński,KUJAWSKO-POMORSKIE,0412052,20.09686582472203,9.91653154444749,10.180334280274542,0.5065632805166699,niskie ryzyko,37.55,1195,0,2,0,0.0
Kutno,kutnowski,ŁÓDZKIE,1002011,917.3622175673138,907.2224055303066,10.139812037007225,0.0110532261333982,wysokie ryzyko,39.36,1138,0,2,0,0.0
Ruda-Huta,chełmski,LUBELSKIE,0603092,15.091534506566774,4.9565507490428455,10.13498375752393,0.671567477324052,wysokie ryzyko,51.81,772,0,3,0,0.0
Golub-Dobrzyń,golubsko-dobrzyński,KUJAWSKO-POMORSKIE,0405032,24.641847509204513,14.52259625143159,10.119251257772923,0.4106531076451577,wysokie ryzyko,48.09,874,0,1,0,0.0
Łosice,łosicki,MAZOWIECKIE,1410023,13.674069996696304,3.6164301468633977,10.057639849832908,0.7355264271912358,niskie ryzyko,42.05,1073,0,1,0,0.0
Sochaczew,sochaczewski,MAZOWIECKIE,1428072,267.5581342149803,257.5051216003507,10.053012614629644,0.037573190006446,wysokie ryzyko,40.59,1109,0,2,0,0.0
Aleksandrów,piotrkowski,ŁÓDZKIE,1010012,24.38900267756562,14.343660430208764,10.045342247356857,0.411879992805,wysokie ryzyko,47.32,902,0,3,0,0.0
Słopnice,limanowski,MAŁOPOLSKIE,1207112,9.968302995685892,0.0,9.968302995685892,1.0,niskie ryzyko,46.78,926,0,3,0,0.0
Skoki,wągrowiecki,WIELKOPOLSKIE,3028053,130.49234386231026,120.5614772230712,9.93086663923906,0.0761030597298311,wysokie ryzyko,40.78,1105,0,3,0,0.0
Żyrardów,żyrardowski,MAZOWIECKIE,1438011,79.4697294864065,69.54411840203856,9.92561108436793,0.1248980102048256,niskie ryzyko,29.75,1348,0,1,0,0.0
Mogilany,krakowski,MAŁOPOLSKIE,1206092,9.895306248095626,0.0,9.895306248095626,1.0,niskie ryzyko,46.74,930,0,1,0,0.0
Szczytno,szczycieński,WARMIŃSKO-MAZURSKIE,2817062,9.779613230027758,0.0,9.779613230027758,1.0,wysokie ryzyko,58.28,575,0,2,0,0.0
Andrychów,wadowicki,MAŁOPOLSKIE,1218013,1060.567508703033,1050.80675411641,9.760754586622962,0.0092033317129989,wysokie ryzyko,38.63,1162,0,4,0,0.0
Imielin,bieruńsko-lędziński,ŚLĄSKIE,2414021,33.773036729466895,24.02555086062439,9.747485868842508,0.2886173946075109,wysokie ryzyko,44.14,1012,0,1,0,0.0
Wojciechów,lubelski,LUBELSKIE,0609132,9.726767275557492,0.0,9.726767275557492,1.0,wysokie ryzyko,58.75,560,0,2,0,0.0
Michałowice,pruszkowski,MAZOWIECKIE,1421042,49.3354528120427,39.66310142600305,9.672351386039647,0.1960527538459856,wysokie ryzyko,42.38,1063,0,2,0,0.0
Cyców,łęczyński,LUBELSKIE,0610012,25.002943326342468,15.34846291492294,9.65448041141953,0.3861337557505805,wysokie ryzyko,46.81,923,0,2,0,0.0
Narew,hajnowski,PODLASKIE,2005082,16.876639140703205,7.222166309985175,9.654472830718028,0.5720613417296634,wysokie ryzyko,50.05,821,0,3,0,0.0
Murów,opolski,OPOLSKIE,1609062,17.46759010964329,7.9048458701573825,9.562744239485909,0.5474564138190205,niskie ryzyko,37.96,1181,0,1,0,0.0
Węgorzyno,łobeski,ZACHODNIOPOMORSKIE,3218053,9.552523989499356,0.0,9.552523989499356,1.0,niskie ryzyko,48.44,863,0,1,0,0.0
Trzciana,bocheński,MAŁOPOLSKIE,1201082,17.081187538195437,7.532995458179472,9.548192080015966,0.5589887739751785,niskie ryzyko,37.16,1206,0,3,0,0.0
Nowa Karczma,kościerski,POMORSKIE,2206072,9.480034962089604,0.0,9.480034962089604,1.0,wysokie ryzyko,58.98,550,0,2,0,0.0
Nidzica,nidzicki,WARMIŃSKO-MAZURSKIE,2811043,113.67656639594487,104.40279194452523,9.273774451419628,0.0815803533255772,wysokie ryzyko,40.11,1122,0,3,0,0.0
Czerwin,ostrołęcki,MAZOWIECKIE,1415032,9.750620723791185,0.4860093141972762,9.264611409593908,0.9501560641148282,niskie ryzyko,45.81,954,0,1,0,0.0
Raciechowice,myślenicki,MAŁOPOLSKIE,1209052,104.04341476289189,94.833420414915,9.209994347976869,0.088520685032934,wysokie ryzyko,40.35,1117,0,3,0,0.0
Czarnia,ostrołęcki,MAZOWIECKIE,1415022,17.19866500704797,8.0,9.198665007047971,0.5348476177237235,niskie ryzyko,36.63,1220,0,2,0,0.0
Ryglice,tarnowski,MAŁOPOLSKIE,1216063,42.745044643964775,33.57970820052362,9.16533644344116,0.214418689225424,niskie ryzyko,32.4,1317,0,1,0,0.0
Raciąż,płoński,MAZOWIECKIE,1420021,475.2944175492622,466.1728648237772,9.121552725484996,0.0191913735753893,wysokie ryzyko,39.14,1145,0,2,0,0.0
Bukowsko,sanocki,PODKARPACKIE,1817032,24.047407818067818,14.99017083796936,9.05723698009846,0.3766408857296203,wysokie ryzyko,48.06,875,0,1,0,0.0
Zgierz,zgierski,ŁÓDZKIE,1020092,13.274696790354362,4.221473870036171,9.053222920318191,0.6819909383464359,niskie ryzyko,39.62,1130,0,3,0,0.0
Drzewica,opoczyński,ŁÓDZKIE,1007023,76.82702222706936,67.82305378763552,9.003968439433855,0.1171979360702253,wysokie ryzyko,41.02,1099,0,3,0,0.0
Wisła,cieszyński,ŚLĄSKIE,2403031,42.61789247043477,33.61853753340883,8.999354937025936,0.2111637721942501,wysokie ryzyko,42.67,1053,0,3,0,0.0
Luboń,poznański,WIELKOPOLSKIE,3021011,435.2946799631487,426.3161087112669,8.978571251881881,0.0206264208251798,wysokie ryzyko,38.85,1155,0,2,0,0.0
Dobiegniew,strzelecko-drezdenecki,LUBUSKIE,0806013,8.95970570117137,0.0,8.95970570117137,1.0,niskie ryzyko,45.31,970,0,2,0,0.0
Lisia Góra,tarnowski,MAŁOPOLSKIE,1216032,23.857067169164388,14.93334972901085,8.92371744015354,0.3740492231034826,wysokie ryzyko,46.55,938,0,1,0,0.0
Miastków Kościelny,garwoliński,MAZOWIECKIE,1403082,36.925510341929794,28.0353214244966,8.890188917433196,0.2407600825312947,niskie ryzyko,30.92,1331,0,2,0,0.0
Kościerzyna,kościerski,POMORSKIE,2206042,8.827686825299523,0.0,8.827686825299523,1.0,niskie ryzyko,46.5,940,0,2,0,0.0
Marianowo,stargardzki,ZACHODNIOPOMORSKIE,3214082,12.731172012297996,3.9114067723866337,8.819765239911362,0.6927693091721396,niskie ryzyko,40.35,1118,0,1,0,0.0
Banie Mazurskie,gołdapski,WARMIŃSKO-MAZURSKIE,2818012,13.168114361712671,4.492626128743231,8.67548823296944,0.6588254016227338,niskie ryzyko,38.92,1149,0,2,0,0.0
Małogoszcz,jędrzejowski,ŚWIĘTOKRZYSKIE,2602033,14.983083845342025,6.326109482636418,8.656974362705608,0.5777832155292189,wysokie ryzyko,49.66,827,0,1,0,0.0
Błażowa,rzeszowski,PODKARPACKIE,1816023,24.816236356046712,16.208154873902913,8.608081482143797,0.3468729648864082,niskie ryzyko,32.85,1309,0,3,0,0.0
Niebylec,strzyżowski,PODKARPACKIE,1819032,307.6009359698222,298.9968932586791,8.604042711143123,0.0279714451583698,wysokie ryzyko,39.4,1136,0,2,0,0.0
Boguszów-Gorce,wałbrzyski,DOLNOŚLĄSKIE,0221011,36.82753643585829,28.240387701691706,8.58714873416659,0.2331719567808353,wysokie ryzyko,44.78,986,0,1,0,0.0
Zawidz,sierpecki,MAZOWIECKIE,1427072,18.774137829808176,10.210707578108035,8.56343025170014,0.4561290818960413,niskie ryzyko,34.79,1262,0,3,0,0.0
Rymanów,krośnieński,PODKARPACKIE,1807083,311.4437612228958,302.8939445294431,8.549816693452636,0.0274522008720979,wysokie ryzyko,38.92,1150,0,2,0,0.0
Olecko,olecki,WARMIŃSKO-MAZURSKIE,2813043,432.6940440793983,424.21273911072655,8.481304968671743,0.0196011594906895,wysokie ryzyko,38.51,1166,0,4,0,0.0
Nowogard,goleniowski,ZACHODNIOPOMORSKIE,3204043,8.64768166992038,0.1789894027250845,8.468692267195294,0.979302036134416,wysokie ryzyko,59.6,520,0,1,0,0.0
Bakałarzewo,suwalski,PODLASKIE,2012012,13.408056407255426,4.96664989264145,8.441406514613977,0.6295771928619069,niskie ryzyko,40.08,1123,0,1,0,0.0
Wiśniowa,myślenicki,MAŁOPOLSKIE,1209092,54.59454157060953,46.165506203132495,8.429035367477027,0.1543933720292418,wysokie ryzyko,41.38,1086,0,3,0,0.0
Pionki,radomski,MAZOWIECKIE,1425011,40.4685621754892,32.09238417916508,8.376177996324115,0.2069798763791355,wysokie ryzyko,42.19,1066,0,1,0,0.0
Postomino,sławieński,ZACHODNIOPOMORSKIE,3213052,8.32598910191389,0.0,8.32598910191389,1.0,wysokie ryzyko,57.64,598,0,2,0,0.0
Stargard,stargardzki,ZACHODNIOPOMORSKIE,3214102,34.91640916813551,26.603189465781497,8.31321970235401,0.2380891936030066,niskie ryzyko,30.0,1343,0,3,0,0.0
Michów,lubartowski,LUBELSKIE,0608082,27.61387469416,19.315072043219523,8.298802650940473,0.3005301770524645,wysokie ryzyko,44.21,1010,0,2,0,0.0
Stoczek Łukowski,łukowski,LUBELSKIE,0611082,9.521027502869869,1.2301684180824295,8.290859084787435,0.8707945736201655,niskie ryzyko,42.46,1062,0,3,0,0.0
Krzyżanowice,raciborski,ŚLĄSKIE,2411042,358.2205676053489,349.9560192523113,8.26454835303757,0.0230711162351308,wysokie ryzyko,38.23,1174,0,2,0,0.0
Żukowice,głogowski,DOLNOŚLĄSKIE,0203062,143.75389968031453,135.64878748798228,8.105112192332259,0.0563818596250725,wysokie ryzyko,38.42,1168,0,1,0,0.0
Gliwice,Gliwice,ŚLĄSKIE,2466011,4899.775762638333,4891.696286730609,8.079475907723637,0.0016489480945905,wysokie ryzyko,37.76,1187,0,3,0,0.0
Dębno,myśliborski,ZACHODNIOPOMORSKIE,3210033,8.062254034603292,0.0,8.062254034603292,1.0,wysokie ryzyko,57.38,607,0,2,0,0.0
Głubczyce,głubczycki,OPOLSKIE,1602033,73.61577140119209,65.5799285895707,8.035842811621402,0.1091592556685655,wysokie ryzyko,40.2,1120,0,2,0,0.0
Łasin,grudziądzki,KUJAWSKO-POMORSKIE,0406033,9.104464827398845,1.0724039166056083,8.032060910793236,0.8822112076946761,niskie ryzyko,42.96,1046,0,1,0,0.0
Łobez,łobeski,ZACHODNIOPOMORSKIE,3218023,99.6202024193364,91.59509959869644,8.025102820639967,0.0805569816738525,wysokie ryzyko,40.02,1126,0,1,0,0.0
Żuromin,żuromiński,MAZOWIECKIE,1437063,21.79724292305483,13.797242923054831,8.0,0.3670188944647876,niskie ryzyko,34.43,1267,0,1,0,0.0
Wiskitki,żyrardowski,MAZOWIECKIE,1438053,14.775263064183337,6.776027482910626,7.999235581272709,0.541393784091982,niskie ryzyko,36.12,1234,0,2,0,0.0
Prażmów,piaseczyński,MAZOWIECKIE,1418052,20.799425671354328,12.848668697531792,7.950756973822537,0.3822584863375621,niskie ryzyko,33.1,1302,0,3,0,0.0
Brzesko,brzeski,MAŁOPOLSKIE,1202023,59.209936522267824,51.26184781183288,7.948088710434945,0.134235724225879,wysokie ryzyko,41.04,1098,0,2,0,0.0
Gozdowo,sierpecki,MAZOWIECKIE,1427022,7.947712418300654,0.0,7.947712418300654,1.0,wysokie ryzyko,57.95,586,0,1,0,0.0
Pajęczno,pajęczański,ŁÓDZKIE,1009043,11.122661673507825,3.1929715922285005,7.929690081279324,0.7129309794764698,niskie ryzyko,41.28,1088,0,1,0,0.0
Raków,kielecki,ŚWIĘTOKRZYSKIE,2604162,9.304599938012966,1.4002772069014962,7.9043227311114705,0.8495069947950357,niskie ryzyko,42.81,1050,0,1,0,0.0
Sztabin,augustowski,PODLASKIE,2001072,8.071680939544494,0.2363355862474287,7.835345353297065,0.970720400370438,niskie ryzyko,44.34,1002,0,3,0,0.0
Topólka,radziejowski,KUJAWSKO-POMORSKIE,0411072,13.926571916648047,6.119675292527873,7.806896624120175,0.5605756155100656,wysokie ryzyko,48.75,857,0,2,0,0.0
Mordy,siedlecki,MAZOWIECKIE,1426053,7.892658836096784,0.1075005616061102,7.785158274490674,0.9863796771356113,wysokie ryzyko,57.95,587,0,2,0,0.0
Zabierzów,krakowski,MAŁOPOLSKIE,1206162,63.66721771969387,55.961226013137,7.705991706556878,0.1210354713548794,wysokie ryzyko,40.58,1111,0,2,0,0.0
Sobolew,garwoliński,MAZOWIECKIE,1403112,29.035691370163327,21.3366505299159,7.6990408402474255,0.2651578273820217,wysokie ryzyko,42.56,1058,0,2,0,0.0
Andrzejewo,ostrowski,MAZOWIECKIE,1416022,15.315294109282902,7.651732108598796,7.663562000684106,0.5003862117175452,wysokie ryzyko,47.18,910,0,4,0,0.0
Nielisz,zamojski,LUBELSKIE,0620072,16.570405118958526,8.963872867474649,7.606532251483877,0.4590432277833143,wysokie ryzyko,46.58,935,0,1,0,0.0
Grzegorzew,kolski,WIELKOPOLSKIE,3009052,44.62183742985088,37.028312077600106,7.59352535225078,0.1701750933987963,niskie ryzyko,28.41,1360,0,1,0,0.0
Zelów,bełchatowski,ŁÓDZKIE,1001083,7.556116692167812,0.0,7.556116692167812,1.0,niskie ryzyko,45.54,959,0,2,0,0.0
Barciany,kętrzyński,WARMIŃSKO-MAZURSKIE,2808022,7.554347826086956,0.0,7.554347826086956,1.0,wysokie ryzyko,57.66,597,0,2,0,0.0
Suchedniów,skarżyski,ŚWIĘTOKRZYSKIE,2610053,9.791407193824885,2.26904644445637,7.522360749368514,0.7682614562401834,niskie ryzyko,40.51,1112,0,2,0,0.0
Krzczonów,lubelski,LUBELSKIE,0609092,26.484316897810153,18.962101346356793,7.52221555145336,0.2840252810928769,niskie ryzyko,31.2,1329,0,1,0,0.0
Rychwał,koniński,WIELKOPOLSKIE,3010073,7.441176625998003,0.0,7.441176625998003,1.0,niskie ryzyko,45.08,977,0,1,0,0.0
Tychowo,białogardzki,ZACHODNIOPOMORSKIE,3201043,7.374115655258896,0.0,7.374115655258896,1.0,niskie ryzyko,44.36,1000,0,4,0,0.0
Tyrawa Wołoska,sanocki,PODKARPACKIE,1817062,81.04869762530305,73.68587600018475,7.362821625118309,0.0908444162688145,wysokie ryzyko,39.34,1140,0,3,0,0.0
Boćki,bielski,PODLASKIE,2003042,37.119488102678154,29.809117468445308,7.310370634232849,0.1969415799595956,wysokie ryzyko,40.89,1102,0,2,0,0.0
Przyrów,częstochowski,ŚLĄSKIE,2404143,40.000337306208905,32.69791442517976,7.302422881029147,0.1825590325683492,wysokie ryzyko,40.83,1103,0,3,0,0.0
Mykanów,częstochowski,ŚLĄSKIE,2404112,22.432593668603335,15.168141432866356,7.264452235736979,0.3238346997701076,wysokie ryzyko,44.28,1005,0,1,0,0.0
Janowiec Wielkopolski,żniński,KUJAWSKO-POMORSKIE,0419033,7.875028334738035,0.6114720199682264,7.263556314769809,0.9223530387476928,niskie ryzyko,43.75,1026,0,1,0,0.0
Kamieniec Ząbkowicki,ząbkowicki,DOLNOŚLĄSKIE,0224033,1127.0793806408165,1119.8171447190082,7.262235921808095,0.0064434112153476,wysokie ryzyko,37.09,1207,0,2,0,0.0
Lipowa,żywiecki,ŚLĄSKIE,2417062,41.97331392554891,34.71632462883429,7.256989296714617,0.1728953141414295,wysokie ryzyko,41.26,1089,0,1,0,0.0
Tuliszków,turecki,WIELKOPOLSKIE,3027073,7.252347927638767,0.0,7.252347927638767,1.0,niskie ryzyko,44.75,987,0,2,0,0.0
Stężyca,kartuski,POMORSKIE,2205062,7.198248388620921,0.0,7.198248388620921,1.0,wysokie ryzyko,57.1,615,0,1,0,0.0
Krzepice,kłobucki,ŚLĄSKIE,2406023,317.429553982358,310.28201949226525,7.147534490092795,0.0225169156445024,wysokie ryzyko,37.3,1200,0,3,0,0.0
Jeżowe,niżański,PODKARPACKIE,1812032,15.576601883822084,8.463093729789845,7.113508154032239,0.456679075904248,niskie ryzyko,34.32,1270,0,2,0,0.0
Zakrzew,radomski,MAZOWIECKIE,1425132,7.020744235076786,0.0,7.020744235076786,1.0,wysokie ryzyko,57.6,601,0,1,0,0.0
Wyrzysk,pilski,WIELKOPOLSKIE,3019083,100.11082201836714,93.11082201836714,7.0,0.0699225104626123,wysokie ryzyko,38.36,1170,0,2,0,0.0
Opatów,kłobucki,ŚLĄSKIE,2406052,6.998788334769543,0.0,6.998788334769543,1.0,niskie ryzyko,45.09,976,0,1,0,0.0
Cisna,leski,PODKARPACKIE,1821022,43.00410003889252,36.02000119975335,6.984098839139169,0.1624054179211473,wysokie ryzyko,40.82,1104,0,2,0,0.0
Tomaszów Lubelski,tomaszowski,LUBELSKIE,0618112,8.781402749968152,1.8119249688108252,6.969477781157326,0.7936633792571014,niskie ryzyko,40.59,1110,0,2,0,0.0
Bledzew,międzyrzecki,LUBUSKIE,0803012,6.964845712401915,0.0,6.964845712401915,1.0,wysokie ryzyko,56.74,626,0,2,0,0.0
Manowo,koszaliński,ZACHODNIOPOMORSKIE,3209042,6.937448983220079,0.0,6.937448983220079,1.0,wysokie ryzyko,56.72,627,0,2,0,0.0
Kartuzy,kartuski,POMORSKIE,2205023,20.749312135111065,13.815793012233286,6.933519122877782,0.3341565772267307,wysokie ryzyko,44.21,1011,0,2,0,0.0
Szczekociny,zawierciański,ŚLĄSKIE,2416083,84.78286961252576,77.8586554463393,6.924214166186465,0.0816699670326266,wysokie ryzyko,38.53,1164,0,2,0,0.0
Herby,lubliniecki,ŚLĄSKIE,2407042,24.90718636717627,18.018565703605535,6.888620663570734,0.2765716111816165,niskie ryzyko,31.56,1325,0,1,0,0.0
Tuchola,tucholski,KUJAWSKO-POMORSKIE,0416063,11.65619665638013,4.787795961325137,6.868400695054993,0.5892488688662875,wysokie ryzyko,48.92,851,0,2,0,0.0
Walce,krapkowicki,OPOLSKIE,1605042,156.7035345285686,149.85673446218317,6.846800066385444,0.0436926970855096,wysokie ryzyko,39.36,1139,0,1,0,0.0
Platerów,łosicki,MAZOWIECKIE,1410042,37.05376703806163,30.236323811179247,6.817443226882385,0.183987857965413,wysokie ryzyko,40.12,1121,0,1,0,0.0
Gorzów Śląski,oleski,OPOLSKIE,1608023,15.42874210627746,8.623765941098698,6.804976165178762,0.4410583907815812,niskie ryzyko,33.4,1294,0,2,0,0.0
Dębnica Kaszubska,słupski,POMORSKIE,2212032,6.8,0.0,6.8,1.0,niskie ryzyko,45.94,951,0,1,0,0.0
Turek,turecki,WIELKOPOLSKIE,3027082,21.62410862849037,14.894288360097448,6.7298202683929205,0.3112183898080402,niskie ryzyko,32.09,1320,0,1,0,0.0
Szreńsk,mławski,MAZOWIECKIE,1413072,11.998436514860108,5.278365739901343,6.720070774958766,0.5600788708292063,wysokie ryzyko,48.55,861,0,2,0,0.0
Włoszczowa,włoszczowski,ŚWIĘTOKRZYSKIE,2613063,6.719057703493436,0.0,6.719057703493436,1.0,niskie ryzyko,43.87,1021,0,1,0,0.0
Istebna,cieszyński,ŚLĄSKIE,2403092,31.29879607322998,24.588708389615345,6.710087683614633,0.2143880444447448,wysokie ryzyko,41.63,1079,0,1,0,0.0
Grębocice,polkowicki,DOLNOŚLĄSKIE,0216032,174.68055582618047,168.00822768396733,6.672328142213159,0.038197314581782,wysokie ryzyko,37.32,1199,0,2,0,0.0
Mogielnica,grójecki,MAZOWIECKIE,1406073,76.72588116270926,70.07445803028796,6.651423132421291,0.0866907363151151,wysokie ryzyko,38.09,1177,0,2,0,0.0
Tarnowiec,jasielski,PODKARPACKIE,1805112,89.52203006839873,82.88348134357499,6.6385487248237505,0.0741554756941013,wysokie ryzyko,39.76,1128,0,1,0,0.0
Kock,lubartowski,LUBELSKIE,0608063,75.0545857668213,68.44246194288662,6.612123823934679,0.0880975327007619,wysokie ryzyko,38.68,1159,0,2,0,0.0
Sucha Beskidzka,suski,MAŁOPOLSKIE,1215021,418.4808221139582,411.8700017110215,6.610820402936703,0.0157971884339695,wysokie ryzyko,36.97,1210,0,4,0,0.0
Stupsk,mławski,MAZOWIECKIE,1413062,7.14074876626932,0.6011590660115148,6.539589700257805,0.9158128810172956,niskie ryzyko,43.99,1017,0,1,0,0.0
Chęciny,kielecki,ŚWIĘTOKRZYSKIE,2604033,72.92060674952012,66.44478847401544,6.475818275504674,0.0888064233715017,wysokie ryzyko,38.91,1151,0,2,0,0.0
Teresin,sochaczewski,MAZOWIECKIE,1428082,21.54347762915564,15.112084958754648,6.4313926704009905,0.2985308491558082,wysokie ryzyko,44.03,1016,0,1,0,0.0
Czemierniki,radzyński,LUBELSKIE,0615033,8.508666076401939,2.09782121723425,6.410844859167689,0.7534488721972086,niskie ryzyko,39.07,1147,0,2,0,0.0
Perlejewo,siemiatycki,PODLASKIE,2010082,8.516586828330059,2.23288869342083,6.283698134909229,0.7378188306619241,niskie ryzyko,38.9,1152,0,2,0,0.0
Bliżyn,skarżyski,ŚWIĘTOKRZYSKIE,2610022,11.696706627072636,5.4414491037115,6.255257523361137,0.5347879298676277,niskie ryzyko,34.57,1265,0,3,0,0.0
Dębowiec,jasielski,PODKARPACKIE,1805032,151.53634463310146,145.28640782085614,6.24993681224535,0.0412438139997216,wysokie ryzyko,37.75,1189,0,2,0,0.0
Parzęczew,zgierski,ŁÓDZKIE,1020073,14.131520961175926,7.885806669650441,6.245714291525483,0.441970422623621,niskie ryzyko,32.48,1316,0,3,0,0.0
Głowaczów,kozienicki,MAZOWIECKIE,1407023,8.791009123728028,2.609357360111898,6.181651763616129,0.7031788588332916,niskie ryzyko,37.71,1190,0,2,0,0.0
Aleksandrów Kujawski,aleksandrowski,KUJAWSKO-POMORSKIE,0401011,6.076882958265963,0.0,6.076882958265963,1.0,niskie ryzyko,44.27,1008,0,1,0,0.0
Puszcza Mariańska,żyrardowski,MAZOWIECKIE,1438032,15.39986974750731,9.354527137086524,6.045342610420786,0.3925580352002205,wysokie ryzyko,45.5,961,0,1,0,0.0
Ustrzyki Dolne,bieszczadzki,PODKARPACKIE,1801083,69.33417649723495,63.32432806273907,6.009848434495872,0.0866794521564058,wysokie ryzyko,37.76,1188,0,3,0,0.0
Obrzycko,szamotulski,WIELKOPOLSKIE,3024042,131.8389866909024,125.8389866909024,6.0,0.0455100585236372,wysokie ryzyko,36.77,1217,0,1,0,0.0
Wądroże Wielkie,jaworski,DOLNOŚLĄSKIE,0205062,401.05529893319374,395.05713583603153,5.998163097162254,0.014955950247054,wysokie ryzyko,37.89,1183,0,1,0,0.0
Baruchowo,włocławski,KUJAWSKO-POMORSKIE,0418022,5.9841141913533145,0.0,5.9841141913533145,1.0,niskie ryzyko,43.88,1020,0,2,0,0.0
Piotrków Kujawski,radziejowski,KUJAWSKO-POMORSKIE,0411053,11.70923464683561,5.761120379240748,5.94811426759486,0.507984889448118,wysokie ryzyko,47.7,884,0,1,0,0.0
Suraż,białostocki,PODLASKIE,2002103,49.150704410020495,43.230284931848416,5.920419478172082,0.1204544176779909,niskie ryzyko,26.23,1380,0,2,0,0.0
Czarny Bór,wałbrzyski,DOLNOŚLĄSKIE,0221042,319.9004393567426,314.03897723459073,5.861462122151872,0.0183227698403232,wysokie ryzyko,37.81,1185,0,1,0,0.0
Grajewo,grajewski,PODLASKIE,2004022,33.42242006948222,27.579624966193965,5.842795103288257,0.1748166377880957,wysokie ryzyko,40.92,1100,0,1,0,0.0
Brusy,chojnicki,POMORSKIE,2202023,5.943337755812401,0.1019610917996603,5.84137666401274,0.9828444729226526,niskie ryzyko,43.26,1039,0,2,0,0.0
Lasowice Wielkie,kluczborski,OPOLSKIE,1604032,5.797328404796009,0.0,5.797328404796009,1.0,niskie ryzyko,43.48,1034,0,2,0,0.0
Lubraniec,włocławski,KUJAWSKO-POMORSKIE,0418123,40.39481567003143,34.60420770885788,5.790607961173547,0.1433502756510793,niskie ryzyko,26.86,1377,0,1,0,0.0
Michałowo,białostocki,PODLASKIE,2002073,10.748665735262511,4.975126753667588,5.773538981594923,0.5371400621989775,wysokie ryzyko,46.93,917,0,2,0,0.0
Tworóg,tarnogórski,ŚLĄSKIE,2413082,77.95786653887941,72.20048079749037,5.757385741389034,0.0738525308221164,wysokie ryzyko,38.8,1156,0,1,0,0.0
Uście Gorlickie,gorlicki,MAŁOPOLSKIE,1205102,33.75963167903728,28.008897241238145,5.75073443779913,0.1703435183319844,niskie ryzyko,27.08,1376,0,2,0,0.0
Wielopole Skrzyńskie,ropczycko-sędziszowski,PODKARPACKIE,1815052,110.143575485443,104.40019620783656,5.7433792776064445,0.0521444782620617,wysokie ryzyko,38.35,1171,0,1,0,0.0
Starogard Gdański,starogardzki,POMORSKIE,2213122,5.739764236494615,0.0,5.739764236494615,1.0,niskie ryzyko,44.81,985,0,1,0,0.0
Przysucha,przysuski,MAZOWIECKIE,1423063,6.257681272356113,0.5251939625517321,5.73248730980438,0.9160721136642376,niskie ryzyko,43.12,1041,0,1,0,0.0
Chodel,opolski,LUBELSKIE,0612012,120.4846688650946,114.76333406244488,5.721334802649731,0.0474859984804859,wysokie ryzyko,36.86,1214,0,1,0,0.0
Kunów,ostrowiecki,ŚWIĘTOKRZYSKIE,2607053,203.00012731218405,197.4470868040437,5.5530405081403815,0.0273548621947444,wysokie ryzyko,36.81,1216,0,2,0,0.0
Karsin,kościerski,POMORSKIE,2206032,5.536567777453583,0.0,5.536567777453583,1.0,niskie ryzyko,44.58,993,0,1,0,0.0
Strzyżewice,lubelski,LUBELSKIE,0609122,45.418494672271635,39.88544340255971,5.533051269711917,0.1218237484451436,wysokie ryzyko,38.68,1160,0,2,0,0.0
Lipie,kłobucki,ŚLĄSKIE,2406032,70.84575157249874,65.32350535756737,5.522246214931371,0.0779474575730949,niskie ryzyko,25.02,1398,0,2,0,0.0
Łąck,płocki,MAZOWIECKIE,1419072,5.519015517049285,0.0,5.519015517049285,1.0,niskie ryzyko,42.98,1045,0,1,0,0.0
Polanów,koszaliński,ZACHODNIOPOMORSKIE,3209063,10.173302558813525,4.670537910860968,5.502764647952556,0.5409024863008028,niskie ryzyko,34.12,1281,0,1,0,0.0
Żywiec,żywiecki,ŚLĄSKIE,2417011,1115.1449056172894,1109.664489700933,5.480415916356427,0.0049145325318262,wysokie ryzyko,36.01,1235,0,2,0,0.0
Lądek,słupecki,WIELKOPOLSKIE,3023022,286.64254665605847,281.2389205760203,5.403626080038184,0.0188514445712135,wysokie ryzyko,36.22,1232,0,1,0,0.0
Augustów,augustowski,PODLASKIE,2001011,43.48002271883618,38.08493539171245,5.395087327123733,0.1240819804076712,niskie ryzyko,26.09,1382,0,2,0,0.0
Siedlec,wolsztyński,WIELKOPOLSKIE,3029022,167.01199223444831,161.61718493777013,5.3948072966781675,0.0323019157157591,wysokie ryzyko,37.56,1194,0,1,0,0.0
Miejsce Piastowe,krośnieński,PODKARPACKIE,1807072,354.2110652931975,348.82010047248275,5.390964820714782,0.0152196397824342,wysokie ryzyko,37.21,1203,0,1,0,0.0
Nowosolna,łódzki wschodni,ŁÓDZKIE,1006082,11.336359477070005,5.951757244472477,5.384602232597528,0.4749851346447627,niskie ryzyko,33.09,1305,0,2,0,0.0
Brodnica,brodnicki,KUJAWSKO-POMORSKIE,0402032,5.374535560848923,0.0,5.374535560848923,1.0,niskie ryzyko,43.58,1031,0,2,0,0.0
Siemkowice,pajęczański,ŁÓDZKIE,1009062,7.035005193143761,1.6793297851597329,5.3556754079840285,0.7612894746977033,wysokie ryzyko,51.29,784,0,1,0,0.0
Rząśnia,pajęczański,ŁÓDZKIE,1009052,10.363772375170356,5.034051259632507,5.329721115537849,0.5142645865425273,niskie ryzyko,33.82,1287,0,1,0,0.0
Wieliczki,olecki,WARMIŃSKO-MAZURSKIE,2813062,79.96359082454828,74.65589440550673,5.307696419041561,0.0663764141193636,wysokie ryzyko,36.58,1222,0,2,0,0.0
Trzciel,międzyrzecki,LUBUSKIE,0803063,263.08504124012546,257.8098537252939,5.275187514831588,0.0200512636140979,wysokie ryzyko,35.99,1238,0,1,0,0.0
Ustroń,cieszyński,ŚLĄSKIE,2403021,128.81635776131236,123.5528036483679,5.263554112944467,0.0408609139741201,wysokie ryzyko,37.58,1193,0,1,0,0.0
Tarnowskie Góry,tarnogórski,ŚLĄSKIE,2413041,51.76519646368554,46.53649442745372,5.2287020362318275,0.101008059341567,niskie ryzyko,26.24,1379,0,1,0,0.0
Płaska,augustowski,PODLASKIE,2001062,5.216167325307277,0.0,5.216167325307277,1.0,niskie ryzyko,43.03,1043,0,3,0,0.0
Łęczna,łęczyński,LUBELSKIE,0610033,27.23718241451213,22.10607505059069,5.13110736392144,0.1883861291462936,niskie ryzyko,27.87,1366,0,1,0,0.0
Stary Brus,włodawski,LUBELSKIE,0619042,5.084616193484743,0.0,5.084616193484743,1.0,niskie ryzyko,42.55,1059,0,2,0,0.0
Biała Podlaska,bialski,LUBELSKIE,0601032,5.046458226664082,0.0,5.046458226664082,1.0,niskie ryzyko,42.99,1044,0,2,0,0.0
Bratian,nowomiejski,WARMIŃSKO-MAZURSKIE,2812052,43.83398892688537,38.79159744325114,5.04239148363423,0.1150338266509325,niskie ryzyko,25.28,1393,0,2,0,0.0
Jeziorzany,lubartowski,LUBELSKIE,0608042,223.10478367328665,218.0653573266672,5.039426346619438,0.0225877108668326,wysokie ryzyko,36.18,1233,0,1,0,0.0
Szczecinek,szczecinecki,ZACHODNIOPOMORSKIE,3215062,9.086127914957462,4.086127914957463,5.0,0.5502894133560531,wysokie ryzyko,47.45,896,0,1,0,0.0
Karczmiska,opolski,LUBELSKIE,0612032,17.76190476190476,12.76190476190476,5.0,0.2815013404825737,wysokie ryzyko,41.07,1095,0,1,0,0.0
Czarnocin,piotrkowski,ŁÓDZKIE,1010022,5.0,0.0,5.0,1.0,niskie ryzyko,43.94,1018,0,1,0,0.0
Kołczygłowy,bytowski,POMORSKIE,2201042,4.966717437796672,0.0,4.966717437796672,1.0,niskie ryzyko,42.58,1056,0,1,0,0.0
Somonino,kartuski,POMORSKIE,2205052,6.4613582600225765,1.5076499235286502,4.953708336493926,0.7666667188450587,wysokie ryzyko,50.73,801,0,2,0,0.0
Pęczniew,poddębicki,ŁÓDZKIE,1011022,82.02276663936442,77.0690921080502,4.953674531314212,0.0603938971370522,wysokie ryzyko,36.4,1226,0,1,0,0.0
Krasnopol,sejneński,PODLASKIE,2009032,4.9535921209607,0.0,4.9535921209607,1.0,niskie ryzyko,42.89,1047,0,1,0,0.0
Kampinos,warszawski zachodni,MAZOWIECKIE,1432032,5.384577717881369,0.4598860058048035,4.924691712076566,0.914592001471612,wysokie ryzyko,53.41,733,0,2,0,0.0
Świerzno,kamieński,ZACHODNIOPOMORSKIE,3207052,9.637704312501397,4.80583053063003,4.831873781871367,0.5013511127959983,niskie ryzyko,32.6,1312,0,2,0,0.0
Podgórzyn,karkonoski,DOLNOŚLĄSKIE,0206082,47.782301899857735,42.96834350237954,4.8139583974781965,0.10074772888856,wysokie ryzyko,38.23,1175,0,1,0,0.0
Krośnice,milicki,DOLNOŚLĄSKIE,0213022,4.799718873608832,0.0,4.799718873608832,1.0,niskie ryzyko,43.69,1028,0,1,0,0.0
Świętajno,szczycieński,WARMIŃSKO-MAZURSKIE,2817072,4.798061480613604,0.0,4.798061480613604,1.0,wysokie ryzyko,54.93,689,0,2,0,0.0
Nowe Ostrowy,kutnowski,ŁÓDZKIE,1002082,6.002731290150989,1.25,4.752731290150989,0.7917614599789027,niskie ryzyko,39.47,1133,0,1,0,0.0
Lubartów,lubartowski,LUBELSKIE,0608072,188.15967964234613,183.4265755984841,4.733104043862022,0.0251547199318084,wysokie ryzyko,36.61,1221,0,1,0,0.0
Skulsk,koniński,WIELKOPOLSKIE,3010092,52.05710305062467,47.32907314982266,4.728029900802006,0.0908239149651503,wysokie ryzyko,37.21,1204,0,2,0,0.0
Karlino,białogardzki,ZACHODNIOPOMORSKIE,3201033,64.57303879080392,59.87560525489089,4.697433535913032,0.0727460504240976,niskie ryzyko,24.31,1494,0,2,0,0.0
Jaśliska,krośnieński,PODKARPACKIE,1807102,101.6687355183484,96.9992034920405,4.669532026307897,0.0459288885860607,wysokie ryzyko,36.01,1236,0,1,0,0.0
Borzechów,lubelski,LUBELSKIE,0609022,29.96125902471579,25.31652218261053,4.644736842105263,0.1550247550770047,niskie ryzyko,25.48,1389,0,2,0,0.0
Harasiuki,niżański,PODKARPACKIE,1812012,13.771960759257194,9.1325002619028,4.639460497354396,0.3368772666764866,niskie ryzyko,30.23,1339,0,1,0,0.0
Żołynia,łańcucki,PODKARPACKIE,1810072,15.69473030324791,11.057783499710345,4.636946803537568,0.2954460964887039,niskie ryzyko,28.7,1355,0,2,0,0.0
Sienno,lipski,MAZOWIECKIE,1409053,31.75146319996956,27.14700498188032,4.604458218089238,0.1450156230309932,niskie ryzyko,25.42,1390,0,1,0,0.0
Żary,żarski,LUBUSKIE,0811102,4.589081636937538,0.0,4.589081636937538,1.0,wysokie ryzyko,55.01,687,0,1,0,0.0
Tomaszów Mazowiecki,tomaszowski,ŁÓDZKIE,1016011,5840.057222982371,5835.489902143135,4.567320839236316,0.0007820678231135,wysokie ryzyko,35.0,1260,0,2,0,0.0
Człuchów,człuchowski,POMORSKIE,2203032,4.564663292822577,0.0,4.564663292822577,1.0,niskie ryzyko,43.39,1036,0,1,0,0.0
Trojanów,garwoliński,MAZOWIECKIE,1403122,83.37267617517153,78.93872267450418,4.4339535006673545,0.0531823338782039,wysokie ryzyko,35.9,1239,0,1,0,0.0
Żabia Wola,grodziski,MAZOWIECKIE,1405062,4.420407236570582,0.0,4.420407236570582,1.0,niskie ryzyko,43.2,1040,0,1,0,0.0
Ostróda,ostródzki,WARMIŃSKO-MAZURSKIE,2815092,4.415942484207587,0.0,4.415942484207587,1.0,niskie ryzyko,42.14,1069,0,1,0,0.0
Kleszczów,bełchatowski,ŁÓDZKIE,1001042,4.377895499564825,0.0,4.377895499564825,1.0,niskie ryzyko,41.9,1076,0,2,0,0.0
Piła,pilski,WIELKOPOLSKIE,3019011,160.75381870626504,156.43230141810534,4.321517288159704,0.0268828281837343,wysokie ryzyko,35.14,1256,0,2,0,0.0
Wałcz,wałecki,ZACHODNIOPOMORSKIE,3217052,20.37044088039304,16.06192249366216,4.308518386730878,0.2115083523242697,wysokie ryzyko,39.78,1127,0,1,0,0.0
Nur,ostrowski,MAZOWIECKIE,1416062,75.47506182351034,71.19407238833882,4.280989435171532,0.0567205820272413,wysokie ryzyko,36.01,1237,0,1,0,0.0
Krzywiń,kościański,WIELKOPOLSKIE,3011043,11.452480194335704,7.207367380462675,4.245112813873029,0.370671919255763,niskie ryzyko,30.38,1336,0,1,0,0.0
Tymbark,limanowski,MAŁOPOLSKIE,1207122,110.55799578942738,106.32496678820677,4.233029001220633,0.0382878594261332,wysokie ryzyko,35.58,1244,0,2,0,0.0
Drawsko Pomorskie,drawski,ZACHODNIOPOMORSKIE,3203023,6.360943718499016,2.135307743067852,4.225635975431164,0.6643095997127109,niskie ryzyko,36.23,1231,0,1,0,0.0
Szulborze Wielkie,ostrowski,MAZOWIECKIE,1416092,4.215943617777146,0.0,4.215943617777146,1.0,wysokie ryzyko,54.48,703,0,2,0,0.0
Mieścisko,wągrowiecki,WIELKOPOLSKIE,3028043,9.982160501846494,5.851851851851852,4.130308649994642,0.4137690081451426,niskie ryzyko,30.05,1342,0,1,0,0.0
Żukowo,kartuski,POMORSKIE,2205083,15.914610695395169,11.785487521719409,4.129123173675758,0.2594548652623029,niskie ryzyko,28.0,1364,0,1,0,0.0
Susiec,tomaszowski,LUBELSKIE,0618082,7.052436255076259,2.93014469308184,4.122291561994419,0.5845202158370794,wysokie ryzyko,46.0,948,0,1,0,0.0
Garbatka-Letnisko,kozienicki,MAZOWIECKIE,1407012,4.0945682176270735,0.0,4.0945682176270735,1.0,niskie ryzyko,41.61,1080,0,1,0,0.0
Stary Lubotyń,ostrowski,MAZOWIECKIE,1416082,21.5369396010412,17.465511029612628,4.071428571428571,0.1890439703527672,wysokie ryzyko,39.01,1148,0,1,0,0.0
Redzikowo,słupski,POMORSKIE,2212082,4.5492618205955155,0.5005166153009377,4.048745205294578,0.8899784987017041,niskie ryzyko,40.5,1113,0,1,0,0.0
Lidzbark,działdowski,WARMIŃSKO-MAZURSKIE,2803043,45.33091361069553,41.3250621451168,4.005851465578731,0.0883690873733808,wysokie ryzyko,36.91,1211,0,1,0,0.0
Jarocin,jarociński,WIELKOPOLSKIE,3006023,8.929706746637464,4.929706746637465,4.0,0.4479430415233092,niskie ryzyko,31.59,1324,0,1,0,0.0
Lędziny,bieruńsko-lędziński,ŚLĄSKIE,2414031,48.842639758570144,44.842639758570144,4.0,0.0818956555127252,niskie ryzyko,24.27,1495,0,1,0,0.0
Niedźwiada,lubartowski,LUBELSKIE,0608092,49.614121054693626,45.657981590703,3.956139463990621,0.0797381749367171,niskie ryzyko,24.16,1496,0,1,0,0.0
Kolsko,nowosolski,LUBUSKIE,0804032,3.879744990576203,0.0,3.879744990576203,1.0,wysokie ryzyko,54.18,711,0,2,0,0.0
Głowno,zgierski,ŁÓDZKIE,1020052,4.669443142912153,0.819443142912152,3.85,0.824509450520668,niskie ryzyko,38.33,1172,0,2,0,0.0
Białogard,białogardzki,ZACHODNIOPOMORSKIE,3201011,1435.387235015049,1431.5870351076146,3.800199907434812,0.0026475085013522,wysokie ryzyko,34.14,1279,0,3,0,0.0
Borów,strzeliński,DOLNOŚLĄSKIE,0217012,124.88096953832576,121.08846660955857,3.792502928767226,0.030368942063693,wysokie ryzyko,35.44,1249,0,1,0,0.0
Lipusz,kościerski,POMORSKIE,2206062,7.72947151433242,3.9437572286181353,3.7857142857142856,0.4897766009868335,niskie ryzyko,31.55,1326,0,1,0,0.0
Sławków,będziński,ŚLĄSKIE,2401081,3.7791231339522215,0.0,3.7791231339522215,1.0,wysokie ryzyko,54.25,708,0,2,0,0.0
Giby,sejneński,PODLASKIE,2009022,16.429785834735164,12.666666666666666,3.7631191680684983,0.2290424967142706,niskie ryzyko,26.02,1383,0,1,0,0.0
Sławno,sławieński,ZACHODNIOPOMORSKIE,3213021,209.6233942382351,205.864620387009,3.758773851226079,0.0179310799965115,wysokie ryzyko,35.14,1257,0,1,0,0.0
Korzenna,nowosądecki,MAŁOPOLSKIE,1210062,34.248540845687735,30.538727251011707,3.709813594676026,0.1083203401683938,niskie ryzyko,24.38,1493,0,1,0,0.0
Boniewo,włocławski,KUJAWSKO-POMORSKIE,0418032,3.707483391641868,0.0,3.707483391641868,1.0,niskie ryzyko,41.65,1078,0,1,0,0.0
Grodziczno,nowomiejski,WARMIŃSKO-MAZURSKIE,2812032,3.6666666666666665,0.0,3.6666666666666665,1.0,niskie ryzyko,42.15,1068,0,1,0,0.0
Suszec,pszczyński,ŚLĄSKIE,2410062,3.637650903387737,0.0,3.637650903387737,1.0,niskie ryzyko,42.1,1072,0,1,0,0.0
Malczyce,średzki,DOLNOŚLĄSKIE,0218022,61.486704930366926,57.88082584945469,3.6058790809122416,0.0586448580224922,wysokie ryzyko,35.19,1254,0,1,0,0.0
Zembrzyce,suski,MAŁOPOLSKIE,1215092,79.06553195777525,75.47166984505074,3.59386211272451,0.0454542203629743,wysokie ryzyko,35.45,1247,0,1,0,0.0
Puńsk,sejneński,PODLASKIE,2009042,3.5844150708101834,0.0,3.5844150708101834,1.0,niskie ryzyko,42.02,1075,0,1,0,0.0
Gostynin,gostyniński,MAZOWIECKIE,1404022,64.51641189102722,60.95510216911359,3.5613097219136343,0.0552000586754411,wysokie ryzyko,35.06,1259,0,2,0,0.0
Drzycim,świecki,KUJAWSKO-POMORSKIE,0414032,3.5241547492570167,0.0,3.5241547492570167,1.0,niskie ryzyko,41.05,1096,0,2,0,0.0
Rudka,bielski,PODLASKIE,2003072,3.5132275132275126,0.0,3.5132275132275126,1.0,wysokie ryzyko,53.62,728,0,2,0,0.0
Strachówka,wołomiński,MAZOWIECKIE,1434102,3.4663816032202517,0.0,3.4663816032202517,1.0,wysokie ryzyko,53.65,727,0,2,0,0.0
Stryszów,wadowicki,MAŁOPOLSKIE,1218072,41.72310889553678,38.30480906894484,3.418299826591944,0.0819282147730273,wysokie ryzyko,35.39,1251,0,2,0,0.0
Stromiec,białobrzeski,MAZOWIECKIE,1401052,3.4144235533054417,0.0,3.4144235533054417,1.0,niskie ryzyko,41.76,1077,0,1,0,0.0
Skierniewice,Skierniewice,ŁÓDZKIE,1063011,39.67986001409696,36.2769219894998,3.4029380245971543,0.0857598293791409,wysokie ryzyko,35.45,1248,0,2,0,0.0
Zwoleń,zwoleński,MAZOWIECKIE,1436053,15.550887203084384,12.170803230450431,3.380083972633951,0.2173563429849546,niskie ryzyko,25.55,1388,0,1,0,0.0
Dzierzgoń,sztumski,POMORSKIE,2216013,8.333970916760359,4.973146174492318,3.360824742268041,0.4032681150241504,wysokie ryzyko,41.49,1084,0,2,0,0.0
Kościan,kościański,WIELKOPOLSKIE,3011011,547.1012511781369,543.7436200737925,3.357631104344457,0.0061371292738118,wysokie ryzyko,34.3,1272,0,1,0,0.0
Godziesze Wielkie,kaliski,WIELKOPOLSKIE,3007042,100.71849837520293,97.38278735499654,3.335711020206367,0.0331191496499477,wysokie ryzyko,34.3,1273,0,1,0,0.0
Dębica,dębicki,PODKARPACKIE,1803011,3905.0090873861654,3901.6766511525298,3.3324362336367233,0.0008533747704713,wysokie ryzyko,34.15,1278,0,1,0,0.0
Chłopice,jarosławski,PODKARPACKIE,1804032,43.89886872732695,40.572686674168565,3.3261820531583925,0.0757691974665363,niskie ryzyko,22.64,1505,0,1,0,0.0
Kościan,kościański,WIELKOPOLSKIE,3011032,57.960253189176655,54.63944045142467,3.320812737751985,0.0572946554755924,wysokie ryzyko,35.26,1253,0,1,0,0.0
Domaradz,brzozowski,PODKARPACKIE,1802022,92.61226654362942,89.32904419027504,3.283222353354376,0.035451268777745,wysokie ryzyko,34.27,1274,0,2,0,0.0
Szadek,zduńskowolski,ŁÓDZKIE,1019023,5.603478377109651,2.331303800125971,3.2721745769836796,0.5839541721710919,niskie ryzyko,32.56,1314,0,1,0,0.0
Chmielno,kartuski,POMORSKIE,2205012,8.509596211068152,5.253792865394857,3.255803345673295,0.3826037411080186,niskie ryzyko,28.68,1356,0,1,0,0.0
Jastrowie,złotowski,WIELKOPOLSKIE,3031023,3.2222227782527346,0.0,3.2222227782527346,1.0,niskie ryzyko,40.73,1107,0,2,0,0.0
Pniewy,grójecki,MAZOWIECKIE,1406092,6.292698716480199,3.0828772879087714,3.2098214285714284,0.5100866215261664,niskie ryzyko,31.64,1323,0,1,0,0.0
Ciechanów,ciechanowski,MAZOWIECKIE,1402011,369.7892417558781,366.6013977275028,3.187844028375278,0.0086207051704326,wysokie ryzyko,33.6,1291,0,1,0,0.0
Skaryszew,radomski,MAZOWIECKIE,1425103,4.45474679857031,1.2772016265163082,3.1775451720540024,0.7132942265256899,niskie ryzyko,35.65,1243,0,1,0,0.0
Kraśnik,kraśnicki,LUBELSKIE,0607011,267.70186716398644,264.5768908196457,3.124976344340701,0.0116733453428863,wysokie ryzyko,34.03,1283,0,1,0,0.0
Żarnów,opoczyński,ŁÓDZKIE,1007083,9.409741924848412,6.3078585383419465,3.101883386506465,0.3296459574853255,niskie ryzyko,27.39,1374,0,1,0,0.0
Grębków,węgrowski,MAZOWIECKIE,1433022,19.85275875998489,16.81993331031822,3.0328254496666696,0.1527659448408558,wysokie ryzyko,36.7,1219,0,1,0,0.0
Pszczew,międzyrzecki,LUBUSKIE,0803042,17.09174546833959,14.091745468339589,3.0,0.1755233253126277,wysokie ryzyko,36.38,1227,0,1,0,0.0
Mochowo,sierpecki,MAZOWIECKIE,1427032,8.5,5.5,3.0,0.3529411764705882,niskie ryzyko,27.7,1370,0,1,0,0.0
Łyse,ostrołęcki,MAZOWIECKIE,1415072,3.0,0.0,3.0,1.0,niskie ryzyko,41.09,1094,0,1,0,0.0
Barwice,szczecinecki,ZACHODNIOPOMORSKIE,3215023,4.509128412322822,1.5943503501107188,2.914778062212103,0.6464171777069865,niskie ryzyko,33.29,1297,0,1,0,0.0
Łagów,świebodziński,LUBUSKIE,0808022,3.292905913216197,0.3826381642326015,2.9102677489835953,0.8837992416677107,niskie ryzyko,37.81,1186,0,2,0,0.0
Trzebiatów,gryficki,ZACHODNIOPOMORSKIE,3205083,575.8261757508401,572.9202116703444,2.9059640804956524,0.0050465994823984,wysokie ryzyko,33.1,1303,0,2,0,0.0
Ślesin,koniński,WIELKOPOLSKIE,3010123,3.2439485984813734,0.350697918457071,2.8932506800243023,0.8918916537021433,niskie ryzyko,38.75,1158,0,1,0,0.0
Rymań,kołobrzeski,ZACHODNIOPOMORSKIE,3208052,2.8768532605969703,0.0,2.8768532605969703,1.0,niskie ryzyko,40.45,1114,0,1,0,0.0
Tarczyn,piaseczyński,MAZOWIECKIE,1418063,2.8617975030563483,0.0,2.8617975030563483,1.0,niskie ryzyko,40.43,1115,0,1,0,0.0
Lubartów,lubartowski,LUBELSKIE,0608011,20.81421372151722,17.967173431044273,2.8470402904729477,0.1367834657876001,wysokie ryzyko,35.5,1246,0,1,0,0.0
Nałęczów,puławski,LUBELSKIE,0614083,30.75354447855413,28.024578813586437,2.7289656649676868,0.0887366224361787,wysokie ryzyko,34.35,1269,0,2,0,0.0
Sławno,sławieński,ZACHODNIOPOMORSKIE,3213062,6.095099146090126,3.395099146090126,2.7,0.4429788482984713,niskie ryzyko,29.02,1351,0,1,0,0.0
Zielonki,krakowski,MAŁOPOLSKIE,1206172,363.44136067892066,360.77438774446847,2.666972934452167,0.0073381106912822,wysokie ryzyko,33.16,1299,0,1,0,0.0
Kalety,tarnogórski,ŚLĄSKIE,2413011,26.873578486911935,24.2234388882482,2.6501395986637335,0.0986150616284472,wysokie ryzyko,34.31,1271,0,2,0,0.0
Iława,iławski,WARMIŃSKO-MAZURSKIE,2807032,11.927651125451048,9.285394083835545,2.6422570416155025,0.2215236691470203,niskie ryzyko,24.89,1492,0,1,0,0.0
Ropczyce,ropczycko-sędziszowski,PODKARPACKIE,1815033,1596.079939568251,1593.4638855956389,2.6160539726119394,0.0016390494659807,wysokie ryzyko,32.36,1318,0,2,0,0.0
Izbica,krasnostawski,LUBELSKIE,0606043,244.5027828186975,241.90278281869757,2.6,0.0106338257995531,wysokie ryzyko,33.1,1304,0,1,0,0.0
Osielsko,bydgoski,KUJAWSKO-POMORSKIE,0403062,2.5373221832119617,0.0,2.5373221832119617,1.0,niskie ryzyko,39.76,1129,0,1,0,0.0
Suwałki,suwalski,PODLASKIE,2012072,8.821154677954311,6.292663506572767,2.528491171381543,0.2866394779019926,niskie ryzyko,25.61,1387,0,1,0,0.0
Opole Lubelskie,opolski,LUBELSKIE,0612053,3.6220879999133855,1.0937246259134668,2.5283633739999187,0.698040294454574,wysokie ryzyko,46.34,946,0,1,0,0.0
Duszniki-Zdrój,kłodzki,DOLNOŚLĄSKIE,0208011,425.20298402888625,422.67895440842824,2.524029620458001,0.0059360581069829,wysokie ryzyko,32.49,1315,0,2,0,0.0
Szamotuły,szamotulski,WIELKOPOLSKIE,3024073,39.67385614644455,37.200818985226334,2.473037161218217,0.0623341767457571,niskie ryzyko,21.4,1507,0,1,0,0.0
Działdowo,działdowski,WARMIŃSKO-MAZURSKIE,2803022,2.4642857142857144,0.0,2.4642857142857144,1.0,niskie ryzyko,39.45,1134,0,1,0,0.0
Radoszyce,konecki,ŚWIĘTOKRZYSKIE,2605043,3.2183706100833867,0.7631045753531225,2.455266034730264,0.7628910191504169,niskie ryzyko,34.66,1264,0,1,0,0.0
Węgrów,węgrowski,MAZOWIECKIE,1433011,101.51080056874298,99.06128554263287,2.449515026110107,0.0241305852420235,wysokie ryzyko,32.72,1311,0,1,0,0.0
Brzeźnio,sieradzki,ŁÓDZKIE,1014042,6.397707725131575,3.9568736762865586,2.440834048845016,0.3815169672814051,niskie ryzyko,27.72,1368,0,1,0,0.0
Rypin,rypiński,KUJAWSKO-POMORSKIE,0412042,2.4375,0.0,2.4375,1.0,niskie ryzyko,40.08,1124,0,1,0,0.0
Tarnawatka,tomaszowski,LUBELSKIE,0618092,2.411355720575672,0.0,2.411355720575672,1.0,niskie ryzyko,40.03,1125,0,1,0,0.0
Rościszewo,sierpecki,MAZOWIECKIE,1427042,15.452914643221591,13.068299258606208,2.3846153846153846,0.1543149263211257,wysokie ryzyko,35.57,1245,0,1,0,0.0
Waganiec,aleksandrowski,KUJAWSKO-POMORSKIE,0401082,2.3333333333333335,0.0,2.3333333333333335,1.0,niskie ryzyko,39.53,1131,0,1,0,0.0
Turośń Kościelna,białostocki,PODLASKIE,2002112,2.3295496199112917,0.0,2.3295496199112917,1.0,niskie ryzyko,39.25,1142,0,1,0,0.0
Lutocin,żuromiński,MAZOWIECKIE,1437042,2.271440593993977,0.0,2.271440593993977,1.0,niskie ryzyko,39.42,1135,0,1,0,0.0
Ciechocin,golubsko-dobrzyński,KUJAWSKO-POMORSKIE,0405022,12.504241521084731,10.356443518288152,2.14779800279658,0.1717655564453828,niskie ryzyko,22.94,1503,0,1,0,0.0
Bytnica,krośnieński,LUBUSKIE,0802032,2.091295681063123,0.0,2.091295681063123,1.0,niskie ryzyko,39.08,1146,0,1,0,0.0
Łęczyce,wejherowski,POMORSKIE,2215082,20.783474372120494,18.707454538280587,2.0760198338399083,0.0998880070131458,wysokie ryzyko,33.85,1286,0,1,0,0.0
Koluszki,łódzki wschodni,ŁÓDZKIE,1006073,2.059262170712476,0.0,2.059262170712476,1.0,niskie ryzyko,39.32,1141,0,1,0,0.0
Świątki,olsztyński,WARMIŃSKO-MAZURSKIE,2814122,2.0,0.0,2.0,1.0,niskie ryzyko,39.2,1143,0,1,0,0.0
Lubochnia,tomaszowski,ŁÓDZKIE,1016062,2.0,0.0,2.0,1.0,niskie ryzyko,38.9,1153,0,1,0,0.0
Rozprza,piotrkowski,ŁÓDZKIE,1010083,8.975061244937919,7.0,1.9750612449379183,0.2200610325697649,niskie ryzyko,22.95,1502,0,0,0,0.0
Sejny,sejneński,PODLASKIE,2009052,4.1028496004365005,2.130040272984769,1.9728093274517315,0.4808388119422767,niskie ryzyko,28.46,1359,0,1,0,0.0
Złocieniec,drawski,ZACHODNIOPOMORSKIE,3203063,4.6704833980744365,2.7051891939073887,1.9652942041670485,0.4207903201148957,wysokie ryzyko,39.5,1132,0,1,0,0.0
Ostrówek,wieluński,ŁÓDZKIE,1017062,3.49249686893129,1.527254685971412,1.965242182959878,0.5627040643736484,niskie ryzyko,29.78,1347,0,0,0,0.0
Dobrzany,stargardzki,ZACHODNIOPOMORSKIE,3214033,1.945601534952668,0.0,1.945601534952668,1.0,niskie ryzyko,38.79,1157,0,1,0,0.0
Dobre Miasto,olsztyński,WARMIŃSKO-MAZURSKIE,2814033,48.52292164758517,46.644991275882695,1.8779303717024691,0.0387019228838197,niskie ryzyko,19.33,1517,0,1,0,0.0
Krasnosielc,makowski,MAZOWIECKIE,1411042,48.01117436637236,46.14085838309536,1.8703159832769924,0.0389558474242818,wysokie ryzyko,31.82,1321,0,1,0,0.0
Michałów,pińczowski,ŚWIĘTOKRZYSKIE,2608032,55.90534989168964,54.06217170583883,1.8431781858508107,0.0329696207862353,niskie ryzyko,19.23,1518,0,1,0,0.0
Borowie,garwoliński,MAZOWIECKIE,1403032,4.737040673101434,2.9166344818775105,1.8204061912239229,0.3842918642351591,niskie ryzyko,26.48,1378,0,1,0,0.0
Sianów,koszaliński,ZACHODNIOPOMORSKIE,3209073,190.5051587228798,188.71663449387424,1.7885242290055616,0.0093883243949695,wysokie ryzyko,30.88,1332,0,0,0,0.0
Ostrów,ropczycko-sędziszowski,PODKARPACKIE,1815022,555.7270187378176,553.9455071355267,1.7815116022910855,0.0032057314872638,wysokie ryzyko,31.27,1327,0,1,0,0.0
Siemiątkowo,żuromiński,MAZOWIECKIE,1437052,1.75,0.0,1.75,1.0,niskie ryzyko,38.64,1161,0,1,0,0.0
Sokoły,wysokomazowiecki,PODLASKIE,2013082,3.17820826478001,1.4313533895090185,1.7468548752709918,0.5496351181982424,niskie ryzyko,29.2,1350,0,1,0,0.0
Karpacz,karkonoski,DOLNOŚLĄSKIE,0206011,1.708859250625803,0.0,1.708859250625803,1.0,niskie ryzyko,38.54,1163,0,1,0,0.0
Hażlach,cieszyński,ŚLĄSKIE,2403082,15.35070460116398,13.68378274393189,1.66692185723209,0.1085892732966598,niskie ryzyko,20.36,1511,0,1,0,0.0
Brzeziny,brzeziński,ŁÓDZKIE,1021022,1.6532778233274263,0.0,1.6532778233274263,1.0,niskie ryzyko,38.41,1169,0,1,0,0.0
Wieluń,wieluński,ŁÓDZKIE,1017093,20.81020391064765,19.183933132497412,1.6262707781502388,0.0781477579524412,niskie ryzyko,19.91,1513,0,1,0,0.0
Kowale Oleckie,olecki,WARMIŃSKO-MAZURSKIE,2813032,1.6174956866712316,0.0,1.6174956866712316,1.0,niskie ryzyko,38.32,1173,0,1,0,0.0
Końskowola,puławski,LUBELSKIE,0614053,217.34153106430173,215.74146795557508,1.6000631087266524,0.0073619758768206,wysokie ryzyko,30.45,1334,0,0,0,0.0
Kobylnica,słupski,POMORSKIE,2212063,1.587673581638543,0.0,1.587673581638543,1.0,niskie ryzyko,38.01,1180,0,1,0,0.0
Łuków,łukowski,LUBELSKIE,0611052,6.1749815375694395,4.595172584992085,1.5798089525773549,0.2558402714187207,niskie ryzyko,23.11,1501,0,1,0,0.0
Kępice,słupski,POMORSKIE,2212053,5.391237446025538,3.8271310565775503,1.5641063894479876,0.2901201078800673,niskie ryzyko,24.0,1497,0,1,0,0.0
Recz,choszczeński,ZACHODNIOPOMORSKIE,3202063,1.5411841655393854,0.0,1.5411841655393854,1.0,niskie ryzyko,37.91,1182,0,1,0,0.0
Łęka Opatowska,kępiński,WIELKOPOLSKIE,3008042,1.5028713952324426,0.0,1.5028713952324426,1.0,niskie ryzyko,38.04,1178,0,1,0,0.0
Jeżów,brzeziński,ŁÓDZKIE,1021043,1.5,0.0,1.5,1.0,niskie ryzyko,38.03,1179,0,1,0,0.0
Rawa Mazowiecka,rawski,ŁÓDZKIE,1013042,17.560628309832932,16.076780697640903,1.483847612192029,0.0844985490274946,niskie ryzyko,19.39,1516,0,1,0,0.0
Garbów,lubelski,LUBELSKIE,0609042,5.122621443663785,3.7049598752824746,1.4176615683813116,0.276745331266832,niskie ryzyko,23.36,1499,0,1,0,0.0
Świerczów,namysłowski,OPOLSKIE,1606042,3.8806668596306753,2.4675108184990022,1.413156041131673,0.3641528871834579,niskie ryzyko,25.09,1395,0,1,0,0.0
Dobre,miński,MAZOWIECKIE,1412063,2.274579756828643,0.8745797568286433,1.4,0.6154983116318438,niskie ryzyko,30.09,1341,0,1,0,0.0
Płoniawy-Bramura,makowski,MAZOWIECKIE,1411062,20.138536570027036,18.753921185411652,1.3846153846153846,0.0687545184726163,wysokie ryzyko,31.2,1330,0,0,0,0.0
Olsztynek,olsztyński,WARMIŃSKO-MAZURSKIE,2814093,1.376311837157694,0.0,1.376311837157694,1.0,wysokie ryzyko,50.22,816,0,1,0,0.0
Kiełczygłów,pajęczański,ŁÓDZKIE,1009022,13.481718439433548,12.107691397801853,1.3740270416316955,0.1019177968895059,niskie ryzyko,19.75,1515,0,1,0,0.0
Rychliki,elbląski,WARMIŃSKO-MAZURSKIE,2804082,1.35528665670445,0.0,1.35528665670445,1.0,niskie ryzyko,37.39,1198,0,1,0,0.0
Gdynia,Gdynia,POMORSKIE,2262011,833.193080487813,831.845789491886,1.347290995926923,0.0016170213453262,wysokie ryzyko,30.17,1340,0,1,0,0.0
Opatówek,kaliski,WIELKOPOLSKIE,3007083,11.88162814894767,10.561425854218442,1.3202022947292285,0.1111129113097312,niskie ryzyko,19.79,1514,0,1,0,0.0
Radowo Małe,łobeski,ZACHODNIOPOMORSKIE,3218032,1.3098023722890415,0.0,1.3098023722890415,1.0,niskie ryzyko,37.54,1196,0,1,0,0.0
Dłutów,pabianicki,ŁÓDZKIE,1008032,1.5497405976417007,0.2406331751873364,1.3091074224543642,0.8447268042448413,wysokie ryzyko,46.93,918,0,1,0,0.0
Ciechanów,ciechanowski,MAZOWIECKIE,1402022,3.659141561462712,2.38808122215071,1.271060339312002,0.3473657189704095,wysokie ryzyko,36.88,1212,0,1,0,0.0
Karnice,gryficki,ZACHODNIOPOMORSKIE,3205032,1.2571859128153555,0.0,1.2571859128153555,1.0,niskie ryzyko,37.02,1209,0,0,0,0.0
Siennica,miński,MAZOWIECKIE,1412133,5.657324274871038,4.43828177938248,1.2190424954885584,0.215480399612827,wysokie ryzyko,34.1,1282,0,1,0,0.0
Ujazd,strzelecki,OPOLSKIE,1611063,1.7094328352031165,0.5004324680175721,1.2090003671855445,0.7072523367330134,niskie ryzyko,31.22,1328,0,1,0,0.0
Grzmiąca,szczecinecki,ZACHODNIOPOMORSKIE,3215052,1.2075144372421922,0.0,1.2075144372421922,1.0,niskie ryzyko,37.26,1201,0,1,0,0.0
Krasocin,włoszczowski,ŚWIĘTOKRZYSKIE,2613022,1.198093554106959,0.0,1.198093554106959,1.0,niskie ryzyko,36.87,1213,0,0,0,0.0
Lutowiska,bieszczadzki,PODKARPACKIE,1801052,1.19763825534314,0.0,1.19763825534314,1.0,niskie ryzyko,37.05,1208,0,1,0,0.0
Rusiec,bełchatowski,ŁÓDZKIE,1001062,111.23113830419696,110.05802926780088,1.173109036396068,0.0105465884309106,wysokie ryzyko,29.87,1344,0,1,0,0.0
Rogowo,rypiński,KUJAWSKO-POMORSKIE,0412032,1.1428571428571428,0.0,1.1428571428571428,1.0,niskie ryzyko,36.75,1218,0,1,0,0.0
Mszczonów,żyrardowski,MAZOWIECKIE,1438023,1.1224445003756207,0.0,1.1224445003756207,1.0,niskie ryzyko,36.84,1215,0,1,0,0.0
Zaklików,stalowowolski,PODKARPACKIE,1818053,1.2599525418359598,0.1503418279244187,1.1096107139115412,0.8806765946078051,niskie ryzyko,34.26,1275,0,0,0,0.0
Biszcza,biłgorajski,LUBELSKIE,0602042,16.265988992691963,15.209832494803845,1.056156497888121,0.0649303585759608,wysokie ryzyko,30.3,1338,0,0,0,0.0
Dubienka,chełmski,LUBELSKIE,0603052,14.357952427436151,13.318298260293131,1.0396541671430206,0.072409640051208,niskie ryzyko,17.91,1522,0,1,0,0.0
Dąbrowa Zielona,częstochowski,ŚLĄSKIE,2404022,24.316570692198464,23.30911883253083,1.0074518596676338,0.0414306718007262,wysokie ryzyko,29.85,1345,0,1,0,0.0
Obsza,biłgorajski,LUBELSKIE,0602102,1.0,0.0,1.0,1.0,niskie ryzyko,36.35,1229,0,0,0,0.0
Brzozie,brodnicki,KUJAWSKO-POMORSKIE,0402042,1.0,0.0,1.0,1.0,niskie ryzyko,36.5,1223,0,1,0,0.0
Tuchomie,bytowski,POMORSKIE,2201102,11.501914571120215,10.501914571120215,1.0,0.0869420472406278,niskie ryzyko,18.38,1520,0,1,0,0.0
Wąpielsk,rypiński,KUJAWSKO-POMORSKIE,0412062,1.0,0.0,1.0,1.0,niskie ryzyko,36.38,1228,0,1,0,0.0
Grudusk,ciechanowski,MAZOWIECKIE,1402052,1.0,0.0,1.0,1.0,niskie ryzyko,36.5,1224,0,1,0,0.0
Międzybórz,oleśnicki,DOLNOŚLĄSKIE,0214053,0.9991531265089088,0.0,0.9991531265089088,1.0,niskie ryzyko,36.34,1230,0,0,0,0.0
Lubanie,włocławski,KUJAWSKO-POMORSKIE,0418102,4.980100896860987,4.0,0.9801008968609864,0.1968034216894591,niskie ryzyko,20.23,1512,0,0,0,0.0
Sieroszewice,ostrowski,WIELKOPOLSKIE,3017072,11.2085505647532,10.248549237925468,0.9600013268277312,0.0856490160152004,wysokie ryzyko,30.45,1335,0,0,0,0.0
Pawłowice,pszczyński,ŚLĄSKIE,2410042,14.693199509012096,13.735194319163442,0.9580051898486532,0.0652005840702741,wysokie ryzyko,30.32,1337,0,1,0,0.0
Rzepiennik Strzyżewski,tarnowski,MAŁOPOLSKIE,1216072,24.23328089348513,23.309223570989865,0.9240573224952646,0.038131746442294,niskie ryzyko,16.89,1529,0,0,0,0.0
Nowa Słupia,kielecki,ŚWIĘTOKRZYSKIE,2604133,56.78093228697072,55.863015570722055,0.9179167162486612,0.0161659324579158,wysokie ryzyko,28.94,1353,0,0,0,0.0
Brańsk,bielski,PODLASKIE,2003021,43.85184859274876,42.95165059548723,0.9001979972615304,0.020528165314572,wysokie ryzyko,28.97,1352,0,0,0,0.0
Żegocina,bocheński,MAŁOPOLSKIE,1201092,42.8821281838063,42.00201930877683,0.8801088750294692,0.0205239084976623,wysokie ryzyko,28.91,1354,0,0,0,0.0
Radłów,oleski,OPOLSKIE,1608052,3.8598270079235384,3.0,0.8598270079235386,0.222763094345541,niskie ryzyko,20.4,1510,0,0,0,0.0
Wielgomłyny,radomszczański,ŁÓDZKIE,1012132,3.210263460402446,2.356404909186942,0.8538585512155032,0.265977718572812,niskie ryzyko,21.24,1508,0,0,0,0.0
Wągrowiec,wągrowiecki,WIELKOPOLSKIE,3028011,65.46169192986027,64.62625290250533,0.8354390273549344,0.0127622583945748,niskie ryzyko,16.12,1530,0,0,0,0.0
Przystajń,kłobucki,ŚLĄSKIE,2406082,85.28642692635414,84.4610325088784,0.8253944174757282,0.0096779106268394,wysokie ryzyko,28.53,1357,0,0,0,0.0
Kije,pińczowski,ŚWIĘTOKRZYSKIE,2608022,78.93944788890494,78.13255993907063,0.8068879498342951,0.010221606198334,wysokie ryzyko,28.49,1358,0,0,0,0.0
Staroźreby,płocki,MAZOWIECKIE,1419143,13.278144624634916,12.473737600158048,0.8044070244768691,0.0605812820402975,niskie ryzyko,16.99,1526,0,0,0,0.0
Zakrzew,lubelski,LUBELSKIE,0609162,0.8430322353930912,0.0430322353930911,0.8,0.9489554093112156,wysokie ryzyko,47.24,904,0,0,0,0.0
Osie,świecki,KUJAWSKO-POMORSKIE,0414072,0.798587517399288,0.0,0.798587517399288,1.0,niskie ryzyko,35.76,1241,0,0,0,0.0
Stara Kiszewa,kościerski,POMORSKIE,2206082,0.7946130481404925,0.0,0.7946130481404925,1.0,niskie ryzyko,35.74,1242,0,0,0,0.0
Ładzice,radomszczański,ŁÓDZKIE,1012092,8.267835753056037,7.510781031210663,0.7570547218453737,0.0915662507646628,niskie ryzyko,17.46,1524,0,0,0,0.0
Hel,pucki,POMORSKIE,2211011,2131.459061225617,2130.72476806278,0.7342931628367856,0.0003445025880133,wysokie ryzyko,28.06,1362,0,0,0,0.0
Grójec,grójecki,MAZOWIECKIE,1406053,5.52986191780969,4.800859861578862,0.729002056230829,0.1318300650298295,wysokie ryzyko,30.67,1333,0,0,0,0.0
Krypno,moniecki,PODLASKIE,2008052,2.2031776753200156,1.475429215185577,0.7277484601344385,0.3303176445035155,niskie ryzyko,22.14,1506,0,0,0,0.0
Ciasna,lubliniecki,ŚLĄSKIE,2407032,4.786352213625959,4.076245403518791,0.7101068101071677,0.1483607512388265,niskie ryzyko,18.44,1519,0,0,0,0.0
Halinów,miński,MAZOWIECKIE,1412073,21.0941669521086,20.396453481516332,0.6977134705922666,0.0330761329507028,niskie ryzyko,16.1,1531,0,0,0,0.0
Iwkowa,brzeski,MAŁOPOLSKIE,1202062,0.6955653125952346,0.0,0.6955653125952346,1.0,niskie ryzyko,35.43,1250,0,0,0,0.0
Węgorzewo,węgorzewski,WARMIŃSKO-MAZURSKIE,2819033,0.6823879915043503,0.0,0.6823879915043503,1.0,niskie ryzyko,35.39,1252,0,0,0,0.0
Trawniki,świdnicki,LUBELSKIE,0617052,194.98621905787863,194.3108394661698,0.675379591708887,0.0034637298726655,wysokie ryzyko,27.93,1365,0,0,0,0.0
Kolbudy,gdański,POMORSKIE,2204032,5.997483972780584,5.349351165595066,0.648132807185518,0.108067451305756,niskie ryzyko,17.43,1525,0,0,0,0.0
Bolesławiec,wieruszowski,ŁÓDZKIE,1018013,1.547703268718291,0.920690569276784,0.627012699441507,0.4051246205357948,niskie ryzyko,23.3,1500,0,0,0,0.0
Golczewo,kamieński,ZACHODNIOPOMORSKIE,3207023,28.18760698569662,27.580370633257623,0.607236352438993,0.0215426713146357,wysokie ryzyko,28.06,1363,0,0,0,0.0
Rydułtowy,wodzisławski,ŚLĄSKIE,2415031,1.513155337207003,0.919905280793264,0.593250056413739,0.3920615695073089,niskie ryzyko,22.93,1504,0,0,0,0.0
Lutomiersk,pabianicki,ŁÓDZKIE,1008063,16.468190370768276,15.875760227355125,0.592430143413152,0.0359742102851045,wysokie ryzyko,28.3,1361,0,0,0,0.0
Skępe,lipnowski,KUJAWSKO-POMORSKIE,0408073,14.04860370929586,13.477175137867288,0.5714285714285714,0.0406751149974044,niskie ryzyko,15.82,1532,0,0,0,0.0
Parczew,parczewski,LUBELSKIE,0613043,57.003311564359514,56.4353015309707,0.5680100333888138,0.0099645093907834,wysokie ryzyko,27.69,1371,0,0,0,0.0
Czeremcha,hajnowski,PODLASKIE,2005032,5.648053822631185,5.085519918815637,0.5625339038155488,0.0995978298863817,niskie ryzyko,16.97,1527,0,0,0,0.0
Olszanka,brzeski,OPOLSKIE,1601062,97.46540532915112,96.9035600628369,0.5618452663142082,0.0057645609169406,wysokie ryzyko,27.59,1372,0,0,0,0.0
Sońsk,ciechanowski,MAZOWIECKIE,1402092,0.5438759509843778,0.0,0.5438759509843778,1.0,niskie ryzyko,34.91,1261,0,0,0,0.0
Żółkiewka,krasnostawski,LUBELSKIE,0606112,18.786246938069254,18.24814181341013,0.5381051246591283,0.0286435670963469,niskie ryzyko,15.46,1535,0,0,0,0.0
Stryków,zgierski,ŁÓDZKIE,1020083,3.0531823920205463,2.5248805052280936,0.5283018867924528,0.1730331892955897,niskie ryzyko,18.31,1521,0,0,0,0.0
Brzeziny,kaliski,WIELKOPOLSKIE,3007022,1.6955863534805395,1.181401652039236,0.5141847014413036,0.3032489028859154,niskie ryzyko,20.87,1509,0,0,0,0.0
Kurów,puławski,LUBELSKIE,0614063,19.83361597805938,19.331103020538905,0.5025129575204781,0.0253364267048618,wysokie ryzyko,27.77,1367,0,0,0,0.0
Osieck,otwocki,MAZOWIECKIE,1417063,0.4978007491203529,0.0,0.4978007491203529,1.0,wysokie ryzyko,47.24,905,0,0,0,0.0
Zabłudów,białostocki,PODLASKIE,2002143,0.8894766256576804,0.3939589831605885,0.4955176424970918,0.5570889984103914,niskie ryzyko,25.87,1384,0,0,0,0.0
Zwierzyniec,zamojski,LUBELSKIE,0620153,42.88659800893564,42.39161151333903,0.4949864955966137,0.0115417524023118,wysokie ryzyko,27.46,1373,0,0,0,0.0
Supraśl,białostocki,PODLASKIE,2002093,4.38061902096869,3.8887888124133463,0.4918302085553436,0.1122741343634546,niskie ryzyko,16.96,1528,0,0,0,0.0
Dobryszyce,radomszczański,ŁÓDZKIE,1012022,0.4843372784549256,0.0,0.4843372784549256,1.0,niskie ryzyko,34.69,1263,0,0,0,0.0
Sterdyń,sokołowski,MAZOWIECKIE,1429092,176.96649527168833,176.48222690678818,0.4842683649001543,0.0027364974604751,wysokie ryzyko,27.25,1375,0,0,0,0.0
Stary Dzików,lubaczowski,PODKARPACKIE,1809072,8.39736627360918,7.965412086932009,0.4319541866771706,0.0514392456638094,niskie ryzyko,15.52,1534,0,0,0,0.0
Kiszkowo,gnieźnieński,WIELKOPOLSKIE,3003042,7.970228899509155,7.538855224426848,0.4313736750823066,0.054123122500142,niskie ryzyko,15.57,1533,0,0,0,0.0
Ełk,ełcki,WARMIŃSKO-MAZURSKIE,2805011,46.9285601740673,46.51863079954542,0.4099293745218789,0.0087351790253391,niskie ryzyko,14.58,1538,0,0,0,0.0
Kleszczele,hajnowski,PODLASKIE,2005073,10.019690548592578,9.611571531413034,0.4081190171795429,0.0407316987685682,wysokie ryzyko,27.71,1369,0,0,0,0.0
Jaświły,moniecki,PODLASKIE,2008032,9.45704793921077,9.055588123620405,0.4014598155903672,0.0424508597366664,niskie ryzyko,15.22,1536,0,0,0,0.0
Krempna,jasielski,PODKARPACKIE,1805062,11.66515045797486,11.289284390997146,0.3758660669777132,0.032221278956651,niskie ryzyko,14.91,1537,0,0,0,0.0
Rybno,działdowski,WARMIŃSKO-MAZURSKIE,2803062,2.051781305530673,1.6878495553382953,0.3639317501923774,0.1773735578988766,niskie ryzyko,17.77,1523,0,0,0,0.0
Chodecz,włocławski,KUJAWSKO-POMORSKIE,0418063,0.3608436437082976,0.0,0.3608436437082976,1.0,niskie ryzyko,34.21,1276,0,0,0,0.0
Kańczuga,przeworski,PODKARPACKIE,1814053,23.740615753219448,23.383893393348178,0.3567223598712747,0.0150258259338913,niskie ryzyko,14.49,1539,0,0,0,0.0
Złotniki Kujawskie,inowrocławski,KUJAWSKO-POMORSKIE,0407092,0.3551093708599523,0.0,0.3551093708599523,1.0,niskie ryzyko,34.19,1277,0,0,0,0.0
Stara Dąbrowa,stargardzki,ZACHODNIOPOMORSKIE,3214092,0.3420481305224024,0.0,0.3420481305224024,1.0,niskie ryzyko,34.13,1280,0,0,0,0.0
Koszęcin,lubliniecki,ŚLĄSKIE,2407062,0.3128938492943995,0.0,0.3128938492943995,1.0,niskie ryzyko,34.01,1284,0,0,0,0.0
Połczyn-Zdrój,świdwiński,ZACHODNIOPOMORSKIE,3216033,0.2685286645799448,0.0,0.2685286645799448,1.0,niskie ryzyko,33.82,1288,0,0,0,0.0
Świdwin,świdwiński,ZACHODNIOPOMORSKIE,3216062,0.2389367659357841,0.0,0.2389367659357841,1.0,niskie ryzyko,33.69,1289,0,0,0,0.0
Drawno,choszczeński,ZACHODNIOPOMORSKIE,3202033,27.6801223034626,27.44327992581529,0.2368423776473092,0.0085564064728746,niskie ryzyko,13.85,1542,0,0,0,0.0
Rewal,gryficki,ZACHODNIOPOMORSKIE,3205072,4.472025132007785,4.269910702223811,0.2021144297839737,0.0451952803971008,niskie ryzyko,14.43,1540,0,0,0,0.0
Ciepielów,lipski,MAZOWIECKIE,1409023,0.2,0.0,0.2,1.0,niskie ryzyko,33.51,1292,0,0,0,0.0
Wyryki,włodawski,LUBELSKIE,0619082,0.1926617987210304,0.0,0.1926617987210304,1.0,niskie ryzyko,33.48,1293,0,0,0,0.0
Dziemiany,kościerski,POMORSKIE,2206022,0.1771474709040574,0.0,0.1771474709040574,1.0,niskie ryzyko,33.4,1295,0,0,0,0.0
Niedrzwica Duża,lubelski,LUBELSKIE,0609102,0.1558750336100321,0.0,0.1558750336100321,1.0,niskie ryzyko,33.3,1296,0,0,0,0.0
Iłża,radomski,MAZOWIECKIE,1425033,3.385218402321501,3.2305138309112436,0.1547045714102574,0.0457000267114715,niskie ryzyko,14.21,1541,0,0,0,0.0
Mysłowice,Mysłowice,ŚLĄSKIE,2470011,348.0774505364843,347.93202892777896,0.1454216087053755,0.0004177852040723,wysokie ryzyko,25.76,1385,0,0,0,0.0
Radziejowice,żyrardowski,MAZOWIECKIE,1438042,7.027688257288978,6.889704824877509,0.1379834324114698,0.0196342562959243,wysokie ryzyko,26.11,1381,0,0,0,0.0
Lubawa,iławski,WARMIŃSKO-MAZURSKIE,2807052,0.135884660416542,0.0,0.135884660416542,1.0,niskie ryzyko,33.21,1298,0,0,0,0.0
Filipów,suwalski,PODLASKIE,2012022,0.1206692922293501,0.0,0.1206692922293501,1.0,niskie ryzyko,33.13,1301,0,0,0,0.0
Kruszyna,częstochowski,ŚLĄSKIE,2404082,49.38273840084946,49.27223030054346,0.110508100306002,0.0022377880183351,wysokie ryzyko,25.63,1386,0,0,0,0.0
Hańsk,włodawski,LUBELSKIE,0619032,0.0835736301737655,0.0,0.0835736301737655,1.0,niskie ryzyko,32.95,1308,0,0,0,0.0
Olesno,oleski,OPOLSKIE,1608033,36.89401426042658,36.82352518370322,0.0704890767233622,0.0019105830074709,wysokie ryzyko,25.42,1391,0,0,0,0.0
Wągrowiec,wągrowiecki,WIELKOPOLSKIE,3028072,0.1276483970220904,0.0583733736085402,0.0692750234135502,0.5427018672358391,niskie ryzyko,23.73,1498,0,0,0,0.0
Dąbrówno,ostródzki,WARMIŃSKO-MAZURSKIE,2815022,0.0573691538680865,0.0,0.0573691538680865,1.0,niskie ryzyko,32.81,1310,0,0,0,0.0
Łaskarzew,garwoliński,MAZOWIECKIE,1403021,27.432392729840636,27.383382444437736,0.0490102854029017,0.0017865844181207,niskie ryzyko,12.8,1543,0,0,0,0.0
Bytoń,radziejowski,KUJAWSKO-POMORSKIE,0411022,1.155127761025935,1.137062875421838,0.0180648856040968,0.0156388636942223,wysokie ryzyko,25.41,1392,0,0,0,0.0
Grabów nad Prosną,ostrzeszowski,WIELKOPOLSKIE,3018033,65.60283168715246,65.58613735985672,0.0166943272957454,0.0002544757118924,wysokie ryzyko,25.1,1394,0,0,0,0.0
Jeleniewo,suwalski,PODLASKIE,2012032,0.0158885612207492,0.0,0.0158885612207492,1.0,niskie ryzyko,32.59,1313,0,0,0,0.0
Trzebinia,chrzanowski,MAŁOPOLSKIE,1203053,198.01837769072856,198.0060663669447,0.0123113237838366,6.217263229509374e-05,wysokie ryzyko,25.07,1396,0,0,0,0.0
Wolsztyn,wolsztyński,WIELKOPOLSKIE,3029033,42.353271158992015,42.34135169880139,0.0119194601906326,0.0002814295062567,wysokie ryzyko,25.07,1397,0,0,0,0.0
Drużbice,bełchatowski,ŁÓDZKIE,1001032,8.770019604739606,8.770019604739606,0.0,0.0,niskie ryzyko,12.5,1574,0,0,0,0.0
Niegosławice,żagański,LUBUSKIE,0810062,0.3557618964931353,0.3557618964931353,0.0,0.0,niskie ryzyko,12.5,1573,0,0,0,0.0
Chełm,Chełm,LUBELSKIE,0662011,11.14964463154393,11.14964463154393,0.0,0.0,niskie ryzyko,12.5,1572,0,0,0,0.0
Bolesław,olkuski,MAŁOPOLSKIE,1212032,28.55848920407192,28.55848920407192,0.0,0.0,niskie ryzyko,12.5,1603,0,0,0,0.0
Wieruszów,wieruszowski,ŁÓDZKIE,1018073,13.076066149603706,13.076066149603706,0.0,0.0,niskie ryzyko,12.5,1595,0,0,0,0.0
Zduńska Wola,zduńskowolski,ŁÓDZKIE,1019011,10.917295166433725,10.917295166433725,0.0,0.0,niskie ryzyko,12.5,1596,0,0,0,0.0
Głowno,zgierski,ŁÓDZKIE,1020011,9.329895579711245,9.329895579711245,0.0,0.0,niskie ryzyko,12.5,1597,0,0,0,0.0
Moszczenica,gorlicki,MAŁOPOLSKIE,1205072,9.788965626211468,9.788965626211468,0.0,0.0,niskie ryzyko,12.5,1598,0,0,0,0.0
Ropa,gorlicki,MAŁOPOLSKIE,1205082,11.844731091296564,11.844731091296564,0.0,0.0,niskie ryzyko,12.5,1599,0,0,0,0.0
Świątniki Górne,krakowski,MAŁOPOLSKIE,1206143,2.888827320268247,2.888827320268247,0.0,0.0,niskie ryzyko,12.5,1600,0,0,0,0.0
Limanowa,limanowski,MAŁOPOLSKIE,1207011,176.57482197650918,176.57482197650918,0.0,0.0,niskie ryzyko,12.5,1601,0,0,0,0.0
Krzyżanów,kutnowski,ŁÓDZKIE,1002052,2.0,2.0,0.0,0.0,niskie ryzyko,12.5,1575,0,0,0,0.0
Kutno,kutnowski,ŁÓDZKIE,1002062,3.4285714285714284,3.4285714285714284,0.0,0.0,niskie ryzyko,12.5,1576,0,0,0,0.0
Rzgów,łódzki wschodni,ŁÓDZKIE,1006103,4.32158034632221,4.32158034632221,0.0,0.0,niskie ryzyko,12.5,1577,0,0,0,0.0
Rawa Mazowiecka,rawski,ŁÓDZKIE,1013011,2.3262195814917965,2.3262195814917965,0.0,0.0,niskie ryzyko,12.5,1587,0,0,0,0.0
Żelechlinek,tomaszowski,ŁÓDZKIE,1016112,1.0,1.0,0.0,0.0,niskie ryzyko,12.5,1594,0,0,0,0.0
Rokiciny,tomaszowski,ŁÓDZKIE,1016072,4.0,4.0,0.0,0.0,niskie ryzyko,12.5,1593,0,0,0,0.0
Będków,tomaszowski,ŁÓDZKIE,1016022,10.156833845555768,10.156833845555768,0.0,0.0,niskie ryzyko,12.5,1592,0,0,0,0.0
Głuchów,skierniewicki,ŁÓDZKIE,1015022,0.6427042136848687,0.6427042136848687,0.0,0.0,niskie ryzyko,12.5,1591,0,0,0,0.0
Złoczew,sieradzki,ŁÓDZKIE,1014113,3.7894296551733793,3.7894296551733793,0.0,0.0,niskie ryzyko,12.5,1590,0,0,0,0.0
Goszczanów,sieradzki,ŁÓDZKIE,1014062,13.181827545487677,13.181827545487677,0.0,0.0,niskie ryzyko,12.5,1589,0,0,0,0.0
Błaszki,sieradzki,ŁÓDZKIE,1014023,18.661276359228367,18.661276359228367,0.0,0.0,niskie ryzyko,12.5,1588,0,0,0,0.0
Masłowice,radomszczański,ŁÓDZKIE,1012102,6.376796431983121,6.376796431983121,0.0,0.0,niskie ryzyko,12.5,1586,0,0,0,0.0
Białaczów,opoczyński,ŁÓDZKIE,1007013,15.610953237320954,15.610953237320954,0.0,0.0,niskie ryzyko,12.5,1578,0,0,0,0.0
Radomsko,radomszczański,ŁÓDZKIE,1012011,16.415569801373678,16.415569801373678,0.0,0.0,niskie ryzyko,12.5,1585,0,0,0,0.0
Wartkowice,poddębicki,ŁÓDZKIE,1011052,3.8401707451046416,3.8401707451046416,0.0,0.0,niskie ryzyko,12.5,1584,0,0,0,0.0
Dalików,poddębicki,ŁÓDZKIE,1011012,0.8296746373970992,0.8296746373970992,0.0,0.0,niskie ryzyko,12.5,1583,0,0,0,0.0
Wolbórz,piotrkowski,ŁÓDZKIE,1010113,7.271448148396461,7.271448148396461,0.0,0.0,niskie ryzyko,12.5,1582,0,0,0,0.0
Łęki Szlacheckie,piotrkowski,ŁÓDZKIE,1010052,1.4548898031233986,1.4548898031233986,0.0,0.0,niskie ryzyko,12.5,1581,0,0,0,0.0
Dobroń,pabianicki,ŁÓDZKIE,1008042,1.4598427972434485,1.4598427972434485,0.0,0.0,niskie ryzyko,12.5,1580,0,0,0,0.0
Paradyż,opoczyński,ŁÓDZKIE,1007052,1.247150960016025,1.247150960016025,0.0,0.0,niskie ryzyko,12.5,1579,0,0,0,0.0
Jodłownik,limanowski,MAŁOPOLSKIE,1207042,12.650082742992508,12.650082742992508,0.0,0.0,niskie ryzyko,12.5,1602,0,0,0,0.0
Ostrów Wielkopolski,ostrowski,WIELKOPOLSKIE,3017042,4.580152733409407,4.580152733409407,0.0,0.0,niskie ryzyko,12.5,1669,0,0,0,0.0
Wolbrom,olkuski,MAŁOPOLSKIE,1212073,45.97835172490121,45.97835172490121,0.0,0.0,niskie ryzyko,12.5,1604,0,0,0,0.0
Małdyty,ostródzki,WARMIŃSKO-MAZURSKIE,2815052,4.666666666666667,4.666666666666667,0.0,0.0,niskie ryzyko,12.5,1658,0,0,0,0.0
Blizanów,kaliski,WIELKOPOLSKIE,3007012,3.288722263353407,3.288722263353407,0.0,0.0,niskie ryzyko,12.5,1666,0,0,0,0.0
Jaraczewo,jarociński,WIELKOPOLSKIE,3006013,3.328770612607532,3.328770612607532,0.0,0.0,niskie ryzyko,12.5,1665,0,0,0,0.0
Gostyń,gostyński,WIELKOPOLSKIE,3004023,20.326303276392053,20.326303276392053,0.0,0.0,niskie ryzyko,12.5,1664,0,0,0,0.0
Mieleszyn,gnieźnieński,WIELKOPOLSKIE,3003072,2.1253288725041775,2.1253288725041775,0.0,0.0,niskie ryzyko,12.5,1663,0,0,0,0.0
Kłecko,gnieźnieński,WIELKOPOLSKIE,3003053,46.89150388979483,46.89150388979483,0.0,0.0,niskie ryzyko,12.5,1662,0,0,0,0.0
Chodzież,chodzieski,WIELKOPOLSKIE,3001032,3.679853351030132,3.679853351030132,0.0,0.0,niskie ryzyko,12.5,1661,0,0,0,0.0
Olsztyn,Olsztyn,WARMIŃSKO-MAZURSKIE,2862011,8.935262778542455,8.935262778542455,0.0,0.0,niskie ryzyko,12.5,1660,0,0,0,0.0
Wielbark,szczycieński,WARMIŃSKO-MAZURSKIE,2817083,9.071429819365417,9.071429819365417,0.0,0.0,niskie ryzyko,12.5,1659,0,0,0,0.0
Kurzętnik,nowomiejski,WARMIŃSKO-MAZURSKIE,2812042,29.691850938538973,29.691850938538973,0.0,0.0,niskie ryzyko,12.5,1657,0,0,0,0.0
Irządze,zawierciański,ŚLĄSKIE,2416032,1.469852754780739,1.469852754780739,0.0,0.0,niskie ryzyko,12.5,1647,0,0,0,0.0
Janowo,nidzicki,WARMIŃSKO-MAZURSKIE,2811022,20.38653552615895,20.38653552615895,0.0,0.0,niskie ryzyko,12.5,1656,0,0,0,0.0
Działdowo,działdowski,WARMIŃSKO-MAZURSKIE,2803011,26.205718063678415,26.205718063678415,0.0,0.0,niskie ryzyko,12.5,1655,0,0,0,0.0
Braniewo,braniewski,WARMIŃSKO-MAZURSKIE,2802011,6.150245444733084,6.150245444733084,0.0,0.0,niskie ryzyko,12.5,1654,0,0,0,0.0
Złota,pińczowski,ŚWIĘTOKRZYSKIE,2608052,11.32049197796796,11.32049197796796,0.0,0.0,niskie ryzyko,12.5,1653,0,0,0,0.0
Gowarczów,konecki,ŚWIĘTOKRZYSKIE,2605023,15.32231486341401,15.32231486341401,0.0,0.0,niskie ryzyko,12.5,1652,0,0,0,0.0
Słupia,jędrzejowski,ŚWIĘTOKRZYSKIE,2602072,7.865324268636008,7.865324268636008,0.0,0.0,niskie ryzyko,12.5,1651,0,0,0,0.0
Żory,Żory,ŚLĄSKIE,2479011,2.840432547060755,2.840432547060755,0.0,0.0,niskie ryzyko,12.5,1650,0,0,0,0.0
Tychy,Tychy,ŚLĄSKIE,2477011,109.77330170885732,109.77330170885732,0.0,0.0,niskie ryzyko,12.5,1649,0,0,0,0.0
Żelazków,kaliski,WIELKOPOLSKIE,3007112,2.363636363636364,2.363636363636364,0.0,0.0,niskie ryzyko,12.5,1667,0,0,0,0.0
Kobylin,krotoszyński,WIELKOPOLSKIE,3012023,1.9057561060234125,1.9057561060234125,0.0,0.0,niskie ryzyko,12.5,1668,0,0,0,0.0
Radecznica,zamojski,LUBELSKIE,0620082,9.89278107113695,9.89278107113695,0.0,0.0,niskie ryzyko,12.5,1570,0,0,0,0.0
Przygodzice,ostrowski,WIELKOPOLSKIE,3017052,1.3333333333333333,1.3333333333333333,0.0,0.0,niskie ryzyko,12.5,1670,0,0,0,0.0
Szczecinek,szczecinecki,ZACHODNIOPOMORSKIE,3215011,0.577401174151372,0.577401174151372,0.0,0.0,niskie ryzyko,12.5,1687,0,0,0,0.0
Warnice,pyrzycki,ZACHODNIOPOMORSKIE,3212062,0.186723257173355,0.186723257173355,0.0,0.0,niskie ryzyko,12.5,1686,0,0,0,0.0
Ustronie Morskie,kołobrzeski,ZACHODNIOPOMORSKIE,3208072,28.513004111142383,28.513004111142383,0.0,0.0,niskie ryzyko,12.5,1685,0,0,0,0.0
Trzcińsko-Zdrój,gryfiński,ZACHODNIOPOMORSKIE,3206083,21.959215011943908,21.959215011943908,0.0,0.0,niskie ryzyko,12.5,1684,0,0,0,0.0
Stare Czarnowo,gryfiński,ZACHODNIOPOMORSKIE,3206072,0.0,0.0,0.0,0.0,niskie ryzyko,12.5,1683,0,0,0,0.0
Płoty,gryficki,ZACHODNIOPOMORSKIE,3205043,11.31824396296384,11.31824396296384,0.0,0.0,niskie ryzyko,12.5,1682,0,0,0,0.0
Krzęcin,choszczeński,ZACHODNIOPOMORSKIE,3202042,18.123042181704587,18.123042181704587,0.0,0.0,niskie ryzyko,12.5,1681,0,0,0,0.0
Przemęt,wolsztyński,WIELKOPOLSKIE,3029012,18.713023921337033,18.713023921337033,0.0,0.0,niskie ryzyko,12.5,1680,0,0,0,0.0
Słupca,słupecki,WIELKOPOLSKIE,3023062,36.60768376746568,36.60768376746568,0.0,0.0,niskie ryzyko,12.5,1679,0,0,0,0.0
Pakosław,rawicki,WIELKOPOLSKIE,3022042,47.12818698117545,47.12818698117545,0.0,0.0,niskie ryzyko,12.5,1678,0,0,0,0.0
Jutrosin,rawicki,WIELKOPOLSKIE,3022023,10.164330721021912,10.164330721021912,0.0,0.0,niskie ryzyko,12.5,1677,0,0,0,0.0
Suchy Las,poznański,WIELKOPOLSKIE,3021152,1.0,1.0,0.0,0.0,niskie ryzyko,12.5,1676,0,0,0,0.0
Dopiewo,poznański,WIELKOPOLSKIE,3021052,14.442479650547051,14.442479650547051,0.0,0.0,niskie ryzyko,12.5,1675,0,0,0,0.0
Pleszew,pleszewski,WIELKOPOLSKIE,3020063,2.990289529349998,2.990289529349998,0.0,0.0,niskie ryzyko,12.5,1674,0,0,0,0.0
Dobrzyca,pleszewski,WIELKOPOLSKIE,3020033,0.0,0.0,0.0,0.0,niskie ryzyko,12.5,1673,0,0,0,0.0
Czermin,pleszewski,WIELKOPOLSKIE,3020022,88.81084270493494,88.81084270493494,0.0,0.0,niskie ryzyko,12.5,1672,0,0,0,0.0
Doruchów,ostrzeszowski,WIELKOPOLSKIE,3018022,0.9232306738716698,0.9232306738716698,0.0,0.0,niskie ryzyko,12.5,1671,0,0,0,0.0
Kroczyce,zawierciański,ŚLĄSKIE,2416042,6.142840068185351,6.142840068185351,0.0,0.0,niskie ryzyko,12.5,1648,0,0,0,0.0
Pietrowice Wielkie,raciborski,ŚLĄSKIE,2411072,37.90110801936682,37.90110801936682,0.0,0.0,niskie ryzyko,12.5,1646,0,0,0,0.0
Proszowice,proszowicki,MAŁOPOLSKIE,1214053,13.55722869629986,13.55722869629986,0.0,0.0,niskie ryzyko,12.5,1605,0,0,0,0.0
Raciąż,płoński,MAZOWIECKIE,1420102,7.488973028660036,7.488973028660036,0.0,0.0,niskie ryzyko,12.5,1615,0,0,0,0.0
Sędziszów Małopolski,ropczycko-sędziszowski,PODKARPACKIE,1815043,0.1936398375065855,0.1936398375065855,0.0,0.0,niskie ryzyko,12.5,1623,0,0,0,0.0
Jawornik Polski,przeworski,PODKARPACKIE,1814043,3.027857785730837,3.027857785730837,0.0,0.0,niskie ryzyko,12.5,1622,0,0,0,0.0
Wielkie Oczy,lubaczowski,PODKARPACKIE,1809082,7.739541007588919,7.739541007588919,0.0,0.0,niskie ryzyko,12.5,1621,0,0,0,0.0
Biała,prudnicki,OPOLSKIE,1610013,16.11194944657609,16.11194944657609,0.0,0.0,niskie ryzyko,12.5,1620,0,0,0,0.0
Byczyna,kluczborski,OPOLSKIE,1604013,25.517271730152068,25.517271730152068,0.0,0.0,niskie ryzyko,12.5,1619,0,0,0,0.0
Poświętne,wołomiński,MAZOWIECKIE,1434082,0.6556915943080723,0.6556915943080723,0.0,0.0,niskie ryzyko,12.5,1618,0,0,0,0.0
Rusinów,przysuski,MAZOWIECKIE,1423072,2.274078702054508,2.274078702054508,0.0,0.0,niskie ryzyko,12.5,1617,0,0,0,0.0
Jednorożec,przasnyski,MAZOWIECKIE,1422042,6.0,6.0,0.0,0.0,niskie ryzyko,12.5,1616,0,0,0,0.0
Dzierzążnia,płoński,MAZOWIECKIE,1420052,0.2772594564342663,0.2772594564342663,0.0,0.0,niskie ryzyko,12.5,1614,0,0,0,0.0
Krzanowice,raciborski,ŚLĄSKIE,2411033,1.3227625667969172,1.3227625667969172,0.0,0.0,niskie ryzyko,12.5,1645,0,0,0,0.0
Baranowo,ostrołęcki,MAZOWIECKIE,1415012,1.4601006119589657,1.4601006119589657,0.0,0.0,niskie ryzyko,12.5,1613,0,0,0,0.0
Szydłowo,mławski,MAZOWIECKIE,1413082,0.0964335135113548,0.0964335135113548,0.0,0.0,niskie ryzyko,12.5,1612,0,0,0,0.0
Latowicz,miński,MAZOWIECKIE,1412103,29.27879414866247,29.27879414866247,0.0,0.0,niskie ryzyko,12.5,1611,0,0,0,0.0
Cegłów,miński,MAZOWIECKIE,1412043,3.225278084815126,3.225278084815126,0.0,0.0,niskie ryzyko,12.5,1610,0,0,0,0.0
Karniewo,makowski,MAZOWIECKIE,1411032,2.3932901283217447,2.3932901283217447,0.0,0.0,niskie ryzyko,12.5,1609,0,0,0,0.0
Czerwonka,makowski,MAZOWIECKIE,1411022,11.56088037533834,11.56088037533834,0.0,0.0,niskie ryzyko,12.5,1608,0,0,0,0.0
Baranów,grodziski,MAZOWIECKIE,1405032,0.0,0.0,0.0,0.0,niskie ryzyko,12.5,1607,0,0,0,0.0
Regimin,ciechanowski,MAZOWIECKIE,1402082,2.2879696378480663,2.2879696378480663,0.0,0.0,niskie ryzyko,12.5,1606,0,0,0,0.0
Świlcza,rzeszowski,PODKARPACKIE,1816122,1.1344839656949222,1.1344839656949222,0.0,0.0,niskie ryzyko,12.5,1624,0,0,0,0.0
Lipsk,augustowski,PODLASKIE,2001043,0.5169211721007017,0.5169211721007017,0.0,0.0,niskie ryzyko,12.5,1625,0,0,0,0.0
Nowinka,augustowski,PODLASKIE,2001052,0.566745817868674,0.566745817868674,0.0,0.0,niskie ryzyko,12.5,1626,0,0,0,0.0
Dobrzyniewo Duże,białostocki,PODLASKIE,2002032,2.6728370188313426,2.6728370188313426,0.0,0.0,niskie ryzyko,12.5,1627,0,0,0,0.0
Orzesze,mikołowski,ŚLĄSKIE,2408031,3.5745728350340307,3.5745728350340307,0.0,0.0,niskie ryzyko,12.5,1644,0,0,0,0.0
Wręczyca Wielka,kłobucki,ŚLĄSKIE,2406092,7.665513206901041,7.665513206901041,0.0,0.0,niskie ryzyko,12.5,1643,0,0,0,0.0
Knurów,gliwicki,ŚLĄSKIE,2405011,9.78979400488446,9.78979400488446,0.0,0.0,niskie ryzyko,12.5,1642,0,0,0,0.0
Buczkowice,bielski,ŚLĄSKIE,2402032,14.319334834805709,14.319334834805709,0.0,0.0,niskie ryzyko,12.5,1641,0,0,0,0.0
Stary Dzierzgoń,sztumski,POMORSKIE,2216032,2.9301574089716844,2.9301574089716844,0.0,0.0,niskie ryzyko,12.5,1640,0,0,0,0.0
Skarszewy,starogardzki,POMORSKIE,2213093,1.314743485240059,1.314743485240059,0.0,0.0,niskie ryzyko,12.5,1639,0,0,0,0.0
Lubichowo,starogardzki,POMORSKIE,2213062,20.645854658460937,20.645854658460937,0.0,0.0,niskie ryzyko,12.5,1638,0,0,0,0.0
Starogard Gdański,starogardzki,POMORSKIE,2213031,24.444985399426542,24.444985399426542,0.0,0.0,niskie ryzyko,12.5,1637,0,0,0,0.0
Prabuty,kwidzyński,POMORSKIE,2207043,48.872308052450656,48.872308052450656,0.0,0.0,niskie ryzyko,12.5,1636,0,1,0,0.0
Przywidz,gdański,POMORSKIE,2204052,0.0,0.0,0.0,0.0,niskie ryzyko,12.5,1635,0,0,0,0.0
Czarna Dąbrówka,bytowski,POMORSKIE,2201032,3.6520176675976495,3.6520176675976495,0.0,0.0,niskie ryzyko,12.5,1634,0,0,0,0.0
Suwałki,Suwałki,PODLASKIE,2063011,19.119488825074463,19.119488825074463,0.0,0.0,niskie ryzyko,12.5,1633,0,0,0,0.0
Szumowo,zambrowski,PODLASKIE,2014042,1.2902326552247865,1.2902326552247865,0.0,0.0,niskie ryzyko,12.5,1632,0,0,0,0.0
Raczki,suwalski,PODLASKIE,2012052,21.40599561054733,21.40599561054733,0.0,0.0,niskie ryzyko,12.5,1631,0,0,0,0.0
Nowy Dwór,sokólski,PODLASKIE,2011062,4.7727272727272725,4.7727272727272725,0.0,0.0,niskie ryzyko,12.5,1630,0,0,0,0.0
Sejny,sejneński,PODLASKIE,2009011,16.060702514523378,16.060702514523378,0.0,0.0,niskie ryzyko,12.5,1629,0,0,0,0.0
Juchnowiec Kościelny,białostocki,PODLASKIE,2002052,4.8751636422443285,4.8751636422443285,0.0,0.0,niskie ryzyko,12.5,1628,0,0,0,0.0
Skierbieszów,zamojski,LUBELSKIE,0620102,8.421895718337176,8.421895718337176,0.0,0.0,niskie ryzyko,12.5,1571,0,0,0,0.0
Czarnków,czarnkowsko-trzcianecki,WIELKOPOLSKIE,3002011,10.588839707529292,10.588839707529292,0.0,0.0,wysokie ryzyko,25.0,1477,0,0,0,0.0
Łabunie,zamojski,LUBELSKIE,0620052,0.9439741660250972,0.9439741660250972,0.0,0.0,niskie ryzyko,12.5,1569,0,0,0,0.0
Brzyska,jasielski,PODKARPACKIE,1805022,213.2670637484075,213.2670637484075,0.0,0.0,wysokie ryzyko,25.0,1441,0,0,0,0.0
Michałowice,krakowski,MAŁOPOLSKIE,1206082,76.43066721454078,76.43066721454078,0.0,0.0,wysokie ryzyko,25.0,1429,0,0,0,0.0
Nowe Brzesko,proszowicki,MAŁOPOLSKIE,1214033,85.10252282637975,85.10252282637975,0.0,0.0,wysokie ryzyko,25.0,1430,0,0,0,0.0
Gostynin,gostyniński,MAZOWIECKIE,1404011,103.85206553820828,103.85206553820828,0.0,0.0,wysokie ryzyko,25.0,1431,0,0,0,0.0
Rzeczniów,lipski,MAZOWIECKIE,1409042,68.59495481642028,68.59495481642028,0.0,0.0,wysokie ryzyko,25.0,1432,0,0,0,0.0
Stara Biała,płocki,MAZOWIECKIE,1419132,74.11368590866068,74.11368590866068,0.0,0.0,wysokie ryzyko,25.0,1433,0,0,0,0.0
Płońsk,płoński,MAZOWIECKIE,1420011,447.06823795128366,447.06823795128366,0.0,0.0,wysokie ryzyko,25.0,1434,0,0,0,0.0
Pruszków,pruszkowski,MAZOWIECKIE,1421021,846.1708706465861,846.1708706465861,0.0,0.0,wysokie ryzyko,25.0,1435,0,0,0,0.0
Sierpc,sierpecki,MAZOWIECKIE,1427011,96.39524828462098,96.39524828462098,0.0,0.0,wysokie ryzyko,25.0,1436,0,0,0,0.0
Ożarów Mazowiecki,warszawski zachodni,MAZOWIECKIE,1432063,84.36781244375054,84.36781244375054,0.0,0.0,wysokie ryzyko,25.0,1437,0,0,0,0.0
Wołczyn,kluczborski,OPOLSKIE,1604043,57.09390799179331,57.09390799179331,0.0,0.0,wysokie ryzyko,25.0,1438,0,0,0,0.0
Strzeleczki,krapkowicki,OPOLSKIE,1605033,231.24826262394097,231.24826262394097,0.0,0.0,wysokie ryzyko,25.0,1439,0,0,0,0.0
Lubrza,prudnicki,OPOLSKIE,1610032,82.77282047142229,82.77282047142229,0.0,0.0,wysokie ryzyko,25.0,1440,0,0,0,0.0
Chorkówka,krośnieński,PODKARPACKIE,1807012,58.25791255883853,58.25791255883853,0.0,0.0,wysokie ryzyko,25.0,1442,0,0,0,0.0
Konopnica,wieluński,ŁÓDZKIE,1017032,89.64049753060974,89.64049753060974,0.0,0.0,wysokie ryzyko,25.0,1427,0,0,0,0.0
Iwonicz-Zdrój,krośnieński,PODKARPACKIE,1807033,71.85250069712818,71.85250069712818,0.0,0.0,wysokie ryzyko,25.0,1443,0,0,0,0.0
Orły,przemyski,PODKARPACKIE,1813072,46.54034270601709,46.54034270601709,0.0,0.0,wysokie ryzyko,25.0,1444,0,0,0,0.0
Zarzecze,przeworski,PODKARPACKIE,1814092,169.56834155757588,169.56834155757588,0.0,0.0,wysokie ryzyko,25.0,1445,0,0,0,0.0
Lubenia,rzeszowski,PODKARPACKIE,1816102,24.9802372692997,24.9802372692997,0.0,0.0,wysokie ryzyko,25.0,1446,0,0,0,0.0
Bargłów Kościelny,augustowski,PODLASKIE,2001032,11.866855771038944,11.866855771038944,0.0,0.0,wysokie ryzyko,25.0,1447,0,0,0,0.0
Wysokie Mazowieckie,wysokomazowiecki,PODLASKIE,2013011,163.26194715298584,163.26194715298584,0.0,0.0,wysokie ryzyko,25.0,1448,0,0,0,0.0
Łomża,Łomża,PODLASKIE,2062011,230.97235582126368,230.97235582126368,0.0,0.0,wysokie ryzyko,25.0,1449,0,0,0,0.0
Czersk,chojnicki,POMORSKIE,2202043,20.527024015611335,20.527024015611335,0.0,0.0,wysokie ryzyko,25.0,1450,0,0,0,0.0
Lębork,lęborski,POMORSKIE,2208011,82.7901934680759,82.7901934680759,0.0,0.0,wysokie ryzyko,25.0,1451,0,0,0,0.0
Puck,pucki,POMORSKIE,2211031,194.28966190113732,194.28966190113732,0.0,0.0,wysokie ryzyko,25.0,1452,0,0,0,0.0
Słupsk,Słupsk,POMORSKIE,2263011,710.3091028494966,710.3091028494966,0.0,0.0,wysokie ryzyko,25.0,1453,0,0,0,0.0
Sopot,Sopot,POMORSKIE,2264011,213.8519244984143,213.8519244984143,0.0,0.0,wysokie ryzyko,25.0,1454,0,0,0,0.0
Zgierz,zgierski,ŁÓDZKIE,1020031,95.71735826426097,95.71735826426097,0.0,0.0,wysokie ryzyko,25.0,1428,0,0,0,0.0
Zadzim,poddębicki,ŁÓDZKIE,1011062,40.52175836265813,40.52175836265813,0.0,0.0,wysokie ryzyko,25.0,1426,0,0,0,0.0
Mierzęcice,będziński,ŚLĄSKIE,2401052,117.47047641887546,117.47047641887546,0.0,0.0,wysokie ryzyko,25.0,1456,0,0,0,0.0
Mircze,hrubieszowski,LUBELSKIE,0604052,10.74859445802734,10.74859445802734,0.0,0.0,wysokie ryzyko,25.0,1411,0,0,0,0.0
Piechowice,karkonoski,DOLNOŚLĄSKIE,0206031,96.20592490186117,96.20592490186117,0.0,0.0,wysokie ryzyko,25.0,1399,0,0,0,0.0
Radwanice,polkowicki,DOLNOŚLĄSKIE,0216062,18.214107894111503,18.214107894111503,0.0,0.0,wysokie ryzyko,25.0,1400,0,0,0,0.0
Kobierzyce,wrocławski,DOLNOŚLĄSKIE,0223052,54.23586459408333,54.23586459408333,0.0,0.0,wysokie ryzyko,25.0,1401,0,0,0,0.0
Zgorzelec,zgorzelecki,DOLNOŚLĄSKIE,0225021,394.6623359509025,394.6623359509025,0.0,0.0,wysokie ryzyko,25.0,1402,0,0,0,0.0
Nieszawa,aleksandrowski,KUJAWSKO-POMORSKIE,0401031,175.66400878417838,175.66400878417838,0.0,0.0,wysokie ryzyko,25.0,1403,0,0,0,0.0
Inowrocław,inowrocławski,KUJAWSKO-POMORSKIE,0407011,1.0066207783670795,1.0066207783670795,0.0,0.0,wysokie ryzyko,25.0,1404,0,0,0,0.0
Rypin,rypiński,KUJAWSKO-POMORSKIE,0412011,24.24771710618869,24.24771710618869,0.0,0.0,wysokie ryzyko,25.0,1405,0,0,0,0.0
Międzyrzec Podlaski,bialski,LUBELSKIE,0601011,146.78383165370644,146.78383165370644,0.0,0.0,wysokie ryzyko,25.0,1406,0,0,0,0.0
Konstantynów,bialski,LUBELSKIE,0601072,47.534554311623324,47.534554311623324,0.0,0.0,wysokie ryzyko,25.0,1407,0,0,0,0.0
Zalesie,bialski,LUBELSKIE,0601192,20.506136740600773,20.506136740600773,0.0,0.0,wysokie ryzyko,25.0,1408,0,0,0,0.0
Wierzbica,chełmski,LUBELSKIE,0603122,29.8773873737631,29.8773873737631,0.0,0.0,wysokie ryzyko,25.0,1409,0,0,0,0.0
Hrubieszów,hrubieszowski,LUBELSKIE,0604011,401.7060624307133,401.7060624307133,0.0,0.0,wysokie ryzyko,25.0,1410,0,0,0,0.0
Chrzanów,janowski,LUBELSKIE,0605022,127.89022046528416,127.89022046528416,0.0,0.0,wysokie ryzyko,25.0,1412,0,0,0,0.0
Konstantynów Łódzki,pabianicki,ŁÓDZKIE,1008011,123.32308394376903,123.32308394376903,0.0,0.0,wysokie ryzyko,25.0,1425,0,0,0,0.0
Godziszów,janowski,LUBELSKIE,0605042,14.959868860856243,14.959868860856243,0.0,0.0,wysokie ryzyko,25.0,1413,0,0,0,0.0
Kamionka,lubartowski,LUBELSKIE,0608053,27.759975623185543,27.759975623185543,0.0,0.0,wysokie ryzyko,25.0,1414,0,0,0,0.0
Głusk,lubelski,LUBELSKIE,0609052,26.787205367482738,26.787205367482738,0.0,0.0,wysokie ryzyko,25.0,1415,0,0,0,0.0
Wysokie,lubelski,LUBELSKIE,0609152,80.33726930429731,80.33726930429731,0.0,0.0,wysokie ryzyko,25.0,1416,0,0,0,0.0
Krzywda,łukowski,LUBELSKIE,0611042,8.32397231924645,8.32397231924645,0.0,0.0,wysokie ryzyko,25.0,1417,0,0,0,0.0
Baranów,puławski,LUBELSKIE,0614022,22.1953335121476,22.1953335121476,0.0,0.0,wysokie ryzyko,25.0,1418,0,0,0,0.0
Ryki,rycki,LUBELSKIE,0616043,447.20938542690146,447.20938542690146,0.0,0.0,wysokie ryzyko,25.0,1419,0,0,0,0.0
Piaski,świdnicki,LUBELSKIE,0617033,40.76195208959898,40.76195208959898,0.0,0.0,wysokie ryzyko,25.0,1420,0,0,0,0.0
Grabowiec,zamojski,LUBELSKIE,0620022,10.495378433505984,10.495378433505984,0.0,0.0,wysokie ryzyko,25.0,1421,0,0,0,0.0
Bytom Odrzański,nowosolski,LUBUSKIE,0804023,212.10611511977692,212.10611511977692,0.0,0.0,wysokie ryzyko,25.0,1422,0,0,0,0.0
Jasień,żarski,LUBUSKIE,0811043,152.2128065295283,152.2128065295283,0.0,0.0,wysokie ryzyko,25.0,1423,0,0,0,0.0
Szlichtyngowa,wschowski,LUBUSKIE,0812023,31.571562583520464,31.571562583520464,0.0,0.0,wysokie ryzyko,25.0,1424,0,0,0,0.0
Bobrowniki,będziński,ŚLĄSKIE,2401042,35.26736043504398,35.26736043504398,0.0,0.0,wysokie ryzyko,25.0,1455,0,0,0,0.0
Pilchowice,gliwicki,ŚLĄSKIE,2405042,0.8930186184403179,0.8930186184403179,0.0,0.0,wysokie ryzyko,25.0,1457,0,0,0,0.0
Jarczów,tomaszowski,LUBELSKIE,0618032,2.314350375203483,2.314350375203483,0.0,0.0,niskie ryzyko,12.5,1568,0,0,0,0.0
Batorz,janowski,LUBELSKIE,0605012,6.908017907987593,6.908017907987593,0.0,0.0,niskie ryzyko,12.5,1554,0,0,0,0.0
Dolice,stargardzki,ZACHODNIOPOMORSKIE,3214042,34.46218196612638,34.46218196612638,0.0,0.0,wysokie ryzyko,25.0,1490,0,0,0,0.0
Resko,łobeski,ZACHODNIOPOMORSKIE,3218043,94.18311947168868,94.18311947168868,0.0,0.0,wysokie ryzyko,25.0,1491,0,0,0,0.0
Łagiewniki,dzierżoniowski,DOLNOŚLĄSKIE,0202062,6.3923873866973775,6.3923873866973775,0.0,0.0,niskie ryzyko,12.5,1544,0,0,0,0.0
Jaworzyna Śląska,świdnicki,DOLNOŚLĄSKIE,0219043,47.058888228132254,47.058888228132254,0.0,0.0,niskie ryzyko,12.5,1545,0,0,0,0.0
Koneck,aleksandrowski,KUJAWSKO-POMORSKIE,0401062,12.94791027734725,12.94791027734725,0.0,0.0,niskie ryzyko,12.5,1546,0,0,0,0.0
Lipno,lipnowski,KUJAWSKO-POMORSKIE,0408011,6.508446023093848,6.508446023093848,0.0,0.0,niskie ryzyko,12.5,1547,0,0,0,0.0
Tłuchowo,lipnowski,KUJAWSKO-POMORSKIE,0408082,2.6666666666666665,2.6666666666666665,0.0,0.0,niskie ryzyko,12.5,1548,0,0,0,0.0
Kamień Krajeński,sępoleński,KUJAWSKO-POMORSKIE,0413013,5.320812658782193,5.320812658782193,0.0,0.0,niskie ryzyko,12.5,1549,0,0,0,0.0
Międzyrzec Podlaski,bialski,LUBELSKIE,0601102,4.605056021860822,4.605056021860822,0.0,0.0,niskie ryzyko,12.5,1550,0,0,0,0.0
Goraj,biłgorajski,LUBELSKIE,0602063,28.70462810776092,28.70462810776092,0.0,0.0,niskie ryzyko,12.5,1551,0,0,0,0.0
Rejowiec Fabryczny,chełmski,LUBELSKIE,0603082,3.3333333333333335,3.3333333333333335,0.0,0.0,niskie ryzyko,12.5,1552,0,0,0,0.0
Wojsławice,chełmski,LUBELSKIE,0603132,1.4707241859802176,1.4707241859802176,0.0,0.0,niskie ryzyko,12.5,1553,0,0,0,0.0
Gorzków,krasnostawski,LUBELSKIE,0606032,8.986903376963525,8.986903376963525,0.0,0.0,niskie ryzyko,12.5,1555,0,0,0,0.0
Banie,gryfiński,ZACHODNIOPOMORSKIE,3206012,64.40140116534718,64.40140116534718,0.0,0.0,wysokie ryzyko,25.0,1488,0,0,0,0.0
Kraśniczyn,krasnostawski,LUBELSKIE,0606062,3.235364786330142,3.235364786330142,0.0,0.0,niskie ryzyko,12.5,1556,0,0,0,0.0
Łopiennik Górny,krasnostawski,LUBELSKIE,0606072,9.856764767095482,9.856764767095482,0.0,0.0,niskie ryzyko,12.5,1557,0,0,0,0.0
Serniki,lubartowski,LUBELSKIE,0608122,34.050441878477365,34.050441878477365,0.0,0.0,niskie ryzyko,12.5,1558,0,0,0,0.0
Puchaczów,łęczyński,LUBELSKIE,0610052,13.391736907768529,13.391736907768529,0.0,0.0,niskie ryzyko,12.5,1559,0,0,0,0.0
Stoczek Łukowski,łukowski,LUBELSKIE,0611021,2.610227201166467,2.610227201166467,0.0,0.0,niskie ryzyko,12.5,1560,0,0,0,0.0
Wola Mysłowska,łukowski,LUBELSKIE,0611112,9.0,9.0,0.0,0.0,niskie ryzyko,12.5,1561,0,0,0,0.0
Dębowa Kłoda,parczewski,LUBELSKIE,0613012,0.5261511057084739,0.5261511057084739,0.0,0.0,niskie ryzyko,12.5,1562,0,0,0,0.0
Siemień,parczewski,LUBELSKIE,0613062,6.05010719205555,6.05010719205555,0.0,0.0,niskie ryzyko,12.5,1563,0,0,0,0.0
Markuszów,puławski,LUBELSKIE,0614072,17.065585826930583,17.065585826930583,0.0,0.0,niskie ryzyko,12.5,1564,0,0,0,0.0
Borki,radzyński,LUBELSKIE,0615022,8.153031722833848,8.153031722833848,0.0,0.0,niskie ryzyko,12.5,1565,0,0,0,0.0
Ulan-Majorat,radzyński,LUBELSKIE,0615072,6.628981346774937,6.628981346774937,0.0,0.0,niskie ryzyko,12.5,1566,0,0,0,0.0
Kłoczew,rycki,LUBELSKIE,0616022,7.737624880649197,7.737624880649197,0.0,0.0,niskie ryzyko,12.5,1567,0,0,0,0.0
Kołobrzeg,kołobrzeski,ZACHODNIOPOMORSKIE,3208011,644.4923169320015,644.4923169320015,0.0,0.0,wysokie ryzyko,25.0,1489,0,0,0,0.0
Brojce,gryficki,ZACHODNIOPOMORSKIE,3205012,2.677073704465279,2.677073704465279,0.0,0.0,wysokie ryzyko,25.0,1487,0,0,0,0.0
Sośnicowice,gliwicki,ŚLĄSKIE,2405063,93.94988800822424,93.94988800822424,0.0,0.0,wysokie ryzyko,25.0,1458,0,0,0,0.0
Milejewo,elbląski,WARMIŃSKO-MAZURSKIE,2804052,14.565824952714625,14.565824952714625,0.0,0.0,wysokie ryzyko,25.0,1471,0,0,0,0.0
Panki,kłobucki,ŚLĄSKIE,2406062,74.11415599378063,74.11415599378063,0.0,0.0,wysokie ryzyko,25.0,1459,0,0,0,0.0
Nędza,raciborski,ŚLĄSKIE,2411062,1920.2382675482552,1920.2382675482552,0.0,0.0,wysokie ryzyko,25.0,1460,0,0,0,0.0
Pilica,zawierciański,ŚLĄSKIE,2416073,41.42185128975225,41.42185128975225,0.0,0.0,wysokie ryzyko,25.0,1461,0,0,0,0.0
Żarnowiec,zawierciański,ŚLĄSKIE,2416102,30.726475661256448,30.726475661256448,0.0,0.0,wysokie ryzyko,25.0,1462,0,0,0,0.0
Jastrzębie-Zdrój,Jastrzębie-Zdrój,ŚLĄSKIE,2467011,135.65860404070912,135.65860404070912,0.0,0.0,wysokie ryzyko,25.0,1463,0,0,0,0.0
Piekary Śląskie,Piekary Śląskie,ŚLĄSKIE,2471011,319.1663687388451,319.1663687388451,0.0,0.0,wysokie ryzyko,25.0,1464,0,0,0,0.0
Ruda Śląska,Ruda Śląska,ŚLĄSKIE,2472011,123.7782055663341,123.7782055663341,0.0,0.0,wysokie ryzyko,25.0,1465,0,1,0,0.0
Siemianowice Śląskie,Siemianowice Śląskie,ŚLĄSKIE,2474011,18.687951102584417,18.687951102584417,0.0,0.0,wysokie ryzyko,25.0,1466,0,0,0,0.0
Ruda Maleniecka,konecki,ŚWIĘTOKRZYSKIE,2605052,3.9517208523913863,3.9517208523913863,0.0,0.0,wysokie ryzyko,25.0,1467,0,0,0,0.0
Słupia Konecka,konecki,ŚWIĘTOKRZYSKIE,2605062,11.5098150000624,11.5098150000624,0.0,0.0,wysokie ryzyko,25.0,1468,0,0,0,0.0
Bartoszyce,bartoszycki,WARMIŃSKO-MAZURSKIE,2801011,128.36889985193136,128.36889985193136,0.0,0.0,wysokie ryzyko,25.0,1469,0,0,0,0.0
Frombork,braniewski,WARMIŃSKO-MAZURSKIE,2802033,330.07494955133126,330.07494955133126,0.0,0.0,wysokie ryzyko,25.0,1470,0,0,0,0.0
Lidzbark Warmiński,lidzbarski,WARMIŃSKO-MAZURSKIE,2809011,124.8883926557304,124.8883926557304,0.0,0.0,wysokie ryzyko,25.0,1472,0,0,0,0.0
Gołuchów,pleszewski,WIELKOPOLSKIE,3020052,5.323052927308165,5.323052927308165,0.0,0.0,wysokie ryzyko,25.0,1486,0,0,0,0.0
Nowe Miasto Lubawskie,nowomiejski,WARMIŃSKO-MAZURSKIE,2812011,368.1441105161516,368.1441105161516,0.0,0.0,wysokie ryzyko,25.0,1473,0,0,0,0.0
Biskupiec,nowomiejski,WARMIŃSKO-MAZURSKIE,2812022,9.613842045594929,9.613842045594929,0.0,0.0,wysokie ryzyko,25.0,1474,0,0,0,0.0
Pisz,piski,WARMIŃSKO-MAZURSKIE,2816033,2.7671541300865146,2.7671541300865146,0.0,0.0,wysokie ryzyko,25.0,1475,0,0,0,0.0
Rozogi,szczycieński,WARMIŃSKO-MAZURSKIE,2817052,20.801012985954063,20.801012985954063,0.0,0.0,wysokie ryzyko,25.0,1476,0,0,0,0.0
Koźminek,kaliski,WIELKOPOLSKIE,3007053,27.078916877868416,27.078916877868416,0.0,0.0,wysokie ryzyko,25.0,1478,0,0,0,0.0
Kłodawa,kolski,WIELKOPOLSKIE,3009063,33.76456225668945,33.76456225668945,0.0,0.0,wysokie ryzyko,25.0,1479,0,0,0,0.0
Ostrów Wielkopolski,ostrowski,WIELKOPOLSKIE,3017011,80.73832149540277,80.73832149540277,0.0,0.0,wysokie ryzyko,25.0,1480,0,0,0,0.0
Nowe Skalmierzyce,ostrowski,WIELKOPOLSKIE,3017023,0.3027732797982465,0.3027732797982465,0.0,0.0,wysokie ryzyko,25.0,1481,0,0,0,0.0
Raszków,ostrowski,WIELKOPOLSKIE,3017063,14.858943521498862,14.858943521498862,0.0,0.0,wysokie ryzyko,25.0,1482,0,0,0,0.0
Ujście,pilski,WIELKOPOLSKIE,3019073,98.3747323677617,98.3747323677617,0.0,0.0,wysokie ryzyko,25.0,1483,0,0,0,0.0
Chocz,pleszewski,WIELKOPOLSKIE,3020013,30.699356308813485,30.699356308813485,0.0,0.0,wysokie ryzyko,25.0,1484,0,0,0,0.0
Gizałki,pleszewski,WIELKOPOLSKIE,3020042,212.57268228232385,212.57268228232385,0.0,0.0,wysokie ryzyko,25.0,1485,0,0,0,0.0
Świdwin,świdwiński,ZACHODNIOPOMORSKIE,3216011,20.10211418612528,20.10211418612528,0.0,0.0,niskie ryzyko,12.5,1688,0,0,0,0.0
